Command line invocation:
    2026-09-10 13:45:07.050 xcodebuild[52048:54669008]  DVTErrorPresenter: Unable to load simulator devices.
Domain: DVTCoreSimulatorAdditionsErrorDomain
Code: 3
Failure Reason: The version of the CoreSimulator framework installed on this Mac is out-of-date and not supported by this version of Xcode.
Recovery Suggestion: Please ensure that you have installed all available updates to your Mac's software, and that you are running the most recent version of Xcode supported by macOS.
--
CoreSimulator is out of date. Current version (1051.54.0) is older than build version (1051.55.0).
Domain: DVTCoreSimulatorAdditionsErrorDomain
Code: 3
--

/Applications/Xcode.app/Contents/Developer/usr/bin/xcodebuild test -project Malibu.xcodeproj -scheme Malibu -destination platform=macOS "-only-testing:MalibuTests/ModelManagementTests" CODE_SIGNING_ALLOWED=NO

Build settings from command line:
    CODE_SIGNING_ALLOWED = NO

2026-09-10 13:45:07.050 xcodebuild[52048:54669008]  iOSSimulator: [SimServiceContext sharedServiceContextForDeveloperDir:error:] returned nil (Error Domain=DVTCoreSimulatorAdditionsErrorDomain Code=3 "CoreSimulator is out of date. Current version (1051.54.0) is older than build version (1051.55.0)." UserInfo={NSLocalizedDescription=CoreSimulator is out of date. Current version (1051.54.0) is older than build version (1051.55.0).}). Simulator device support disabled.
2026-09-10 13:45:07.239 xcodebuild[52048:54668978] [MT] IDERunDestination: Supported platforms for the buildables in the current scheme is empty.
--- xcodebuild: WARNING: Using the first of multiple matching destinations:
{ platform:macOS, arch:arm64, id:00008142-0005581A34FB401C, name:My Mac }
{ platform:macOS, arch:x86_64, id:00008142-0005581A34FB401C, name:My Mac }
ComputePackagePrebuildTargetDependencyGraph

Prepare packages

CreateBuildRequest

SendProjectDescription

CreateBuildOperation

ComputeTargetDependencyGraph
note: Building targets in dependency order
note: Target dependency graph (2 targets)
    Target 'MalibuTests' in project 'Malibu'
        ➜ Explicit dependency on target 'Malibu' in project 'Malibu'
    Target 'Malibu' in project 'Malibu' (no dependencies)

GatherProvisioningInputs

CreateBuildDescription

ExecuteExternalTool /Applications/Xcode.app/Contents/Developer/Toolchains/XcodeDefault.xctoolchain/usr/bin/clang -v -E -dM -isysroot /Applications/Xcode.app/Contents/Developer/Platforms/MacOSX.platform/Developer/SDKs/MacOSX26.5.sdk -x c -c /dev/null

ExecuteExternalTool /Applications/Xcode.app/Contents/Developer/usr/bin/xcstringstool compile --dry-run --output-directory /Users/augstar/Library/Developer/Xcode/DerivedData/Malibu-cadiaoswicqctqgsgdgeqxtlosmr/Build/Intermediates.noindex/Malibu.build/Debug/Malibu.build /Users/augstar/.codex/worktrees/macprovider/product-build-1/phase3-binary/app/Sources/Malibu/Resources/MalibuFeature.xcstrings

ExecuteExternalTool /Applications/Xcode.app/Contents/Developer/Toolchains/XcodeDefault.xctoolchain/usr/bin/swiftc --version

ExecuteExternalTool /Applications/Xcode.app/Contents/Developer/usr/bin/actool --version --output-format xml1

ExecuteExternalTool /Applications/Xcode.app/Contents/Developer/Toolchains/XcodeDefault.xctoolchain/usr/bin/ld -version_details

Build description signature: 77f08a1b3a9cc71ffa04ed1059e9a148
Build description path: /Users/augstar/Library/Developer/Xcode/DerivedData/Malibu-cadiaoswicqctqgsgdgeqxtlosmr/Build/Intermediates.noindex/XCBuildData/77f08a1b3a9cc71ffa04ed1059e9a148.xcbuilddata
ClangStatCache /Applications/Xcode.app/Contents/Developer/Toolchains/XcodeDefault.xctoolchain/usr/bin/clang-stat-cache /Applications/Xcode.app/Contents/Developer/Platforms/MacOSX.platform/Developer/SDKs/MacOSX26.5.sdk /Users/augstar/Library/Developer/Xcode/DerivedData/SDKStatCaches.noindex/macosx26.5-25F70-688ef53f1462e2c8f657fdc38a81448fe082c4a02f00227109f4ed75e425c832.sdkstatcache
    cd /Users/augstar/.codex/worktrees/macprovider/product-build-1/phase3-binary/app/Malibu.xcodeproj
    /Applications/Xcode.app/Contents/Developer/Toolchains/XcodeDefault.xctoolchain/usr/bin/clang-stat-cache /Applications/Xcode.app/Contents/Developer/Platforms/MacOSX.platform/Developer/SDKs/MacOSX26.5.sdk -o /Users/augstar/Library/Developer/Xcode/DerivedData/SDKStatCaches.noindex/macosx26.5-25F70-688ef53f1462e2c8f657fdc38a81448fe082c4a02f00227109f4ed75e425c832.sdkstatcache

CreateBuildDirectory /Users/augstar/Library/Developer/Xcode/DerivedData/Malibu-cadiaoswicqctqgsgdgeqxtlosmr/Build/Intermediates.noindex
    cd /Users/augstar/.codex/worktrees/macprovider/product-build-1/phase3-binary/app/Malibu.xcodeproj
    builtin-create-build-directory /Users/augstar/Library/Developer/Xcode/DerivedData/Malibu-cadiaoswicqctqgsgdgeqxtlosmr/Build/Intermediates.noindex

CreateBuildDirectory /Users/augstar/Library/Developer/Xcode/DerivedData/Malibu-cadiaoswicqctqgsgdgeqxtlosmr/Build/Products
    cd /Users/augstar/.codex/worktrees/macprovider/product-build-1/phase3-binary/app/Malibu.xcodeproj
    builtin-create-build-directory /Users/augstar/Library/Developer/Xcode/DerivedData/Malibu-cadiaoswicqctqgsgdgeqxtlosmr/Build/Products

CreateBuildDirectory /Users/augstar/Library/Developer/Xcode/DerivedData/Malibu-cadiaoswicqctqgsgdgeqxtlosmr/Build/Products/Debug
    cd /Users/augstar/.codex/worktrees/macprovider/product-build-1/phase3-binary/app/Malibu.xcodeproj
    builtin-create-build-directory /Users/augstar/Library/Developer/Xcode/DerivedData/Malibu-cadiaoswicqctqgsgdgeqxtlosmr/Build/Products/Debug

CreateBuildDirectory /Users/augstar/Library/Developer/Xcode/DerivedData/Malibu-cadiaoswicqctqgsgdgeqxtlosmr/Build/Intermediates.noindex/SwiftExplicitPrecompiledModules
    cd /Users/augstar/.codex/worktrees/macprovider/product-build-1/phase3-binary/app/Malibu.xcodeproj
    builtin-create-build-directory /Users/augstar/Library/Developer/Xcode/DerivedData/Malibu-cadiaoswicqctqgsgdgeqxtlosmr/Build/Intermediates.noindex/SwiftExplicitPrecompiledModules

CreateBuildDirectory /Users/augstar/Library/Developer/Xcode/DerivedData/Malibu-cadiaoswicqctqgsgdgeqxtlosmr/Build/Intermediates.noindex/ExplicitPrecompiledModules
    cd /Users/augstar/.codex/worktrees/macprovider/product-build-1/phase3-binary/app/Malibu.xcodeproj
    builtin-create-build-directory /Users/augstar/Library/Developer/Xcode/DerivedData/Malibu-cadiaoswicqctqgsgdgeqxtlosmr/Build/Intermediates.noindex/ExplicitPrecompiledModules

CreateBuildDirectory /Users/augstar/Library/Developer/Xcode/DerivedData/Malibu-cadiaoswicqctqgsgdgeqxtlosmr/Build/Intermediates.noindex/EagerLinkingTBDs/Debug
    cd /Users/augstar/.codex/worktrees/macprovider/product-build-1/phase3-binary/app/Malibu.xcodeproj
    builtin-create-build-directory /Users/augstar/Library/Developer/Xcode/DerivedData/Malibu-cadiaoswicqctqgsgdgeqxtlosmr/Build/Intermediates.noindex/EagerLinkingTBDs/Debug

WriteAuxiliaryFile /Users/augstar/Library/Developer/Xcode/DerivedData/Malibu-cadiaoswicqctqgsgdgeqxtlosmr/Build/Intermediates.noindex/Malibu.build/Debug/Malibu-0e1a5d4d86e97b6abeba119c26a843ba-VFS/all-product-headers.yaml
    cd /Users/augstar/.codex/worktrees/macprovider/product-build-1/phase3-binary/app/Malibu.xcodeproj
    write-file /Users/augstar/Library/Developer/Xcode/DerivedData/Malibu-cadiaoswicqctqgsgdgeqxtlosmr/Build/Intermediates.noindex/Malibu.build/Debug/Malibu-0e1a5d4d86e97b6abeba119c26a843ba-VFS/all-product-headers.yaml

WriteAuxiliaryFile /Users/augstar/Library/Developer/Xcode/DerivedData/Malibu-cadiaoswicqctqgsgdgeqxtlosmr/Build/Intermediates.noindex/Malibu.build/Debug/MalibuTests.build/empty-MalibuTests.plist (in target 'MalibuTests' from project 'Malibu')
    cd /Users/augstar/.codex/worktrees/macprovider/product-build-1/phase3-binary/app
    write-file /Users/augstar/Library/Developer/Xcode/DerivedData/Malibu-cadiaoswicqctqgsgdgeqxtlosmr/Build/Intermediates.noindex/Malibu.build/Debug/MalibuTests.build/empty-MalibuTests.plist

WriteAuxiliaryFile /Users/augstar/Library/Developer/Xcode/DerivedData/Malibu-cadiaoswicqctqgsgdgeqxtlosmr/Build/Intermediates.noindex/Malibu.build/Debug/MalibuTests.build/MalibuTests.hmap (in target 'MalibuTests' from project 'Malibu')
    cd /Users/augstar/.codex/worktrees/macprovider/product-build-1/phase3-binary/app
    write-file /Users/augstar/Library/Developer/Xcode/DerivedData/Malibu-cadiaoswicqctqgsgdgeqxtlosmr/Build/Intermediates.noindex/Malibu.build/Debug/MalibuTests.build/MalibuTests.hmap

WriteAuxiliaryFile /Users/augstar/Library/Developer/Xcode/DerivedData/Malibu-cadiaoswicqctqgsgdgeqxtlosmr/Build/Intermediates.noindex/Malibu.build/Debug/MalibuTests.build/MalibuTests-own-target-headers.hmap (in target 'MalibuTests' from project 'Malibu')
    cd /Users/augstar/.codex/worktrees/macprovider/product-build-1/phase3-binary/app
    write-file /Users/augstar/Library/Developer/Xcode/DerivedData/Malibu-cadiaoswicqctqgsgdgeqxtlosmr/Build/Intermediates.noindex/Malibu.build/Debug/MalibuTests.build/MalibuTests-own-target-headers.hmap

WriteAuxiliaryFile /Users/augstar/Library/Developer/Xcode/DerivedData/Malibu-cadiaoswicqctqgsgdgeqxtlosmr/Build/Intermediates.noindex/Malibu.build/Debug/MalibuTests.build/MalibuTests-generated-files.hmap (in target 'MalibuTests' from project 'Malibu')
    cd /Users/augstar/.codex/worktrees/macprovider/product-build-1/phase3-binary/app
    write-file /Users/augstar/Library/Developer/Xcode/DerivedData/Malibu-cadiaoswicqctqgsgdgeqxtlosmr/Build/Intermediates.noindex/Malibu.build/Debug/MalibuTests.build/MalibuTests-generated-files.hmap

WriteAuxiliaryFile /Users/augstar/Library/Developer/Xcode/DerivedData/Malibu-cadiaoswicqctqgsgdgeqxtlosmr/Build/Intermediates.noindex/Malibu.build/Debug/MalibuTests.build/MalibuTests-project-headers.hmap (in target 'MalibuTests' from project 'Malibu')
    cd /Users/augstar/.codex/worktrees/macprovider/product-build-1/phase3-binary/app
    write-file /Users/augstar/Library/Developer/Xcode/DerivedData/Malibu-cadiaoswicqctqgsgdgeqxtlosmr/Build/Intermediates.noindex/Malibu.build/Debug/MalibuTests.build/MalibuTests-project-headers.hmap

WriteAuxiliaryFile /Users/augstar/Library/Developer/Xcode/DerivedData/Malibu-cadiaoswicqctqgsgdgeqxtlosmr/Build/Intermediates.noindex/Malibu.build/Debug/MalibuTests.build/Objects-normal/arm64/MalibuTests_const_extract_protocols.json (in target 'MalibuTests' from project 'Malibu')
    cd /Users/augstar/.codex/worktrees/macprovider/product-build-1/phase3-binary/app
    write-file /Users/augstar/Library/Developer/Xcode/DerivedData/Malibu-cadiaoswicqctqgsgdgeqxtlosmr/Build/Intermediates.noindex/Malibu.build/Debug/MalibuTests.build/Objects-normal/arm64/MalibuTests_const_extract_protocols.json

WriteAuxiliaryFile /Users/augstar/Library/Developer/Xcode/DerivedData/Malibu-cadiaoswicqctqgsgdgeqxtlosmr/Build/Intermediates.noindex/Malibu.build/Debug/MalibuTests.build/Objects-normal/arm64/MalibuTests.SwiftFileList (in target 'MalibuTests' from project 'Malibu')
    cd /Users/augstar/.codex/worktrees/macprovider/product-build-1/phase3-binary/app
    write-file /Users/augstar/Library/Developer/Xcode/DerivedData/Malibu-cadiaoswicqctqgsgdgeqxtlosmr/Build/Intermediates.noindex/Malibu.build/Debug/MalibuTests.build/Objects-normal/arm64/MalibuTests.SwiftFileList

WriteAuxiliaryFile /Users/augstar/Library/Developer/Xcode/DerivedData/Malibu-cadiaoswicqctqgsgdgeqxtlosmr/Build/Intermediates.noindex/Malibu.build/Debug/MalibuTests.build/Objects-normal/arm64/MalibuTests-OutputFileMap.json (in target 'MalibuTests' from project 'Malibu')
    cd /Users/augstar/.codex/worktrees/macprovider/product-build-1/phase3-binary/app
    write-file /Users/augstar/Library/Developer/Xcode/DerivedData/Malibu-cadiaoswicqctqgsgdgeqxtlosmr/Build/Intermediates.noindex/Malibu.build/Debug/MalibuTests.build/Objects-normal/arm64/MalibuTests-OutputFileMap.json

WriteAuxiliaryFile /Users/augstar/Library/Developer/Xcode/DerivedData/Malibu-cadiaoswicqctqgsgdgeqxtlosmr/Build/Intermediates.noindex/Malibu.build/Debug/MalibuTests.build/Objects-normal/arm64/MalibuTests.SwiftConstValuesFileList (in target 'MalibuTests' from project 'Malibu')
    cd /Users/augstar/.codex/worktrees/macprovider/product-build-1/phase3-binary/app
    write-file /Users/augstar/Library/Developer/Xcode/DerivedData/Malibu-cadiaoswicqctqgsgdgeqxtlosmr/Build/Intermediates.noindex/Malibu.build/Debug/MalibuTests.build/Objects-normal/arm64/MalibuTests.SwiftConstValuesFileList

WriteAuxiliaryFile /Users/augstar/Library/Developer/Xcode/DerivedData/Malibu-cadiaoswicqctqgsgdgeqxtlosmr/Build/Intermediates.noindex/Malibu.build/Debug/MalibuTests.build/Objects-normal/arm64/MalibuTests.LinkFileList (in target 'MalibuTests' from project 'Malibu')
    cd /Users/augstar/.codex/worktrees/macprovider/product-build-1/phase3-binary/app
    write-file /Users/augstar/Library/Developer/Xcode/DerivedData/Malibu-cadiaoswicqctqgsgdgeqxtlosmr/Build/Intermediates.noindex/Malibu.build/Debug/MalibuTests.build/Objects-normal/arm64/MalibuTests.LinkFileList

WriteAuxiliaryFile /Users/augstar/Library/Developer/Xcode/DerivedData/Malibu-cadiaoswicqctqgsgdgeqxtlosmr/Build/Intermediates.noindex/Malibu.build/Debug/MalibuTests.build/MalibuTests.DependencyStaticMetadataFileList (in target 'MalibuTests' from project 'Malibu')
    cd /Users/augstar/.codex/worktrees/macprovider/product-build-1/phase3-binary/app
    write-file /Users/augstar/Library/Developer/Xcode/DerivedData/Malibu-cadiaoswicqctqgsgdgeqxtlosmr/Build/Intermediates.noindex/Malibu.build/Debug/MalibuTests.build/MalibuTests.DependencyStaticMetadataFileList

WriteAuxiliaryFile /Users/augstar/Library/Developer/Xcode/DerivedData/Malibu-cadiaoswicqctqgsgdgeqxtlosmr/Build/Intermediates.noindex/Malibu.build/Debug/MalibuTests.build/MalibuTests.DependencyMetadataFileList (in target 'MalibuTests' from project 'Malibu')
    cd /Users/augstar/.codex/worktrees/macprovider/product-build-1/phase3-binary/app
    write-file /Users/augstar/Library/Developer/Xcode/DerivedData/Malibu-cadiaoswicqctqgsgdgeqxtlosmr/Build/Intermediates.noindex/Malibu.build/Debug/MalibuTests.build/MalibuTests.DependencyMetadataFileList

WriteAuxiliaryFile /Users/augstar/Library/Developer/Xcode/DerivedData/Malibu-cadiaoswicqctqgsgdgeqxtlosmr/Build/Intermediates.noindex/Malibu.build/Debug/MalibuTests.build/MalibuTests-all-target-headers.hmap (in target 'MalibuTests' from project 'Malibu')
    cd /Users/augstar/.codex/worktrees/macprovider/product-build-1/phase3-binary/app
    write-file /Users/augstar/Library/Developer/Xcode/DerivedData/Malibu-cadiaoswicqctqgsgdgeqxtlosmr/Build/Intermediates.noindex/Malibu.build/Debug/MalibuTests.build/MalibuTests-all-target-headers.hmap

WriteAuxiliaryFile /Users/augstar/Library/Developer/Xcode/DerivedData/Malibu-cadiaoswicqctqgsgdgeqxtlosmr/Build/Intermediates.noindex/Malibu.build/Debug/MalibuTests.build/MalibuTests-all-non-framework-target-headers.hmap (in target 'MalibuTests' from project 'Malibu')
    cd /Users/augstar/.codex/worktrees/macprovider/product-build-1/phase3-binary/app
    write-file /Users/augstar/Library/Developer/Xcode/DerivedData/Malibu-cadiaoswicqctqgsgdgeqxtlosmr/Build/Intermediates.noindex/Malibu.build/Debug/MalibuTests.build/MalibuTests-all-non-framework-target-headers.hmap

WriteAuxiliaryFile /Users/augstar/Library/Developer/Xcode/DerivedData/Malibu-cadiaoswicqctqgsgdgeqxtlosmr/Build/Intermediates.noindex/Malibu.build/Debug/Malibu.build/Script-8D65BE916D96FE0EC0AA717D.sh (in target 'Malibu' from project 'Malibu')
    cd /Users/augstar/.codex/worktrees/macprovider/product-build-1/phase3-binary/app
    write-file /Users/augstar/Library/Developer/Xcode/DerivedData/Malibu-cadiaoswicqctqgsgdgeqxtlosmr/Build/Intermediates.noindex/Malibu.build/Debug/Malibu.build/Script-8D65BE916D96FE0EC0AA717D.sh

WriteAuxiliaryFile /Users/augstar/Library/Developer/Xcode/DerivedData/Malibu-cadiaoswicqctqgsgdgeqxtlosmr/Build/Intermediates.noindex/Malibu.build/Debug/Malibu.build/Script-2EB36B975D2FA88962D9F8FA.sh (in target 'Malibu' from project 'Malibu')
    cd /Users/augstar/.codex/worktrees/macprovider/product-build-1/phase3-binary/app
    write-file /Users/augstar/Library/Developer/Xcode/DerivedData/Malibu-cadiaoswicqctqgsgdgeqxtlosmr/Build/Intermediates.noindex/Malibu.build/Debug/Malibu.build/Script-2EB36B975D2FA88962D9F8FA.sh

WriteAuxiliaryFile /Users/augstar/Library/Developer/Xcode/DerivedData/Malibu-cadiaoswicqctqgsgdgeqxtlosmr/Build/Intermediates.noindex/Malibu.build/Debug/Malibu.build/Objects-normal/arm64/Malibu.LinkFileList (in target 'Malibu' from project 'Malibu')
    cd /Users/augstar/.codex/worktrees/macprovider/product-build-1/phase3-binary/app
    write-file /Users/augstar/Library/Developer/Xcode/DerivedData/Malibu-cadiaoswicqctqgsgdgeqxtlosmr/Build/Intermediates.noindex/Malibu.build/Debug/Malibu.build/Objects-normal/arm64/Malibu.LinkFileList

WriteAuxiliaryFile /Users/augstar/Library/Developer/Xcode/DerivedData/Malibu-cadiaoswicqctqgsgdgeqxtlosmr/Build/Intermediates.noindex/Malibu.build/Debug/Malibu.build/Objects-normal/arm64/Malibu.SwiftFileList (in target 'Malibu' from project 'Malibu')
    cd /Users/augstar/.codex/worktrees/macprovider/product-build-1/phase3-binary/app
    write-file /Users/augstar/Library/Developer/Xcode/DerivedData/Malibu-cadiaoswicqctqgsgdgeqxtlosmr/Build/Intermediates.noindex/Malibu.build/Debug/Malibu.build/Objects-normal/arm64/Malibu.SwiftFileList

WriteAuxiliaryFile /Users/augstar/Library/Developer/Xcode/DerivedData/Malibu-cadiaoswicqctqgsgdgeqxtlosmr/Build/Intermediates.noindex/Malibu.build/Debug/Malibu.build/Objects-normal/arm64/Malibu_const_extract_protocols.json (in target 'Malibu' from project 'Malibu')
    cd /Users/augstar/.codex/worktrees/macprovider/product-build-1/phase3-binary/app
    write-file /Users/augstar/Library/Developer/Xcode/DerivedData/Malibu-cadiaoswicqctqgsgdgeqxtlosmr/Build/Intermediates.noindex/Malibu.build/Debug/Malibu.build/Objects-normal/arm64/Malibu_const_extract_protocols.json

WriteAuxiliaryFile /Users/augstar/Library/Developer/Xcode/DerivedData/Malibu-cadiaoswicqctqgsgdgeqxtlosmr/Build/Intermediates.noindex/Malibu.build/Debug/Malibu.build/Objects-normal/arm64/Malibu.SwiftConstValuesFileList (in target 'Malibu' from project 'Malibu')
    cd /Users/augstar/.codex/worktrees/macprovider/product-build-1/phase3-binary/app
    write-file /Users/augstar/Library/Developer/Xcode/DerivedData/Malibu-cadiaoswicqctqgsgdgeqxtlosmr/Build/Intermediates.noindex/Malibu.build/Debug/Malibu.build/Objects-normal/arm64/Malibu.SwiftConstValuesFileList

WriteAuxiliaryFile /Users/augstar/Library/Developer/Xcode/DerivedData/Malibu-cadiaoswicqctqgsgdgeqxtlosmr/Build/Intermediates.noindex/Malibu.build/Debug/Malibu.build/Objects-normal/arm64/Malibu-OutputFileMap.json (in target 'Malibu' from project 'Malibu')
    cd /Users/augstar/.codex/worktrees/macprovider/product-build-1/phase3-binary/app
    write-file /Users/augstar/Library/Developer/Xcode/DerivedData/Malibu-cadiaoswicqctqgsgdgeqxtlosmr/Build/Intermediates.noindex/Malibu.build/Debug/Malibu.build/Objects-normal/arm64/Malibu-OutputFileMap.json

WriteAuxiliaryFile /Users/augstar/Library/Developer/Xcode/DerivedData/Malibu-cadiaoswicqctqgsgdgeqxtlosmr/Build/Intermediates.noindex/Malibu.build/Debug/Malibu.build/Malibu.hmap (in target 'Malibu' from project 'Malibu')
    cd /Users/augstar/.codex/worktrees/macprovider/product-build-1/phase3-binary/app
    write-file /Users/augstar/Library/Developer/Xcode/DerivedData/Malibu-cadiaoswicqctqgsgdgeqxtlosmr/Build/Intermediates.noindex/Malibu.build/Debug/Malibu.build/Malibu.hmap

WriteAuxiliaryFile /Users/augstar/Library/Developer/Xcode/DerivedData/Malibu-cadiaoswicqctqgsgdgeqxtlosmr/Build/Intermediates.noindex/Malibu.build/Debug/Malibu.build/Malibu.DependencyStaticMetadataFileList (in target 'Malibu' from project 'Malibu')
    cd /Users/augstar/.codex/worktrees/macprovider/product-build-1/phase3-binary/app
    write-file /Users/augstar/Library/Developer/Xcode/DerivedData/Malibu-cadiaoswicqctqgsgdgeqxtlosmr/Build/Intermediates.noindex/Malibu.build/Debug/Malibu.build/Malibu.DependencyStaticMetadataFileList

WriteAuxiliaryFile /Users/augstar/Library/Developer/Xcode/DerivedData/Malibu-cadiaoswicqctqgsgdgeqxtlosmr/Build/Intermediates.noindex/Malibu.build/Debug/Malibu.build/Malibu-project-headers.hmap (in target 'Malibu' from project 'Malibu')
    cd /Users/augstar/.codex/worktrees/macprovider/product-build-1/phase3-binary/app
    write-file /Users/augstar/Library/Developer/Xcode/DerivedData/Malibu-cadiaoswicqctqgsgdgeqxtlosmr/Build/Intermediates.noindex/Malibu.build/Debug/Malibu.build/Malibu-project-headers.hmap

WriteAuxiliaryFile /Users/augstar/Library/Developer/Xcode/DerivedData/Malibu-cadiaoswicqctqgsgdgeqxtlosmr/Build/Intermediates.noindex/Malibu.build/Debug/Malibu.build/Malibu.DependencyMetadataFileList (in target 'Malibu' from project 'Malibu')
    cd /Users/augstar/.codex/worktrees/macprovider/product-build-1/phase3-binary/app
    write-file /Users/augstar/Library/Developer/Xcode/DerivedData/Malibu-cadiaoswicqctqgsgdgeqxtlosmr/Build/Intermediates.noindex/Malibu.build/Debug/Malibu.build/Malibu.DependencyMetadataFileList

WriteAuxiliaryFile /Users/augstar/Library/Developer/Xcode/DerivedData/Malibu-cadiaoswicqctqgsgdgeqxtlosmr/Build/Intermediates.noindex/Malibu.build/Debug/Malibu.build/Malibu-own-target-headers.hmap (in target 'Malibu' from project 'Malibu')
    cd /Users/augstar/.codex/worktrees/macprovider/product-build-1/phase3-binary/app
    write-file /Users/augstar/Library/Developer/Xcode/DerivedData/Malibu-cadiaoswicqctqgsgdgeqxtlosmr/Build/Intermediates.noindex/Malibu.build/Debug/Malibu.build/Malibu-own-target-headers.hmap

WriteAuxiliaryFile /Users/augstar/Library/Developer/Xcode/DerivedData/Malibu-cadiaoswicqctqgsgdgeqxtlosmr/Build/Intermediates.noindex/Malibu.build/Debug/Malibu.build/Malibu-generated-files.hmap (in target 'Malibu' from project 'Malibu')
    cd /Users/augstar/.codex/worktrees/macprovider/product-build-1/phase3-binary/app
    write-file /Users/augstar/Library/Developer/Xcode/DerivedData/Malibu-cadiaoswicqctqgsgdgeqxtlosmr/Build/Intermediates.noindex/Malibu.build/Debug/Malibu.build/Malibu-generated-files.hmap

WriteAuxiliaryFile /Users/augstar/Library/Developer/Xcode/DerivedData/Malibu-cadiaoswicqctqgsgdgeqxtlosmr/Build/Intermediates.noindex/Malibu.build/Debug/Malibu.build/Malibu-all-target-headers.hmap (in target 'Malibu' from project 'Malibu')
    cd /Users/augstar/.codex/worktrees/macprovider/product-build-1/phase3-binary/app
    write-file /Users/augstar/Library/Developer/Xcode/DerivedData/Malibu-cadiaoswicqctqgsgdgeqxtlosmr/Build/Intermediates.noindex/Malibu.build/Debug/Malibu.build/Malibu-all-target-headers.hmap

WriteAuxiliaryFile /Users/augstar/Library/Developer/Xcode/DerivedData/Malibu-cadiaoswicqctqgsgdgeqxtlosmr/Build/Intermediates.noindex/Malibu.build/Debug/Malibu.build/Malibu-all-non-framework-target-headers.hmap (in target 'Malibu' from project 'Malibu')
    cd /Users/augstar/.codex/worktrees/macprovider/product-build-1/phase3-binary/app
    write-file /Users/augstar/Library/Developer/Xcode/DerivedData/Malibu-cadiaoswicqctqgsgdgeqxtlosmr/Build/Intermediates.noindex/Malibu.build/Debug/Malibu.build/Malibu-all-non-framework-target-headers.hmap

WriteAuxiliaryFile /Users/augstar/Library/Developer/Xcode/DerivedData/Malibu-cadiaoswicqctqgsgdgeqxtlosmr/Build/Intermediates.noindex/Malibu.build/Debug/Malibu.build/Malibu-DebugDylibPath-normal-arm64.txt (in target 'Malibu' from project 'Malibu')
    cd /Users/augstar/.codex/worktrees/macprovider/product-build-1/phase3-binary/app
    write-file /Users/augstar/Library/Developer/Xcode/DerivedData/Malibu-cadiaoswicqctqgsgdgeqxtlosmr/Build/Intermediates.noindex/Malibu.build/Debug/Malibu.build/Malibu-DebugDylibPath-normal-arm64.txt

WriteAuxiliaryFile /Users/augstar/Library/Developer/Xcode/DerivedData/Malibu-cadiaoswicqctqgsgdgeqxtlosmr/Build/Intermediates.noindex/Malibu.build/Debug/Malibu.build/Malibu-DebugDylibInstallName-normal-arm64.txt (in target 'Malibu' from project 'Malibu')
    cd /Users/augstar/.codex/worktrees/macprovider/product-build-1/phase3-binary/app
    write-file /Users/augstar/Library/Developer/Xcode/DerivedData/Malibu-cadiaoswicqctqgsgdgeqxtlosmr/Build/Intermediates.noindex/Malibu.build/Debug/Malibu.build/Malibu-DebugDylibInstallName-normal-arm64.txt

MkDir /Users/augstar/Library/Developer/Xcode/DerivedData/Malibu-cadiaoswicqctqgsgdgeqxtlosmr/Build/Products/Debug/Malibu.app/Contents/PlugIns/MalibuTests.xctest/Contents (in target 'MalibuTests' from project 'Malibu')
    cd /Users/augstar/.codex/worktrees/macprovider/product-build-1/phase3-binary/app
    /bin/mkdir -p /Users/augstar/Library/Developer/Xcode/DerivedData/Malibu-cadiaoswicqctqgsgdgeqxtlosmr/Build/Products/Debug/Malibu.app/Contents/PlugIns/MalibuTests.xctest/Contents

MkDir /Users/augstar/Library/Developer/Xcode/DerivedData/Malibu-cadiaoswicqctqgsgdgeqxtlosmr/Build/Products/Debug/Malibu.app/Contents/PlugIns/MalibuTests.xctest/Contents/MacOS (in target 'MalibuTests' from project 'Malibu')
    cd /Users/augstar/.codex/worktrees/macprovider/product-build-1/phase3-binary/app
    /bin/mkdir -p /Users/augstar/Library/Developer/Xcode/DerivedData/Malibu-cadiaoswicqctqgsgdgeqxtlosmr/Build/Products/Debug/Malibu.app/Contents/PlugIns/MalibuTests.xctest/Contents/MacOS

MkDir /Users/augstar/Library/Developer/Xcode/DerivedData/Malibu-cadiaoswicqctqgsgdgeqxtlosmr/Build/Products/Debug/Malibu.app/Contents/PlugIns/MalibuTests.xctest/Contents/Resources (in target 'MalibuTests' from project 'Malibu')
    cd /Users/augstar/.codex/worktrees/macprovider/product-build-1/phase3-binary/app
    /bin/mkdir -p /Users/augstar/Library/Developer/Xcode/DerivedData/Malibu-cadiaoswicqctqgsgdgeqxtlosmr/Build/Products/Debug/Malibu.app/Contents/PlugIns/MalibuTests.xctest/Contents/Resources

MkDir /Users/augstar/Library/Developer/Xcode/DerivedData/Malibu-cadiaoswicqctqgsgdgeqxtlosmr/Build/Products/Debug/Malibu.app/Contents/PlugIns/MalibuTests.xctest (in target 'MalibuTests' from project 'Malibu')
    cd /Users/augstar/.codex/worktrees/macprovider/product-build-1/phase3-binary/app
    /bin/mkdir -p /Users/augstar/Library/Developer/Xcode/DerivedData/Malibu-cadiaoswicqctqgsgdgeqxtlosmr/Build/Products/Debug/Malibu.app/Contents/PlugIns/MalibuTests.xctest

MkDir /Users/augstar/Library/Developer/Xcode/DerivedData/Malibu-cadiaoswicqctqgsgdgeqxtlosmr/Build/Products/Debug/Malibu.app/Contents/Resources (in target 'Malibu' from project 'Malibu')
    cd /Users/augstar/.codex/worktrees/macprovider/product-build-1/phase3-binary/app
    /bin/mkdir -p /Users/augstar/Library/Developer/Xcode/DerivedData/Malibu-cadiaoswicqctqgsgdgeqxtlosmr/Build/Products/Debug/Malibu.app/Contents/Resources

MkDir /Users/augstar/Library/Developer/Xcode/DerivedData/Malibu-cadiaoswicqctqgsgdgeqxtlosmr/Build/Products/Debug/Malibu.app/Contents/PlugIns (in target 'Malibu' from project 'Malibu')
    cd /Users/augstar/.codex/worktrees/macprovider/product-build-1/phase3-binary/app
    /bin/mkdir -p /Users/augstar/Library/Developer/Xcode/DerivedData/Malibu-cadiaoswicqctqgsgdgeqxtlosmr/Build/Products/Debug/Malibu.app/Contents/PlugIns

MkDir /Users/augstar/Library/Developer/Xcode/DerivedData/Malibu-cadiaoswicqctqgsgdgeqxtlosmr/Build/Products/Debug/Malibu.app/Contents/MacOS (in target 'Malibu' from project 'Malibu')
    cd /Users/augstar/.codex/worktrees/macprovider/product-build-1/phase3-binary/app
    /bin/mkdir -p /Users/augstar/Library/Developer/Xcode/DerivedData/Malibu-cadiaoswicqctqgsgdgeqxtlosmr/Build/Products/Debug/Malibu.app/Contents/MacOS

MkDir /Users/augstar/Library/Developer/Xcode/DerivedData/Malibu-cadiaoswicqctqgsgdgeqxtlosmr/Build/Products/Debug/Malibu.app/Contents/Frameworks (in target 'Malibu' from project 'Malibu')
    cd /Users/augstar/.codex/worktrees/macprovider/product-build-1/phase3-binary/app
    /bin/mkdir -p /Users/augstar/Library/Developer/Xcode/DerivedData/Malibu-cadiaoswicqctqgsgdgeqxtlosmr/Build/Products/Debug/Malibu.app/Contents/Frameworks

MkDir /Users/augstar/Library/Developer/Xcode/DerivedData/Malibu-cadiaoswicqctqgsgdgeqxtlosmr/Build/Products/Debug/Malibu.app/Contents (in target 'Malibu' from project 'Malibu')
    cd /Users/augstar/.codex/worktrees/macprovider/product-build-1/phase3-binary/app
    /bin/mkdir -p /Users/augstar/Library/Developer/Xcode/DerivedData/Malibu-cadiaoswicqctqgsgdgeqxtlosmr/Build/Products/Debug/Malibu.app/Contents

MkDir /Users/augstar/Library/Developer/Xcode/DerivedData/Malibu-cadiaoswicqctqgsgdgeqxtlosmr/Build/Products/Debug/Malibu.app (in target 'Malibu' from project 'Malibu')
    cd /Users/augstar/.codex/worktrees/macprovider/product-build-1/phase3-binary/app
    /bin/mkdir -p /Users/augstar/Library/Developer/Xcode/DerivedData/Malibu-cadiaoswicqctqgsgdgeqxtlosmr/Build/Products/Debug/Malibu.app

Ld /Users/augstar/Library/Developer/Xcode/DerivedData/Malibu-cadiaoswicqctqgsgdgeqxtlosmr/Build/Products/Debug/Malibu.app/Contents/MacOS/__preview.dylib normal (in target 'Malibu' from project 'Malibu')
    cd /Users/augstar/.codex/worktrees/macprovider/product-build-1/phase3-binary/app
    /Applications/Xcode.app/Contents/Developer/Toolchains/XcodeDefault.xctoolchain/usr/bin/clang -Xlinker -reproducible -target arm64-apple-macos14.0 -dynamiclib -isysroot /Applications/Xcode.app/Contents/Developer/Platforms/MacOSX.platform/Developer/SDKs/MacOSX26.5.sdk -O0 -L/Users/augstar/Library/Developer/Xcode/DerivedData/Malibu-cadiaoswicqctqgsgdgeqxtlosmr/Build/Products/Debug -F/Users/augstar/Library/Developer/Xcode/DerivedData/Malibu-cadiaoswicqctqgsgdgeqxtlosmr/Build/Products/Debug -install_name @rpath/Malibu.debug.dylib -rdynamic -Xlinker -no_deduplicate -Xlinker -debug_variant -Xlinker -dependency_info -Xlinker /Users/augstar/Library/Developer/Xcode/DerivedData/Malibu-cadiaoswicqctqgsgdgeqxtlosmr/Build/Intermediates.noindex/Malibu.build/Debug/Malibu.build/Objects-normal/arm64/Malibu_dependency_info.dat -o /Users/augstar/Library/Developer/Xcode/DerivedData/Malibu-cadiaoswicqctqgsgdgeqxtlosmr/Build/Products/Debug/Malibu.app/Contents/MacOS/__preview.dylib

CpResource /Users/augstar/Library/Developer/Xcode/DerivedData/Malibu-cadiaoswicqctqgsgdgeqxtlosmr/Build/Products/Debug/Malibu.app/Contents/Resources/malibu-icon.svg /Users/augstar/.codex/worktrees/macprovider/product-build-1/phase3-binary/app/Sources/Malibu/Resources/Brand/malibu-icon.svg (in target 'Malibu' from project 'Malibu')
    cd /Users/augstar/.codex/worktrees/macprovider/product-build-1/phase3-binary/app
    builtin-copy -exclude .DS_Store -exclude CVS -exclude .svn -exclude .git -exclude .hg -resolve-src-symlinks /Users/augstar/.codex/worktrees/macprovider/product-build-1/phase3-binary/app/Sources/Malibu/Resources/Brand/malibu-icon.svg /Users/augstar/Library/Developer/Xcode/DerivedData/Malibu-cadiaoswicqctqgsgdgeqxtlosmr/Build/Products/Debug/Malibu.app/Contents/Resources

MkDir /Users/augstar/Library/Developer/Xcode/DerivedData/Malibu-cadiaoswicqctqgsgdgeqxtlosmr/Build/Intermediates.noindex/Malibu.build/Debug/Malibu.build/assetcatalog_output/thinned (in target 'Malibu' from project 'Malibu')
    cd /Users/augstar/.codex/worktrees/macprovider/product-build-1/phase3-binary/app
    /bin/mkdir -p /Users/augstar/Library/Developer/Xcode/DerivedData/Malibu-cadiaoswicqctqgsgdgeqxtlosmr/Build/Intermediates.noindex/Malibu.build/Debug/Malibu.build/assetcatalog_output/thinned

Copy /Users/augstar/Library/Developer/Xcode/DerivedData/Malibu-cadiaoswicqctqgsgdgeqxtlosmr/Build/Products/Debug/Malibu.app/Contents/Frameworks/libXCTestSwiftSupport.dylib /Applications/Xcode.app/Contents/Developer/Platforms/MacOSX.platform/Developer/usr/lib/libXCTestSwiftSupport.dylib (in target 'Malibu' from project 'Malibu')
    cd /Users/augstar/.codex/worktrees/macprovider/product-build-1/phase3-binary/app
    builtin-copy -exclude .DS_Store -exclude CVS -exclude .svn -exclude .git -exclude .hg -exclude Headers -exclude PrivateHeaders -exclude Modules -exclude \*.tbd -resolve-src-symlinks /Applications/Xcode.app/Contents/Developer/Platforms/MacOSX.platform/Developer/usr/lib/libXCTestSwiftSupport.dylib /Users/augstar/Library/Developer/Xcode/DerivedData/Malibu-cadiaoswicqctqgsgdgeqxtlosmr/Build/Products/Debug/Malibu.app/Contents/Frameworks

CpResource /Users/augstar/Library/Developer/Xcode/DerivedData/Malibu-cadiaoswicqctqgsgdgeqxtlosmr/Build/Products/Debug/Malibu.app/Contents/Resources/MalibuModelCapabilities.json /Users/augstar/.codex/worktrees/macprovider/product-build-1/phase3-binary/app/Sources/Malibu/Resources/MalibuModelCapabilities.json (in target 'Malibu' from project 'Malibu')
    cd /Users/augstar/.codex/worktrees/macprovider/product-build-1/phase3-binary/app
    builtin-copy -exclude .DS_Store -exclude CVS -exclude .svn -exclude .git -exclude .hg -resolve-src-symlinks /Users/augstar/.codex/worktrees/macprovider/product-build-1/phase3-binary/app/Sources/Malibu/Resources/MalibuModelCapabilities.json /Users/augstar/Library/Developer/Xcode/DerivedData/Malibu-cadiaoswicqctqgsgdgeqxtlosmr/Build/Products/Debug/Malibu.app/Contents/Resources

MkDir /Users/augstar/Library/Developer/Xcode/DerivedData/Malibu-cadiaoswicqctqgsgdgeqxtlosmr/Build/Intermediates.noindex/Malibu.build/Debug/Malibu.build/assetcatalog_output/unthinned (in target 'Malibu' from project 'Malibu')
    cd /Users/augstar/.codex/worktrees/macprovider/product-build-1/phase3-binary/app
    /bin/mkdir -p /Users/augstar/Library/Developer/Xcode/DerivedData/Malibu-cadiaoswicqctqgsgdgeqxtlosmr/Build/Intermediates.noindex/Malibu.build/Debug/Malibu.build/assetcatalog_output/unthinned

Copy /Users/augstar/Library/Developer/Xcode/DerivedData/Malibu-cadiaoswicqctqgsgdgeqxtlosmr/Build/Products/Debug/Malibu.app/Contents/Frameworks/libXCTestBundleInject.dylib /Applications/Xcode.app/Contents/Developer/Platforms/MacOSX.platform/Developer/usr/lib/libXCTestBundleInject.dylib (in target 'Malibu' from project 'Malibu')
    cd /Users/augstar/.codex/worktrees/macprovider/product-build-1/phase3-binary/app
    builtin-copy -exclude .DS_Store -exclude CVS -exclude .svn -exclude .git -exclude .hg -exclude Headers -exclude PrivateHeaders -exclude Modules -exclude \*.tbd -resolve-src-symlinks /Applications/Xcode.app/Contents/Developer/Platforms/MacOSX.platform/Developer/usr/lib/libXCTestBundleInject.dylib /Users/augstar/Library/Developer/Xcode/DerivedData/Malibu-cadiaoswicqctqgsgdgeqxtlosmr/Build/Products/Debug/Malibu.app/Contents/Frameworks

GenerateAssetSymbols /Users/augstar/.codex/worktrees/macprovider/product-build-1/phase3-binary/app/Sources/Malibu/Resources/Assets.xcassets (in target 'Malibu' from project 'Malibu')
    cd /Users/augstar/.codex/worktrees/macprovider/product-build-1/phase3-binary/app
    /Applications/Xcode.app/Contents/Developer/usr/bin/actool /Users/augstar/.codex/worktrees/macprovider/product-build-1/phase3-binary/app/Sources/Malibu/Resources/Assets.xcassets --compile /Users/augstar/Library/Developer/Xcode/DerivedData/Malibu-cadiaoswicqctqgsgdgeqxtlosmr/Build/Products/Debug/Malibu.app/Contents/Resources --output-format human-readable-text --notices --warnings --export-dependency-info /Users/augstar/Library/Developer/Xcode/DerivedData/Malibu-cadiaoswicqctqgsgdgeqxtlosmr/Build/Intermediates.noindex/Malibu.build/Debug/Malibu.build/assetcatalog_dependencies --output-partial-info-plist /Users/augstar/Library/Developer/Xcode/DerivedData/Malibu-cadiaoswicqctqgsgdgeqxtlosmr/Build/Intermediates.noindex/Malibu.build/Debug/Malibu.build/assetcatalog_generated_info.plist --app-icon AppIcon --enable-on-demand-resources NO --development-region en --target-device mac --minimum-deployment-target 14.0 --platform macosx --bundle-identifier tech.malibu.app --generate-swift-asset-symbol-extensions NO --generate-swift-asset-symbols /Users/augstar/Library/Developer/Xcode/DerivedData/Malibu-cadiaoswicqctqgsgdgeqxtlosmr/Build/Intermediates.noindex/Malibu.build/Debug/Malibu.build/DerivedSources/GeneratedAssetSymbols.swift --generate-objc-asset-symbols /Users/augstar/Library/Developer/Xcode/DerivedData/Malibu-cadiaoswicqctqgsgdgeqxtlosmr/Build/Intermediates.noindex/Malibu.build/Debug/Malibu.build/DerivedSources/GeneratedAssetSymbols.h --generate-asset-symbol-index /Users/augstar/Library/Developer/Xcode/DerivedData/Malibu-cadiaoswicqctqgsgdgeqxtlosmr/Build/Intermediates.noindex/Malibu.build/Debug/Malibu.build/DerivedSources/GeneratedAssetSymbols-Index.plist
/* com.apple.actool.compilation-results */
/Users/augstar/Library/Developer/Xcode/DerivedData/Malibu-cadiaoswicqctqgsgdgeqxtlosmr/Build/Intermediates.noindex/Malibu.build/Debug/Malibu.build/DerivedSources/GeneratedAssetSymbols-Index.plist
/Users/augstar/Library/Developer/Xcode/DerivedData/Malibu-cadiaoswicqctqgsgdgeqxtlosmr/Build/Intermediates.noindex/Malibu.build/Debug/Malibu.build/DerivedSources/GeneratedAssetSymbols.h
/Users/augstar/Library/Developer/Xcode/DerivedData/Malibu-cadiaoswicqctqgsgdgeqxtlosmr/Build/Intermediates.noindex/Malibu.build/Debug/Malibu.build/DerivedSources/GeneratedAssetSymbols.swift


Copy /Users/augstar/Library/Developer/Xcode/DerivedData/Malibu-cadiaoswicqctqgsgdgeqxtlosmr/Build/Products/Debug/Malibu.app/Contents/Frameworks/XCUnit.framework /Applications/Xcode.app/Contents/Developer/Platforms/MacOSX.platform/Developer/Library/PrivateFrameworks/XCUnit.framework (in target 'Malibu' from project 'Malibu')
    cd /Users/augstar/.codex/worktrees/macprovider/product-build-1/phase3-binary/app
    builtin-copy -exclude .DS_Store -exclude CVS -exclude .svn -exclude .git -exclude .hg -exclude Headers -exclude PrivateHeaders -exclude Modules -exclude \*.tbd -resolve-src-symlinks /Applications/Xcode.app/Contents/Developer/Platforms/MacOSX.platform/Developer/Library/PrivateFrameworks/XCUnit.framework /Users/augstar/Library/Developer/Xcode/DerivedData/Malibu-cadiaoswicqctqgsgdgeqxtlosmr/Build/Products/Debug/Malibu.app/Contents/Frameworks

Copy /Users/augstar/Library/Developer/Xcode/DerivedData/Malibu-cadiaoswicqctqgsgdgeqxtlosmr/Build/Products/Debug/Malibu.app/Contents/Frameworks/XCUIAutomation.framework /Applications/Xcode.app/Contents/Developer/Platforms/MacOSX.platform/Developer/Library/Frameworks/XCUIAutomation.framework (in target 'Malibu' from project 'Malibu')
    cd /Users/augstar/.codex/worktrees/macprovider/product-build-1/phase3-binary/app
    builtin-copy -exclude .DS_Store -exclude CVS -exclude .svn -exclude .git -exclude .hg -exclude Headers -exclude PrivateHeaders -exclude Modules -exclude \*.tbd -resolve-src-symlinks /Applications/Xcode.app/Contents/Developer/Platforms/MacOSX.platform/Developer/Library/Frameworks/XCUIAutomation.framework /Users/augstar/Library/Developer/Xcode/DerivedData/Malibu-cadiaoswicqctqgsgdgeqxtlosmr/Build/Products/Debug/Malibu.app/Contents/Frameworks

Copy /Users/augstar/Library/Developer/Xcode/DerivedData/Malibu-cadiaoswicqctqgsgdgeqxtlosmr/Build/Products/Debug/Malibu.app/Contents/Frameworks/XCTestSupport.framework /Applications/Xcode.app/Contents/Developer/Platforms/MacOSX.platform/Developer/Library/PrivateFrameworks/XCTestSupport.framework (in target 'Malibu' from project 'Malibu')
    cd /Users/augstar/.codex/worktrees/macprovider/product-build-1/phase3-binary/app
    builtin-copy -exclude .DS_Store -exclude CVS -exclude .svn -exclude .git -exclude .hg -exclude Headers -exclude PrivateHeaders -exclude Modules -exclude \*.tbd -resolve-src-symlinks /Applications/Xcode.app/Contents/Developer/Platforms/MacOSX.platform/Developer/Library/PrivateFrameworks/XCTestSupport.framework /Users/augstar/Library/Developer/Xcode/DerivedData/Malibu-cadiaoswicqctqgsgdgeqxtlosmr/Build/Products/Debug/Malibu.app/Contents/Frameworks

Copy /Users/augstar/Library/Developer/Xcode/DerivedData/Malibu-cadiaoswicqctqgsgdgeqxtlosmr/Build/Products/Debug/Malibu.app/Contents/Frameworks/XCTestCore.framework /Applications/Xcode.app/Contents/Developer/Platforms/MacOSX.platform/Developer/Library/PrivateFrameworks/XCTestCore.framework (in target 'Malibu' from project 'Malibu')
    cd /Users/augstar/.codex/worktrees/macprovider/product-build-1/phase3-binary/app
    builtin-copy -exclude .DS_Store -exclude CVS -exclude .svn -exclude .git -exclude .hg -exclude Headers -exclude PrivateHeaders -exclude Modules -exclude \*.tbd -resolve-src-symlinks /Applications/Xcode.app/Contents/Developer/Platforms/MacOSX.platform/Developer/Library/PrivateFrameworks/XCTestCore.framework /Users/augstar/Library/Developer/Xcode/DerivedData/Malibu-cadiaoswicqctqgsgdgeqxtlosmr/Build/Products/Debug/Malibu.app/Contents/Frameworks

Copy /Users/augstar/Library/Developer/Xcode/DerivedData/Malibu-cadiaoswicqctqgsgdgeqxtlosmr/Build/Products/Debug/Malibu.app/Contents/Frameworks/XCTest.framework /Applications/Xcode.app/Contents/Developer/Platforms/MacOSX.platform/Developer/Library/Frameworks/XCTest.framework (in target 'Malibu' from project 'Malibu')
    cd /Users/augstar/.codex/worktrees/macprovider/product-build-1/phase3-binary/app
    builtin-copy -exclude .DS_Store -exclude CVS -exclude .svn -exclude .git -exclude .hg -exclude Headers -exclude PrivateHeaders -exclude Modules -exclude \*.tbd -resolve-src-symlinks /Applications/Xcode.app/Contents/Developer/Platforms/MacOSX.platform/Developer/Library/Frameworks/XCTest.framework /Users/augstar/Library/Developer/Xcode/DerivedData/Malibu-cadiaoswicqctqgsgdgeqxtlosmr/Build/Products/Debug/Malibu.app/Contents/Frameworks

Copy /Users/augstar/Library/Developer/Xcode/DerivedData/Malibu-cadiaoswicqctqgsgdgeqxtlosmr/Build/Products/Debug/Malibu.app/Contents/Frameworks/XCTAutomationSupport.framework /Applications/Xcode.app/Contents/Developer/Platforms/MacOSX.platform/Developer/Library/PrivateFrameworks/XCTAutomationSupport.framework (in target 'Malibu' from project 'Malibu')
    cd /Users/augstar/.codex/worktrees/macprovider/product-build-1/phase3-binary/app
    builtin-copy -exclude .DS_Store -exclude CVS -exclude .svn -exclude .git -exclude .hg -exclude Headers -exclude PrivateHeaders -exclude Modules -exclude \*.tbd -resolve-src-symlinks /Applications/Xcode.app/Contents/Developer/Platforms/MacOSX.platform/Developer/Library/PrivateFrameworks/XCTAutomationSupport.framework /Users/augstar/Library/Developer/Xcode/DerivedData/Malibu-cadiaoswicqctqgsgdgeqxtlosmr/Build/Products/Debug/Malibu.app/Contents/Frameworks

Copy /Users/augstar/Library/Developer/Xcode/DerivedData/Malibu-cadiaoswicqctqgsgdgeqxtlosmr/Build/Products/Debug/Malibu.app/Contents/Frameworks/Testing.framework /Applications/Xcode.app/Contents/Developer/Platforms/MacOSX.platform/Developer/Library/Frameworks/Testing.framework (in target 'Malibu' from project 'Malibu')
    cd /Users/augstar/.codex/worktrees/macprovider/product-build-1/phase3-binary/app
    builtin-copy -exclude .DS_Store -exclude CVS -exclude .svn -exclude .git -exclude .hg -exclude Headers -exclude PrivateHeaders -exclude Modules -exclude \*.tbd -resolve-src-symlinks /Applications/Xcode.app/Contents/Developer/Platforms/MacOSX.platform/Developer/Library/Frameworks/Testing.framework /Users/augstar/Library/Developer/Xcode/DerivedData/Malibu-cadiaoswicqctqgsgdgeqxtlosmr/Build/Products/Debug/Malibu.app/Contents/Frameworks

CompileXCStrings /Users/augstar/Library/Developer/Xcode/DerivedData/Malibu-cadiaoswicqctqgsgdgeqxtlosmr/Build/Intermediates.noindex/Malibu.build/Debug/Malibu.build/ /Users/augstar/.codex/worktrees/macprovider/product-build-1/phase3-binary/app/Sources/Malibu/Resources/MalibuFeature.xcstrings (in target 'Malibu' from project 'Malibu')
    cd /Users/augstar/.codex/worktrees/macprovider/product-build-1/phase3-binary/app
    /Applications/Xcode.app/Contents/Developer/usr/bin/xcstringstool compile --output-directory /Users/augstar/Library/Developer/Xcode/DerivedData/Malibu-cadiaoswicqctqgsgdgeqxtlosmr/Build/Intermediates.noindex/Malibu.build/Debug/Malibu.build /Users/augstar/.codex/worktrees/macprovider/product-build-1/phase3-binary/app/Sources/Malibu/Resources/MalibuFeature.xcstrings

CompileAssetCatalogVariant thinned /Users/augstar/Library/Developer/Xcode/DerivedData/Malibu-cadiaoswicqctqgsgdgeqxtlosmr/Build/Products/Debug/Malibu.app/Contents/Resources /Users/augstar/.codex/worktrees/macprovider/product-build-1/phase3-binary/app/Sources/Malibu/Resources/Assets.xcassets (in target 'Malibu' from project 'Malibu')
    cd /Users/augstar/.codex/worktrees/macprovider/product-build-1/phase3-binary/app
    /Applications/Xcode.app/Contents/Developer/usr/bin/actool /Users/augstar/.codex/worktrees/macprovider/product-build-1/phase3-binary/app/Sources/Malibu/Resources/Assets.xcassets --compile /Users/augstar/Library/Developer/Xcode/DerivedData/Malibu-cadiaoswicqctqgsgdgeqxtlosmr/Build/Intermediates.noindex/Malibu.build/Debug/Malibu.build/assetcatalog_output/thinned --output-format human-readable-text --notices --warnings --export-dependency-info /Users/augstar/Library/Developer/Xcode/DerivedData/Malibu-cadiaoswicqctqgsgdgeqxtlosmr/Build/Intermediates.noindex/Malibu.build/Debug/Malibu.build/assetcatalog_dependencies_thinned --output-partial-info-plist /Users/augstar/Library/Developer/Xcode/DerivedData/Malibu-cadiaoswicqctqgsgdgeqxtlosmr/Build/Intermediates.noindex/Malibu.build/Debug/Malibu.build/assetcatalog_generated_info.plist_thinned --app-icon AppIcon --enable-on-demand-resources NO --development-region en --target-device mac --minimum-deployment-target 14.0 --platform macosx
/* com.apple.actool.compilation-results */
/Users/augstar/Library/Developer/Xcode/DerivedData/Malibu-cadiaoswicqctqgsgdgeqxtlosmr/Build/Intermediates.noindex/Malibu.build/Debug/Malibu.build/assetcatalog_generated_info.plist_thinned
/Users/augstar/Library/Developer/Xcode/DerivedData/Malibu-cadiaoswicqctqgsgdgeqxtlosmr/Build/Intermediates.noindex/Malibu.build/Debug/Malibu.build/assetcatalog_output/thinned/AppIcon.icns
/Users/augstar/Library/Developer/Xcode/DerivedData/Malibu-cadiaoswicqctqgsgdgeqxtlosmr/Build/Intermediates.noindex/Malibu.build/Debug/Malibu.build/assetcatalog_output/thinned/Assets.car


CopyStringsFile /Users/augstar/Library/Developer/Xcode/DerivedData/Malibu-cadiaoswicqctqgsgdgeqxtlosmr/Build/Products/Debug/Malibu.app/Contents/Resources/en.lproj/MalibuFeature.strings /Users/augstar/Library/Developer/Xcode/DerivedData/Malibu-cadiaoswicqctqgsgdgeqxtlosmr/Build/Intermediates.noindex/Malibu.build/Debug/Malibu.build/en.lproj/MalibuFeature.strings (in target 'Malibu' from project 'Malibu')
    cd /Users/augstar/.codex/worktrees/macprovider/product-build-1/phase3-binary/app
    builtin-copyStrings --validate --outputencoding UTF-16 --outfilename MalibuFeature.strings --outdir /Users/augstar/Library/Developer/Xcode/DerivedData/Malibu-cadiaoswicqctqgsgdgeqxtlosmr/Build/Products/Debug/Malibu.app/Contents/Resources/en.lproj -- /Users/augstar/Library/Developer/Xcode/DerivedData/Malibu-cadiaoswicqctqgsgdgeqxtlosmr/Build/Intermediates.noindex/Malibu.build/Debug/Malibu.build/en.lproj/MalibuFeature.strings
/Users/augstar/Library/Developer/Xcode/DerivedData/Malibu-cadiaoswicqctqgsgdgeqxtlosmr/Build/Intermediates.noindex/Malibu.build/Debug/Malibu.build/en.lproj/MalibuFeature.strings:1:1: note: detected encoding of input file as Unicode (UTF-8) (in target 'Malibu' from project 'Malibu')

SwiftDriver Malibu normal arm64 com.apple.xcode.tools.swift.compiler (in target 'Malibu' from project 'Malibu')
    cd /Users/augstar/.codex/worktrees/macprovider/product-build-1/phase3-binary/app
    builtin-SwiftDriver -- /Applications/Xcode.app/Contents/Developer/Toolchains/XcodeDefault.xctoolchain/usr/bin/swiftc -module-name Malibu -Onone @/Users/augstar/Library/Developer/Xcode/DerivedData/Malibu-cadiaoswicqctqgsgdgeqxtlosmr/Build/Intermediates.noindex/Malibu.build/Debug/Malibu.build/Objects-normal/arm64/Malibu.SwiftFileList -DDEBUG -strict-concurrency\=complete -enable-bare-slash-regex -enable-experimental-feature DebugDescriptionMacro -sdk /Applications/Xcode.app/Contents/Developer/Platforms/MacOSX.platform/Developer/SDKs/MacOSX26.5.sdk -target arm64-apple-macos14.0 -g -module-cache-path /Users/augstar/Library/Developer/Xcode/DerivedData/ModuleCache.noindex -Xfrontend -serialize-debugging-options -profile-coverage-mapping -profile-generate -enable-testing -index-store-path /Users/augstar/Library/Developer/Xcode/DerivedData/Malibu-cadiaoswicqctqgsgdgeqxtlosmr/Index.noindex/DataStore -Xcc -D_LIBCPP_HARDENING_MODE\=_LIBCPP_HARDENING_MODE_DEBUG -swift-version 5 -I /Users/augstar/Library/Developer/Xcode/DerivedData/Malibu-cadiaoswicqctqgsgdgeqxtlosmr/Build/Products/Debug -F /Users/augstar/Library/Developer/Xcode/DerivedData/Malibu-cadiaoswicqctqgsgdgeqxtlosmr/Build/Products/Debug -c -j10 -enable-batch-mode -incremental -Xcc -ivfsstatcache -Xcc /Users/augstar/Library/Developer/Xcode/DerivedData/SDKStatCaches.noindex/macosx26.5-25F70-688ef53f1462e2c8f657fdc38a81448fe082c4a02f00227109f4ed75e425c832.sdkstatcache -output-file-map /Users/augstar/Library/Developer/Xcode/DerivedData/Malibu-cadiaoswicqctqgsgdgeqxtlosmr/Build/Intermediates.noindex/Malibu.build/Debug/Malibu.build/Objects-normal/arm64/Malibu-OutputFileMap.json -use-frontend-parseable-output -save-temps -no-color-diagnostics -explicit-module-build -module-cache-path /Users/augstar/Library/Developer/Xcode/DerivedData/Malibu-cadiaoswicqctqgsgdgeqxtlosmr/Build/Intermediates.noindex/SwiftExplicitPrecompiledModules -clang-scanner-module-cache-path /Users/augstar/Library/Developer/Xcode/DerivedData/ModuleCache.noindex -sdk-module-cache-path /Users/augstar/Library/Developer/Xcode/DerivedData/ModuleCache.noindex -serialize-diagnostics -emit-dependencies -emit-module -emit-module-path /Users/augstar/Library/Developer/Xcode/DerivedData/Malibu-cadiaoswicqctqgsgdgeqxtlosmr/Build/Intermediates.noindex/Malibu.build/Debug/Malibu.build/Objects-normal/arm64/Malibu.swiftmodule -validate-clang-modules-once -clang-build-session-file /Users/augstar/Library/Developer/Xcode/DerivedData/ModuleCache.noindex/Session.modulevalidation -Xcc -I/Users/augstar/Library/Developer/Xcode/DerivedData/Malibu-cadiaoswicqctqgsgdgeqxtlosmr/Build/Intermediates.noindex/Malibu.build/Debug/Malibu.build/swift-overrides.hmap -emit-const-values -Xfrontend -const-gather-protocols-file -Xfrontend /Users/augstar/Library/Developer/Xcode/DerivedData/Malibu-cadiaoswicqctqgsgdgeqxtlosmr/Build/Intermediates.noindex/Malibu.build/Debug/Malibu.build/Objects-normal/arm64/Malibu_const_extract_protocols.json -Xcc -iquote -Xcc /Users/augstar/Library/Developer/Xcode/DerivedData/Malibu-cadiaoswicqctqgsgdgeqxtlosmr/Build/Intermediates.noindex/Malibu.build/Debug/Malibu.build/Malibu-generated-files.hmap -Xcc -I/Users/augstar/Library/Developer/Xcode/DerivedData/Malibu-cadiaoswicqctqgsgdgeqxtlosmr/Build/Intermediates.noindex/Malibu.build/Debug/Malibu.build/Malibu-own-target-headers.hmap -Xcc -I/Users/augstar/Library/Developer/Xcode/DerivedData/Malibu-cadiaoswicqctqgsgdgeqxtlosmr/Build/Intermediates.noindex/Malibu.build/Debug/Malibu.build/Malibu-all-target-headers.hmap -Xcc -iquote -Xcc /Users/augstar/Library/Developer/Xcode/DerivedData/Malibu-cadiaoswicqctqgsgdgeqxtlosmr/Build/Intermediates.noindex/Malibu.build/Debug/Malibu.build/Malibu-project-headers.hmap -Xcc -I/Users/augstar/Library/Developer/Xcode/DerivedData/Malibu-cadiaoswicqctqgsgdgeqxtlosmr/Build/Products/Debug/include -Xcc -I/Users/augstar/Library/Developer/Xcode/DerivedData/Malibu-cadiaoswicqctqgsgdgeqxtlosmr/Build/Intermediates.noindex/Malibu.build/Debug/Malibu.build/DerivedSources-normal/arm64 -Xcc -I/Users/augstar/Library/Developer/Xcode/DerivedData/Malibu-cadiaoswicqctqgsgdgeqxtlosmr/Build/Intermediates.noindex/Malibu.build/Debug/Malibu.build/DerivedSources/arm64 -Xcc -I/Users/augstar/Library/Developer/Xcode/DerivedData/Malibu-cadiaoswicqctqgsgdgeqxtlosmr/Build/Intermediates.noindex/Malibu.build/Debug/Malibu.build/DerivedSources -Xcc -DDEBUG\=1 -emit-objc-header -emit-objc-header-path /Users/augstar/Library/Developer/Xcode/DerivedData/Malibu-cadiaoswicqctqgsgdgeqxtlosmr/Build/Intermediates.noindex/Malibu.build/Debug/Malibu.build/Objects-normal/arm64/Malibu-Swift.h -working-directory /Users/augstar/.codex/worktrees/macprovider/product-build-1/phase3-binary/app -experimental-emit-module-separately -disable-cmo

SwiftCompile normal arm64 Compiling\ DashboardObservationStore.swift,\ DashboardWindow.swift,\ EarningsClient.swift,\ EarningsEstimateFormatter.swift,\ FreePortProbe.swift /Users/augstar/.codex/worktrees/macprovider/product-build-1/phase3-binary/app/Sources/Malibu/Agent/DashboardObservationStore.swift /Users/augstar/.codex/worktrees/macprovider/product-build-1/phase3-binary/app/Sources/Malibu/Dashboard/DashboardWindow.swift /Users/augstar/.codex/worktrees/macprovider/product-build-1/phase3-binary/app/Sources/Malibu/Agent/EarningsClient.swift /Users/augstar/.codex/worktrees/macprovider/product-build-1/phase3-binary/app/Sources/Malibu/Onboarding/EarningsEstimateFormatter.swift /Users/augstar/.codex/worktrees/macprovider/product-build-1/phase3-binary/app/Sources/Malibu/System/FreePortProbe.swift (in target 'Malibu' from project 'Malibu')
SwiftCompile normal arm64 /Users/augstar/.codex/worktrees/macprovider/product-build-1/phase3-binary/app/Sources/Malibu/Agent/DashboardObservationStore.swift (in target 'Malibu' from project 'Malibu')
    cd /Users/augstar/.codex/worktrees/macprovider/product-build-1/phase3-binary/app
    

SwiftCompile normal arm64 /Users/augstar/.codex/worktrees/macprovider/product-build-1/phase3-binary/app/Sources/Malibu/Dashboard/DashboardWindow.swift (in target 'Malibu' from project 'Malibu')
    cd /Users/augstar/.codex/worktrees/macprovider/product-build-1/phase3-binary/app
    
/Users/augstar/.codex/worktrees/macprovider/product-build-1/phase3-binary/app/Sources/Malibu/Dashboard/DashboardWindow.swift:482:10: warning: 'onChange(of:perform:)' was deprecated in macOS 14.0: Use `onChange` with a two or zero parameter action closure instead.
        .onChange(of: agent.rewardAuditSupported) { supported in
         ^

SwiftCompile normal arm64 /Users/augstar/.codex/worktrees/macprovider/product-build-1/phase3-binary/app/Sources/Malibu/Agent/EarningsClient.swift (in target 'Malibu' from project 'Malibu')
    cd /Users/augstar/.codex/worktrees/macprovider/product-build-1/phase3-binary/app
    

SwiftCompile normal arm64 /Users/augstar/.codex/worktrees/macprovider/product-build-1/phase3-binary/app/Sources/Malibu/Onboarding/EarningsEstimateFormatter.swift (in target 'Malibu' from project 'Malibu')
    cd /Users/augstar/.codex/worktrees/macprovider/product-build-1/phase3-binary/app
    

SwiftCompile normal arm64 /Users/augstar/.codex/worktrees/macprovider/product-build-1/phase3-binary/app/Sources/Malibu/System/FreePortProbe.swift (in target 'Malibu' from project 'Malibu')
    cd /Users/augstar/.codex/worktrees/macprovider/product-build-1/phase3-binary/app
    

SwiftEmitModule normal arm64 Emitting\ module\ for\ Malibu (in target 'Malibu' from project 'Malibu')

EmitSwiftModule normal arm64 (in target 'Malibu' from project 'Malibu')
    cd /Users/augstar/.codex/worktrees/macprovider/product-build-1/phase3-binary/app
    

SwiftCompile normal arm64 Compiling\ PayoutRegistrationStore.swift,\ PayoutWalletFlow.swift,\ ProcessEnvironmentSanitizer.swift,\ ProviderCLIVersion.swift,\ ProviderConfig.swift /Users/augstar/.codex/worktrees/macprovider/product-build-1/phase3-binary/app/Sources/Malibu/Dashboard/PayoutRegistrationStore.swift /Users/augstar/.codex/worktrees/macprovider/product-build-1/phase3-binary/app/Sources/Malibu/Dashboard/PayoutWalletFlow.swift /Users/augstar/.codex/worktrees/macprovider/product-build-1/phase3-binary/app/Sources/Malibu/System/ProcessEnvironmentSanitizer.swift /Users/augstar/.codex/worktrees/macprovider/product-build-1/phase3-binary/app/Sources/Malibu/System/ProviderCLIVersion.swift /Users/augstar/.codex/worktrees/macprovider/product-build-1/phase3-binary/app/Sources/Malibu/System/ProviderConfig.swift (in target 'Malibu' from project 'Malibu')

SwiftCompile normal arm64 /Users/augstar/.codex/worktrees/macprovider/product-build-1/phase3-binary/app/Sources/Malibu/Dashboard/PayoutRegistrationStore.swift (in target 'Malibu' from project 'Malibu')
    cd /Users/augstar/.codex/worktrees/macprovider/product-build-1/phase3-binary/app
    
/Users/augstar/.codex/worktrees/macprovider/product-build-1/phase3-binary/app/Sources/Malibu/Dashboard/PayoutWalletFlow.swift:538:29: warning: capture of 'resumeOnce' with non-Sendable type '(Result<Void, any Error>) -> ()' in a '@Sendable' closure
                            resumeOnce(.success(()))
                            ^
/Users/augstar/.codex/worktrees/macprovider/product-build-1/phase3-binary/app/Sources/Malibu/Dashboard/PayoutWalletFlow.swift:538:29: note: a function type must be marked '@Sendable' to conform to 'Sendable'
                            resumeOnce(.success(()))
                            ^
/Users/augstar/.codex/worktrees/macprovider/product-build-1/phase3-binary/app/Sources/Malibu/Dashboard/PayoutWalletFlow.swift:522:22: warning: concurrently-executed local function 'resumeOnce' must be marked as '@Sendable'; this is an error in the Swift 6 language mode
                func resumeOnce(_ result: Result<Void, Error>) {
                     ^
                @Sendable 
/Users/augstar/.codex/worktrees/macprovider/product-build-1/phase3-binary/app/Sources/Malibu/Dashboard/PayoutWalletFlow.swift:541:32: warning: reference to captured var 'resumed' in concurrently-executing code; this is an error in the Swift 6 language mode
                            if resumed {
                               ^
/Users/augstar/.codex/worktrees/macprovider/product-build-1/phase3-binary/app/Sources/Malibu/Dashboard/PayoutWalletFlow.swift:924:13: warning: capture of 'then' with non-Sendable type '(() -> Void)?' in a '@Sendable' closure
            then?()
            ^
/Users/augstar/.codex/worktrees/macprovider/product-build-1/phase3-binary/app/Sources/Malibu/Dashboard/PayoutWalletFlow.swift:924:13: note: a function type must be marked '@Sendable' to conform to 'Sendable'
            then?()
            ^

SwiftCompile normal arm64 /Users/augstar/.codex/worktrees/macprovider/product-build-1/phase3-binary/app/Sources/Malibu/Dashboard/PayoutWalletFlow.swift (in target 'Malibu' from project 'Malibu')
    cd /Users/augstar/.codex/worktrees/macprovider/product-build-1/phase3-binary/app
    
/Users/augstar/.codex/worktrees/macprovider/product-build-1/phase3-binary/app/Sources/Malibu/Dashboard/PayoutWalletFlow.swift:538:29: warning: capture of 'resumeOnce' with non-Sendable type '(Result<Void, any Error>) -> ()' in a '@Sendable' closure
                            resumeOnce(.success(()))
                            ^
/Users/augstar/.codex/worktrees/macprovider/product-build-1/phase3-binary/app/Sources/Malibu/Dashboard/PayoutWalletFlow.swift:538:29: note: a function type must be marked '@Sendable' to conform to 'Sendable'
                            resumeOnce(.success(()))
                            ^
/Users/augstar/.codex/worktrees/macprovider/product-build-1/phase3-binary/app/Sources/Malibu/Dashboard/PayoutWalletFlow.swift:522:22: warning: concurrently-executed local function 'resumeOnce' must be marked as '@Sendable'; this is an error in the Swift 6 language mode
                func resumeOnce(_ result: Result<Void, Error>) {
                     ^
                @Sendable 
/Users/augstar/.codex/worktrees/macprovider/product-build-1/phase3-binary/app/Sources/Malibu/Dashboard/PayoutWalletFlow.swift:541:32: warning: reference to captured var 'resumed' in concurrently-executing code; this is an error in the Swift 6 language mode
                            if resumed {
                               ^
/Users/augstar/.codex/worktrees/macprovider/product-build-1/phase3-binary/app/Sources/Malibu/Dashboard/PayoutWalletFlow.swift:924:13: warning: capture of 'then' with non-Sendable type '(() -> Void)?' in a '@Sendable' closure
            then?()
            ^
/Users/augstar/.codex/worktrees/macprovider/product-build-1/phase3-binary/app/Sources/Malibu/Dashboard/PayoutWalletFlow.swift:924:13: note: a function type must be marked '@Sendable' to conform to 'Sendable'
            then?()
            ^

SwiftCompile normal arm64 /Users/augstar/.codex/worktrees/macprovider/product-build-1/phase3-binary/app/Sources/Malibu/System/ProcessEnvironmentSanitizer.swift (in target 'Malibu' from project 'Malibu')
    cd /Users/augstar/.codex/worktrees/macprovider/product-build-1/phase3-binary/app
    
/Users/augstar/.codex/worktrees/macprovider/product-build-1/phase3-binary/app/Sources/Malibu/Dashboard/PayoutWalletFlow.swift:538:29: warning: capture of 'resumeOnce' with non-Sendable type '(Result<Void, any Error>) -> ()' in a '@Sendable' closure
                            resumeOnce(.success(()))
                            ^
/Users/augstar/.codex/worktrees/macprovider/product-build-1/phase3-binary/app/Sources/Malibu/Dashboard/PayoutWalletFlow.swift:538:29: note: a function type must be marked '@Sendable' to conform to 'Sendable'
                            resumeOnce(.success(()))
                            ^
/Users/augstar/.codex/worktrees/macprovider/product-build-1/phase3-binary/app/Sources/Malibu/Dashboard/PayoutWalletFlow.swift:522:22: warning: concurrently-executed local function 'resumeOnce' must be marked as '@Sendable'; this is an error in the Swift 6 language mode
                func resumeOnce(_ result: Result<Void, Error>) {
                     ^
                @Sendable 
/Users/augstar/.codex/worktrees/macprovider/product-build-1/phase3-binary/app/Sources/Malibu/Dashboard/PayoutWalletFlow.swift:541:32: warning: reference to captured var 'resumed' in concurrently-executing code; this is an error in the Swift 6 language mode
                            if resumed {
                               ^
/Users/augstar/.codex/worktrees/macprovider/product-build-1/phase3-binary/app/Sources/Malibu/Dashboard/PayoutWalletFlow.swift:924:13: warning: capture of 'then' with non-Sendable type '(() -> Void)?' in a '@Sendable' closure
            then?()
            ^
/Users/augstar/.codex/worktrees/macprovider/product-build-1/phase3-binary/app/Sources/Malibu/Dashboard/PayoutWalletFlow.swift:924:13: note: a function type must be marked '@Sendable' to conform to 'Sendable'
            then?()
            ^

SwiftCompile normal arm64 /Users/augstar/.codex/worktrees/macprovider/product-build-1/phase3-binary/app/Sources/Malibu/System/ProviderCLIVersion.swift (in target 'Malibu' from project 'Malibu')
    cd /Users/augstar/.codex/worktrees/macprovider/product-build-1/phase3-binary/app
    
/Users/augstar/.codex/worktrees/macprovider/product-build-1/phase3-binary/app/Sources/Malibu/Dashboard/PayoutWalletFlow.swift:538:29: warning: capture of 'resumeOnce' with non-Sendable type '(Result<Void, any Error>) -> ()' in a '@Sendable' closure
                            resumeOnce(.success(()))
                            ^
/Users/augstar/.codex/worktrees/macprovider/product-build-1/phase3-binary/app/Sources/Malibu/Dashboard/PayoutWalletFlow.swift:538:29: note: a function type must be marked '@Sendable' to conform to 'Sendable'
                            resumeOnce(.success(()))
                            ^
/Users/augstar/.codex/worktrees/macprovider/product-build-1/phase3-binary/app/Sources/Malibu/Dashboard/PayoutWalletFlow.swift:522:22: warning: concurrently-executed local function 'resumeOnce' must be marked as '@Sendable'; this is an error in the Swift 6 language mode
                func resumeOnce(_ result: Result<Void, Error>) {
                     ^
                @Sendable 
/Users/augstar/.codex/worktrees/macprovider/product-build-1/phase3-binary/app/Sources/Malibu/Dashboard/PayoutWalletFlow.swift:541:32: warning: reference to captured var 'resumed' in concurrently-executing code; this is an error in the Swift 6 language mode
                            if resumed {
                               ^
/Users/augstar/.codex/worktrees/macprovider/product-build-1/phase3-binary/app/Sources/Malibu/Dashboard/PayoutWalletFlow.swift:924:13: warning: capture of 'then' with non-Sendable type '(() -> Void)?' in a '@Sendable' closure
            then?()
            ^
/Users/augstar/.codex/worktrees/macprovider/product-build-1/phase3-binary/app/Sources/Malibu/Dashboard/PayoutWalletFlow.swift:924:13: note: a function type must be marked '@Sendable' to conform to 'Sendable'
            then?()
            ^

SwiftCompile normal arm64 /Users/augstar/.codex/worktrees/macprovider/product-build-1/phase3-binary/app/Sources/Malibu/System/ProviderConfig.swift (in target 'Malibu' from project 'Malibu')
    cd /Users/augstar/.codex/worktrees/macprovider/product-build-1/phase3-binary/app
    
/Users/augstar/.codex/worktrees/macprovider/product-build-1/phase3-binary/app/Sources/Malibu/Dashboard/PayoutWalletFlow.swift:538:29: warning: capture of 'resumeOnce' with non-Sendable type '(Result<Void, any Error>) -> ()' in a '@Sendable' closure
                            resumeOnce(.success(()))
                            ^
/Users/augstar/.codex/worktrees/macprovider/product-build-1/phase3-binary/app/Sources/Malibu/Dashboard/PayoutWalletFlow.swift:538:29: note: a function type must be marked '@Sendable' to conform to 'Sendable'
                            resumeOnce(.success(()))
                            ^
/Users/augstar/.codex/worktrees/macprovider/product-build-1/phase3-binary/app/Sources/Malibu/Dashboard/PayoutWalletFlow.swift:522:22: warning: concurrently-executed local function 'resumeOnce' must be marked as '@Sendable'; this is an error in the Swift 6 language mode
                func resumeOnce(_ result: Result<Void, Error>) {
                     ^
                @Sendable 
/Users/augstar/.codex/worktrees/macprovider/product-build-1/phase3-binary/app/Sources/Malibu/Dashboard/PayoutWalletFlow.swift:541:32: warning: reference to captured var 'resumed' in concurrently-executing code; this is an error in the Swift 6 language mode
                            if resumed {
                               ^
/Users/augstar/.codex/worktrees/macprovider/product-build-1/phase3-binary/app/Sources/Malibu/Dashboard/PayoutWalletFlow.swift:924:13: warning: capture of 'then' with non-Sendable type '(() -> Void)?' in a '@Sendable' closure
            then?()
            ^
/Users/augstar/.codex/worktrees/macprovider/product-build-1/phase3-binary/app/Sources/Malibu/Dashboard/PayoutWalletFlow.swift:924:13: note: a function type must be marked '@Sendable' to conform to 'Sendable'
            then?()
            ^

SwiftCompile normal arm64 Compiling\ RewardActivity.swift,\ SettingsWindowPresenter.swift,\ ThermalMonitor.swift,\ GeneratedAssetSymbols.swift /Users/augstar/.codex/worktrees/macprovider/product-build-1/phase3-binary/app/Sources/Malibu/Agent/RewardActivity.swift /Users/augstar/.codex/worktrees/macprovider/product-build-1/phase3-binary/app/Sources/Malibu/ModelManagement/SettingsWindowPresenter.swift /Users/augstar/.codex/worktrees/macprovider/product-build-1/phase3-binary/app/Sources/Malibu/System/ThermalMonitor.swift /Users/augstar/Library/Developer/Xcode/DerivedData/Malibu-cadiaoswicqctqgsgdgeqxtlosmr/Build/Intermediates.noindex/Malibu.build/Debug/Malibu.build/DerivedSources/GeneratedAssetSymbols.swift (in target 'Malibu' from project 'Malibu')

SwiftCompile normal arm64 /Users/augstar/.codex/worktrees/macprovider/product-build-1/phase3-binary/app/Sources/Malibu/Agent/RewardActivity.swift (in target 'Malibu' from project 'Malibu')
    cd /Users/augstar/.codex/worktrees/macprovider/product-build-1/phase3-binary/app
    

SwiftCompile normal arm64 /Users/augstar/.codex/worktrees/macprovider/product-build-1/phase3-binary/app/Sources/Malibu/ModelManagement/SettingsWindowPresenter.swift (in target 'Malibu' from project 'Malibu')
    cd /Users/augstar/.codex/worktrees/macprovider/product-build-1/phase3-binary/app
    

SwiftCompile normal arm64 /Users/augstar/.codex/worktrees/macprovider/product-build-1/phase3-binary/app/Sources/Malibu/System/ThermalMonitor.swift (in target 'Malibu' from project 'Malibu')
    cd /Users/augstar/.codex/worktrees/macprovider/product-build-1/phase3-binary/app
    

SwiftCompile normal arm64 /Users/augstar/Library/Developer/Xcode/DerivedData/Malibu-cadiaoswicqctqgsgdgeqxtlosmr/Build/Intermediates.noindex/Malibu.build/Debug/Malibu.build/DerivedSources/GeneratedAssetSymbols.swift (in target 'Malibu' from project 'Malibu')
    cd /Users/augstar/.codex/worktrees/macprovider/product-build-1/phase3-binary/app
    

SwiftCompile normal arm64 Compiling\ MenuBarPresentation.swift,\ ModelManagement.swift,\ ModelManagementViews.swift,\ OnboardingState.swift,\ OnboardingWindow.swift /Users/augstar/.codex/worktrees/macprovider/product-build-1/phase3-binary/app/Sources/Malibu/MenuBar/MenuBarPresentation.swift /Users/augstar/.codex/worktrees/macprovider/product-build-1/phase3-binary/app/Sources/Malibu/ModelManagement/ModelManagement.swift /Users/augstar/.codex/worktrees/macprovider/product-build-1/phase3-binary/app/Sources/Malibu/ModelManagement/ModelManagementViews.swift /Users/augstar/.codex/worktrees/macprovider/product-build-1/phase3-binary/app/Sources/Malibu/Onboarding/OnboardingState.swift /Users/augstar/.codex/worktrees/macprovider/product-build-1/phase3-binary/app/Sources/Malibu/Onboarding/OnboardingWindow.swift (in target 'Malibu' from project 'Malibu')
SwiftCompile normal arm64 /Users/augstar/.codex/worktrees/macprovider/product-build-1/phase3-binary/app/Sources/Malibu/MenuBar/MenuBarPresentation.swift (in target 'Malibu' from project 'Malibu')
    cd /Users/augstar/.codex/worktrees/macprovider/product-build-1/phase3-binary/app
    
/Users/augstar/.codex/worktrees/macprovider/product-build-1/phase3-binary/app/Sources/Malibu/ModelManagement/ModelManagement.swift:2522:22: warning: coercion of implicitly unwrappable value of type 'NSApplication?' to 'Any' does not unwrap optional
            element: NSApp,
                     ^~~~~
/Applications/Xcode.app/Contents/Developer/Platforms/MacOSX.platform/Developer/SDKs/MacOSX26.5.sdk/System/Library/Frameworks/AppKit.framework/Headers/NSApplication.h:191:58: note: implicitly unwrapped var 'NSApp' declared here
APPKIT_EXTERN __kindof NSApplication * _Null_unspecified NSApp NS_SWIFT_UI_ACTOR;
                                                         ^
/Users/augstar/.codex/worktrees/macprovider/product-build-1/phase3-binary/app/Sources/Malibu/ModelManagement/ModelManagement.swift:2522:22: note: provide a default value to avoid this warning
            element: NSApp,
                     ^~~~~
                           ?? <#default value#>
/Users/augstar/.codex/worktrees/macprovider/product-build-1/phase3-binary/app/Sources/Malibu/ModelManagement/ModelManagement.swift:2522:22: note: force-unwrap the value to avoid this warning
            element: NSApp,
                     ^~~~~
                          !
/Users/augstar/.codex/worktrees/macprovider/product-build-1/phase3-binary/app/Sources/Malibu/ModelManagement/ModelManagement.swift:2522:22: note: explicitly cast to 'Any' with 'as Any' to silence this warning
            element: NSApp,
                     ^~~~~
                           as Any

SwiftCompile normal arm64 /Users/augstar/.codex/worktrees/macprovider/product-build-1/phase3-binary/app/Sources/Malibu/ModelManagement/ModelManagement.swift (in target 'Malibu' from project 'Malibu')
    cd /Users/augstar/.codex/worktrees/macprovider/product-build-1/phase3-binary/app
    
/Users/augstar/.codex/worktrees/macprovider/product-build-1/phase3-binary/app/Sources/Malibu/ModelManagement/ModelManagement.swift:2522:22: warning: coercion of implicitly unwrappable value of type 'NSApplication?' to 'Any' does not unwrap optional
            element: NSApp,
                     ^~~~~
/Applications/Xcode.app/Contents/Developer/Platforms/MacOSX.platform/Developer/SDKs/MacOSX26.5.sdk/System/Library/Frameworks/AppKit.framework/Headers/NSApplication.h:191:58: note: implicitly unwrapped var 'NSApp' declared here
APPKIT_EXTERN __kindof NSApplication * _Null_unspecified NSApp NS_SWIFT_UI_ACTOR;
                                                         ^
/Users/augstar/.codex/worktrees/macprovider/product-build-1/phase3-binary/app/Sources/Malibu/ModelManagement/ModelManagement.swift:2522:22: note: provide a default value to avoid this warning
            element: NSApp,
                     ^~~~~
                           ?? <#default value#>
/Users/augstar/.codex/worktrees/macprovider/product-build-1/phase3-binary/app/Sources/Malibu/ModelManagement/ModelManagement.swift:2522:22: note: force-unwrap the value to avoid this warning
            element: NSApp,
                     ^~~~~
                          !
/Users/augstar/.codex/worktrees/macprovider/product-build-1/phase3-binary/app/Sources/Malibu/ModelManagement/ModelManagement.swift:2522:22: note: explicitly cast to 'Any' with 'as Any' to silence this warning
            element: NSApp,
                     ^~~~~
                           as Any

SwiftCompile normal arm64 /Users/augstar/.codex/worktrees/macprovider/product-build-1/phase3-binary/app/Sources/Malibu/ModelManagement/ModelManagementViews.swift (in target 'Malibu' from project 'Malibu')
    cd /Users/augstar/.codex/worktrees/macprovider/product-build-1/phase3-binary/app
    
/Users/augstar/.codex/worktrees/macprovider/product-build-1/phase3-binary/app/Sources/Malibu/ModelManagement/ModelManagement.swift:2522:22: warning: coercion of implicitly unwrappable value of type 'NSApplication?' to 'Any' does not unwrap optional
            element: NSApp,
                     ^~~~~
/Applications/Xcode.app/Contents/Developer/Platforms/MacOSX.platform/Developer/SDKs/MacOSX26.5.sdk/System/Library/Frameworks/AppKit.framework/Headers/NSApplication.h:191:58: note: implicitly unwrapped var 'NSApp' declared here
APPKIT_EXTERN __kindof NSApplication * _Null_unspecified NSApp NS_SWIFT_UI_ACTOR;
                                                         ^
/Users/augstar/.codex/worktrees/macprovider/product-build-1/phase3-binary/app/Sources/Malibu/ModelManagement/ModelManagement.swift:2522:22: note: provide a default value to avoid this warning
            element: NSApp,
                     ^~~~~
                           ?? <#default value#>
/Users/augstar/.codex/worktrees/macprovider/product-build-1/phase3-binary/app/Sources/Malibu/ModelManagement/ModelManagement.swift:2522:22: note: force-unwrap the value to avoid this warning
            element: NSApp,
                     ^~~~~
                          !
/Users/augstar/.codex/worktrees/macprovider/product-build-1/phase3-binary/app/Sources/Malibu/ModelManagement/ModelManagement.swift:2522:22: note: explicitly cast to 'Any' with 'as Any' to silence this warning
            element: NSApp,
                     ^~~~~
                           as Any

SwiftCompile normal arm64 /Users/augstar/.codex/worktrees/macprovider/product-build-1/phase3-binary/app/Sources/Malibu/Onboarding/OnboardingState.swift (in target 'Malibu' from project 'Malibu')
    cd /Users/augstar/.codex/worktrees/macprovider/product-build-1/phase3-binary/app
    
/Users/augstar/.codex/worktrees/macprovider/product-build-1/phase3-binary/app/Sources/Malibu/ModelManagement/ModelManagement.swift:2522:22: warning: coercion of implicitly unwrappable value of type 'NSApplication?' to 'Any' does not unwrap optional
            element: NSApp,
                     ^~~~~
/Applications/Xcode.app/Contents/Developer/Platforms/MacOSX.platform/Developer/SDKs/MacOSX26.5.sdk/System/Library/Frameworks/AppKit.framework/Headers/NSApplication.h:191:58: note: implicitly unwrapped var 'NSApp' declared here
APPKIT_EXTERN __kindof NSApplication * _Null_unspecified NSApp NS_SWIFT_UI_ACTOR;
                                                         ^
/Users/augstar/.codex/worktrees/macprovider/product-build-1/phase3-binary/app/Sources/Malibu/ModelManagement/ModelManagement.swift:2522:22: note: provide a default value to avoid this warning
            element: NSApp,
                     ^~~~~
                           ?? <#default value#>
/Users/augstar/.codex/worktrees/macprovider/product-build-1/phase3-binary/app/Sources/Malibu/ModelManagement/ModelManagement.swift:2522:22: note: force-unwrap the value to avoid this warning
            element: NSApp,
                     ^~~~~
                          !
/Users/augstar/.codex/worktrees/macprovider/product-build-1/phase3-binary/app/Sources/Malibu/ModelManagement/ModelManagement.swift:2522:22: note: explicitly cast to 'Any' with 'as Any' to silence this warning
            element: NSApp,
                     ^~~~~
                           as Any

SwiftCompile normal arm64 /Users/augstar/.codex/worktrees/macprovider/product-build-1/phase3-binary/app/Sources/Malibu/Onboarding/OnboardingWindow.swift (in target 'Malibu' from project 'Malibu')
    cd /Users/augstar/.codex/worktrees/macprovider/product-build-1/phase3-binary/app
    
/Users/augstar/.codex/worktrees/macprovider/product-build-1/phase3-binary/app/Sources/Malibu/ModelManagement/ModelManagement.swift:2522:22: warning: coercion of implicitly unwrappable value of type 'NSApplication?' to 'Any' does not unwrap optional
            element: NSApp,
                     ^~~~~
/Applications/Xcode.app/Contents/Developer/Platforms/MacOSX.platform/Developer/SDKs/MacOSX26.5.sdk/System/Library/Frameworks/AppKit.framework/Headers/NSApplication.h:191:58: note: implicitly unwrapped var 'NSApp' declared here
APPKIT_EXTERN __kindof NSApplication * _Null_unspecified NSApp NS_SWIFT_UI_ACTOR;
                                                         ^
/Users/augstar/.codex/worktrees/macprovider/product-build-1/phase3-binary/app/Sources/Malibu/ModelManagement/ModelManagement.swift:2522:22: note: provide a default value to avoid this warning
            element: NSApp,
                     ^~~~~
                           ?? <#default value#>
/Users/augstar/.codex/worktrees/macprovider/product-build-1/phase3-binary/app/Sources/Malibu/ModelManagement/ModelManagement.swift:2522:22: note: force-unwrap the value to avoid this warning
            element: NSApp,
                     ^~~~~
                          !
/Users/augstar/.codex/worktrees/macprovider/product-build-1/phase3-binary/app/Sources/Malibu/ModelManagement/ModelManagement.swift:2522:22: note: explicitly cast to 'Any' with 'as Any' to silence this warning
            element: NSApp,
                     ^~~~~
                           as Any

SwiftCompile normal arm64 Compiling\ InstalledProviderMonitor.swift,\ KeychainStore.swift,\ LaunchProviderController.swift,\ LocalStatusObservationPolicy.swift,\ LogTailReader.swift /Users/augstar/.codex/worktrees/macprovider/product-build-1/phase3-binary/app/Sources/Malibu/System/InstalledProviderMonitor.swift /Users/augstar/.codex/worktrees/macprovider/product-build-1/phase3-binary/app/Sources/Malibu/System/KeychainStore.swift /Users/augstar/.codex/worktrees/macprovider/product-build-1/phase3-binary/app/Sources/Malibu/Onboarding/LaunchProviderController.swift /Users/augstar/.codex/worktrees/macprovider/product-build-1/phase3-binary/app/Sources/Malibu/Agent/LocalStatusObservationPolicy.swift /Users/augstar/.codex/worktrees/macprovider/product-build-1/phase3-binary/app/Sources/Malibu/System/LogTailReader.swift (in target 'Malibu' from project 'Malibu')

SwiftCompile normal arm64 /Users/augstar/.codex/worktrees/macprovider/product-build-1/phase3-binary/app/Sources/Malibu/System/InstalledProviderMonitor.swift (in target 'Malibu' from project 'Malibu')
    cd /Users/augstar/.codex/worktrees/macprovider/product-build-1/phase3-binary/app
    

SwiftCompile normal arm64 /Users/augstar/.codex/worktrees/macprovider/product-build-1/phase3-binary/app/Sources/Malibu/System/KeychainStore.swift (in target 'Malibu' from project 'Malibu')
    cd /Users/augstar/.codex/worktrees/macprovider/product-build-1/phase3-binary/app
    

SwiftCompile normal arm64 /Users/augstar/.codex/worktrees/macprovider/product-build-1/phase3-binary/app/Sources/Malibu/Onboarding/LaunchProviderController.swift (in target 'Malibu' from project 'Malibu')
    cd /Users/augstar/.codex/worktrees/macprovider/product-build-1/phase3-binary/app
    

SwiftCompile normal arm64 /Users/augstar/.codex/worktrees/macprovider/product-build-1/phase3-binary/app/Sources/Malibu/Agent/LocalStatusObservationPolicy.swift (in target 'Malibu' from project 'Malibu')
    cd /Users/augstar/.codex/worktrees/macprovider/product-build-1/phase3-binary/app
    

SwiftCompile normal arm64 /Users/augstar/.codex/worktrees/macprovider/product-build-1/phase3-binary/app/Sources/Malibu/System/LogTailReader.swift (in target 'Malibu' from project 'Malibu')
    cd /Users/augstar/.codex/worktrees/macprovider/product-build-1/phase3-binary/app
    

SwiftCompile normal arm64 Compiling\ MalibuAgent.swift,\ MalibuApp.swift,\ MalibuJSONDuplicateKeyScanner.swift,\ MalibuOnboardingTimeouts.swift,\ MenuBarController.swift /Users/augstar/.codex/worktrees/macprovider/product-build-1/phase3-binary/app/Sources/Malibu/Agent/MalibuAgent.swift /Users/augstar/.codex/worktrees/macprovider/product-build-1/phase3-binary/app/Sources/Malibu/MalibuApp.swift /Users/augstar/.codex/worktrees/macprovider/product-build-1/phase3-binary/app/Sources/Malibu/ModelManagement/MalibuJSONDuplicateKeyScanner.swift /Users/augstar/.codex/worktrees/macprovider/product-build-1/phase3-binary/app/Sources/Malibu/System/MalibuOnboardingTimeouts.swift /Users/augstar/.codex/worktrees/macprovider/product-build-1/phase3-binary/app/Sources/Malibu/MenuBar/MenuBarController.swift (in target 'Malibu' from project 'Malibu')

SwiftCompile normal arm64 /Users/augstar/.codex/worktrees/macprovider/product-build-1/phase3-binary/app/Sources/Malibu/Agent/MalibuAgent.swift (in target 'Malibu' from project 'Malibu')
    cd /Users/augstar/.codex/worktrees/macprovider/product-build-1/phase3-binary/app
    

SwiftCompile normal arm64 /Users/augstar/.codex/worktrees/macprovider/product-build-1/phase3-binary/app/Sources/Malibu/MalibuApp.swift (in target 'Malibu' from project 'Malibu')
    cd /Users/augstar/.codex/worktrees/macprovider/product-build-1/phase3-binary/app
    

SwiftCompile normal arm64 /Users/augstar/.codex/worktrees/macprovider/product-build-1/phase3-binary/app/Sources/Malibu/ModelManagement/MalibuJSONDuplicateKeyScanner.swift (in target 'Malibu' from project 'Malibu')
    cd /Users/augstar/.codex/worktrees/macprovider/product-build-1/phase3-binary/app
    

SwiftCompile normal arm64 /Users/augstar/.codex/worktrees/macprovider/product-build-1/phase3-binary/app/Sources/Malibu/System/MalibuOnboardingTimeouts.swift (in target 'Malibu' from project 'Malibu')
    cd /Users/augstar/.codex/worktrees/macprovider/product-build-1/phase3-binary/app
    

SwiftCompile normal arm64 /Users/augstar/.codex/worktrees/macprovider/product-build-1/phase3-binary/app/Sources/Malibu/MenuBar/MenuBarController.swift (in target 'Malibu' from project 'Malibu')
    cd /Users/augstar/.codex/worktrees/macprovider/product-build-1/phase3-binary/app
    

SwiftCompile normal arm64 Compiling\ ProviderCredentialHandoffRunner.swift,\ ProviderDiagnosticFinding.swift,\ ProviderDiagnosticsBundle.swift,\ ProviderLogDiagnostics.swift,\ ProviderLogTail.swift /Users/augstar/.codex/worktrees/macprovider/product-build-1/phase3-binary/app/Sources/Malibu/System/ProviderCredentialHandoffRunner.swift /Users/augstar/.codex/worktrees/macprovider/product-build-1/phase3-binary/app/Sources/Malibu/System/ProviderDiagnosticFinding.swift /Users/augstar/.codex/worktrees/macprovider/product-build-1/phase3-binary/app/Sources/Malibu/System/ProviderDiagnosticsBundle.swift /Users/augstar/.codex/worktrees/macprovider/product-build-1/phase3-binary/app/Sources/Malibu/System/ProviderLogDiagnostics.swift /Users/augstar/.codex/worktrees/macprovider/product-build-1/phase3-binary/app/Sources/Malibu/System/ProviderLogTail.swift (in target 'Malibu' from project 'Malibu')

SwiftCompile normal arm64 /Users/augstar/.codex/worktrees/macprovider/product-build-1/phase3-binary/app/Sources/Malibu/System/ProviderCredentialHandoffRunner.swift (in target 'Malibu' from project 'Malibu')
    cd /Users/augstar/.codex/worktrees/macprovider/product-build-1/phase3-binary/app
    

SwiftCompile normal arm64 /Users/augstar/.codex/worktrees/macprovider/product-build-1/phase3-binary/app/Sources/Malibu/System/ProviderDiagnosticFinding.swift (in target 'Malibu' from project 'Malibu')
    cd /Users/augstar/.codex/worktrees/macprovider/product-build-1/phase3-binary/app
    

SwiftCompile normal arm64 /Users/augstar/.codex/worktrees/macprovider/product-build-1/phase3-binary/app/Sources/Malibu/System/ProviderDiagnosticsBundle.swift (in target 'Malibu' from project 'Malibu')
    cd /Users/augstar/.codex/worktrees/macprovider/product-build-1/phase3-binary/app
    

SwiftCompile normal arm64 /Users/augstar/.codex/worktrees/macprovider/product-build-1/phase3-binary/app/Sources/Malibu/System/ProviderLogDiagnostics.swift (in target 'Malibu' from project 'Malibu')
    cd /Users/augstar/.codex/worktrees/macprovider/product-build-1/phase3-binary/app
    

SwiftCompile normal arm64 /Users/augstar/.codex/worktrees/macprovider/product-build-1/phase3-binary/app/Sources/Malibu/System/ProviderLogTail.swift (in target 'Malibu' from project 'Malibu')
    cd /Users/augstar/.codex/worktrees/macprovider/product-build-1/phase3-binary/app
    

SwiftCompile normal arm64 Compiling\ CLIInstallRunner.swift,\ CLIInstallTeardown.swift,\ CLIUpdateRunner.swift,\ ControlSocketClient.swift,\ ControlSocketFrame.swift /Users/augstar/.codex/worktrees/macprovider/product-build-1/phase3-binary/app/Sources/Malibu/Onboarding/CLIInstallRunner.swift /Users/augstar/.codex/worktrees/macprovider/product-build-1/phase3-binary/app/Sources/Malibu/System/CLIInstallTeardown.swift /Users/augstar/.codex/worktrees/macprovider/product-build-1/phase3-binary/app/Sources/Malibu/System/CLIUpdateRunner.swift /Users/augstar/.codex/worktrees/macprovider/product-build-1/phase3-binary/app/Sources/Malibu/Agent/ControlSocketClient.swift /Users/augstar/.codex/worktrees/macprovider/product-build-1/phase3-binary/app/Sources/Malibu/Agent/ControlSocketFrame.swift (in target 'Malibu' from project 'Malibu')

SwiftCompile normal arm64 /Users/augstar/.codex/worktrees/macprovider/product-build-1/phase3-binary/app/Sources/Malibu/Onboarding/CLIInstallRunner.swift (in target 'Malibu' from project 'Malibu')
    cd /Users/augstar/.codex/worktrees/macprovider/product-build-1/phase3-binary/app
    

SwiftCompile normal arm64 /Users/augstar/.codex/worktrees/macprovider/product-build-1/phase3-binary/app/Sources/Malibu/System/CLIInstallTeardown.swift (in target 'Malibu' from project 'Malibu')
    cd /Users/augstar/.codex/worktrees/macprovider/product-build-1/phase3-binary/app
    

SwiftCompile normal arm64 /Users/augstar/.codex/worktrees/macprovider/product-build-1/phase3-binary/app/Sources/Malibu/System/CLIUpdateRunner.swift (in target 'Malibu' from project 'Malibu')
    cd /Users/augstar/.codex/worktrees/macprovider/product-build-1/phase3-binary/app
    

SwiftCompile normal arm64 /Users/augstar/.codex/worktrees/macprovider/product-build-1/phase3-binary/app/Sources/Malibu/Agent/ControlSocketClient.swift (in target 'Malibu' from project 'Malibu')
    cd /Users/augstar/.codex/worktrees/macprovider/product-build-1/phase3-binary/app
    

SwiftCompile normal arm64 /Users/augstar/.codex/worktrees/macprovider/product-build-1/phase3-binary/app/Sources/Malibu/Agent/ControlSocketFrame.swift (in target 'Malibu' from project 'Malibu')
    cd /Users/augstar/.codex/worktrees/macprovider/product-build-1/phase3-binary/app
    

SwiftCompile normal arm64 Compiling\ AgentSnapshot.swift,\ AppLoginItem.swift,\ AutotuneRecommendationRunner.swift,\ BrandMark.swift,\ CLIChildProcess.swift /Users/augstar/.codex/worktrees/macprovider/product-build-1/phase3-binary/app/Sources/Malibu/Agent/AgentSnapshot.swift /Users/augstar/.codex/worktrees/macprovider/product-build-1/phase3-binary/app/Sources/Malibu/System/AppLoginItem.swift /Users/augstar/.codex/worktrees/macprovider/product-build-1/phase3-binary/app/Sources/Malibu/Onboarding/AutotuneRecommendationRunner.swift /Users/augstar/.codex/worktrees/macprovider/product-build-1/phase3-binary/app/Sources/Malibu/MenuBar/BrandMark.swift /Users/augstar/.codex/worktrees/macprovider/product-build-1/phase3-binary/app/Sources/Malibu/Agent/CLIChildProcess.swift (in target 'Malibu' from project 'Malibu')

SwiftCompile normal arm64 /Users/augstar/.codex/worktrees/macprovider/product-build-1/phase3-binary/app/Sources/Malibu/Agent/AgentSnapshot.swift (in target 'Malibu' from project 'Malibu')
    cd /Users/augstar/.codex/worktrees/macprovider/product-build-1/phase3-binary/app
    

SwiftCompile normal arm64 /Users/augstar/.codex/worktrees/macprovider/product-build-1/phase3-binary/app/Sources/Malibu/System/AppLoginItem.swift (in target 'Malibu' from project 'Malibu')
    cd /Users/augstar/.codex/worktrees/macprovider/product-build-1/phase3-binary/app
    

SwiftCompile normal arm64 /Users/augstar/.codex/worktrees/macprovider/product-build-1/phase3-binary/app/Sources/Malibu/Onboarding/AutotuneRecommendationRunner.swift (in target 'Malibu' from project 'Malibu')
    cd /Users/augstar/.codex/worktrees/macprovider/product-build-1/phase3-binary/app
    

SwiftCompile normal arm64 /Users/augstar/.codex/worktrees/macprovider/product-build-1/phase3-binary/app/Sources/Malibu/MenuBar/BrandMark.swift (in target 'Malibu' from project 'Malibu')
    cd /Users/augstar/.codex/worktrees/macprovider/product-build-1/phase3-binary/app
    
/Users/augstar/.codex/worktrees/macprovider/product-build-1/phase3-binary/app/Sources/Malibu/MenuBar/BrandMark.swift:146:13: warning: switch must be exhaustive
            switch type {
            ^
/Users/augstar/.codex/worktrees/macprovider/product-build-1/phase3-binary/app/Sources/Malibu/MenuBar/BrandMark.swift:146:13: note: add missing case: '.cubicCurveTo'
            switch type {
            ^
/Users/augstar/.codex/worktrees/macprovider/product-build-1/phase3-binary/app/Sources/Malibu/MenuBar/BrandMark.swift:146:13: note: add missing case: '.quadraticCurveTo'
            switch type {
            ^
/Users/augstar/.codex/worktrees/macprovider/product-build-1/phase3-binary/app/Sources/Malibu/MenuBar/BrandMark.swift:146:13: note: add missing cases
            switch type {
            ^

SwiftCompile normal arm64 /Users/augstar/.codex/worktrees/macprovider/product-build-1/phase3-binary/app/Sources/Malibu/Agent/CLIChildProcess.swift (in target 'Malibu' from project 'Malibu')
    cd /Users/augstar/.codex/worktrees/macprovider/product-build-1/phase3-binary/app
    

LinkAssetCatalog /Users/augstar/.codex/worktrees/macprovider/product-build-1/phase3-binary/app/Sources/Malibu/Resources/Assets.xcassets (in target 'Malibu' from project 'Malibu')
    cd /Users/augstar/.codex/worktrees/macprovider/product-build-1/phase3-binary/app
    builtin-linkAssetCatalog --thinned /Users/augstar/Library/Developer/Xcode/DerivedData/Malibu-cadiaoswicqctqgsgdgeqxtlosmr/Build/Intermediates.noindex/Malibu.build/Debug/Malibu.build/assetcatalog_output/thinned --thinned-dependencies /Users/augstar/Library/Developer/Xcode/DerivedData/Malibu-cadiaoswicqctqgsgdgeqxtlosmr/Build/Intermediates.noindex/Malibu.build/Debug/Malibu.build/assetcatalog_dependencies_thinned --thinned-info-plist-content /Users/augstar/Library/Developer/Xcode/DerivedData/Malibu-cadiaoswicqctqgsgdgeqxtlosmr/Build/Intermediates.noindex/Malibu.build/Debug/Malibu.build/assetcatalog_generated_info.plist_thinned --unthinned /Users/augstar/Library/Developer/Xcode/DerivedData/Malibu-cadiaoswicqctqgsgdgeqxtlosmr/Build/Intermediates.noindex/Malibu.build/Debug/Malibu.build/assetcatalog_output/unthinned --unthinned-dependencies /Users/augstar/Library/Developer/Xcode/DerivedData/Malibu-cadiaoswicqctqgsgdgeqxtlosmr/Build/Intermediates.noindex/Malibu.build/Debug/Malibu.build/assetcatalog_dependencies_unthinned --unthinned-info-plist-content /Users/augstar/Library/Developer/Xcode/DerivedData/Malibu-cadiaoswicqctqgsgdgeqxtlosmr/Build/Intermediates.noindex/Malibu.build/Debug/Malibu.build/assetcatalog_generated_info.plist_unthinned --output /Users/augstar/Library/Developer/Xcode/DerivedData/Malibu-cadiaoswicqctqgsgdgeqxtlosmr/Build/Products/Debug/Malibu.app/Contents/Resources --plist-output /Users/augstar/Library/Developer/Xcode/DerivedData/Malibu-cadiaoswicqctqgsgdgeqxtlosmr/Build/Intermediates.noindex/Malibu.build/Debug/Malibu.build/assetcatalog_generated_info.plist
note: Emplaced /Users/augstar/Library/Developer/Xcode/DerivedData/Malibu-cadiaoswicqctqgsgdgeqxtlosmr/Build/Products/Debug/Malibu.app/Contents/Resources/Assets.car (in target 'Malibu' from project 'Malibu')
note: Emplaced /Users/augstar/Library/Developer/Xcode/DerivedData/Malibu-cadiaoswicqctqgsgdgeqxtlosmr/Build/Products/Debug/Malibu.app/Contents/Resources/AppIcon.icns (in target 'Malibu' from project 'Malibu')

SwiftDriverJobDiscovery normal arm64 Emitting module for Malibu (in target 'Malibu' from project 'Malibu')

SwiftDriver\ Compilation\ Requirements Malibu normal arm64 com.apple.xcode.tools.swift.compiler (in target 'Malibu' from project 'Malibu')
    cd /Users/augstar/.codex/worktrees/macprovider/product-build-1/phase3-binary/app
    builtin-Swift-Compilation-Requirements -- /Applications/Xcode.app/Contents/Developer/Toolchains/XcodeDefault.xctoolchain/usr/bin/swiftc -module-name Malibu -Onone @/Users/augstar/Library/Developer/Xcode/DerivedData/Malibu-cadiaoswicqctqgsgdgeqxtlosmr/Build/Intermediates.noindex/Malibu.build/Debug/Malibu.build/Objects-normal/arm64/Malibu.SwiftFileList -DDEBUG -strict-concurrency\=complete -enable-bare-slash-regex -enable-experimental-feature DebugDescriptionMacro -sdk /Applications/Xcode.app/Contents/Developer/Platforms/MacOSX.platform/Developer/SDKs/MacOSX26.5.sdk -target arm64-apple-macos14.0 -g -module-cache-path /Users/augstar/Library/Developer/Xcode/DerivedData/ModuleCache.noindex -Xfrontend -serialize-debugging-options -profile-coverage-mapping -profile-generate -enable-testing -index-store-path /Users/augstar/Library/Developer/Xcode/DerivedData/Malibu-cadiaoswicqctqgsgdgeqxtlosmr/Index.noindex/DataStore -Xcc -D_LIBCPP_HARDENING_MODE\=_LIBCPP_HARDENING_MODE_DEBUG -swift-version 5 -I /Users/augstar/Library/Developer/Xcode/DerivedData/Malibu-cadiaoswicqctqgsgdgeqxtlosmr/Build/Products/Debug -F /Users/augstar/Library/Developer/Xcode/DerivedData/Malibu-cadiaoswicqctqgsgdgeqxtlosmr/Build/Products/Debug -c -j10 -enable-batch-mode -incremental -Xcc -ivfsstatcache -Xcc /Users/augstar/Library/Developer/Xcode/DerivedData/SDKStatCaches.noindex/macosx26.5-25F70-688ef53f1462e2c8f657fdc38a81448fe082c4a02f00227109f4ed75e425c832.sdkstatcache -output-file-map /Users/augstar/Library/Developer/Xcode/DerivedData/Malibu-cadiaoswicqctqgsgdgeqxtlosmr/Build/Intermediates.noindex/Malibu.build/Debug/Malibu.build/Objects-normal/arm64/Malibu-OutputFileMap.json -use-frontend-parseable-output -save-temps -no-color-diagnostics -explicit-module-build -module-cache-path /Users/augstar/Library/Developer/Xcode/DerivedData/Malibu-cadiaoswicqctqgsgdgeqxtlosmr/Build/Intermediates.noindex/SwiftExplicitPrecompiledModules -clang-scanner-module-cache-path /Users/augstar/Library/Developer/Xcode/DerivedData/ModuleCache.noindex -sdk-module-cache-path /Users/augstar/Library/Developer/Xcode/DerivedData/ModuleCache.noindex -serialize-diagnostics -emit-dependencies -emit-module -emit-module-path /Users/augstar/Library/Developer/Xcode/DerivedData/Malibu-cadiaoswicqctqgsgdgeqxtlosmr/Build/Intermediates.noindex/Malibu.build/Debug/Malibu.build/Objects-normal/arm64/Malibu.swiftmodule -validate-clang-modules-once -clang-build-session-file /Users/augstar/Library/Developer/Xcode/DerivedData/ModuleCache.noindex/Session.modulevalidation -Xcc -I/Users/augstar/Library/Developer/Xcode/DerivedData/Malibu-cadiaoswicqctqgsgdgeqxtlosmr/Build/Intermediates.noindex/Malibu.build/Debug/Malibu.build/swift-overrides.hmap -emit-const-values -Xfrontend -const-gather-protocols-file -Xfrontend /Users/augstar/Library/Developer/Xcode/DerivedData/Malibu-cadiaoswicqctqgsgdgeqxtlosmr/Build/Intermediates.noindex/Malibu.build/Debug/Malibu.build/Objects-normal/arm64/Malibu_const_extract_protocols.json -Xcc -iquote -Xcc /Users/augstar/Library/Developer/Xcode/DerivedData/Malibu-cadiaoswicqctqgsgdgeqxtlosmr/Build/Intermediates.noindex/Malibu.build/Debug/Malibu.build/Malibu-generated-files.hmap -Xcc -I/Users/augstar/Library/Developer/Xcode/DerivedData/Malibu-cadiaoswicqctqgsgdgeqxtlosmr/Build/Intermediates.noindex/Malibu.build/Debug/Malibu.build/Malibu-own-target-headers.hmap -Xcc -I/Users/augstar/Library/Developer/Xcode/DerivedData/Malibu-cadiaoswicqctqgsgdgeqxtlosmr/Build/Intermediates.noindex/Malibu.build/Debug/Malibu.build/Malibu-all-target-headers.hmap -Xcc -iquote -Xcc /Users/augstar/Library/Developer/Xcode/DerivedData/Malibu-cadiaoswicqctqgsgdgeqxtlosmr/Build/Intermediates.noindex/Malibu.build/Debug/Malibu.build/Malibu-project-headers.hmap -Xcc -I/Users/augstar/Library/Developer/Xcode/DerivedData/Malibu-cadiaoswicqctqgsgdgeqxtlosmr/Build/Products/Debug/include -Xcc -I/Users/augstar/Library/Developer/Xcode/DerivedData/Malibu-cadiaoswicqctqgsgdgeqxtlosmr/Build/Intermediates.noindex/Malibu.build/Debug/Malibu.build/DerivedSources-normal/arm64 -Xcc -I/Users/augstar/Library/Developer/Xcode/DerivedData/Malibu-cadiaoswicqctqgsgdgeqxtlosmr/Build/Intermediates.noindex/Malibu.build/Debug/Malibu.build/DerivedSources/arm64 -Xcc -I/Users/augstar/Library/Developer/Xcode/DerivedData/Malibu-cadiaoswicqctqgsgdgeqxtlosmr/Build/Intermediates.noindex/Malibu.build/Debug/Malibu.build/DerivedSources -Xcc -DDEBUG\=1 -emit-objc-header -emit-objc-header-path /Users/augstar/Library/Developer/Xcode/DerivedData/Malibu-cadiaoswicqctqgsgdgeqxtlosmr/Build/Intermediates.noindex/Malibu.build/Debug/Malibu.build/Objects-normal/arm64/Malibu-Swift.h -working-directory /Users/augstar/.codex/worktrees/macprovider/product-build-1/phase3-binary/app -experimental-emit-module-separately -disable-cmo

ProcessInfoPlistFile /Users/augstar/Library/Developer/Xcode/DerivedData/Malibu-cadiaoswicqctqgsgdgeqxtlosmr/Build/Products/Debug/Malibu.app/Contents/Info.plist /Users/augstar/.codex/worktrees/macprovider/product-build-1/phase3-binary/app/Sources/Malibu/Info.plist (in target 'Malibu' from project 'Malibu')
    cd /Users/augstar/.codex/worktrees/macprovider/product-build-1/phase3-binary/app
    builtin-infoPlistUtility /Users/augstar/.codex/worktrees/macprovider/product-build-1/phase3-binary/app/Sources/Malibu/Info.plist -producttype com.apple.product-type.application -genpkginfo /Users/augstar/Library/Developer/Xcode/DerivedData/Malibu-cadiaoswicqctqgsgdgeqxtlosmr/Build/Products/Debug/Malibu.app/Contents/PkgInfo -expandbuildsettings -platform macosx -additionalcontentfile /Users/augstar/Library/Developer/Xcode/DerivedData/Malibu-cadiaoswicqctqgsgdgeqxtlosmr/Build/Intermediates.noindex/Malibu.build/Debug/Malibu.build/assetcatalog_generated_info.plist -o /Users/augstar/Library/Developer/Xcode/DerivedData/Malibu-cadiaoswicqctqgsgdgeqxtlosmr/Build/Products/Debug/Malibu.app/Contents/Info.plist

SwiftMergeGeneratedHeaders /Users/augstar/Library/Developer/Xcode/DerivedData/Malibu-cadiaoswicqctqgsgdgeqxtlosmr/Build/Intermediates.noindex/Malibu.build/Debug/Malibu.build/DerivedSources/Malibu-Swift.h /Users/augstar/Library/Developer/Xcode/DerivedData/Malibu-cadiaoswicqctqgsgdgeqxtlosmr/Build/Intermediates.noindex/Malibu.build/Debug/Malibu.build/Objects-normal/arm64/Malibu-Swift.h (in target 'Malibu' from project 'Malibu')
    cd /Users/augstar/.codex/worktrees/macprovider/product-build-1/phase3-binary/app
    builtin-swiftHeaderTool -arch arm64 /Users/augstar/Library/Developer/Xcode/DerivedData/Malibu-cadiaoswicqctqgsgdgeqxtlosmr/Build/Intermediates.noindex/Malibu.build/Debug/Malibu.build/Objects-normal/arm64/Malibu-Swift.h -o /Users/augstar/Library/Developer/Xcode/DerivedData/Malibu-cadiaoswicqctqgsgdgeqxtlosmr/Build/Intermediates.noindex/Malibu.build/Debug/Malibu.build/DerivedSources/Malibu-Swift.h

Copy /Users/augstar/Library/Developer/Xcode/DerivedData/Malibu-cadiaoswicqctqgsgdgeqxtlosmr/Build/Products/Debug/Malibu.swiftmodule/arm64-apple-macos.swiftmodule /Users/augstar/Library/Developer/Xcode/DerivedData/Malibu-cadiaoswicqctqgsgdgeqxtlosmr/Build/Intermediates.noindex/Malibu.build/Debug/Malibu.build/Objects-normal/arm64/Malibu.swiftmodule (in target 'Malibu' from project 'Malibu')
    cd /Users/augstar/.codex/worktrees/macprovider/product-build-1/phase3-binary/app
    builtin-copy -exclude .DS_Store -exclude CVS -exclude .svn -exclude .git -exclude .hg -resolve-src-symlinks -rename /Users/augstar/Library/Developer/Xcode/DerivedData/Malibu-cadiaoswicqctqgsgdgeqxtlosmr/Build/Intermediates.noindex/Malibu.build/Debug/Malibu.build/Objects-normal/arm64/Malibu.swiftmodule /Users/augstar/Library/Developer/Xcode/DerivedData/Malibu-cadiaoswicqctqgsgdgeqxtlosmr/Build/Products/Debug/Malibu.swiftmodule/arm64-apple-macos.swiftmodule

Copy /Users/augstar/Library/Developer/Xcode/DerivedData/Malibu-cadiaoswicqctqgsgdgeqxtlosmr/Build/Products/Debug/Malibu.swiftmodule/arm64-apple-macos.swiftdoc /Users/augstar/Library/Developer/Xcode/DerivedData/Malibu-cadiaoswicqctqgsgdgeqxtlosmr/Build/Intermediates.noindex/Malibu.build/Debug/Malibu.build/Objects-normal/arm64/Malibu.swiftdoc (in target 'Malibu' from project 'Malibu')
    cd /Users/augstar/.codex/worktrees/macprovider/product-build-1/phase3-binary/app
    builtin-copy -exclude .DS_Store -exclude CVS -exclude .svn -exclude .git -exclude .hg -resolve-src-symlinks -rename /Users/augstar/Library/Developer/Xcode/DerivedData/Malibu-cadiaoswicqctqgsgdgeqxtlosmr/Build/Intermediates.noindex/Malibu.build/Debug/Malibu.build/Objects-normal/arm64/Malibu.swiftdoc /Users/augstar/Library/Developer/Xcode/DerivedData/Malibu-cadiaoswicqctqgsgdgeqxtlosmr/Build/Products/Debug/Malibu.swiftmodule/arm64-apple-macos.swiftdoc

Copy /Users/augstar/Library/Developer/Xcode/DerivedData/Malibu-cadiaoswicqctqgsgdgeqxtlosmr/Build/Products/Debug/Malibu.swiftmodule/arm64-apple-macos.abi.json /Users/augstar/Library/Developer/Xcode/DerivedData/Malibu-cadiaoswicqctqgsgdgeqxtlosmr/Build/Intermediates.noindex/Malibu.build/Debug/Malibu.build/Objects-normal/arm64/Malibu.abi.json (in target 'Malibu' from project 'Malibu')
    cd /Users/augstar/.codex/worktrees/macprovider/product-build-1/phase3-binary/app
    builtin-copy -exclude .DS_Store -exclude CVS -exclude .svn -exclude .git -exclude .hg -resolve-src-symlinks -rename /Users/augstar/Library/Developer/Xcode/DerivedData/Malibu-cadiaoswicqctqgsgdgeqxtlosmr/Build/Intermediates.noindex/Malibu.build/Debug/Malibu.build/Objects-normal/arm64/Malibu.abi.json /Users/augstar/Library/Developer/Xcode/DerivedData/Malibu-cadiaoswicqctqgsgdgeqxtlosmr/Build/Products/Debug/Malibu.swiftmodule/arm64-apple-macos.abi.json

Copy /Users/augstar/Library/Developer/Xcode/DerivedData/Malibu-cadiaoswicqctqgsgdgeqxtlosmr/Build/Products/Debug/Malibu.swiftmodule/Project/arm64-apple-macos.swiftsourceinfo /Users/augstar/Library/Developer/Xcode/DerivedData/Malibu-cadiaoswicqctqgsgdgeqxtlosmr/Build/Intermediates.noindex/Malibu.build/Debug/Malibu.build/Objects-normal/arm64/Malibu.swiftsourceinfo (in target 'Malibu' from project 'Malibu')
    cd /Users/augstar/.codex/worktrees/macprovider/product-build-1/phase3-binary/app
    builtin-copy -exclude .DS_Store -exclude CVS -exclude .svn -exclude .git -exclude .hg -resolve-src-symlinks -rename /Users/augstar/Library/Developer/Xcode/DerivedData/Malibu-cadiaoswicqctqgsgdgeqxtlosmr/Build/Intermediates.noindex/Malibu.build/Debug/Malibu.build/Objects-normal/arm64/Malibu.swiftsourceinfo /Users/augstar/Library/Developer/Xcode/DerivedData/Malibu-cadiaoswicqctqgsgdgeqxtlosmr/Build/Products/Debug/Malibu.swiftmodule/Project/arm64-apple-macos.swiftsourceinfo

SwiftCompile normal arm64 Compiling\ ProviderPaths.swift,\ ProviderRecoveryDiagnosticsBundle.swift,\ RecommendationManagement.swift,\ ReferralOnboarding.swift,\ ReferralProjection.swift /Users/augstar/.codex/worktrees/macprovider/product-build-1/phase3-binary/app/Sources/Malibu/System/ProviderPaths.swift /Users/augstar/.codex/worktrees/macprovider/product-build-1/phase3-binary/app/Sources/Malibu/System/ProviderRecoveryDiagnosticsBundle.swift /Users/augstar/.codex/worktrees/macprovider/product-build-1/phase3-binary/app/Sources/Malibu/ModelManagement/RecommendationManagement.swift /Users/augstar/.codex/worktrees/macprovider/product-build-1/phase3-binary/app/Sources/Malibu/Onboarding/ReferralOnboarding.swift /Users/augstar/.codex/worktrees/macprovider/product-build-1/phase3-binary/app/Sources/Malibu/Dashboard/ReferralProjection.swift (in target 'Malibu' from project 'Malibu')

SwiftCompile normal arm64 /Users/augstar/.codex/worktrees/macprovider/product-build-1/phase3-binary/app/Sources/Malibu/System/ProviderPaths.swift (in target 'Malibu' from project 'Malibu')
    cd /Users/augstar/.codex/worktrees/macprovider/product-build-1/phase3-binary/app
    

SwiftCompile normal arm64 /Users/augstar/.codex/worktrees/macprovider/product-build-1/phase3-binary/app/Sources/Malibu/System/ProviderRecoveryDiagnosticsBundle.swift (in target 'Malibu' from project 'Malibu')
    cd /Users/augstar/.codex/worktrees/macprovider/product-build-1/phase3-binary/app
    

SwiftCompile normal arm64 /Users/augstar/.codex/worktrees/macprovider/product-build-1/phase3-binary/app/Sources/Malibu/ModelManagement/RecommendationManagement.swift (in target 'Malibu' from project 'Malibu')
    cd /Users/augstar/.codex/worktrees/macprovider/product-build-1/phase3-binary/app
    

SwiftCompile normal arm64 /Users/augstar/.codex/worktrees/macprovider/product-build-1/phase3-binary/app/Sources/Malibu/Onboarding/ReferralOnboarding.swift (in target 'Malibu' from project 'Malibu')
    cd /Users/augstar/.codex/worktrees/macprovider/product-build-1/phase3-binary/app
    

SwiftCompile normal arm64 /Users/augstar/.codex/worktrees/macprovider/product-build-1/phase3-binary/app/Sources/Malibu/Dashboard/ReferralProjection.swift (in target 'Malibu' from project 'Malibu')
    cd /Users/augstar/.codex/worktrees/macprovider/product-build-1/phase3-binary/app
    

SwiftDriverJobDiscovery normal arm64 Compiling ProviderCredentialHandoffRunner.swift, ProviderDiagnosticFinding.swift, ProviderDiagnosticsBundle.swift, ProviderLogDiagnostics.swift, ProviderLogTail.swift (in target 'Malibu' from project 'Malibu')

SwiftDriverJobDiscovery normal arm64 Compiling InstalledProviderMonitor.swift, KeychainStore.swift, LaunchProviderController.swift, LocalStatusObservationPolicy.swift, LogTailReader.swift (in target 'Malibu' from project 'Malibu')

SwiftDriverJobDiscovery normal arm64 Compiling CLIInstallRunner.swift, CLIInstallTeardown.swift, CLIUpdateRunner.swift, ControlSocketClient.swift, ControlSocketFrame.swift (in target 'Malibu' from project 'Malibu')

SwiftDriverJobDiscovery normal arm64 Compiling PayoutRegistrationStore.swift, PayoutWalletFlow.swift, ProcessEnvironmentSanitizer.swift, ProviderCLIVersion.swift, ProviderConfig.swift (in target 'Malibu' from project 'Malibu')

SwiftDriverJobDiscovery normal arm64 Compiling ProviderPaths.swift, ProviderRecoveryDiagnosticsBundle.swift, RecommendationManagement.swift, ReferralOnboarding.swift, ReferralProjection.swift (in target 'Malibu' from project 'Malibu')

SwiftDriverJobDiscovery normal arm64 Compiling RewardActivity.swift, SettingsWindowPresenter.swift, ThermalMonitor.swift, GeneratedAssetSymbols.swift (in target 'Malibu' from project 'Malibu')

SwiftDriverJobDiscovery normal arm64 Compiling MalibuAgent.swift, MalibuApp.swift, MalibuJSONDuplicateKeyScanner.swift, MalibuOnboardingTimeouts.swift, MenuBarController.swift (in target 'Malibu' from project 'Malibu')

SwiftDriverJobDiscovery normal arm64 Compiling AgentSnapshot.swift, AppLoginItem.swift, AutotuneRecommendationRunner.swift, BrandMark.swift, CLIChildProcess.swift (in target 'Malibu' from project 'Malibu')

SwiftDriverJobDiscovery normal arm64 Compiling DashboardObservationStore.swift, DashboardWindow.swift, EarningsClient.swift, EarningsEstimateFormatter.swift, FreePortProbe.swift (in target 'Malibu' from project 'Malibu')

SwiftDriverJobDiscovery normal arm64 Compiling MenuBarPresentation.swift, ModelManagement.swift, ModelManagementViews.swift, OnboardingState.swift, OnboardingWindow.swift (in target 'Malibu' from project 'Malibu')

SwiftDriver\ Compilation Malibu normal arm64 com.apple.xcode.tools.swift.compiler (in target 'Malibu' from project 'Malibu')
    cd /Users/augstar/.codex/worktrees/macprovider/product-build-1/phase3-binary/app
    builtin-Swift-Compilation -- /Applications/Xcode.app/Contents/Developer/Toolchains/XcodeDefault.xctoolchain/usr/bin/swiftc -module-name Malibu -Onone @/Users/augstar/Library/Developer/Xcode/DerivedData/Malibu-cadiaoswicqctqgsgdgeqxtlosmr/Build/Intermediates.noindex/Malibu.build/Debug/Malibu.build/Objects-normal/arm64/Malibu.SwiftFileList -DDEBUG -strict-concurrency\=complete -enable-bare-slash-regex -enable-experimental-feature DebugDescriptionMacro -sdk /Applications/Xcode.app/Contents/Developer/Platforms/MacOSX.platform/Developer/SDKs/MacOSX26.5.sdk -target arm64-apple-macos14.0 -g -module-cache-path /Users/augstar/Library/Developer/Xcode/DerivedData/ModuleCache.noindex -Xfrontend -serialize-debugging-options -profile-coverage-mapping -profile-generate -enable-testing -index-store-path /Users/augstar/Library/Developer/Xcode/DerivedData/Malibu-cadiaoswicqctqgsgdgeqxtlosmr/Index.noindex/DataStore -Xcc -D_LIBCPP_HARDENING_MODE\=_LIBCPP_HARDENING_MODE_DEBUG -swift-version 5 -I /Users/augstar/Library/Developer/Xcode/DerivedData/Malibu-cadiaoswicqctqgsgdgeqxtlosmr/Build/Products/Debug -F /Users/augstar/Library/Developer/Xcode/DerivedData/Malibu-cadiaoswicqctqgsgdgeqxtlosmr/Build/Products/Debug -c -j10 -enable-batch-mode -incremental -Xcc -ivfsstatcache -Xcc /Users/augstar/Library/Developer/Xcode/DerivedData/SDKStatCaches.noindex/macosx26.5-25F70-688ef53f1462e2c8f657fdc38a81448fe082c4a02f00227109f4ed75e425c832.sdkstatcache -output-file-map /Users/augstar/Library/Developer/Xcode/DerivedData/Malibu-cadiaoswicqctqgsgdgeqxtlosmr/Build/Intermediates.noindex/Malibu.build/Debug/Malibu.build/Objects-normal/arm64/Malibu-OutputFileMap.json -use-frontend-parseable-output -save-temps -no-color-diagnostics -explicit-module-build -module-cache-path /Users/augstar/Library/Developer/Xcode/DerivedData/Malibu-cadiaoswicqctqgsgdgeqxtlosmr/Build/Intermediates.noindex/SwiftExplicitPrecompiledModules -clang-scanner-module-cache-path /Users/augstar/Library/Developer/Xcode/DerivedData/ModuleCache.noindex -sdk-module-cache-path /Users/augstar/Library/Developer/Xcode/DerivedData/ModuleCache.noindex -serialize-diagnostics -emit-dependencies -emit-module -emit-module-path /Users/augstar/Library/Developer/Xcode/DerivedData/Malibu-cadiaoswicqctqgsgdgeqxtlosmr/Build/Intermediates.noindex/Malibu.build/Debug/Malibu.build/Objects-normal/arm64/Malibu.swiftmodule -validate-clang-modules-once -clang-build-session-file /Users/augstar/Library/Developer/Xcode/DerivedData/ModuleCache.noindex/Session.modulevalidation -Xcc -I/Users/augstar/Library/Developer/Xcode/DerivedData/Malibu-cadiaoswicqctqgsgdgeqxtlosmr/Build/Intermediates.noindex/Malibu.build/Debug/Malibu.build/swift-overrides.hmap -emit-const-values -Xfrontend -const-gather-protocols-file -Xfrontend /Users/augstar/Library/Developer/Xcode/DerivedData/Malibu-cadiaoswicqctqgsgdgeqxtlosmr/Build/Intermediates.noindex/Malibu.build/Debug/Malibu.build/Objects-normal/arm64/Malibu_const_extract_protocols.json -Xcc -iquote -Xcc /Users/augstar/Library/Developer/Xcode/DerivedData/Malibu-cadiaoswicqctqgsgdgeqxtlosmr/Build/Intermediates.noindex/Malibu.build/Debug/Malibu.build/Malibu-generated-files.hmap -Xcc -I/Users/augstar/Library/Developer/Xcode/DerivedData/Malibu-cadiaoswicqctqgsgdgeqxtlosmr/Build/Intermediates.noindex/Malibu.build/Debug/Malibu.build/Malibu-own-target-headers.hmap -Xcc -I/Users/augstar/Library/Developer/Xcode/DerivedData/Malibu-cadiaoswicqctqgsgdgeqxtlosmr/Build/Intermediates.noindex/Malibu.build/Debug/Malibu.build/Malibu-all-target-headers.hmap -Xcc -iquote -Xcc /Users/augstar/Library/Developer/Xcode/DerivedData/Malibu-cadiaoswicqctqgsgdgeqxtlosmr/Build/Intermediates.noindex/Malibu.build/Debug/Malibu.build/Malibu-project-headers.hmap -Xcc -I/Users/augstar/Library/Developer/Xcode/DerivedData/Malibu-cadiaoswicqctqgsgdgeqxtlosmr/Build/Products/Debug/include -Xcc -I/Users/augstar/Library/Developer/Xcode/DerivedData/Malibu-cadiaoswicqctqgsgdgeqxtlosmr/Build/Intermediates.noindex/Malibu.build/Debug/Malibu.build/DerivedSources-normal/arm64 -Xcc -I/Users/augstar/Library/Developer/Xcode/DerivedData/Malibu-cadiaoswicqctqgsgdgeqxtlosmr/Build/Intermediates.noindex/Malibu.build/Debug/Malibu.build/DerivedSources/arm64 -Xcc -I/Users/augstar/Library/Developer/Xcode/DerivedData/Malibu-cadiaoswicqctqgsgdgeqxtlosmr/Build/Intermediates.noindex/Malibu.build/Debug/Malibu.build/DerivedSources -Xcc -DDEBUG\=1 -emit-objc-header -emit-objc-header-path /Users/augstar/Library/Developer/Xcode/DerivedData/Malibu-cadiaoswicqctqgsgdgeqxtlosmr/Build/Intermediates.noindex/Malibu.build/Debug/Malibu.build/Objects-normal/arm64/Malibu-Swift.h -working-directory /Users/augstar/.codex/worktrees/macprovider/product-build-1/phase3-binary/app -experimental-emit-module-separately -disable-cmo

Ld /Users/augstar/Library/Developer/Xcode/DerivedData/Malibu-cadiaoswicqctqgsgdgeqxtlosmr/Build/Products/Debug/Malibu.app/Contents/MacOS/Malibu.debug.dylib normal (in target 'Malibu' from project 'Malibu')
    cd /Users/augstar/.codex/worktrees/macprovider/product-build-1/phase3-binary/app
    /Applications/Xcode.app/Contents/Developer/Toolchains/XcodeDefault.xctoolchain/usr/bin/clang -Xlinker -reproducible -target arm64-apple-macos14.0 -dynamiclib -isysroot /Applications/Xcode.app/Contents/Developer/Platforms/MacOSX.platform/Developer/SDKs/MacOSX26.5.sdk -O0 -L/Users/augstar/Library/Developer/Xcode/DerivedData/Malibu-cadiaoswicqctqgsgdgeqxtlosmr/Build/Intermediates.noindex/EagerLinkingTBDs/Debug -L/Users/augstar/Library/Developer/Xcode/DerivedData/Malibu-cadiaoswicqctqgsgdgeqxtlosmr/Build/Products/Debug -F/Users/augstar/Library/Developer/Xcode/DerivedData/Malibu-cadiaoswicqctqgsgdgeqxtlosmr/Build/Intermediates.noindex/EagerLinkingTBDs/Debug -F/Users/augstar/Library/Developer/Xcode/DerivedData/Malibu-cadiaoswicqctqgsgdgeqxtlosmr/Build/Products/Debug -filelist /Users/augstar/Library/Developer/Xcode/DerivedData/Malibu-cadiaoswicqctqgsgdgeqxtlosmr/Build/Intermediates.noindex/Malibu.build/Debug/Malibu.build/Objects-normal/arm64/Malibu.LinkFileList -install_name @rpath/Malibu.debug.dylib -Xlinker -rpath -Xlinker /usr/lib/swift -Xlinker -rpath -Xlinker @executable_path/../Frameworks -Xlinker -object_path_lto -Xlinker /Users/augstar/Library/Developer/Xcode/DerivedData/Malibu-cadiaoswicqctqgsgdgeqxtlosmr/Build/Intermediates.noindex/Malibu.build/Debug/Malibu.build/Objects-normal/arm64/Malibu_lto.o -rdynamic -Xlinker -no_deduplicate -Xlinker -debug_variant -Xlinker -dependency_info -Xlinker /Users/augstar/Library/Developer/Xcode/DerivedData/Malibu-cadiaoswicqctqgsgdgeqxtlosmr/Build/Intermediates.noindex/Malibu.build/Debug/Malibu.build/Objects-normal/arm64/Malibu_dependency_info.dat -fobjc-link-runtime -fprofile-instr-generate -L/Applications/Xcode.app/Contents/Developer/Toolchains/XcodeDefault.xctoolchain/usr/lib/swift/macosx -L/usr/lib/swift -Xlinker -add_ast_path -Xlinker /Users/augstar/Library/Developer/Xcode/DerivedData/Malibu-cadiaoswicqctqgsgdgeqxtlosmr/Build/Intermediates.noindex/Malibu.build/Debug/Malibu.build/Objects-normal/arm64/Malibu.swiftmodule @/Users/augstar/Library/Developer/Xcode/DerivedData/Malibu-cadiaoswicqctqgsgdgeqxtlosmr/Build/Intermediates.noindex/Malibu.build/Debug/Malibu.build/Objects-normal/arm64/Malibu-linker-args.resp -Xlinker -alias -Xlinker _main -Xlinker ___debug_main_executable_dylib_entry_point -o /Users/augstar/Library/Developer/Xcode/DerivedData/Malibu-cadiaoswicqctqgsgdgeqxtlosmr/Build/Products/Debug/Malibu.app/Contents/MacOS/Malibu.debug.dylib

ConstructStubExecutorLinkFileList /Users/augstar/Library/Developer/Xcode/DerivedData/Malibu-cadiaoswicqctqgsgdgeqxtlosmr/Build/Intermediates.noindex/Malibu.build/Debug/Malibu.build/Malibu-ExecutorLinkFileList-normal-arm64.txt (in target 'Malibu' from project 'Malibu')
    cd /Users/augstar/.codex/worktrees/macprovider/product-build-1/phase3-binary/app
    construct-stub-executor-link-file-list /Users/augstar/Library/Developer/Xcode/DerivedData/Malibu-cadiaoswicqctqgsgdgeqxtlosmr/Build/Products/Debug/Malibu.app/Contents/MacOS/Malibu.debug.dylib /Applications/Xcode.app/Contents/Developer/Platforms/MacOSX.platform/Developer/usr/lib/libPreviewsJITStubExecutor_no_swift_entry_point.a /Applications/Xcode.app/Contents/Developer/Platforms/MacOSX.platform/Developer/usr/lib/libPreviewsJITStubExecutor.a --output /Users/augstar/Library/Developer/Xcode/DerivedData/Malibu-cadiaoswicqctqgsgdgeqxtlosmr/Build/Intermediates.noindex/Malibu.build/Debug/Malibu.build/Malibu-ExecutorLinkFileList-normal-arm64.txt
note: Using stub executor library with Swift entry point. (in target 'Malibu' from project 'Malibu')

Ld /Users/augstar/Library/Developer/Xcode/DerivedData/Malibu-cadiaoswicqctqgsgdgeqxtlosmr/Build/Products/Debug/Malibu.app/Contents/MacOS/Malibu normal (in target 'Malibu' from project 'Malibu')
    cd /Users/augstar/.codex/worktrees/macprovider/product-build-1/phase3-binary/app
    /Applications/Xcode.app/Contents/Developer/Toolchains/XcodeDefault.xctoolchain/usr/bin/clang -Xlinker -reproducible -target arm64-apple-macos14.0 -isysroot /Applications/Xcode.app/Contents/Developer/Platforms/MacOSX.platform/Developer/SDKs/MacOSX26.5.sdk -O0 -L/Users/augstar/Library/Developer/Xcode/DerivedData/Malibu-cadiaoswicqctqgsgdgeqxtlosmr/Build/Products/Debug -F/Users/augstar/Library/Developer/Xcode/DerivedData/Malibu-cadiaoswicqctqgsgdgeqxtlosmr/Build/Products/Debug -Xlinker -rpath -Xlinker @executable_path -Xlinker -rpath -Xlinker @executable_path/../Frameworks -rdynamic -Xlinker -no_deduplicate -Xlinker -debug_variant -e ___debug_blank_executor_main -Xlinker -sectcreate -Xlinker __TEXT -Xlinker __debug_dylib -Xlinker /Users/augstar/Library/Developer/Xcode/DerivedData/Malibu-cadiaoswicqctqgsgdgeqxtlosmr/Build/Intermediates.noindex/Malibu.build/Debug/Malibu.build/Malibu-DebugDylibPath-normal-arm64.txt -Xlinker -sectcreate -Xlinker __TEXT -Xlinker __debug_instlnm -Xlinker /Users/augstar/Library/Developer/Xcode/DerivedData/Malibu-cadiaoswicqctqgsgdgeqxtlosmr/Build/Intermediates.noindex/Malibu.build/Debug/Malibu.build/Malibu-DebugDylibInstallName-normal-arm64.txt -Xlinker -filelist -Xlinker /Users/augstar/Library/Developer/Xcode/DerivedData/Malibu-cadiaoswicqctqgsgdgeqxtlosmr/Build/Intermediates.noindex/Malibu.build/Debug/Malibu.build/Malibu-ExecutorLinkFileList-normal-arm64.txt /Users/augstar/Library/Developer/Xcode/DerivedData/Malibu-cadiaoswicqctqgsgdgeqxtlosmr/Build/Products/Debug/Malibu.app/Contents/MacOS/Malibu.debug.dylib -o /Users/augstar/Library/Developer/Xcode/DerivedData/Malibu-cadiaoswicqctqgsgdgeqxtlosmr/Build/Products/Debug/Malibu.app/Contents/MacOS/Malibu

PhaseScriptExecution Bundle\ install.sh /Users/augstar/Library/Developer/Xcode/DerivedData/Malibu-cadiaoswicqctqgsgdgeqxtlosmr/Build/Intermediates.noindex/Malibu.build/Debug/Malibu.build/Script-8D65BE916D96FE0EC0AA717D.sh (in target 'Malibu' from project 'Malibu')
    cd /Users/augstar/.codex/worktrees/macprovider/product-build-1/phase3-binary/app
    export ACTION\=build
    export AD_HOC_CODE_SIGNING_ALLOWED\=YES
    export AGGREGATE_TRACKED_DOMAINS\=YES
    export ALLOW_BUILD_REQUEST_OVERRIDES\=NO
    export ALLOW_TARGET_PLATFORM_SPECIALIZATION\=NO
    export ALTERNATE_GROUP\=staff
    export ALTERNATE_MODE\=u+w,go-w,a+rX
    export ALTERNATE_OWNER\=augstar
    export ALTERNATIVE_DISTRIBUTION_WEB\=NO
    export ALWAYS_EMBED_SWIFT_STANDARD_LIBRARIES\=NO
    export ALWAYS_SEARCH_USER_PATHS\=NO
    export ALWAYS_USE_SEPARATE_HEADERMAPS\=NO
    export APPLICATION_EXTENSION_API_ONLY\=NO
    export APPLY_RULES_IN_COPY_FILES\=NO
    export APPLY_RULES_IN_COPY_HEADERS\=NO
    export APP_SHORTCUTS_ENABLE_FLEXIBLE_MATCHING\=YES
    export ARCHS\=arm64
    export ARCHS_BASE\=arm64
    export ARCHS_STANDARD\=arm64\ x86_64
    export ARCHS_STANDARD_32_64_BIT\=arm64\ x86_64\ i386
    export ARCHS_STANDARD_32_BIT\=i386
    export ARCHS_STANDARD_64_BIT\=arm64\ x86_64
    export ARCHS_STANDARD_INCLUDING_64_BIT\=arm64\ x86_64
    export ASSETCATALOG_COMPILER_APPICON_NAME\=AppIcon
    export AUTOMATICALLY_MERGE_DEPENDENCIES\=NO
    export AUTOMATION_APPLE_EVENTS\=NO
    export AVAILABLE_PLATFORMS\=android\ appletvos\ appletvsimulator\ driverkit\ freebsd\ iphoneos\ iphonesimulator\ linux\ macosx\ none\ openbsd\ qnx\ watchos\ watchsimulator\ webassembly\ xros\ xrsimulator
    export BUILD_ACTIVE_RESOURCES_ONLY\=NO
    export BUILD_COMPONENTS\=headers\ build
    export BUILD_DIR\=/Users/augstar/Library/Developer/Xcode/DerivedData/Malibu-cadiaoswicqctqgsgdgeqxtlosmr/Build/Products
    export BUILD_LIBRARY_FOR_DISTRIBUTION\=NO
    export BUILD_ONLY_KNOWN_LOCALIZATIONS\=NO
    export BUILD_ROOT\=/Users/augstar/Library/Developer/Xcode/DerivedData/Malibu-cadiaoswicqctqgsgdgeqxtlosmr/Build/Products
    export BUILD_STYLE\=
    export BUILD_VARIANTS\=normal
    export BUILT_PRODUCTS_DIR\=/Users/augstar/Library/Developer/Xcode/DerivedData/Malibu-cadiaoswicqctqgsgdgeqxtlosmr/Build/Products/Debug
    export BUNDLE_CONTENTS_FOLDER_PATH\=Contents/
    export BUNDLE_CONTENTS_FOLDER_PATH_deep\=Contents/
    export BUNDLE_EXECUTABLE_FOLDER_NAME_deep\=MacOS
    export BUNDLE_EXECUTABLE_FOLDER_PATH\=Contents/MacOS
    export BUNDLE_EXTENSIONS_FOLDER_PATH\=Contents/Extensions
    export BUNDLE_FORMAT\=deep
    export BUNDLE_FRAMEWORKS_FOLDER_PATH\=Contents/Frameworks
    export BUNDLE_PLUGINS_FOLDER_PATH\=Contents/PlugIns
    export BUNDLE_PRIVATE_HEADERS_FOLDER_PATH\=Contents/PrivateHeaders
    export BUNDLE_PUBLIC_HEADERS_FOLDER_PATH\=Contents/Headers
    export CACHE_ROOT\=/var/folders/dr/s790cqgx6dx_55127wsgnkw00000gn/C/com.apple.DeveloperTools/26.6-17F113/Xcode
    export CCHROOT\=/var/folders/dr/s790cqgx6dx_55127wsgnkw00000gn/C/com.apple.DeveloperTools/26.6-17F113/Xcode
    export CHMOD\=/bin/chmod
    export CHOWN\=chown
    export CLANG_ANALYZER_NONNULL\=YES
    export CLANG_ANALYZER_NUMBER_OBJECT_CONVERSION\=YES_AGGRESSIVE
    export CLANG_CACHE_FINE_GRAINED_OUTPUTS\=YES
    export CLANG_COVERAGE_MAPPING\=YES
    export CLANG_CXX_LANGUAGE_STANDARD\=gnu++14
    export CLANG_CXX_LIBRARY\=libc++
    export CLANG_ENABLE_EXPLICIT_MODULES\=YES
    export CLANG_ENABLE_MODULES\=YES
    export CLANG_ENABLE_OBJC_ARC\=YES
    export CLANG_ENABLE_OBJC_WEAK\=YES
    export CLANG_MODULES_BUILD_SESSION_FILE\=/Users/augstar/Library/Developer/Xcode/DerivedData/ModuleCache.noindex/Session.modulevalidation
    export CLANG_PROFILE_DATA_DIRECTORY\=/Users/augstar/Library/Developer/Xcode/DerivedData/Malibu-cadiaoswicqctqgsgdgeqxtlosmr/Build/ProfileData
    export CLANG_WARN_BLOCK_CAPTURE_AUTORELEASING\=YES
    export CLANG_WARN_BOOL_CONVERSION\=YES
    export CLANG_WARN_COMMA\=YES
    export CLANG_WARN_CONSTANT_CONVERSION\=YES
    export CLANG_WARN_DEPRECATED_OBJC_IMPLEMENTATIONS\=YES
    export CLANG_WARN_DIRECT_OBJC_ISA_USAGE\=YES_ERROR
    export CLANG_WARN_DOCUMENTATION_COMMENTS\=YES
    export CLANG_WARN_EMPTY_BODY\=YES
    export CLANG_WARN_ENUM_CONVERSION\=YES
    export CLANG_WARN_INFINITE_RECURSION\=YES
    export CLANG_WARN_INT_CONVERSION\=YES
    export CLANG_WARN_NON_LITERAL_NULL_CONVERSION\=YES
    export CLANG_WARN_OBJC_IMPLICIT_RETAIN_SELF\=YES
    export CLANG_WARN_OBJC_LITERAL_CONVERSION\=YES
    export CLANG_WARN_OBJC_ROOT_CLASS\=YES_ERROR
    export CLANG_WARN_QUOTED_INCLUDE_IN_FRAMEWORK_HEADER\=YES
    export CLANG_WARN_RANGE_LOOP_ANALYSIS\=YES
    export CLANG_WARN_STRICT_PROTOTYPES\=YES
    export CLANG_WARN_SUSPICIOUS_MOVE\=YES
    export CLANG_WARN_UNGUARDED_AVAILABILITY\=YES_AGGRESSIVE
    export CLANG_WARN_UNREACHABLE_CODE\=YES
    export CLANG_WARN__DUPLICATE_METHOD_MATCH\=YES
    export CLASS_FILE_DIR\=/Users/augstar/Library/Developer/Xcode/DerivedData/Malibu-cadiaoswicqctqgsgdgeqxtlosmr/Build/Intermediates.noindex/Malibu.build/Debug/Malibu.build/JavaClasses
    export CLEAN_PRECOMPS\=YES
    export CLONE_HEADERS\=NO
    export CODESIGNING_FOLDER_PATH\=/Users/augstar/Library/Developer/Xcode/DerivedData/Malibu-cadiaoswicqctqgsgdgeqxtlosmr/Build/Products/Debug/Malibu.app
    export CODE_SIGNING_ALLOWED\=NO
    export CODE_SIGNING_REQUIRED\=YES
    export CODE_SIGN_ENTITLEMENTS\=Malibu.entitlements
    export CODE_SIGN_IDENTITY\=-
    export CODE_SIGN_IDENTITY_NO\=Apple\ Development
    export CODE_SIGN_IDENTITY_YES\=-
    export CODE_SIGN_INJECT_BASE_ENTITLEMENTS\=YES
    export CODE_SIGN_STYLE\=Manual
    export COLOR_DIAGNOSTICS\=NO
    export COMBINE_HIDPI_IMAGES\=YES
    export COMPILATION_CACHE_CAS_PATH\=/Users/augstar/Library/Developer/Xcode/DerivedData/CompilationCache.noindex
    export COMPILATION_CACHE_KEEP_CAS_DIRECTORY\=YES
    export COMPILER_INDEX_STORE_ENABLE\=Default
    export COMPOSITE_SDK_DIRS\=/Users/augstar/Library/Developer/Xcode/DerivedData/Malibu-cadiaoswicqctqgsgdgeqxtlosmr/Build/Intermediates.noindex/CompositeSDKs
    export COMPRESS_PNG_FILES\=NO
    export CONFIGURATION\=Debug
    export CONFIGURATION_BUILD_DIR\=/Users/augstar/Library/Developer/Xcode/DerivedData/Malibu-cadiaoswicqctqgsgdgeqxtlosmr/Build/Products/Debug
    export CONFIGURATION_TEMP_DIR\=/Users/augstar/Library/Developer/Xcode/DerivedData/Malibu-cadiaoswicqctqgsgdgeqxtlosmr/Build/Intermediates.noindex/Malibu.build/Debug
    export CONTENTS_FOLDER_PATH\=Malibu.app/Contents
    export CONTENTS_FOLDER_PATH_SHALLOW_BUNDLE_NO\=Malibu.app/Contents
    export CONTENTS_FOLDER_PATH_SHALLOW_BUNDLE_YES\=Malibu.app
    export COPYING_PRESERVES_HFS_DATA\=NO
    export COPY_HEADERS_RUN_UNIFDEF\=NO
    export COPY_PHASE_STRIP\=NO
    export CP\=/bin/cp
    export CREATE_INFOPLIST_SECTION_IN_BINARY\=NO
    export CURRENT_ARCH\=undefined_arch
    export CURRENT_PROJECT_VERSION\=123
    export CURRENT_VARIANT\=normal
    export DEAD_CODE_STRIPPING\=NO
    export DEBUGGING_SYMBOLS\=YES
    export DEBUG_INFORMATION_FORMAT\=dwarf
    export DEBUG_INFORMATION_VERSION\=compiler-default
    export DEFAULT_COMPILER\=com.apple.compilers.llvm.clang.1_0
    export DEFAULT_DEXT_INSTALL_PATH\=/System/Library/DriverExtensions
    export DEFAULT_KEXT_INSTALL_PATH\=/System/Library/Extensions
    export DEFINES_MODULE\=NO
    export DEPLOYMENT_LOCATION\=NO
    export DEPLOYMENT_POSTPROCESSING\=NO
    export DEPLOYMENT_TARGET_SETTING_NAME\=MACOSX_DEPLOYMENT_TARGET
    export DEPLOYMENT_TARGET_SUGGESTED_VALUES\=10.13\ 10.14\ 10.15\ 11.0\ 11.1\ 11.2\ 11.3\ 11.4\ 11.5\ 12.0\ 12.2\ 12.3\ 12.4\ 13.0\ 13.1\ 13.2\ 13.3\ 13.4\ 13.5\ 14.0\ 14.1\ 14.2\ 14.3\ 14.4\ 14.5\ 14.6\ 15.0\ 15.1\ 15.2\ 15.3\ 15.4\ 15.5\ 15.6\ 26.0\ 26.1\ 26.2\ 26.3\ 26.4\ 26.5
    export DERIVED_FILES_DIR\=/Users/augstar/Library/Developer/Xcode/DerivedData/Malibu-cadiaoswicqctqgsgdgeqxtlosmr/Build/Intermediates.noindex/Malibu.build/Debug/Malibu.build/DerivedSources
    export DERIVED_FILE_DIR\=/Users/augstar/Library/Developer/Xcode/DerivedData/Malibu-cadiaoswicqctqgsgdgeqxtlosmr/Build/Intermediates.noindex/Malibu.build/Debug/Malibu.build/DerivedSources
    export DERIVED_SOURCES_DIR\=/Users/augstar/Library/Developer/Xcode/DerivedData/Malibu-cadiaoswicqctqgsgdgeqxtlosmr/Build/Intermediates.noindex/Malibu.build/Debug/Malibu.build/DerivedSources
    export DEVELOPER_APPLICATIONS_DIR\=/Applications/Xcode.app/Contents/Developer/Applications
    export DEVELOPER_BIN_DIR\=/Applications/Xcode.app/Contents/Developer/usr/bin
    export DEVELOPER_DIR\=/Applications/Xcode.app/Contents/Developer
    export DEVELOPER_FRAMEWORKS_DIR\=/Applications/Xcode.app/Contents/Developer/Library/Frameworks
    export DEVELOPER_FRAMEWORKS_DIR_QUOTED\=/Applications/Xcode.app/Contents/Developer/Library/Frameworks
    export DEVELOPER_LIBRARY_DIR\=/Applications/Xcode.app/Contents/Developer/Library
    export DEVELOPER_SDK_DIR\=/Applications/Xcode.app/Contents/Developer/Platforms/MacOSX.platform/Developer/SDKs
    export DEVELOPER_TOOLS_DIR\=/Applications/Xcode.app/Contents/Developer/Tools
    export DEVELOPER_USR_DIR\=/Applications/Xcode.app/Contents/Developer/usr
    export DEVELOPMENT_LANGUAGE\=en
    export DIAGNOSE_MISSING_TARGET_DEPENDENCIES\=YES
    export DIFF\=/usr/bin/diff
    export DOCUMENTATION_FOLDER_PATH\=Malibu.app/Contents/Resources/en.lproj/Documentation
    export DONT_GENERATE_INFOPLIST_FILE\=NO
    export DSTROOT\=/tmp/Malibu.dst
    export DT_TOOLCHAIN_DIR\=/Applications/Xcode.app/Contents/Developer/Toolchains/XcodeDefault.xctoolchain
    export DUMP_DEPENDENCIES\=NO
    export DUMP_DEPENDENCIES_OUTPUT_PATH\=/Users/augstar/Library/Developer/Xcode/DerivedData/Malibu-cadiaoswicqctqgsgdgeqxtlosmr/Build/Intermediates.noindex/Malibu.build/Debug/Malibu.build/Malibu-BuildDependencyInfo.json
    export DWARF_DSYM_FILE_NAME\=Malibu.app.dSYM
    export DWARF_DSYM_FILE_SHOULD_ACCOMPANY_PRODUCT\=NO
    export DWARF_DSYM_FOLDER_PATH\=/Users/augstar/Library/Developer/Xcode/DerivedData/Malibu-cadiaoswicqctqgsgdgeqxtlosmr/Build/Products/Debug
    export DYNAMIC_LIBRARY_EXTENSION\=dylib
    export EAGER_COMPILATION_ALLOW_SCRIPTS\=NO
    export EAGER_LINKING\=NO
    export EFFECTIVE_SWIFT_VERSION\=5
    export EMBEDDED_CONTENT_CONTAINS_SWIFT\=NO
    export EMBEDDED_PROFILE_NAME\=embedded.provisionprofile
    export EMBED_ASSET_PACKS_IN_PRODUCT_BUNDLE\=NO
    export ENABLE_APP_SANDBOX\=NO
    export ENABLE_CODE_COVERAGE\=YES
    export ENABLE_COHORT_ARCHS\=NO
    export ENABLE_CPLUSPLUS_BOUNDS_SAFE_BUFFERS\=NO
    export ENABLE_C_BOUNDS_SAFETY\=NO
    export ENABLE_DEBUG_DYLIB\=YES
    export ENABLE_DEFAULT_HEADER_SEARCH_PATHS\=YES
    export ENABLE_DEFAULT_SEARCH_PATHS\=YES
    export ENABLE_ENHANCED_SECURITY\=NO
    export ENABLE_HARDENED_RUNTIME\=NO
    export ENABLE_HEADER_DEPENDENCIES\=YES
    export ENABLE_INCOMING_NETWORK_CONNECTIONS\=NO
    export ENABLE_ON_DEMAND_RESOURCES\=NO
    export ENABLE_OUTGOING_NETWORK_CONNECTIONS\=NO
    export ENABLE_POINTER_AUTHENTICATION\=NO
    export ENABLE_PREVIEWS\=NO
    export ENABLE_RESOURCE_ACCESS_AUDIO_INPUT\=NO
    export ENABLE_RESOURCE_ACCESS_BLUETOOTH\=NO
    export ENABLE_RESOURCE_ACCESS_CALENDARS\=NO
    export ENABLE_RESOURCE_ACCESS_CAMERA\=NO
    export ENABLE_RESOURCE_ACCESS_CONTACTS\=NO
    export ENABLE_RESOURCE_ACCESS_LOCATION\=NO
    export ENABLE_RESOURCE_ACCESS_PHOTO_LIBRARY\=NO
    export ENABLE_RESOURCE_ACCESS_PRINTING\=NO
    export ENABLE_RESOURCE_ACCESS_USB\=NO
    export ENABLE_SDK_IMPORTS\=NO
    export ENABLE_SECURITY_COMPILER_WARNINGS\=NO
    export ENABLE_STRICT_OBJC_MSGSEND\=YES
    export ENABLE_TESTABILITY\=YES
    export ENABLE_TESTING_SEARCH_PATHS\=NO
    export ENABLE_USER_SCRIPT_SANDBOXING\=NO
    export ENABLE_XOJIT_PREVIEWS\=YES
    export ENFORCE_VALID_ARCHS\=YES
    export ENTITLEMENTS_ALLOWED\=YES
    export ENTITLEMENTS_DESTINATION\=Signature
    export ENTITLEMENTS_REQUIRED\=NO
    export EXCLUDED_INSTALLSRC_SUBDIRECTORY_PATTERNS\=.DS_Store\ .svn\ .git\ .hg\ CVS
    export EXCLUDED_RECURSIVE_SEARCH_PATH_SUBDIRECTORIES\=\*.nib\ \*.lproj\ \*.framework\ \*.gch\ \*.xcode\*\ \*.xcassets\ \*.icon\ \(\*\)\ .DS_Store\ CVS\ .svn\ .git\ .hg\ \*.pbproj\ \*.pbxproj
    export EXECUTABLES_FOLDER_PATH\=Malibu.app/Contents/Executables
    export EXECUTABLE_BLANK_INJECTION_DYLIB_PATH\=Malibu.app/Contents/MacOS/__preview.dylib
    export EXECUTABLE_DEBUG_DYLIB_INSTALL_NAME\=@rpath/Malibu.debug.dylib
    export EXECUTABLE_DEBUG_DYLIB_PATH\=Malibu.app/Contents/MacOS/Malibu.debug.dylib
    export EXECUTABLE_FOLDER_PATH\=Malibu.app/Contents/MacOS
    export EXECUTABLE_FOLDER_PATH_SHALLOW_BUNDLE_NO\=Malibu.app/Contents/MacOS
    export EXECUTABLE_FOLDER_PATH_SHALLOW_BUNDLE_YES\=Malibu.app/Contents
    export EXECUTABLE_NAME\=Malibu
    export EXECUTABLE_PATH\=Malibu.app/Contents/MacOS/Malibu
    export EXTENSIONS_FOLDER_PATH\=Malibu.app/Contents/Extensions
    export FILE_LIST\=/Users/augstar/Library/Developer/Xcode/DerivedData/Malibu-cadiaoswicqctqgsgdgeqxtlosmr/Build/Intermediates.noindex/Malibu.build/Debug/Malibu.build/Objects/LinkFileList
    export FIXED_FILES_DIR\=/Users/augstar/Library/Developer/Xcode/DerivedData/Malibu-cadiaoswicqctqgsgdgeqxtlosmr/Build/Intermediates.noindex/Malibu.build/Debug/Malibu.build/FixedFiles
    export FRAMEWORKS_FOLDER_PATH\=Malibu.app/Contents/Frameworks
    export FRAMEWORK_FLAG_PREFIX\=-framework
    export FRAMEWORK_SEARCH_PATHS\=/Users/augstar/Library/Developer/Xcode/DerivedData/Malibu-cadiaoswicqctqgsgdgeqxtlosmr/Build/Products/Debug\ 
    export FRAMEWORK_VERSION\=A
    export FULL_PRODUCT_NAME\=Malibu.app
    export FUSE_BUILD_PHASES\=YES
    export FUSE_BUILD_SCRIPT_PHASES\=NO
    export GCC3_VERSION\=3.3
    export GCC_C_LANGUAGE_STANDARD\=gnu11
    export GCC_DYNAMIC_NO_PIC\=NO
    export GCC_INLINES_ARE_PRIVATE_EXTERN\=YES
    export GCC_NO_COMMON_BLOCKS\=YES
    export GCC_OPTIMIZATION_LEVEL\=0
    export GCC_PFE_FILE_C_DIALECTS\=c\ objective-c\ c++\ objective-c++
    export GCC_PREPROCESSOR_DEFINITIONS\=\ DEBUG\=1
    export GCC_SYMBOLS_PRIVATE_EXTERN\=NO
    export GCC_TREAT_WARNINGS_AS_ERRORS\=NO
    export GCC_VERSION\=com.apple.compilers.llvm.clang.1_0
    export GCC_VERSION_IDENTIFIER\=com_apple_compilers_llvm_clang_1_0
    export GCC_WARN_64_TO_32_BIT_CONVERSION\=YES
    export GCC_WARN_ABOUT_RETURN_TYPE\=YES_ERROR
    export GCC_WARN_UNDECLARED_SELECTOR\=YES
    export GCC_WARN_UNINITIALIZED_AUTOS\=YES_AGGRESSIVE
    export GCC_WARN_UNUSED_FUNCTION\=YES
    export GCC_WARN_UNUSED_VARIABLE\=YES
    export GENERATED_MODULEMAP_DIR\=/Users/augstar/Library/Developer/Xcode/DerivedData/Malibu-cadiaoswicqctqgsgdgeqxtlosmr/Build/Intermediates.noindex/GeneratedModuleMaps
    export GENERATE_INFOPLIST_FILE\=NO
    export GENERATE_INTERMEDIATE_TEXT_BASED_STUBS\=YES
    export GENERATE_PKGINFO_FILE\=YES
    export GENERATE_PRELINK_OBJECT_FILE\=NO
    export GENERATE_PROFILING_CODE\=NO
    export GENERATE_TEXT_BASED_STUBS\=NO
    export GID\=20
    export GROUP\=staff
    export HEADERMAP_INCLUDES_FLAT_ENTRIES_FOR_TARGET_BEING_BUILT\=YES
    export HEADERMAP_INCLUDES_FRAMEWORK_ENTRIES_FOR_ALL_PRODUCT_TYPES\=YES
    export HEADERMAP_INCLUDES_FRAMEWORK_ENTRIES_FOR_TARGETS_NOT_BEING_BUILT\=YES
    export HEADERMAP_INCLUDES_NONPUBLIC_NONPRIVATE_HEADERS\=YES
    export HEADERMAP_INCLUDES_PROJECT_HEADERS\=YES
    export HEADERMAP_USES_FRAMEWORK_PREFIX_ENTRIES\=YES
    export HEADERMAP_USES_VFS\=NO
    export HEADER_SEARCH_PATHS\=/Users/augstar/Library/Developer/Xcode/DerivedData/Malibu-cadiaoswicqctqgsgdgeqxtlosmr/Build/Products/Debug/include\ 
    export HOME\=/Users/augstar
    export HOST_ARCH\=arm64
    export HOST_PLATFORM\=macosx
    export ICONV\=/usr/bin/iconv
    export IMPLICIT_DEPENDENCY_DOMAIN\=default
    export INDEX_STORE_COMPRESS\=NO
    export INDEX_STORE_ONLY_PROJECT_FILES\=NO
    export INFOPLIST_ENABLE_CFBUNDLEICONS_MERGE\=YES
    export INFOPLIST_EXPAND_BUILD_SETTINGS\=YES
    export INFOPLIST_FILE\=Sources/Malibu/Info.plist
    export INFOPLIST_KEY_LSApplicationCategoryType\=public.app-category.utilities
    export INFOPLIST_OUTPUT_FORMAT\=same-as-input
    export INFOPLIST_PATH\=Malibu.app/Contents/Info.plist
    export INFOPLIST_PREPROCESS\=NO
    export INFOSTRINGS_PATH\=Malibu.app/Contents/Resources/en.lproj/InfoPlist.strings
    export INLINE_PRIVATE_FRAMEWORKS\=NO
    export INSTALLAPI_IGNORE_SKIP_INSTALL\=YES
    export INSTALLHDRS_COPY_PHASE\=NO
    export INSTALLHDRS_SCRIPT_PHASE\=NO
    export INSTALL_DIR\=/tmp/Malibu.dst/Applications
    export INSTALL_GROUP\=staff
    export INSTALL_MODE_FLAG\=u+w,go-w,a+rX
    export INSTALL_OWNER\=augstar
    export INSTALL_PATH\=/Applications
    export INSTALL_ROOT\=/tmp/Malibu.dst
    export IOS_UNZIPPERED_TWIN_PREFIX_PATH\=/System/iOSSupport
    export IS_MACCATALYST\=NO
    export IS_UNOPTIMIZED_BUILD\=YES
    export JAVAC_DEFAULT_FLAGS\=-J-Xms64m\ -J-XX:NewSize\=4M\ -J-Dfile.encoding\=UTF8
    export JAVA_APP_STUB\=/System/Library/Frameworks/JavaVM.framework/Resources/MacOS/JavaApplicationStub
    export JAVA_ARCHIVE_CLASSES\=YES
    export JAVA_ARCHIVE_TYPE\=JAR
    export JAVA_COMPILER\=/usr/bin/javac
    export JAVA_FOLDER_PATH\=Malibu.app/Contents/Resources/Java
    export JAVA_FRAMEWORK_RESOURCES_DIRS\=Resources
    export JAVA_JAR_FLAGS\=cv
    export JAVA_SOURCE_SUBDIR\=.
    export JAVA_USE_DEPENDENCIES\=YES
    export JAVA_ZIP_FLAGS\=-urg
    export JIKES_DEFAULT_FLAGS\=+E\ +OLDCSO
    export KASAN_CFLAGS_CLASSIC\=-DKASAN\=1\ -DKASAN_CLASSIC\=1\ -fsanitize\=address\ -mllvm\ -asan-globals-live-support\ -mllvm\ -asan-force-dynamic-shadow
    export KASAN_CFLAGS_TBI\=-DKASAN\=1\ -DKASAN_TBI\=1\ -fsanitize\=kernel-hwaddress\ -mllvm\ -hwasan-recover\=0\ -mllvm\ -hwasan-instrument-atomics\=0\ -mllvm\ -hwasan-instrument-stack\=1\ -mllvm\ -hwasan-generate-tags-with-calls\=1\ -mllvm\ -hwasan-instrument-with-calls\=1\ -mllvm\ -hwasan-use-short-granules\=0\ -mllvm\ -hwasan-memory-access-callback-prefix\=__asan_
    export KASAN_DEFAULT_CFLAGS\=-DKASAN\=1\ -DKASAN_CLASSIC\=1\ -fsanitize\=address\ -mllvm\ -asan-globals-live-support\ -mllvm\ -asan-force-dynamic-shadow
    export KEEP_PRIVATE_EXTERNS\=NO
    export LD_DEPENDENCY_INFO_FILE\=/Users/augstar/Library/Developer/Xcode/DerivedData/Malibu-cadiaoswicqctqgsgdgeqxtlosmr/Build/Intermediates.noindex/Malibu.build/Debug/Malibu.build/Objects-normal/undefined_arch/Malibu_dependency_info.dat
    export LD_EXPORT_SYMBOLS\=YES
    export LD_GENERATE_MAP_FILE\=NO
    export LD_MAP_FILE_PATH\=/Users/augstar/Library/Developer/Xcode/DerivedData/Malibu-cadiaoswicqctqgsgdgeqxtlosmr/Build/Intermediates.noindex/Malibu.build/Debug/Malibu.build/Malibu-LinkMap-normal-undefined_arch.txt
    export LD_NO_PIE\=NO
    export LD_QUOTE_LINKER_ARGUMENTS_FOR_COMPILER_DRIVER\=YES
    export LD_RUNPATH_SEARCH_PATHS\=\ @executable_path/../Frameworks
    export LD_RUNPATH_SEARCH_PATHS_YES\=@loader_path/../Frameworks
    export LD_SHARED_CACHE_ELIGIBLE\=Automatic
    export LD_WARN_DUPLICATE_LIBRARIES\=NO
    export LD_WARN_UNUSED_DYLIBS\=NO
    export LEGACY_DEVELOPER_DIR\=/Applications/Xcode.app/Contents/PlugIns/Xcode3Core.ideplugin/Contents/SharedSupport/Developer
    export LEX\=lex
    export LIBRARY_DEXT_INSTALL_PATH\=/Library/DriverExtensions
    export LIBRARY_FLAG_NOSPACE\=YES
    export LIBRARY_FLAG_PREFIX\=-l
    export LIBRARY_KEXT_INSTALL_PATH\=/Library/Extensions
    export LIBRARY_SEARCH_PATHS\=/Users/augstar/Library/Developer/Xcode/DerivedData/Malibu-cadiaoswicqctqgsgdgeqxtlosmr/Build/Products/Debug\ 
    export LINKER_DISPLAYS_MANGLED_NAMES\=NO
    export LINK_FILE_LIST_normal_arm64\=/Users/augstar/Library/Developer/Xcode/DerivedData/Malibu-cadiaoswicqctqgsgdgeqxtlosmr/Build/Intermediates.noindex/Malibu.build/Debug/Malibu.build/Objects-normal/arm64/Malibu.LinkFileList
    export LINK_OBJC_RUNTIME\=YES
    export LINK_WITH_STANDARD_LIBRARIES\=YES
    export LLVM_TARGET_TRIPLE_OS_VERSION\=macos14.0
    export LLVM_TARGET_TRIPLE_OS_VERSION_NO\=macos14.0
    export LLVM_TARGET_TRIPLE_OS_VERSION_YES\=macos26.5
    export LLVM_TARGET_TRIPLE_VENDOR\=apple
    export LM_AUX_CONST_METADATA_LIST_PATH_normal_arm64\=/Users/augstar/Library/Developer/Xcode/DerivedData/Malibu-cadiaoswicqctqgsgdgeqxtlosmr/Build/Intermediates.noindex/Malibu.build/Debug/Malibu.build/Objects-normal/arm64/Malibu.SwiftConstValuesFileList
    export LOCALIZATION_EXPORT_SUPPORTED\=YES
    export LOCALIZATION_PREFERS_STRING_CATALOGS\=NO
    export LOCALIZED_RESOURCES_FOLDER_PATH\=Malibu.app/Contents/Resources/en.lproj
    export LOCALIZED_STRING_CODE_COMMENTS\=NO
    export LOCALIZED_STRING_MACRO_NAMES\=NSLocalizedString\ CFCopyLocalizedString
    export LOCALIZED_STRING_SWIFTUI_SUPPORT\=YES
    export LOCAL_ADMIN_APPS_DIR\=/Applications/Utilities
    export LOCAL_APPS_DIR\=/Applications
    export LOCAL_DEVELOPER_DIR\=/Library/Developer
    export LOCAL_LIBRARY_DIR\=/Library
    export LOCROOT\=/Users/augstar/.codex/worktrees/macprovider/product-build-1/phase3-binary/app
    export LOCSYMROOT\=/Users/augstar/.codex/worktrees/macprovider/product-build-1/phase3-binary/app
    export MACH_O_TYPE\=mh_execute
    export MACOSX_DEPLOYMENT_TARGET\=14.0
    export MAC_OS_X_PRODUCT_BUILD_VERSION\=25F71
    export MAC_OS_X_VERSION_ACTUAL\=260500
    export MAC_OS_X_VERSION_MAJOR\=260000
    export MAC_OS_X_VERSION_MINOR\=260500
    export MAKE_MERGEABLE\=NO
    export MARKETING_VERSION\=1.8.123
    export MERGEABLE_LIBRARY\=NO
    export MERGED_BINARY_TYPE\=none
    export MERGE_LINKED_LIBRARIES\=NO
    export METAL_LIBRARY_FILE_BASE\=default
    export METAL_LIBRARY_OUTPUT_DIR\=/Users/augstar/Library/Developer/Xcode/DerivedData/Malibu-cadiaoswicqctqgsgdgeqxtlosmr/Build/Products/Debug/Malibu.app/Contents/Resources
    export MODULES_FOLDER_PATH\=Malibu.app/Contents/Modules
    export MODULE_CACHE_DIR\=/Users/augstar/Library/Developer/Xcode/DerivedData/ModuleCache.noindex
    export MTL_ENABLE_DEBUG_INFO\=INCLUDE_SOURCE
    export MTL_FAST_MATH\=YES
    export NATIVE_ARCH\=arm64
    export NATIVE_ARCH_32_BIT\=arm
    export NATIVE_ARCH_64_BIT\=arm64
    export NATIVE_ARCH_ACTUAL\=arm64
    export NO_COMMON\=YES
    export OBJECT_FILE_DIR\=/Users/augstar/Library/Developer/Xcode/DerivedData/Malibu-cadiaoswicqctqgsgdgeqxtlosmr/Build/Intermediates.noindex/Malibu.build/Debug/Malibu.build/Objects
    export OBJECT_FILE_DIR_normal\=/Users/augstar/Library/Developer/Xcode/DerivedData/Malibu-cadiaoswicqctqgsgdgeqxtlosmr/Build/Intermediates.noindex/Malibu.build/Debug/Malibu.build/Objects-normal
    export OBJROOT\=/Users/augstar/Library/Developer/Xcode/DerivedData/Malibu-cadiaoswicqctqgsgdgeqxtlosmr/Build/Intermediates.noindex
    export ONLY_ACTIVE_ARCH\=YES
    export OS\=MACOS
    export OSAC\=/usr/bin/osacompile
    export OTHER_SWIFT_FLAGS\=-strict-concurrency\=complete
    export PACKAGE_TYPE\=com.apple.package-type.wrapper.application
    export PASCAL_STRINGS\=YES
    export PATH\=/Applications/Xcode.app/Contents/SharedFrameworks/SwiftBuild.framework/Versions/A/PlugIns/SWBBuildService.bundle/Contents/PlugIns/SWBUniversalPlatformPlugin.bundle/Contents/Frameworks/SWBUniversalPlatform.framework/Resources:/var/run/com.apple.security.cryptexd/mnt/com.apple.MobileAsset.MetalToolchain-v17.6.109.0.DdyyGF/Metal.xctoolchain/usr/bin:/var/run/com.apple.security.cryptexd/mnt/com.apple.MobileAsset.MetalToolchain-v17.6.109.0.DdyyGF/Metal.xctoolchain/usr/local/bin:/var/run/com.apple.security.cryptexd/mnt/com.apple.MobileAsset.MetalToolchain-v17.6.109.0.DdyyGF/Metal.xctoolchain/usr/libexec:/Applications/Xcode.app/Contents/Developer/Toolchains/XcodeDefault.xctoolchain/usr/bin:/Applications/Xcode.app/Contents/Developer/Toolchains/XcodeDefault.xctoolchain/usr/local/bin:/Applications/Xcode.app/Contents/Developer/Toolchains/XcodeDefault.xctoolchain/usr/libexec:/Applications/Xcode.app/Contents/Developer/Platforms/MacOSX.platform/usr/bin:/Applications/Xcode.app/Contents/Developer/Platforms/MacOSX.platform/usr/local/bin:/Applications/Xcode.app/Contents/Developer/Platforms/MacOSX.platform/Developer/usr/bin:/Applications/Xcode.app/Contents/Developer/Platforms/MacOSX.platform/Developer/usr/local/bin:/Applications/Xcode.app/Contents/Developer/usr/bin:/Applications/Xcode.app/Contents/Developer/usr/local/bin:/Users/augstar/.grok/bin:/Users/augstar/.opencode/bin:/Users/augstar/.local/bin:/opt/homebrew/bin:/opt/homebrew/sbin:/Users/augstar/.local/share/solana/install/active_release/bin:/usr/local/bin:/System/Cryptexes/App/usr/bin:/usr/bin:/bin:/usr/sbin:/sbin:/var/run/com.apple.security.cryptexd/codex.system/bootstrap/usr/local/bin:/var/run/com.apple.security.cryptexd/codex.system/bootstrap/usr/bin:/var/run/com.apple.security.cryptexd/codex.system/bootstrap/usr/appleinternal/bin:/pkg/env/global/bin:/Library/Apple/usr/bin:/Users/augstar/.local/lib/node_modules/@openai/codex/node_modules/@openai/codex-darwin-arm64/vendor/aarch64-apple-darwin/codex-path:/Users/augstar/.codex/tmp/arg0/codex-arg0YPjWG4:/Users/augstar/.cargo/bin:/Users/augstar/.foundry/bin
    export PATH_PREFIXES_EXCLUDED_FROM_HEADER_DEPENDENCIES\=/usr/include\ /usr/local/include\ /System/Library/Frameworks\ /System/Library/PrivateFrameworks\ /Applications/Xcode.app/Contents/Developer/Headers\ /Applications/Xcode.app/Contents/Developer/SDKs\ /Applications/Xcode.app/Contents/Developer/Platforms
    export PBDEVELOPMENTPLIST_PATH\=Malibu.app/Contents/pbdevelopment.plist
    export PER_ARCH_MODULE_FILE_DIR\=/Users/augstar/Library/Developer/Xcode/DerivedData/Malibu-cadiaoswicqctqgsgdgeqxtlosmr/Build/Intermediates.noindex/Malibu.build/Debug/Malibu.build/Objects-normal/undefined_arch
    export PER_ARCH_OBJECT_FILE_DIR\=/Users/augstar/Library/Developer/Xcode/DerivedData/Malibu-cadiaoswicqctqgsgdgeqxtlosmr/Build/Intermediates.noindex/Malibu.build/Debug/Malibu.build/Objects-normal/undefined_arch
    export PER_VARIANT_OBJECT_FILE_DIR\=/Users/augstar/Library/Developer/Xcode/DerivedData/Malibu-cadiaoswicqctqgsgdgeqxtlosmr/Build/Intermediates.noindex/Malibu.build/Debug/Malibu.build/Objects-normal
    export PKGINFO_FILE_PATH\=/Users/augstar/Library/Developer/Xcode/DerivedData/Malibu-cadiaoswicqctqgsgdgeqxtlosmr/Build/Intermediates.noindex/Malibu.build/Debug/Malibu.build/PkgInfo
    export PKGINFO_PATH\=Malibu.app/Contents/PkgInfo
    export PLATFORM_DEVELOPER_APPLICATIONS_DIR\=/Applications/Xcode.app/Contents/Developer/Applications
    export PLATFORM_DEVELOPER_BIN_DIR\=/Applications/Xcode.app/Contents/Developer/usr/bin
    export PLATFORM_DEVELOPER_LIBRARY_DIR\=/Applications/Xcode.app/Contents/Developer/Library
    export PLATFORM_DEVELOPER_SDK_DIR\=/Applications/Xcode.app/Contents/Developer/Platforms/MacOSX.platform/Developer/SDKs
    export PLATFORM_DEVELOPER_TOOLS_DIR\=/Applications/Xcode.app/Contents/Developer/Tools
    export PLATFORM_DEVELOPER_USR_DIR\=/Applications/Xcode.app/Contents/Developer/usr
    export PLATFORM_DIR\=/Applications/Xcode.app/Contents/Developer/Platforms/MacOSX.platform
    export PLATFORM_DISPLAY_NAME\=macOS
    export PLATFORM_FAMILY_NAME\=macOS
    export PLATFORM_NAME\=macosx
    export PLATFORM_PREFERRED_ARCH\=x86_64
    export PLATFORM_PRODUCT_BUILD_VERSION\=25F70
    export PLATFORM_REQUIRES_SWIFT_AUTOLINK_EXTRACT\=NO
    export PLATFORM_REQUIRES_SWIFT_MODULEWRAP\=NO
    export PLATFORM_USES_DSYMS\=YES
    export PLIST_FILE_OUTPUT_FORMAT\=same-as-input
    export PLUGINS_FOLDER_PATH\=Malibu.app/Contents/PlugIns
    export PRECOMPS_INCLUDE_HEADERS_FROM_BUILT_PRODUCTS_DIR\=YES
    export PRECOMP_DESTINATION_DIR\=/Users/augstar/Library/Developer/Xcode/DerivedData/Malibu-cadiaoswicqctqgsgdgeqxtlosmr/Build/Intermediates.noindex/Malibu.build/Debug/Malibu.build/PrefixHeaders
    export PRIVATE_HEADERS_FOLDER_PATH\=Malibu.app/Contents/PrivateHeaders
    export PROCESSED_INFOPLIST_PATH\=/Users/augstar/Library/Developer/Xcode/DerivedData/Malibu-cadiaoswicqctqgsgdgeqxtlosmr/Build/Intermediates.noindex/Malibu.build/Debug/Malibu.build/Objects-normal/undefined_arch/Processed-Info.plist
    export PRODUCT_BUNDLE_IDENTIFIER\=tech.malibu.app
    export PRODUCT_BUNDLE_PACKAGE_TYPE\=APPL
    export PRODUCT_MODULE_NAME\=Malibu
    export PRODUCT_NAME\=Malibu
    export PRODUCT_SETTINGS_PATH\=/Users/augstar/.codex/worktrees/macprovider/product-build-1/phase3-binary/app/Sources/Malibu/Info.plist
    export PRODUCT_TYPE\=com.apple.product-type.application
    export PROFILING_CODE\=NO
    export PROJECT\=Malibu
    export PROJECT_DERIVED_FILE_DIR\=/Users/augstar/Library/Developer/Xcode/DerivedData/Malibu-cadiaoswicqctqgsgdgeqxtlosmr/Build/Intermediates.noindex/Malibu.build/DerivedSources
    export PROJECT_DIR\=/Users/augstar/.codex/worktrees/macprovider/product-build-1/phase3-binary/app
    export PROJECT_FILE_PATH\=/Users/augstar/.codex/worktrees/macprovider/product-build-1/phase3-binary/app/Malibu.xcodeproj
    export PROJECT_GUID\=0e1a5d4d86e97b6abeba119c26a843ba
    export PROJECT_NAME\=Malibu
    export PROJECT_TEMP_DIR\=/Users/augstar/Library/Developer/Xcode/DerivedData/Malibu-cadiaoswicqctqgsgdgeqxtlosmr/Build/Intermediates.noindex/Malibu.build
    export PROJECT_TEMP_ROOT\=/Users/augstar/Library/Developer/Xcode/DerivedData/Malibu-cadiaoswicqctqgsgdgeqxtlosmr/Build/Intermediates.noindex
    export PROVISIONING_PROFILE_REQUIRED\=NO
    export PROVISIONING_PROFILE_REQUIRED_YES_YES\=YES
    export PROVISIONING_PROFILE_SUPPORTED\=YES
    export PUBLIC_HEADERS_FOLDER_PATH\=Malibu.app/Contents/Headers
    export RECOMMENDED_MACOSX_DEPLOYMENT_TARGET\=11.0
    export RECURSIVE_SEARCH_PATHS_FOLLOW_SYMLINKS\=YES
    export REMOVE_CVS_FROM_RESOURCES\=YES
    export REMOVE_GIT_FROM_RESOURCES\=YES
    export REMOVE_HEADERS_FROM_EMBEDDED_BUNDLES\=YES
    export REMOVE_HG_FROM_RESOURCES\=YES
    export REMOVE_STATIC_EXECUTABLES_FROM_EMBEDDED_BUNDLES\=YES
    export REMOVE_SVN_FROM_RESOURCES\=YES
    export RESCHEDULE_INDEPENDENT_HEADERS_PHASES\=YES
    export REZ_COLLECTOR_DIR\=/Users/augstar/Library/Developer/Xcode/DerivedData/Malibu-cadiaoswicqctqgsgdgeqxtlosmr/Build/Intermediates.noindex/Malibu.build/Debug/Malibu.build/ResourceManagerResources
    export REZ_OBJECTS_DIR\=/Users/augstar/Library/Developer/Xcode/DerivedData/Malibu-cadiaoswicqctqgsgdgeqxtlosmr/Build/Intermediates.noindex/Malibu.build/Debug/Malibu.build/ResourceManagerResources/Objects
    export REZ_SEARCH_PATHS\=/Users/augstar/Library/Developer/Xcode/DerivedData/Malibu-cadiaoswicqctqgsgdgeqxtlosmr/Build/Products/Debug\ 
    export RPATH_ORIGIN\=@loader_path
    export RUNTIME_EXCEPTION_ALLOW_DYLD_ENVIRONMENT_VARIABLES\=NO
    export RUNTIME_EXCEPTION_ALLOW_JIT\=NO
    export RUNTIME_EXCEPTION_ALLOW_UNSIGNED_EXECUTABLE_MEMORY\=NO
    export RUNTIME_EXCEPTION_DEBUGGING_TOOL\=NO
    export RUNTIME_EXCEPTION_DISABLE_EXECUTABLE_PAGE_PROTECTION\=NO
    export RUNTIME_EXCEPTION_DISABLE_LIBRARY_VALIDATION\=NO
    export SCANNING_PCM_KEEP_CACHE_DIRECTORY\=YES
    export SCAN_ALL_SOURCE_FILES_FOR_INCLUDES\=NO
    export SCRIPTS_FOLDER_PATH\=Malibu.app/Contents/Resources/Scripts
    export SCRIPT_INPUT_FILE_COUNT\=0
    export SCRIPT_INPUT_FILE_LIST_COUNT\=0
    export SCRIPT_OUTPUT_FILE_COUNT\=0
    export SCRIPT_OUTPUT_FILE_LIST_COUNT\=0
    export SDKROOT\=/Applications/Xcode.app/Contents/Developer/Platforms/MacOSX.platform/Developer/SDKs/MacOSX26.5.sdk
    export SDK_DIR\=/Applications/Xcode.app/Contents/Developer/Platforms/MacOSX.platform/Developer/SDKs/MacOSX26.5.sdk
    export SDK_DIR_macosx\=/Applications/Xcode.app/Contents/Developer/Platforms/MacOSX.platform/Developer/SDKs/MacOSX26.5.sdk
    export SDK_DIR_macosx26_5\=/Applications/Xcode.app/Contents/Developer/Platforms/MacOSX.platform/Developer/SDKs/MacOSX26.5.sdk
    export SDK_NAME\=macosx26.5
    export SDK_NAMES\=macosx26.5
    export SDK_PRODUCT_BUILD_VERSION\=25F70
    export SDK_STAT_CACHE_DIR\=/Users/augstar/Library/Developer/Xcode/DerivedData
    export SDK_STAT_CACHE_ENABLE\=YES
    export SDK_STAT_CACHE_PATH\=/Users/augstar/Library/Developer/Xcode/DerivedData/SDKStatCaches.noindex/macosx26.5-25F70-688ef53f1462e2c8f657fdc38a81448fe082c4a02f00227109f4ed75e425c832.sdkstatcache
    export SDK_VERSION\=26.5
    export SDK_VERSION_ACTUAL\=260500
    export SDK_VERSION_MAJOR\=260000
    export SDK_VERSION_MINOR\=260500
    export SED\=/usr/bin/sed
    export SEPARATE_STRIP\=NO
    export SEPARATE_SYMBOL_EDIT\=NO
    export SET_DIR_MODE_OWNER_GROUP\=YES
    export SET_FILE_MODE_OWNER_GROUP\=NO
    export SHALLOW_BUNDLE\=NO
    export SHALLOW_BUNDLE_PLATFORM\=NO
    export SHALLOW_BUNDLE_TRIPLE\=macos
    export SHALLOW_BUNDLE_ios_macabi\=NO
    export SHALLOW_BUNDLE_macos\=NO
    export SHARED_DERIVED_FILE_DIR\=/Users/augstar/Library/Developer/Xcode/DerivedData/Malibu-cadiaoswicqctqgsgdgeqxtlosmr/Build/Products/Debug/DerivedSources
    export SHARED_FRAMEWORKS_FOLDER_PATH\=Malibu.app/Contents/SharedFrameworks
    export SHARED_PRECOMPS_DIR\=/Users/augstar/Library/Developer/Xcode/DerivedData/Malibu-cadiaoswicqctqgsgdgeqxtlosmr/Build/Intermediates.noindex/PrecompiledHeaders
    export SHARED_SUPPORT_FOLDER_PATH\=Malibu.app/Contents/SharedSupport
    export SKIP_INSTALL\=NO
    export SKIP_MERGEABLE_LIBRARY_BUNDLE_HOOK\=NO
    export SOURCE_ROOT\=/Users/augstar/.codex/worktrees/macprovider/product-build-1/phase3-binary/app
    export SRCROOT\=/Users/augstar/.codex/worktrees/macprovider/product-build-1/phase3-binary/app
    export STRINGSDATA_DIR\=/Users/augstar/Library/Developer/Xcode/DerivedData/Malibu-cadiaoswicqctqgsgdgeqxtlosmr/Build/Intermediates.noindex/Malibu.build/Debug/Malibu.build/Objects-normal/undefined_arch
    export STRINGSDATA_ROOT\=/Users/augstar/Library/Developer/Xcode/DerivedData/Malibu-cadiaoswicqctqgsgdgeqxtlosmr/Build/Intermediates.noindex/Malibu.build/Debug/Malibu.build
    export STRINGS_FILE_INFOPLIST_RENAME\=YES
    export STRINGS_FILE_OUTPUT_ENCODING\=UTF-16
    export STRING_CATALOG_GENERATE_SYMBOLS\=NO
    export STRIP_BITCODE_FROM_COPIED_FILES\=NO
    export STRIP_INSTALLED_PRODUCT\=NO
    export STRIP_PNG_TEXT\=NO
    export STRIP_STYLE\=all
    export STRIP_SWIFT_SYMBOLS\=YES
    export SUPPORTED_PLATFORMS\=macosx
    export SUPPORTS_MACCATALYST\=NO
    export SUPPORTS_ON_DEMAND_RESOURCES\=NO
    export SUPPORTS_TEXT_BASED_API\=NO
    export SUPPRESS_WARNINGS\=NO
    export SWIFT_ACTIVE_COMPILATION_CONDITIONS\=DEBUG
    export SWIFT_EMIT_CONST_VALUE_PROTOCOLS\=AnyResolverProviding\ AppEntity\ AppEnum\ AppExtension\ AppIntent\ AppIntentsPackage\ AppShortcutProviding\ AppShortcutsProvider\ DynamicOptionsProvider\ EntityQuery\ ExtensionPointDefining\ IntentValueQuery\ Resolver\ TransientEntity\ _AssistantIntentsProvider\ _GenerativeFunctionExtractable\ _IntentValueRepresentable
    export SWIFT_EMIT_LOC_STRINGS\=NO
    export SWIFT_ENABLE_EXPLICIT_MODULES\=YES
    export SWIFT_OPTIMIZATION_LEVEL\=-Onone
    export SWIFT_PLATFORM_TARGET_PREFIX\=macos
    export SWIFT_RESPONSE_FILE_PATH_normal_arm64\=/Users/augstar/Library/Developer/Xcode/DerivedData/Malibu-cadiaoswicqctqgsgdgeqxtlosmr/Build/Intermediates.noindex/Malibu.build/Debug/Malibu.build/Objects-normal/arm64/Malibu.SwiftFileList
    export SWIFT_VERSION\=5.9
    export SYMROOT\=/Users/augstar/Library/Developer/Xcode/DerivedData/Malibu-cadiaoswicqctqgsgdgeqxtlosmr/Build/Products
    export SYSTEM_ADMIN_APPS_DIR\=/Applications/Utilities
    export SYSTEM_APPS_DIR\=/Applications
    export SYSTEM_CORE_SERVICES_DIR\=/System/Library/CoreServices
    export SYSTEM_DEMOS_DIR\=/Applications/Extras
    export SYSTEM_DEVELOPER_APPS_DIR\=/Applications/Xcode.app/Contents/Developer/Applications
    export SYSTEM_DEVELOPER_BIN_DIR\=/Applications/Xcode.app/Contents/Developer/usr/bin
    export SYSTEM_DEVELOPER_DEMOS_DIR\=/Applications/Xcode.app/Contents/Developer/Applications/Utilities/Built\ Examples
    export SYSTEM_DEVELOPER_DIR\=/Applications/Xcode.app/Contents/Developer
    export SYSTEM_DEVELOPER_DOC_DIR\=/Applications/Xcode.app/Contents/Developer/ADC\ Reference\ Library
    export SYSTEM_DEVELOPER_GRAPHICS_TOOLS_DIR\=/Applications/Xcode.app/Contents/Developer/Applications/Graphics\ Tools
    export SYSTEM_DEVELOPER_JAVA_TOOLS_DIR\=/Applications/Xcode.app/Contents/Developer/Applications/Java\ Tools
    export SYSTEM_DEVELOPER_PERFORMANCE_TOOLS_DIR\=/Applications/Xcode.app/Contents/Developer/Applications/Performance\ Tools
    export SYSTEM_DEVELOPER_RELEASENOTES_DIR\=/Applications/Xcode.app/Contents/Developer/ADC\ Reference\ Library/releasenotes
    export SYSTEM_DEVELOPER_TOOLS\=/Applications/Xcode.app/Contents/Developer/Tools
    export SYSTEM_DEVELOPER_TOOLS_DOC_DIR\=/Applications/Xcode.app/Contents/Developer/ADC\ Reference\ Library/documentation/DeveloperTools
    export SYSTEM_DEVELOPER_TOOLS_RELEASENOTES_DIR\=/Applications/Xcode.app/Contents/Developer/ADC\ Reference\ Library/releasenotes/DeveloperTools
    export SYSTEM_DEVELOPER_USR_DIR\=/Applications/Xcode.app/Contents/Developer/usr
    export SYSTEM_DEVELOPER_UTILITIES_DIR\=/Applications/Xcode.app/Contents/Developer/Applications/Utilities
    export SYSTEM_DEXT_INSTALL_PATH\=/System/Library/DriverExtensions
    export SYSTEM_DOCUMENTATION_DIR\=/Library/Documentation
    export SYSTEM_EXTENSIONS_FOLDER_PATH\=Malibu.app/Contents/Library/SystemExtensions
    export SYSTEM_EXTENSIONS_FOLDER_PATH_SHALLOW_BUNDLE_NO\=Malibu.app/Contents/Library/SystemExtensions
    export SYSTEM_EXTENSIONS_FOLDER_PATH_SHALLOW_BUNDLE_YES\=Malibu.app/Contents/SystemExtensions
    export SYSTEM_KEXT_INSTALL_PATH\=/System/Library/Extensions
    export SYSTEM_LIBRARY_DIR\=/System/Library
    export TAPI_DEMANGLE\=YES
    export TAPI_ENABLE_PROJECT_HEADERS\=NO
    export TAPI_LANGUAGE\=objective-c
    export TAPI_LANGUAGE_STANDARD\=compiler-default
    export TAPI_USE_SRCROOT\=YES
    export TAPI_VERIFY_MODE\=Pedantic
    export TARGETNAME\=Malibu
    export TARGET_BUILD_DIR\=/Users/augstar/Library/Developer/Xcode/DerivedData/Malibu-cadiaoswicqctqgsgdgeqxtlosmr/Build/Products/Debug
    export TARGET_NAME\=Malibu
    export TARGET_TEMP_DIR\=/Users/augstar/Library/Developer/Xcode/DerivedData/Malibu-cadiaoswicqctqgsgdgeqxtlosmr/Build/Intermediates.noindex/Malibu.build/Debug/Malibu.build
    export TEMP_DIR\=/Users/augstar/Library/Developer/Xcode/DerivedData/Malibu-cadiaoswicqctqgsgdgeqxtlosmr/Build/Intermediates.noindex/Malibu.build/Debug/Malibu.build
    export TEMP_FILES_DIR\=/Users/augstar/Library/Developer/Xcode/DerivedData/Malibu-cadiaoswicqctqgsgdgeqxtlosmr/Build/Intermediates.noindex/Malibu.build/Debug/Malibu.build
    export TEMP_FILE_DIR\=/Users/augstar/Library/Developer/Xcode/DerivedData/Malibu-cadiaoswicqctqgsgdgeqxtlosmr/Build/Intermediates.noindex/Malibu.build/Debug/Malibu.build
    export TEMP_ROOT\=/Users/augstar/Library/Developer/Xcode/DerivedData/Malibu-cadiaoswicqctqgsgdgeqxtlosmr/Build/Intermediates.noindex
    export TEMP_SANDBOX_DIR\=/Users/augstar/Library/Developer/Xcode/DerivedData/Malibu-cadiaoswicqctqgsgdgeqxtlosmr/Build/Intermediates.noindex/TemporaryTaskSandboxes
    export TEST_FRAMEWORK_SEARCH_PATHS\=\ /Applications/Xcode.app/Contents/Developer/Platforms/MacOSX.platform/Developer/Library/Frameworks
    export TEST_LIBRARY_SEARCH_PATHS\=\ /Applications/Xcode.app/Contents/Developer/Platforms/MacOSX.platform/Developer/usr/lib
    export TOOLCHAINS\=com.apple.dt.toolchain.Metal.32023.883\ com.apple.dt.toolchain.XcodeDefault
    export TOOLCHAIN_DIR\=/var/run/com.apple.security.cryptexd/mnt/com.apple.MobileAsset.MetalToolchain-v17.6.109.0.DdyyGF/Metal.xctoolchain
    export TOOLCHAIN_VERSION\=32023.883
    export TREAT_MISSING_BASELINES_AS_TEST_FAILURES\=NO
    export TREAT_MISSING_SCRIPT_PHASE_OUTPUTS_AS_ERRORS\=NO
    export UID\=501
    export UNINSTALLED_PRODUCTS_DIR\=/Users/augstar/Library/Developer/Xcode/DerivedData/Malibu-cadiaoswicqctqgsgdgeqxtlosmr/Build/Intermediates.noindex/UninstalledProducts
    export UNLOCALIZED_RESOURCES_FOLDER_PATH\=Malibu.app/Contents/Resources
    export UNLOCALIZED_RESOURCES_FOLDER_PATH_SHALLOW_BUNDLE_NO\=Malibu.app/Contents/Resources
    export UNLOCALIZED_RESOURCES_FOLDER_PATH_SHALLOW_BUNDLE_YES\=Malibu.app/Contents
    export UNSTRIPPED_PRODUCT\=NO
    export USER\=augstar
    export USER_APPS_DIR\=/Users/augstar/Applications
    export USER_LIBRARY_DIR\=/Users/augstar/Library
    export USE_DYNAMIC_NO_PIC\=YES
    export USE_HEADERMAP\=YES
    export USE_HEADER_SYMLINKS\=NO
    export VALIDATE_DEVELOPMENT_ASSET_PATHS\=YES_ERROR
    export VALIDATE_PRODUCT\=NO
    export VALID_ARCHS\=arm64\ arm64e\ i386\ x86_64
    export VERBOSE_PBXCP\=NO
    export VERSIONPLIST_PATH\=Malibu.app/Contents/version.plist
    export VERSION_INFO_BUILDER\=augstar
    export VERSION_INFO_FILE\=Malibu_vers.c
    export VERSION_INFO_STRING\=\"@\(\#\)PROGRAM:Malibu\ \ PROJECT:Malibu-123\"
    export WORKSPACE_DIR\=/Users/augstar/.codex/worktrees/macprovider/product-build-1/phase3-binary/app/Malibu.xcodeproj
    export WRAPPER_EXTENSION\=app
    export WRAPPER_NAME\=Malibu.app
    export WRAPPER_SUFFIX\=.app
    export WRAP_ASSET_PACKS_IN_SEPARATE_DIRECTORIES\=NO
    export XCODE_APP_SUPPORT_DIR\=/Applications/Xcode.app/Contents/Developer/Library/Xcode
    export XCODE_PRODUCT_BUILD_VERSION\=17F113
    export XCODE_VERSION_ACTUAL\=2660
    export XCODE_VERSION_MAJOR\=2600
    export XCODE_VERSION_MINOR\=2660
    export XPCSERVICES_FOLDER_PATH\=Malibu.app/Contents/XPCServices
    export YACC\=yacc
    export _BOOL_\=NO
    export _BOOL_NO\=NO
    export _BOOL_YES\=YES
    export _DEVELOPMENT_TEAM_IS_EMPTY\=YES
    export _DISCOVER_COMMAND_LINE_LINKER_INPUTS\=YES
    export _DISCOVER_COMMAND_LINE_LINKER_INPUTS_INCLUDE_WL\=YES
    export _IS_EMPTY_\=YES
    export _LD_MULTIARCH\=YES
    export _MACOSX_DEPLOYMENT_TARGET_IS_EMPTY\=NO
    export _WRAPPER_CONTENTS_DIR\=/Contents
    export _WRAPPER_CONTENTS_DIR_SHALLOW_BUNDLE_NO\=/Contents
    export _WRAPPER_PARENT_PATH\=/..
    export _WRAPPER_PARENT_PATH_SHALLOW_BUNDLE_NO\=/..
    export _WRAPPER_RESOURCES_DIR\=/Resources
    export _WRAPPER_RESOURCES_DIR_SHALLOW_BUNDLE_NO\=/Resources
    export __DIAGNOSE_DEPRECATED_ARCHS\=YES
    export __IS_NOT_MACOS\=NO
    export __IS_NOT_MACOS_macosx\=NO
    export __IS_NOT_SIMULATOR\=YES
    export __IS_NOT_SIMULATOR_simulator\=NO
    export __ORIGINAL_SDK_DEFINED_LLVM_TARGET_TRIPLE_SYS\=macos
    export arch\=undefined_arch
    export variant\=normal
    /bin/sh -c /Users/augstar/Library/Developer/Xcode/DerivedData/Malibu-cadiaoswicqctqgsgdgeqxtlosmr/Build/Intermediates.noindex/Malibu.build/Debug/Malibu.build/Script-8D65BE916D96FE0EC0AA717D.sh

PhaseScriptExecution Bundle\ payout-signer /Users/augstar/Library/Developer/Xcode/DerivedData/Malibu-cadiaoswicqctqgsgdgeqxtlosmr/Build/Intermediates.noindex/Malibu.build/Debug/Malibu.build/Script-2EB36B975D2FA88962D9F8FA.sh (in target 'Malibu' from project 'Malibu')
    cd /Users/augstar/.codex/worktrees/macprovider/product-build-1/phase3-binary/app
    export ACTION\=build
    export AD_HOC_CODE_SIGNING_ALLOWED\=YES
    export AGGREGATE_TRACKED_DOMAINS\=YES
    export ALLOW_BUILD_REQUEST_OVERRIDES\=NO
    export ALLOW_TARGET_PLATFORM_SPECIALIZATION\=NO
    export ALTERNATE_GROUP\=staff
    export ALTERNATE_MODE\=u+w,go-w,a+rX
    export ALTERNATE_OWNER\=augstar
    export ALTERNATIVE_DISTRIBUTION_WEB\=NO
    export ALWAYS_EMBED_SWIFT_STANDARD_LIBRARIES\=NO
    export ALWAYS_SEARCH_USER_PATHS\=NO
    export ALWAYS_USE_SEPARATE_HEADERMAPS\=NO
    export APPLICATION_EXTENSION_API_ONLY\=NO
    export APPLY_RULES_IN_COPY_FILES\=NO
    export APPLY_RULES_IN_COPY_HEADERS\=NO
    export APP_SHORTCUTS_ENABLE_FLEXIBLE_MATCHING\=YES
    export ARCHS\=arm64
    export ARCHS_BASE\=arm64
    export ARCHS_STANDARD\=arm64\ x86_64
    export ARCHS_STANDARD_32_64_BIT\=arm64\ x86_64\ i386
    export ARCHS_STANDARD_32_BIT\=i386
    export ARCHS_STANDARD_64_BIT\=arm64\ x86_64
    export ARCHS_STANDARD_INCLUDING_64_BIT\=arm64\ x86_64
    export ASSETCATALOG_COMPILER_APPICON_NAME\=AppIcon
    export AUTOMATICALLY_MERGE_DEPENDENCIES\=NO
    export AUTOMATION_APPLE_EVENTS\=NO
    export AVAILABLE_PLATFORMS\=android\ appletvos\ appletvsimulator\ driverkit\ freebsd\ iphoneos\ iphonesimulator\ linux\ macosx\ none\ openbsd\ qnx\ watchos\ watchsimulator\ webassembly\ xros\ xrsimulator
    export BUILD_ACTIVE_RESOURCES_ONLY\=NO
    export BUILD_COMPONENTS\=headers\ build
    export BUILD_DIR\=/Users/augstar/Library/Developer/Xcode/DerivedData/Malibu-cadiaoswicqctqgsgdgeqxtlosmr/Build/Products
    export BUILD_LIBRARY_FOR_DISTRIBUTION\=NO
    export BUILD_ONLY_KNOWN_LOCALIZATIONS\=NO
    export BUILD_ROOT\=/Users/augstar/Library/Developer/Xcode/DerivedData/Malibu-cadiaoswicqctqgsgdgeqxtlosmr/Build/Products
    export BUILD_STYLE\=
    export BUILD_VARIANTS\=normal
    export BUILT_PRODUCTS_DIR\=/Users/augstar/Library/Developer/Xcode/DerivedData/Malibu-cadiaoswicqctqgsgdgeqxtlosmr/Build/Products/Debug
    export BUNDLE_CONTENTS_FOLDER_PATH\=Contents/
    export BUNDLE_CONTENTS_FOLDER_PATH_deep\=Contents/
    export BUNDLE_EXECUTABLE_FOLDER_NAME_deep\=MacOS
    export BUNDLE_EXECUTABLE_FOLDER_PATH\=Contents/MacOS
    export BUNDLE_EXTENSIONS_FOLDER_PATH\=Contents/Extensions
    export BUNDLE_FORMAT\=deep
    export BUNDLE_FRAMEWORKS_FOLDER_PATH\=Contents/Frameworks
    export BUNDLE_PLUGINS_FOLDER_PATH\=Contents/PlugIns
    export BUNDLE_PRIVATE_HEADERS_FOLDER_PATH\=Contents/PrivateHeaders
    export BUNDLE_PUBLIC_HEADERS_FOLDER_PATH\=Contents/Headers
    export CACHE_ROOT\=/var/folders/dr/s790cqgx6dx_55127wsgnkw00000gn/C/com.apple.DeveloperTools/26.6-17F113/Xcode
    export CCHROOT\=/var/folders/dr/s790cqgx6dx_55127wsgnkw00000gn/C/com.apple.DeveloperTools/26.6-17F113/Xcode
    export CHMOD\=/bin/chmod
    export CHOWN\=chown
    export CLANG_ANALYZER_NONNULL\=YES
    export CLANG_ANALYZER_NUMBER_OBJECT_CONVERSION\=YES_AGGRESSIVE
    export CLANG_CACHE_FINE_GRAINED_OUTPUTS\=YES
    export CLANG_COVERAGE_MAPPING\=YES
    export CLANG_CXX_LANGUAGE_STANDARD\=gnu++14
    export CLANG_CXX_LIBRARY\=libc++
    export CLANG_ENABLE_EXPLICIT_MODULES\=YES
    export CLANG_ENABLE_MODULES\=YES
    export CLANG_ENABLE_OBJC_ARC\=YES
    export CLANG_ENABLE_OBJC_WEAK\=YES
    export CLANG_MODULES_BUILD_SESSION_FILE\=/Users/augstar/Library/Developer/Xcode/DerivedData/ModuleCache.noindex/Session.modulevalidation
    export CLANG_PROFILE_DATA_DIRECTORY\=/Users/augstar/Library/Developer/Xcode/DerivedData/Malibu-cadiaoswicqctqgsgdgeqxtlosmr/Build/ProfileData
    export CLANG_WARN_BLOCK_CAPTURE_AUTORELEASING\=YES
    export CLANG_WARN_BOOL_CONVERSION\=YES
    export CLANG_WARN_COMMA\=YES
    export CLANG_WARN_CONSTANT_CONVERSION\=YES
    export CLANG_WARN_DEPRECATED_OBJC_IMPLEMENTATIONS\=YES
    export CLANG_WARN_DIRECT_OBJC_ISA_USAGE\=YES_ERROR
    export CLANG_WARN_DOCUMENTATION_COMMENTS\=YES
    export CLANG_WARN_EMPTY_BODY\=YES
    export CLANG_WARN_ENUM_CONVERSION\=YES
    export CLANG_WARN_INFINITE_RECURSION\=YES
    export CLANG_WARN_INT_CONVERSION\=YES
    export CLANG_WARN_NON_LITERAL_NULL_CONVERSION\=YES
    export CLANG_WARN_OBJC_IMPLICIT_RETAIN_SELF\=YES
    export CLANG_WARN_OBJC_LITERAL_CONVERSION\=YES
    export CLANG_WARN_OBJC_ROOT_CLASS\=YES_ERROR
    export CLANG_WARN_QUOTED_INCLUDE_IN_FRAMEWORK_HEADER\=YES
    export CLANG_WARN_RANGE_LOOP_ANALYSIS\=YES
    export CLANG_WARN_STRICT_PROTOTYPES\=YES
    export CLANG_WARN_SUSPICIOUS_MOVE\=YES
    export CLANG_WARN_UNGUARDED_AVAILABILITY\=YES_AGGRESSIVE
    export CLANG_WARN_UNREACHABLE_CODE\=YES
    export CLANG_WARN__DUPLICATE_METHOD_MATCH\=YES
    export CLASS_FILE_DIR\=/Users/augstar/Library/Developer/Xcode/DerivedData/Malibu-cadiaoswicqctqgsgdgeqxtlosmr/Build/Intermediates.noindex/Malibu.build/Debug/Malibu.build/JavaClasses
    export CLEAN_PRECOMPS\=YES
    export CLONE_HEADERS\=NO
    export CODESIGNING_FOLDER_PATH\=/Users/augstar/Library/Developer/Xcode/DerivedData/Malibu-cadiaoswicqctqgsgdgeqxtlosmr/Build/Products/Debug/Malibu.app
    export CODE_SIGNING_ALLOWED\=NO
    export CODE_SIGNING_REQUIRED\=YES
    export CODE_SIGN_ENTITLEMENTS\=Malibu.entitlements
    export CODE_SIGN_IDENTITY\=-
    export CODE_SIGN_IDENTITY_NO\=Apple\ Development
    export CODE_SIGN_IDENTITY_YES\=-
    export CODE_SIGN_INJECT_BASE_ENTITLEMENTS\=YES
    export CODE_SIGN_STYLE\=Manual
    export COLOR_DIAGNOSTICS\=NO
    export COMBINE_HIDPI_IMAGES\=YES
    export COMPILATION_CACHE_CAS_PATH\=/Users/augstar/Library/Developer/Xcode/DerivedData/CompilationCache.noindex
    export COMPILATION_CACHE_KEEP_CAS_DIRECTORY\=YES
    export COMPILER_INDEX_STORE_ENABLE\=Default
    export COMPOSITE_SDK_DIRS\=/Users/augstar/Library/Developer/Xcode/DerivedData/Malibu-cadiaoswicqctqgsgdgeqxtlosmr/Build/Intermediates.noindex/CompositeSDKs
    export COMPRESS_PNG_FILES\=NO
    export CONFIGURATION\=Debug
    export CONFIGURATION_BUILD_DIR\=/Users/augstar/Library/Developer/Xcode/DerivedData/Malibu-cadiaoswicqctqgsgdgeqxtlosmr/Build/Products/Debug
    export CONFIGURATION_TEMP_DIR\=/Users/augstar/Library/Developer/Xcode/DerivedData/Malibu-cadiaoswicqctqgsgdgeqxtlosmr/Build/Intermediates.noindex/Malibu.build/Debug
    export CONTENTS_FOLDER_PATH\=Malibu.app/Contents
    export CONTENTS_FOLDER_PATH_SHALLOW_BUNDLE_NO\=Malibu.app/Contents
    export CONTENTS_FOLDER_PATH_SHALLOW_BUNDLE_YES\=Malibu.app
    export COPYING_PRESERVES_HFS_DATA\=NO
    export COPY_HEADERS_RUN_UNIFDEF\=NO
    export COPY_PHASE_STRIP\=NO
    export CP\=/bin/cp
    export CREATE_INFOPLIST_SECTION_IN_BINARY\=NO
    export CURRENT_ARCH\=undefined_arch
    export CURRENT_PROJECT_VERSION\=123
    export CURRENT_VARIANT\=normal
    export DEAD_CODE_STRIPPING\=NO
    export DEBUGGING_SYMBOLS\=YES
    export DEBUG_INFORMATION_FORMAT\=dwarf
    export DEBUG_INFORMATION_VERSION\=compiler-default
    export DEFAULT_COMPILER\=com.apple.compilers.llvm.clang.1_0
    export DEFAULT_DEXT_INSTALL_PATH\=/System/Library/DriverExtensions
    export DEFAULT_KEXT_INSTALL_PATH\=/System/Library/Extensions
    export DEFINES_MODULE\=NO
    export DEPLOYMENT_LOCATION\=NO
    export DEPLOYMENT_POSTPROCESSING\=NO
    export DEPLOYMENT_TARGET_SETTING_NAME\=MACOSX_DEPLOYMENT_TARGET
    export DEPLOYMENT_TARGET_SUGGESTED_VALUES\=10.13\ 10.14\ 10.15\ 11.0\ 11.1\ 11.2\ 11.3\ 11.4\ 11.5\ 12.0\ 12.2\ 12.3\ 12.4\ 13.0\ 13.1\ 13.2\ 13.3\ 13.4\ 13.5\ 14.0\ 14.1\ 14.2\ 14.3\ 14.4\ 14.5\ 14.6\ 15.0\ 15.1\ 15.2\ 15.3\ 15.4\ 15.5\ 15.6\ 26.0\ 26.1\ 26.2\ 26.3\ 26.4\ 26.5
    export DERIVED_FILES_DIR\=/Users/augstar/Library/Developer/Xcode/DerivedData/Malibu-cadiaoswicqctqgsgdgeqxtlosmr/Build/Intermediates.noindex/Malibu.build/Debug/Malibu.build/DerivedSources
    export DERIVED_FILE_DIR\=/Users/augstar/Library/Developer/Xcode/DerivedData/Malibu-cadiaoswicqctqgsgdgeqxtlosmr/Build/Intermediates.noindex/Malibu.build/Debug/Malibu.build/DerivedSources
    export DERIVED_SOURCES_DIR\=/Users/augstar/Library/Developer/Xcode/DerivedData/Malibu-cadiaoswicqctqgsgdgeqxtlosmr/Build/Intermediates.noindex/Malibu.build/Debug/Malibu.build/DerivedSources
    export DEVELOPER_APPLICATIONS_DIR\=/Applications/Xcode.app/Contents/Developer/Applications
    export DEVELOPER_BIN_DIR\=/Applications/Xcode.app/Contents/Developer/usr/bin
    export DEVELOPER_DIR\=/Applications/Xcode.app/Contents/Developer
    export DEVELOPER_FRAMEWORKS_DIR\=/Applications/Xcode.app/Contents/Developer/Library/Frameworks
    export DEVELOPER_FRAMEWORKS_DIR_QUOTED\=/Applications/Xcode.app/Contents/Developer/Library/Frameworks
    export DEVELOPER_LIBRARY_DIR\=/Applications/Xcode.app/Contents/Developer/Library
    export DEVELOPER_SDK_DIR\=/Applications/Xcode.app/Contents/Developer/Platforms/MacOSX.platform/Developer/SDKs
    export DEVELOPER_TOOLS_DIR\=/Applications/Xcode.app/Contents/Developer/Tools
    export DEVELOPER_USR_DIR\=/Applications/Xcode.app/Contents/Developer/usr
    export DEVELOPMENT_LANGUAGE\=en
    export DIAGNOSE_MISSING_TARGET_DEPENDENCIES\=YES
    export DIFF\=/usr/bin/diff
    export DOCUMENTATION_FOLDER_PATH\=Malibu.app/Contents/Resources/en.lproj/Documentation
    export DONT_GENERATE_INFOPLIST_FILE\=NO
    export DSTROOT\=/tmp/Malibu.dst
    export DT_TOOLCHAIN_DIR\=/Applications/Xcode.app/Contents/Developer/Toolchains/XcodeDefault.xctoolchain
    export DUMP_DEPENDENCIES\=NO
    export DUMP_DEPENDENCIES_OUTPUT_PATH\=/Users/augstar/Library/Developer/Xcode/DerivedData/Malibu-cadiaoswicqctqgsgdgeqxtlosmr/Build/Intermediates.noindex/Malibu.build/Debug/Malibu.build/Malibu-BuildDependencyInfo.json
    export DWARF_DSYM_FILE_NAME\=Malibu.app.dSYM
    export DWARF_DSYM_FILE_SHOULD_ACCOMPANY_PRODUCT\=NO
    export DWARF_DSYM_FOLDER_PATH\=/Users/augstar/Library/Developer/Xcode/DerivedData/Malibu-cadiaoswicqctqgsgdgeqxtlosmr/Build/Products/Debug
    export DYNAMIC_LIBRARY_EXTENSION\=dylib
    export EAGER_COMPILATION_ALLOW_SCRIPTS\=NO
    export EAGER_LINKING\=NO
    export EFFECTIVE_SWIFT_VERSION\=5
    export EMBEDDED_CONTENT_CONTAINS_SWIFT\=NO
    export EMBEDDED_PROFILE_NAME\=embedded.provisionprofile
    export EMBED_ASSET_PACKS_IN_PRODUCT_BUNDLE\=NO
    export ENABLE_APP_SANDBOX\=NO
    export ENABLE_CODE_COVERAGE\=YES
    export ENABLE_COHORT_ARCHS\=NO
    export ENABLE_CPLUSPLUS_BOUNDS_SAFE_BUFFERS\=NO
    export ENABLE_C_BOUNDS_SAFETY\=NO
    export ENABLE_DEBUG_DYLIB\=YES
    export ENABLE_DEFAULT_HEADER_SEARCH_PATHS\=YES
    export ENABLE_DEFAULT_SEARCH_PATHS\=YES
    export ENABLE_ENHANCED_SECURITY\=NO
    export ENABLE_HARDENED_RUNTIME\=NO
    export ENABLE_HEADER_DEPENDENCIES\=YES
    export ENABLE_INCOMING_NETWORK_CONNECTIONS\=NO
    export ENABLE_ON_DEMAND_RESOURCES\=NO
    export ENABLE_OUTGOING_NETWORK_CONNECTIONS\=NO
    export ENABLE_POINTER_AUTHENTICATION\=NO
    export ENABLE_PREVIEWS\=NO
    export ENABLE_RESOURCE_ACCESS_AUDIO_INPUT\=NO
    export ENABLE_RESOURCE_ACCESS_BLUETOOTH\=NO
    export ENABLE_RESOURCE_ACCESS_CALENDARS\=NO
    export ENABLE_RESOURCE_ACCESS_CAMERA\=NO
    export ENABLE_RESOURCE_ACCESS_CONTACTS\=NO
    export ENABLE_RESOURCE_ACCESS_LOCATION\=NO
    export ENABLE_RESOURCE_ACCESS_PHOTO_LIBRARY\=NO
    export ENABLE_RESOURCE_ACCESS_PRINTING\=NO
    export ENABLE_RESOURCE_ACCESS_USB\=NO
    export ENABLE_SDK_IMPORTS\=NO
    export ENABLE_SECURITY_COMPILER_WARNINGS\=NO
    export ENABLE_STRICT_OBJC_MSGSEND\=YES
    export ENABLE_TESTABILITY\=YES
    export ENABLE_TESTING_SEARCH_PATHS\=NO
    export ENABLE_USER_SCRIPT_SANDBOXING\=NO
    export ENABLE_XOJIT_PREVIEWS\=YES
    export ENFORCE_VALID_ARCHS\=YES
    export ENTITLEMENTS_ALLOWED\=YES
    export ENTITLEMENTS_DESTINATION\=Signature
    export ENTITLEMENTS_REQUIRED\=NO
    export EXCLUDED_INSTALLSRC_SUBDIRECTORY_PATTERNS\=.DS_Store\ .svn\ .git\ .hg\ CVS
    export EXCLUDED_RECURSIVE_SEARCH_PATH_SUBDIRECTORIES\=\*.nib\ \*.lproj\ \*.framework\ \*.gch\ \*.xcode\*\ \*.xcassets\ \*.icon\ \(\*\)\ .DS_Store\ CVS\ .svn\ .git\ .hg\ \*.pbproj\ \*.pbxproj
    export EXECUTABLES_FOLDER_PATH\=Malibu.app/Contents/Executables
    export EXECUTABLE_BLANK_INJECTION_DYLIB_PATH\=Malibu.app/Contents/MacOS/__preview.dylib
    export EXECUTABLE_DEBUG_DYLIB_INSTALL_NAME\=@rpath/Malibu.debug.dylib
    export EXECUTABLE_DEBUG_DYLIB_PATH\=Malibu.app/Contents/MacOS/Malibu.debug.dylib
    export EXECUTABLE_FOLDER_PATH\=Malibu.app/Contents/MacOS
    export EXECUTABLE_FOLDER_PATH_SHALLOW_BUNDLE_NO\=Malibu.app/Contents/MacOS
    export EXECUTABLE_FOLDER_PATH_SHALLOW_BUNDLE_YES\=Malibu.app/Contents
    export EXECUTABLE_NAME\=Malibu
    export EXECUTABLE_PATH\=Malibu.app/Contents/MacOS/Malibu
    export EXTENSIONS_FOLDER_PATH\=Malibu.app/Contents/Extensions
    export FILE_LIST\=/Users/augstar/Library/Developer/Xcode/DerivedData/Malibu-cadiaoswicqctqgsgdgeqxtlosmr/Build/Intermediates.noindex/Malibu.build/Debug/Malibu.build/Objects/LinkFileList
    export FIXED_FILES_DIR\=/Users/augstar/Library/Developer/Xcode/DerivedData/Malibu-cadiaoswicqctqgsgdgeqxtlosmr/Build/Intermediates.noindex/Malibu.build/Debug/Malibu.build/FixedFiles
    export FRAMEWORKS_FOLDER_PATH\=Malibu.app/Contents/Frameworks
    export FRAMEWORK_FLAG_PREFIX\=-framework
    export FRAMEWORK_SEARCH_PATHS\=/Users/augstar/Library/Developer/Xcode/DerivedData/Malibu-cadiaoswicqctqgsgdgeqxtlosmr/Build/Products/Debug\ 
    export FRAMEWORK_VERSION\=A
    export FULL_PRODUCT_NAME\=Malibu.app
    export FUSE_BUILD_PHASES\=YES
    export FUSE_BUILD_SCRIPT_PHASES\=NO
    export GCC3_VERSION\=3.3
    export GCC_C_LANGUAGE_STANDARD\=gnu11
    export GCC_DYNAMIC_NO_PIC\=NO
    export GCC_INLINES_ARE_PRIVATE_EXTERN\=YES
    export GCC_NO_COMMON_BLOCKS\=YES
    export GCC_OPTIMIZATION_LEVEL\=0
    export GCC_PFE_FILE_C_DIALECTS\=c\ objective-c\ c++\ objective-c++
    export GCC_PREPROCESSOR_DEFINITIONS\=\ DEBUG\=1
    export GCC_SYMBOLS_PRIVATE_EXTERN\=NO
    export GCC_TREAT_WARNINGS_AS_ERRORS\=NO
    export GCC_VERSION\=com.apple.compilers.llvm.clang.1_0
    export GCC_VERSION_IDENTIFIER\=com_apple_compilers_llvm_clang_1_0
    export GCC_WARN_64_TO_32_BIT_CONVERSION\=YES
    export GCC_WARN_ABOUT_RETURN_TYPE\=YES_ERROR
    export GCC_WARN_UNDECLARED_SELECTOR\=YES
    export GCC_WARN_UNINITIALIZED_AUTOS\=YES_AGGRESSIVE
    export GCC_WARN_UNUSED_FUNCTION\=YES
    export GCC_WARN_UNUSED_VARIABLE\=YES
    export GENERATED_MODULEMAP_DIR\=/Users/augstar/Library/Developer/Xcode/DerivedData/Malibu-cadiaoswicqctqgsgdgeqxtlosmr/Build/Intermediates.noindex/GeneratedModuleMaps
    export GENERATE_INFOPLIST_FILE\=NO
    export GENERATE_INTERMEDIATE_TEXT_BASED_STUBS\=YES
    export GENERATE_PKGINFO_FILE\=YES
    export GENERATE_PRELINK_OBJECT_FILE\=NO
    export GENERATE_PROFILING_CODE\=NO
    export GENERATE_TEXT_BASED_STUBS\=NO
    export GID\=20
    export GROUP\=staff
    export HEADERMAP_INCLUDES_FLAT_ENTRIES_FOR_TARGET_BEING_BUILT\=YES
    export HEADERMAP_INCLUDES_FRAMEWORK_ENTRIES_FOR_ALL_PRODUCT_TYPES\=YES
    export HEADERMAP_INCLUDES_FRAMEWORK_ENTRIES_FOR_TARGETS_NOT_BEING_BUILT\=YES
    export HEADERMAP_INCLUDES_NONPUBLIC_NONPRIVATE_HEADERS\=YES
    export HEADERMAP_INCLUDES_PROJECT_HEADERS\=YES
    export HEADERMAP_USES_FRAMEWORK_PREFIX_ENTRIES\=YES
    export HEADERMAP_USES_VFS\=NO
    export HEADER_SEARCH_PATHS\=/Users/augstar/Library/Developer/Xcode/DerivedData/Malibu-cadiaoswicqctqgsgdgeqxtlosmr/Build/Products/Debug/include\ 
    export HOME\=/Users/augstar
    export HOST_ARCH\=arm64
    export HOST_PLATFORM\=macosx
    export ICONV\=/usr/bin/iconv
    export IMPLICIT_DEPENDENCY_DOMAIN\=default
    export INDEX_STORE_COMPRESS\=NO
    export INDEX_STORE_ONLY_PROJECT_FILES\=NO
    export INFOPLIST_ENABLE_CFBUNDLEICONS_MERGE\=YES
    export INFOPLIST_EXPAND_BUILD_SETTINGS\=YES
    export INFOPLIST_FILE\=Sources/Malibu/Info.plist
    export INFOPLIST_KEY_LSApplicationCategoryType\=public.app-category.utilities
    export INFOPLIST_OUTPUT_FORMAT\=same-as-input
    export INFOPLIST_PATH\=Malibu.app/Contents/Info.plist
    export INFOPLIST_PREPROCESS\=NO
    export INFOSTRINGS_PATH\=Malibu.app/Contents/Resources/en.lproj/InfoPlist.strings
    export INLINE_PRIVATE_FRAMEWORKS\=NO
    export INSTALLAPI_IGNORE_SKIP_INSTALL\=YES
    export INSTALLHDRS_COPY_PHASE\=NO
    export INSTALLHDRS_SCRIPT_PHASE\=NO
    export INSTALL_DIR\=/tmp/Malibu.dst/Applications
    export INSTALL_GROUP\=staff
    export INSTALL_MODE_FLAG\=u+w,go-w,a+rX
    export INSTALL_OWNER\=augstar
    export INSTALL_PATH\=/Applications
    export INSTALL_ROOT\=/tmp/Malibu.dst
    export IOS_UNZIPPERED_TWIN_PREFIX_PATH\=/System/iOSSupport
    export IS_MACCATALYST\=NO
    export IS_UNOPTIMIZED_BUILD\=YES
    export JAVAC_DEFAULT_FLAGS\=-J-Xms64m\ -J-XX:NewSize\=4M\ -J-Dfile.encoding\=UTF8
    export JAVA_APP_STUB\=/System/Library/Frameworks/JavaVM.framework/Resources/MacOS/JavaApplicationStub
    export JAVA_ARCHIVE_CLASSES\=YES
    export JAVA_ARCHIVE_TYPE\=JAR
    export JAVA_COMPILER\=/usr/bin/javac
    export JAVA_FOLDER_PATH\=Malibu.app/Contents/Resources/Java
    export JAVA_FRAMEWORK_RESOURCES_DIRS\=Resources
    export JAVA_JAR_FLAGS\=cv
    export JAVA_SOURCE_SUBDIR\=.
    export JAVA_USE_DEPENDENCIES\=YES
    export JAVA_ZIP_FLAGS\=-urg
    export JIKES_DEFAULT_FLAGS\=+E\ +OLDCSO
    export KASAN_CFLAGS_CLASSIC\=-DKASAN\=1\ -DKASAN_CLASSIC\=1\ -fsanitize\=address\ -mllvm\ -asan-globals-live-support\ -mllvm\ -asan-force-dynamic-shadow
    export KASAN_CFLAGS_TBI\=-DKASAN\=1\ -DKASAN_TBI\=1\ -fsanitize\=kernel-hwaddress\ -mllvm\ -hwasan-recover\=0\ -mllvm\ -hwasan-instrument-atomics\=0\ -mllvm\ -hwasan-instrument-stack\=1\ -mllvm\ -hwasan-generate-tags-with-calls\=1\ -mllvm\ -hwasan-instrument-with-calls\=1\ -mllvm\ -hwasan-use-short-granules\=0\ -mllvm\ -hwasan-memory-access-callback-prefix\=__asan_
    export KASAN_DEFAULT_CFLAGS\=-DKASAN\=1\ -DKASAN_CLASSIC\=1\ -fsanitize\=address\ -mllvm\ -asan-globals-live-support\ -mllvm\ -asan-force-dynamic-shadow
    export KEEP_PRIVATE_EXTERNS\=NO
    export LD_DEPENDENCY_INFO_FILE\=/Users/augstar/Library/Developer/Xcode/DerivedData/Malibu-cadiaoswicqctqgsgdgeqxtlosmr/Build/Intermediates.noindex/Malibu.build/Debug/Malibu.build/Objects-normal/undefined_arch/Malibu_dependency_info.dat
    export LD_EXPORT_SYMBOLS\=YES
    export LD_GENERATE_MAP_FILE\=NO
    export LD_MAP_FILE_PATH\=/Users/augstar/Library/Developer/Xcode/DerivedData/Malibu-cadiaoswicqctqgsgdgeqxtlosmr/Build/Intermediates.noindex/Malibu.build/Debug/Malibu.build/Malibu-LinkMap-normal-undefined_arch.txt
    export LD_NO_PIE\=NO
    export LD_QUOTE_LINKER_ARGUMENTS_FOR_COMPILER_DRIVER\=YES
    export LD_RUNPATH_SEARCH_PATHS\=\ @executable_path/../Frameworks
    export LD_RUNPATH_SEARCH_PATHS_YES\=@loader_path/../Frameworks
    export LD_SHARED_CACHE_ELIGIBLE\=Automatic
    export LD_WARN_DUPLICATE_LIBRARIES\=NO
    export LD_WARN_UNUSED_DYLIBS\=NO
    export LEGACY_DEVELOPER_DIR\=/Applications/Xcode.app/Contents/PlugIns/Xcode3Core.ideplugin/Contents/SharedSupport/Developer
    export LEX\=lex
    export LIBRARY_DEXT_INSTALL_PATH\=/Library/DriverExtensions
    export LIBRARY_FLAG_NOSPACE\=YES
    export LIBRARY_FLAG_PREFIX\=-l
    export LIBRARY_KEXT_INSTALL_PATH\=/Library/Extensions
    export LIBRARY_SEARCH_PATHS\=/Users/augstar/Library/Developer/Xcode/DerivedData/Malibu-cadiaoswicqctqgsgdgeqxtlosmr/Build/Products/Debug\ 
    export LINKER_DISPLAYS_MANGLED_NAMES\=NO
    export LINK_FILE_LIST_normal_arm64\=/Users/augstar/Library/Developer/Xcode/DerivedData/Malibu-cadiaoswicqctqgsgdgeqxtlosmr/Build/Intermediates.noindex/Malibu.build/Debug/Malibu.build/Objects-normal/arm64/Malibu.LinkFileList
    export LINK_OBJC_RUNTIME\=YES
    export LINK_WITH_STANDARD_LIBRARIES\=YES
    export LLVM_TARGET_TRIPLE_OS_VERSION\=macos14.0
    export LLVM_TARGET_TRIPLE_OS_VERSION_NO\=macos14.0
    export LLVM_TARGET_TRIPLE_OS_VERSION_YES\=macos26.5
    export LLVM_TARGET_TRIPLE_VENDOR\=apple
    export LM_AUX_CONST_METADATA_LIST_PATH_normal_arm64\=/Users/augstar/Library/Developer/Xcode/DerivedData/Malibu-cadiaoswicqctqgsgdgeqxtlosmr/Build/Intermediates.noindex/Malibu.build/Debug/Malibu.build/Objects-normal/arm64/Malibu.SwiftConstValuesFileList
    export LOCALIZATION_EXPORT_SUPPORTED\=YES
    export LOCALIZATION_PREFERS_STRING_CATALOGS\=NO
    export LOCALIZED_RESOURCES_FOLDER_PATH\=Malibu.app/Contents/Resources/en.lproj
    export LOCALIZED_STRING_CODE_COMMENTS\=NO
    export LOCALIZED_STRING_MACRO_NAMES\=NSLocalizedString\ CFCopyLocalizedString
    export LOCALIZED_STRING_SWIFTUI_SUPPORT\=YES
    export LOCAL_ADMIN_APPS_DIR\=/Applications/Utilities
    export LOCAL_APPS_DIR\=/Applications
    export LOCAL_DEVELOPER_DIR\=/Library/Developer
    export LOCAL_LIBRARY_DIR\=/Library
    export LOCROOT\=/Users/augstar/.codex/worktrees/macprovider/product-build-1/phase3-binary/app
    export LOCSYMROOT\=/Users/augstar/.codex/worktrees/macprovider/product-build-1/phase3-binary/app
    export MACH_O_TYPE\=mh_execute
    export MACOSX_DEPLOYMENT_TARGET\=14.0
    export MAC_OS_X_PRODUCT_BUILD_VERSION\=25F71
    export MAC_OS_X_VERSION_ACTUAL\=260500
    export MAC_OS_X_VERSION_MAJOR\=260000
    export MAC_OS_X_VERSION_MINOR\=260500
    export MAKE_MERGEABLE\=NO
    export MARKETING_VERSION\=1.8.123
    export MERGEABLE_LIBRARY\=NO
    export MERGED_BINARY_TYPE\=none
    export MERGE_LINKED_LIBRARIES\=NO
    export METAL_LIBRARY_FILE_BASE\=default
    export METAL_LIBRARY_OUTPUT_DIR\=/Users/augstar/Library/Developer/Xcode/DerivedData/Malibu-cadiaoswicqctqgsgdgeqxtlosmr/Build/Products/Debug/Malibu.app/Contents/Resources
    export MODULES_FOLDER_PATH\=Malibu.app/Contents/Modules
    export MODULE_CACHE_DIR\=/Users/augstar/Library/Developer/Xcode/DerivedData/ModuleCache.noindex
    export MTL_ENABLE_DEBUG_INFO\=INCLUDE_SOURCE
    export MTL_FAST_MATH\=YES
    export NATIVE_ARCH\=arm64
    export NATIVE_ARCH_32_BIT\=arm
    export NATIVE_ARCH_64_BIT\=arm64
    export NATIVE_ARCH_ACTUAL\=arm64
    export NO_COMMON\=YES
    export OBJECT_FILE_DIR\=/Users/augstar/Library/Developer/Xcode/DerivedData/Malibu-cadiaoswicqctqgsgdgeqxtlosmr/Build/Intermediates.noindex/Malibu.build/Debug/Malibu.build/Objects
    export OBJECT_FILE_DIR_normal\=/Users/augstar/Library/Developer/Xcode/DerivedData/Malibu-cadiaoswicqctqgsgdgeqxtlosmr/Build/Intermediates.noindex/Malibu.build/Debug/Malibu.build/Objects-normal
    export OBJROOT\=/Users/augstar/Library/Developer/Xcode/DerivedData/Malibu-cadiaoswicqctqgsgdgeqxtlosmr/Build/Intermediates.noindex
    export ONLY_ACTIVE_ARCH\=YES
    export OS\=MACOS
    export OSAC\=/usr/bin/osacompile
    export OTHER_SWIFT_FLAGS\=-strict-concurrency\=complete
    export PACKAGE_TYPE\=com.apple.package-type.wrapper.application
    export PASCAL_STRINGS\=YES
    export PATH\=/Applications/Xcode.app/Contents/SharedFrameworks/SwiftBuild.framework/Versions/A/PlugIns/SWBBuildService.bundle/Contents/PlugIns/SWBUniversalPlatformPlugin.bundle/Contents/Frameworks/SWBUniversalPlatform.framework/Resources:/var/run/com.apple.security.cryptexd/mnt/com.apple.MobileAsset.MetalToolchain-v17.6.109.0.DdyyGF/Metal.xctoolchain/usr/bin:/var/run/com.apple.security.cryptexd/mnt/com.apple.MobileAsset.MetalToolchain-v17.6.109.0.DdyyGF/Metal.xctoolchain/usr/local/bin:/var/run/com.apple.security.cryptexd/mnt/com.apple.MobileAsset.MetalToolchain-v17.6.109.0.DdyyGF/Metal.xctoolchain/usr/libexec:/Applications/Xcode.app/Contents/Developer/Toolchains/XcodeDefault.xctoolchain/usr/bin:/Applications/Xcode.app/Contents/Developer/Toolchains/XcodeDefault.xctoolchain/usr/local/bin:/Applications/Xcode.app/Contents/Developer/Toolchains/XcodeDefault.xctoolchain/usr/libexec:/Applications/Xcode.app/Contents/Developer/Platforms/MacOSX.platform/usr/bin:/Applications/Xcode.app/Contents/Developer/Platforms/MacOSX.platform/usr/local/bin:/Applications/Xcode.app/Contents/Developer/Platforms/MacOSX.platform/Developer/usr/bin:/Applications/Xcode.app/Contents/Developer/Platforms/MacOSX.platform/Developer/usr/local/bin:/Applications/Xcode.app/Contents/Developer/usr/bin:/Applications/Xcode.app/Contents/Developer/usr/local/bin:/Users/augstar/.grok/bin:/Users/augstar/.opencode/bin:/Users/augstar/.local/bin:/opt/homebrew/bin:/opt/homebrew/sbin:/Users/augstar/.local/share/solana/install/active_release/bin:/usr/local/bin:/System/Cryptexes/App/usr/bin:/usr/bin:/bin:/usr/sbin:/sbin:/var/run/com.apple.security.cryptexd/codex.system/bootstrap/usr/local/bin:/var/run/com.apple.security.cryptexd/codex.system/bootstrap/usr/bin:/var/run/com.apple.security.cryptexd/codex.system/bootstrap/usr/appleinternal/bin:/pkg/env/global/bin:/Library/Apple/usr/bin:/Users/augstar/.local/lib/node_modules/@openai/codex/node_modules/@openai/codex-darwin-arm64/vendor/aarch64-apple-darwin/codex-path:/Users/augstar/.codex/tmp/arg0/codex-arg0YPjWG4:/Users/augstar/.cargo/bin:/Users/augstar/.foundry/bin
    export PATH_PREFIXES_EXCLUDED_FROM_HEADER_DEPENDENCIES\=/usr/include\ /usr/local/include\ /System/Library/Frameworks\ /System/Library/PrivateFrameworks\ /Applications/Xcode.app/Contents/Developer/Headers\ /Applications/Xcode.app/Contents/Developer/SDKs\ /Applications/Xcode.app/Contents/Developer/Platforms
    export PBDEVELOPMENTPLIST_PATH\=Malibu.app/Contents/pbdevelopment.plist
    export PER_ARCH_MODULE_FILE_DIR\=/Users/augstar/Library/Developer/Xcode/DerivedData/Malibu-cadiaoswicqctqgsgdgeqxtlosmr/Build/Intermediates.noindex/Malibu.build/Debug/Malibu.build/Objects-normal/undefined_arch
    export PER_ARCH_OBJECT_FILE_DIR\=/Users/augstar/Library/Developer/Xcode/DerivedData/Malibu-cadiaoswicqctqgsgdgeqxtlosmr/Build/Intermediates.noindex/Malibu.build/Debug/Malibu.build/Objects-normal/undefined_arch
    export PER_VARIANT_OBJECT_FILE_DIR\=/Users/augstar/Library/Developer/Xcode/DerivedData/Malibu-cadiaoswicqctqgsgdgeqxtlosmr/Build/Intermediates.noindex/Malibu.build/Debug/Malibu.build/Objects-normal
    export PKGINFO_FILE_PATH\=/Users/augstar/Library/Developer/Xcode/DerivedData/Malibu-cadiaoswicqctqgsgdgeqxtlosmr/Build/Intermediates.noindex/Malibu.build/Debug/Malibu.build/PkgInfo
    export PKGINFO_PATH\=Malibu.app/Contents/PkgInfo
    export PLATFORM_DEVELOPER_APPLICATIONS_DIR\=/Applications/Xcode.app/Contents/Developer/Applications
    export PLATFORM_DEVELOPER_BIN_DIR\=/Applications/Xcode.app/Contents/Developer/usr/bin
    export PLATFORM_DEVELOPER_LIBRARY_DIR\=/Applications/Xcode.app/Contents/Developer/Library
    export PLATFORM_DEVELOPER_SDK_DIR\=/Applications/Xcode.app/Contents/Developer/Platforms/MacOSX.platform/Developer/SDKs
    export PLATFORM_DEVELOPER_TOOLS_DIR\=/Applications/Xcode.app/Contents/Developer/Tools
    export PLATFORM_DEVELOPER_USR_DIR\=/Applications/Xcode.app/Contents/Developer/usr
    export PLATFORM_DIR\=/Applications/Xcode.app/Contents/Developer/Platforms/MacOSX.platform
    export PLATFORM_DISPLAY_NAME\=macOS
    export PLATFORM_FAMILY_NAME\=macOS
    export PLATFORM_NAME\=macosx
    export PLATFORM_PREFERRED_ARCH\=x86_64
    export PLATFORM_PRODUCT_BUILD_VERSION\=25F70
    export PLATFORM_REQUIRES_SWIFT_AUTOLINK_EXTRACT\=NO
    export PLATFORM_REQUIRES_SWIFT_MODULEWRAP\=NO
    export PLATFORM_USES_DSYMS\=YES
    export PLIST_FILE_OUTPUT_FORMAT\=same-as-input
    export PLUGINS_FOLDER_PATH\=Malibu.app/Contents/PlugIns
    export PRECOMPS_INCLUDE_HEADERS_FROM_BUILT_PRODUCTS_DIR\=YES
    export PRECOMP_DESTINATION_DIR\=/Users/augstar/Library/Developer/Xcode/DerivedData/Malibu-cadiaoswicqctqgsgdgeqxtlosmr/Build/Intermediates.noindex/Malibu.build/Debug/Malibu.build/PrefixHeaders
    export PRIVATE_HEADERS_FOLDER_PATH\=Malibu.app/Contents/PrivateHeaders
    export PROCESSED_INFOPLIST_PATH\=/Users/augstar/Library/Developer/Xcode/DerivedData/Malibu-cadiaoswicqctqgsgdgeqxtlosmr/Build/Intermediates.noindex/Malibu.build/Debug/Malibu.build/Objects-normal/undefined_arch/Processed-Info.plist
    export PRODUCT_BUNDLE_IDENTIFIER\=tech.malibu.app
    export PRODUCT_BUNDLE_PACKAGE_TYPE\=APPL
    export PRODUCT_MODULE_NAME\=Malibu
    export PRODUCT_NAME\=Malibu
    export PRODUCT_SETTINGS_PATH\=/Users/augstar/.codex/worktrees/macprovider/product-build-1/phase3-binary/app/Sources/Malibu/Info.plist
    export PRODUCT_TYPE\=com.apple.product-type.application
    export PROFILING_CODE\=NO
    export PROJECT\=Malibu
    export PROJECT_DERIVED_FILE_DIR\=/Users/augstar/Library/Developer/Xcode/DerivedData/Malibu-cadiaoswicqctqgsgdgeqxtlosmr/Build/Intermediates.noindex/Malibu.build/DerivedSources
    export PROJECT_DIR\=/Users/augstar/.codex/worktrees/macprovider/product-build-1/phase3-binary/app
    export PROJECT_FILE_PATH\=/Users/augstar/.codex/worktrees/macprovider/product-build-1/phase3-binary/app/Malibu.xcodeproj
    export PROJECT_GUID\=0e1a5d4d86e97b6abeba119c26a843ba
    export PROJECT_NAME\=Malibu
    export PROJECT_TEMP_DIR\=/Users/augstar/Library/Developer/Xcode/DerivedData/Malibu-cadiaoswicqctqgsgdgeqxtlosmr/Build/Intermediates.noindex/Malibu.build
    export PROJECT_TEMP_ROOT\=/Users/augstar/Library/Developer/Xcode/DerivedData/Malibu-cadiaoswicqctqgsgdgeqxtlosmr/Build/Intermediates.noindex
    export PROVISIONING_PROFILE_REQUIRED\=NO
    export PROVISIONING_PROFILE_REQUIRED_YES_YES\=YES
    export PROVISIONING_PROFILE_SUPPORTED\=YES
    export PUBLIC_HEADERS_FOLDER_PATH\=Malibu.app/Contents/Headers
    export RECOMMENDED_MACOSX_DEPLOYMENT_TARGET\=11.0
    export RECURSIVE_SEARCH_PATHS_FOLLOW_SYMLINKS\=YES
    export REMOVE_CVS_FROM_RESOURCES\=YES
    export REMOVE_GIT_FROM_RESOURCES\=YES
    export REMOVE_HEADERS_FROM_EMBEDDED_BUNDLES\=YES
    export REMOVE_HG_FROM_RESOURCES\=YES
    export REMOVE_STATIC_EXECUTABLES_FROM_EMBEDDED_BUNDLES\=YES
    export REMOVE_SVN_FROM_RESOURCES\=YES
    export RESCHEDULE_INDEPENDENT_HEADERS_PHASES\=YES
    export REZ_COLLECTOR_DIR\=/Users/augstar/Library/Developer/Xcode/DerivedData/Malibu-cadiaoswicqctqgsgdgeqxtlosmr/Build/Intermediates.noindex/Malibu.build/Debug/Malibu.build/ResourceManagerResources
    export REZ_OBJECTS_DIR\=/Users/augstar/Library/Developer/Xcode/DerivedData/Malibu-cadiaoswicqctqgsgdgeqxtlosmr/Build/Intermediates.noindex/Malibu.build/Debug/Malibu.build/ResourceManagerResources/Objects
    export REZ_SEARCH_PATHS\=/Users/augstar/Library/Developer/Xcode/DerivedData/Malibu-cadiaoswicqctqgsgdgeqxtlosmr/Build/Products/Debug\ 
    export RPATH_ORIGIN\=@loader_path
    export RUNTIME_EXCEPTION_ALLOW_DYLD_ENVIRONMENT_VARIABLES\=NO
    export RUNTIME_EXCEPTION_ALLOW_JIT\=NO
    export RUNTIME_EXCEPTION_ALLOW_UNSIGNED_EXECUTABLE_MEMORY\=NO
    export RUNTIME_EXCEPTION_DEBUGGING_TOOL\=NO
    export RUNTIME_EXCEPTION_DISABLE_EXECUTABLE_PAGE_PROTECTION\=NO
    export RUNTIME_EXCEPTION_DISABLE_LIBRARY_VALIDATION\=NO
    export SCANNING_PCM_KEEP_CACHE_DIRECTORY\=YES
    export SCAN_ALL_SOURCE_FILES_FOR_INCLUDES\=NO
    export SCRIPTS_FOLDER_PATH\=Malibu.app/Contents/Resources/Scripts
    export SCRIPT_INPUT_FILE_COUNT\=0
    export SCRIPT_INPUT_FILE_LIST_COUNT\=0
    export SCRIPT_OUTPUT_FILE_COUNT\=0
    export SCRIPT_OUTPUT_FILE_LIST_COUNT\=0
    export SDKROOT\=/Applications/Xcode.app/Contents/Developer/Platforms/MacOSX.platform/Developer/SDKs/MacOSX26.5.sdk
    export SDK_DIR\=/Applications/Xcode.app/Contents/Developer/Platforms/MacOSX.platform/Developer/SDKs/MacOSX26.5.sdk
    export SDK_DIR_macosx\=/Applications/Xcode.app/Contents/Developer/Platforms/MacOSX.platform/Developer/SDKs/MacOSX26.5.sdk
    export SDK_DIR_macosx26_5\=/Applications/Xcode.app/Contents/Developer/Platforms/MacOSX.platform/Developer/SDKs/MacOSX26.5.sdk
    export SDK_NAME\=macosx26.5
    export SDK_NAMES\=macosx26.5
    export SDK_PRODUCT_BUILD_VERSION\=25F70
    export SDK_STAT_CACHE_DIR\=/Users/augstar/Library/Developer/Xcode/DerivedData
    export SDK_STAT_CACHE_ENABLE\=YES
    export SDK_STAT_CACHE_PATH\=/Users/augstar/Library/Developer/Xcode/DerivedData/SDKStatCaches.noindex/macosx26.5-25F70-688ef53f1462e2c8f657fdc38a81448fe082c4a02f00227109f4ed75e425c832.sdkstatcache
    export SDK_VERSION\=26.5
    export SDK_VERSION_ACTUAL\=260500
    export SDK_VERSION_MAJOR\=260000
    export SDK_VERSION_MINOR\=260500
    export SED\=/usr/bin/sed
    export SEPARATE_STRIP\=NO
    export SEPARATE_SYMBOL_EDIT\=NO
    export SET_DIR_MODE_OWNER_GROUP\=YES
    export SET_FILE_MODE_OWNER_GROUP\=NO
    export SHALLOW_BUNDLE\=NO
    export SHALLOW_BUNDLE_PLATFORM\=NO
    export SHALLOW_BUNDLE_TRIPLE\=macos
    export SHALLOW_BUNDLE_ios_macabi\=NO
    export SHALLOW_BUNDLE_macos\=NO
    export SHARED_DERIVED_FILE_DIR\=/Users/augstar/Library/Developer/Xcode/DerivedData/Malibu-cadiaoswicqctqgsgdgeqxtlosmr/Build/Products/Debug/DerivedSources
    export SHARED_FRAMEWORKS_FOLDER_PATH\=Malibu.app/Contents/SharedFrameworks
    export SHARED_PRECOMPS_DIR\=/Users/augstar/Library/Developer/Xcode/DerivedData/Malibu-cadiaoswicqctqgsgdgeqxtlosmr/Build/Intermediates.noindex/PrecompiledHeaders
    export SHARED_SUPPORT_FOLDER_PATH\=Malibu.app/Contents/SharedSupport
    export SKIP_INSTALL\=NO
    export SKIP_MERGEABLE_LIBRARY_BUNDLE_HOOK\=NO
    export SOURCE_ROOT\=/Users/augstar/.codex/worktrees/macprovider/product-build-1/phase3-binary/app
    export SRCROOT\=/Users/augstar/.codex/worktrees/macprovider/product-build-1/phase3-binary/app
    export STRINGSDATA_DIR\=/Users/augstar/Library/Developer/Xcode/DerivedData/Malibu-cadiaoswicqctqgsgdgeqxtlosmr/Build/Intermediates.noindex/Malibu.build/Debug/Malibu.build/Objects-normal/undefined_arch
    export STRINGSDATA_ROOT\=/Users/augstar/Library/Developer/Xcode/DerivedData/Malibu-cadiaoswicqctqgsgdgeqxtlosmr/Build/Intermediates.noindex/Malibu.build/Debug/Malibu.build
    export STRINGS_FILE_INFOPLIST_RENAME\=YES
    export STRINGS_FILE_OUTPUT_ENCODING\=UTF-16
    export STRING_CATALOG_GENERATE_SYMBOLS\=NO
    export STRIP_BITCODE_FROM_COPIED_FILES\=NO
    export STRIP_INSTALLED_PRODUCT\=NO
    export STRIP_PNG_TEXT\=NO
    export STRIP_STYLE\=all
    export STRIP_SWIFT_SYMBOLS\=YES
    export SUPPORTED_PLATFORMS\=macosx
    export SUPPORTS_MACCATALYST\=NO
    export SUPPORTS_ON_DEMAND_RESOURCES\=NO
    export SUPPORTS_TEXT_BASED_API\=NO
    export SUPPRESS_WARNINGS\=NO
    export SWIFT_ACTIVE_COMPILATION_CONDITIONS\=DEBUG
    export SWIFT_EMIT_CONST_VALUE_PROTOCOLS\=AnyResolverProviding\ AppEntity\ AppEnum\ AppExtension\ AppIntent\ AppIntentsPackage\ AppShortcutProviding\ AppShortcutsProvider\ DynamicOptionsProvider\ EntityQuery\ ExtensionPointDefining\ IntentValueQuery\ Resolver\ TransientEntity\ _AssistantIntentsProvider\ _GenerativeFunctionExtractable\ _IntentValueRepresentable
    export SWIFT_EMIT_LOC_STRINGS\=NO
    export SWIFT_ENABLE_EXPLICIT_MODULES\=YES
    export SWIFT_OPTIMIZATION_LEVEL\=-Onone
    export SWIFT_PLATFORM_TARGET_PREFIX\=macos
    export SWIFT_RESPONSE_FILE_PATH_normal_arm64\=/Users/augstar/Library/Developer/Xcode/DerivedData/Malibu-cadiaoswicqctqgsgdgeqxtlosmr/Build/Intermediates.noindex/Malibu.build/Debug/Malibu.build/Objects-normal/arm64/Malibu.SwiftFileList
    export SWIFT_VERSION\=5.9
    export SYMROOT\=/Users/augstar/Library/Developer/Xcode/DerivedData/Malibu-cadiaoswicqctqgsgdgeqxtlosmr/Build/Products
    export SYSTEM_ADMIN_APPS_DIR\=/Applications/Utilities
    export SYSTEM_APPS_DIR\=/Applications
    export SYSTEM_CORE_SERVICES_DIR\=/System/Library/CoreServices
    export SYSTEM_DEMOS_DIR\=/Applications/Extras
    export SYSTEM_DEVELOPER_APPS_DIR\=/Applications/Xcode.app/Contents/Developer/Applications
    export SYSTEM_DEVELOPER_BIN_DIR\=/Applications/Xcode.app/Contents/Developer/usr/bin
    export SYSTEM_DEVELOPER_DEMOS_DIR\=/Applications/Xcode.app/Contents/Developer/Applications/Utilities/Built\ Examples
    export SYSTEM_DEVELOPER_DIR\=/Applications/Xcode.app/Contents/Developer
    export SYSTEM_DEVELOPER_DOC_DIR\=/Applications/Xcode.app/Contents/Developer/ADC\ Reference\ Library
    export SYSTEM_DEVELOPER_GRAPHICS_TOOLS_DIR\=/Applications/Xcode.app/Contents/Developer/Applications/Graphics\ Tools
    export SYSTEM_DEVELOPER_JAVA_TOOLS_DIR\=/Applications/Xcode.app/Contents/Developer/Applications/Java\ Tools
    export SYSTEM_DEVELOPER_PERFORMANCE_TOOLS_DIR\=/Applications/Xcode.app/Contents/Developer/Applications/Performance\ Tools
    export SYSTEM_DEVELOPER_RELEASENOTES_DIR\=/Applications/Xcode.app/Contents/Developer/ADC\ Reference\ Library/releasenotes
    export SYSTEM_DEVELOPER_TOOLS\=/Applications/Xcode.app/Contents/Developer/Tools
    export SYSTEM_DEVELOPER_TOOLS_DOC_DIR\=/Applications/Xcode.app/Contents/Developer/ADC\ Reference\ Library/documentation/DeveloperTools
    export SYSTEM_DEVELOPER_TOOLS_RELEASENOTES_DIR\=/Applications/Xcode.app/Contents/Developer/ADC\ Reference\ Library/releasenotes/DeveloperTools
    export SYSTEM_DEVELOPER_USR_DIR\=/Applications/Xcode.app/Contents/Developer/usr
    export SYSTEM_DEVELOPER_UTILITIES_DIR\=/Applications/Xcode.app/Contents/Developer/Applications/Utilities
    export SYSTEM_DEXT_INSTALL_PATH\=/System/Library/DriverExtensions
    export SYSTEM_DOCUMENTATION_DIR\=/Library/Documentation
    export SYSTEM_EXTENSIONS_FOLDER_PATH\=Malibu.app/Contents/Library/SystemExtensions
    export SYSTEM_EXTENSIONS_FOLDER_PATH_SHALLOW_BUNDLE_NO\=Malibu.app/Contents/Library/SystemExtensions
    export SYSTEM_EXTENSIONS_FOLDER_PATH_SHALLOW_BUNDLE_YES\=Malibu.app/Contents/SystemExtensions
    export SYSTEM_KEXT_INSTALL_PATH\=/System/Library/Extensions
    export SYSTEM_LIBRARY_DIR\=/System/Library
    export TAPI_DEMANGLE\=YES
    export TAPI_ENABLE_PROJECT_HEADERS\=NO
    export TAPI_LANGUAGE\=objective-c
    export TAPI_LANGUAGE_STANDARD\=compiler-default
    export TAPI_USE_SRCROOT\=YES
    export TAPI_VERIFY_MODE\=Pedantic
    export TARGETNAME\=Malibu
    export TARGET_BUILD_DIR\=/Users/augstar/Library/Developer/Xcode/DerivedData/Malibu-cadiaoswicqctqgsgdgeqxtlosmr/Build/Products/Debug
    export TARGET_NAME\=Malibu
    export TARGET_TEMP_DIR\=/Users/augstar/Library/Developer/Xcode/DerivedData/Malibu-cadiaoswicqctqgsgdgeqxtlosmr/Build/Intermediates.noindex/Malibu.build/Debug/Malibu.build
    export TEMP_DIR\=/Users/augstar/Library/Developer/Xcode/DerivedData/Malibu-cadiaoswicqctqgsgdgeqxtlosmr/Build/Intermediates.noindex/Malibu.build/Debug/Malibu.build
    export TEMP_FILES_DIR\=/Users/augstar/Library/Developer/Xcode/DerivedData/Malibu-cadiaoswicqctqgsgdgeqxtlosmr/Build/Intermediates.noindex/Malibu.build/Debug/Malibu.build
    export TEMP_FILE_DIR\=/Users/augstar/Library/Developer/Xcode/DerivedData/Malibu-cadiaoswicqctqgsgdgeqxtlosmr/Build/Intermediates.noindex/Malibu.build/Debug/Malibu.build
    export TEMP_ROOT\=/Users/augstar/Library/Developer/Xcode/DerivedData/Malibu-cadiaoswicqctqgsgdgeqxtlosmr/Build/Intermediates.noindex
    export TEMP_SANDBOX_DIR\=/Users/augstar/Library/Developer/Xcode/DerivedData/Malibu-cadiaoswicqctqgsgdgeqxtlosmr/Build/Intermediates.noindex/TemporaryTaskSandboxes
    export TEST_FRAMEWORK_SEARCH_PATHS\=\ /Applications/Xcode.app/Contents/Developer/Platforms/MacOSX.platform/Developer/Library/Frameworks
    export TEST_LIBRARY_SEARCH_PATHS\=\ /Applications/Xcode.app/Contents/Developer/Platforms/MacOSX.platform/Developer/usr/lib
    export TOOLCHAINS\=com.apple.dt.toolchain.Metal.32023.883\ com.apple.dt.toolchain.XcodeDefault
    export TOOLCHAIN_DIR\=/var/run/com.apple.security.cryptexd/mnt/com.apple.MobileAsset.MetalToolchain-v17.6.109.0.DdyyGF/Metal.xctoolchain
    export TOOLCHAIN_VERSION\=32023.883
    export TREAT_MISSING_BASELINES_AS_TEST_FAILURES\=NO
    export TREAT_MISSING_SCRIPT_PHASE_OUTPUTS_AS_ERRORS\=NO
    export UID\=501
    export UNINSTALLED_PRODUCTS_DIR\=/Users/augstar/Library/Developer/Xcode/DerivedData/Malibu-cadiaoswicqctqgsgdgeqxtlosmr/Build/Intermediates.noindex/UninstalledProducts
    export UNLOCALIZED_RESOURCES_FOLDER_PATH\=Malibu.app/Contents/Resources
    export UNLOCALIZED_RESOURCES_FOLDER_PATH_SHALLOW_BUNDLE_NO\=Malibu.app/Contents/Resources
    export UNLOCALIZED_RESOURCES_FOLDER_PATH_SHALLOW_BUNDLE_YES\=Malibu.app/Contents
    export UNSTRIPPED_PRODUCT\=NO
    export USER\=augstar
    export USER_APPS_DIR\=/Users/augstar/Applications
    export USER_LIBRARY_DIR\=/Users/augstar/Library
    export USE_DYNAMIC_NO_PIC\=YES
    export USE_HEADERMAP\=YES
    export USE_HEADER_SYMLINKS\=NO
    export VALIDATE_DEVELOPMENT_ASSET_PATHS\=YES_ERROR
    export VALIDATE_PRODUCT\=NO
    export VALID_ARCHS\=arm64\ arm64e\ i386\ x86_64
    export VERBOSE_PBXCP\=NO
    export VERSIONPLIST_PATH\=Malibu.app/Contents/version.plist
    export VERSION_INFO_BUILDER\=augstar
    export VERSION_INFO_FILE\=Malibu_vers.c
    export VERSION_INFO_STRING\=\"@\(\#\)PROGRAM:Malibu\ \ PROJECT:Malibu-123\"
    export WORKSPACE_DIR\=/Users/augstar/.codex/worktrees/macprovider/product-build-1/phase3-binary/app/Malibu.xcodeproj
    export WRAPPER_EXTENSION\=app
    export WRAPPER_NAME\=Malibu.app
    export WRAPPER_SUFFIX\=.app
    export WRAP_ASSET_PACKS_IN_SEPARATE_DIRECTORIES\=NO
    export XCODE_APP_SUPPORT_DIR\=/Applications/Xcode.app/Contents/Developer/Library/Xcode
    export XCODE_PRODUCT_BUILD_VERSION\=17F113
    export XCODE_VERSION_ACTUAL\=2660
    export XCODE_VERSION_MAJOR\=2600
    export XCODE_VERSION_MINOR\=2660
    export XPCSERVICES_FOLDER_PATH\=Malibu.app/Contents/XPCServices
    export YACC\=yacc
    export _BOOL_\=NO
    export _BOOL_NO\=NO
    export _BOOL_YES\=YES
    export _DEVELOPMENT_TEAM_IS_EMPTY\=YES
    export _DISCOVER_COMMAND_LINE_LINKER_INPUTS\=YES
    export _DISCOVER_COMMAND_LINE_LINKER_INPUTS_INCLUDE_WL\=YES
    export _IS_EMPTY_\=YES
    export _LD_MULTIARCH\=YES
    export _MACOSX_DEPLOYMENT_TARGET_IS_EMPTY\=NO
    export _WRAPPER_CONTENTS_DIR\=/Contents
    export _WRAPPER_CONTENTS_DIR_SHALLOW_BUNDLE_NO\=/Contents
    export _WRAPPER_PARENT_PATH\=/..
    export _WRAPPER_PARENT_PATH_SHALLOW_BUNDLE_NO\=/..
    export _WRAPPER_RESOURCES_DIR\=/Resources
    export _WRAPPER_RESOURCES_DIR_SHALLOW_BUNDLE_NO\=/Resources
    export __DIAGNOSE_DEPRECATED_ARCHS\=YES
    export __IS_NOT_MACOS\=NO
    export __IS_NOT_MACOS_macosx\=NO
    export __IS_NOT_SIMULATOR\=YES
    export __IS_NOT_SIMULATOR_simulator\=NO
    export __ORIGINAL_SDK_DEFINED_LLVM_TARGET_TRIPLE_SYS\=macos
    export arch\=undefined_arch
    export variant\=normal
    /bin/sh -c /Users/augstar/Library/Developer/Xcode/DerivedData/Malibu-cadiaoswicqctqgsgdgeqxtlosmr/Build/Intermediates.noindex/Malibu.build/Debug/Malibu.build/Script-2EB36B975D2FA88962D9F8FA.sh

CopySwiftLibs /Users/augstar/Library/Developer/Xcode/DerivedData/Malibu-cadiaoswicqctqgsgdgeqxtlosmr/Build/Products/Debug/Malibu.app (in target 'Malibu' from project 'Malibu')
    cd /Users/augstar/.codex/worktrees/macprovider/product-build-1/phase3-binary/app
    builtin-swiftStdLibTool --copy --verbose --scan-executable /Users/augstar/Library/Developer/Xcode/DerivedData/Malibu-cadiaoswicqctqgsgdgeqxtlosmr/Build/Products/Debug/Malibu.app/Contents/MacOS/Malibu.debug.dylib --scan-folder /Users/augstar/Library/Developer/Xcode/DerivedData/Malibu-cadiaoswicqctqgsgdgeqxtlosmr/Build/Products/Debug/Malibu.app/Contents/Frameworks --scan-folder /Users/augstar/Library/Developer/Xcode/DerivedData/Malibu-cadiaoswicqctqgsgdgeqxtlosmr/Build/Products/Debug/Malibu.app/Contents/PlugIns --scan-folder /Users/augstar/Library/Developer/Xcode/DerivedData/Malibu-cadiaoswicqctqgsgdgeqxtlosmr/Build/Products/Debug/Malibu.app/Contents/Library/SystemExtensions --scan-folder /Users/augstar/Library/Developer/Xcode/DerivedData/Malibu-cadiaoswicqctqgsgdgeqxtlosmr/Build/Products/Debug/Malibu.app/Contents/Extensions --platform macosx --toolchain /var/run/com.apple.security.cryptexd/mnt/com.apple.MobileAsset.MetalToolchain-v17.6.109.0.DdyyGF/Metal.xctoolchain --toolchain /Applications/Xcode.app/Contents/Developer/Toolchains/XcodeDefault.xctoolchain --destination /Users/augstar/Library/Developer/Xcode/DerivedData/Malibu-cadiaoswicqctqgsgdgeqxtlosmr/Build/Products/Debug/Malibu.app/Contents/Frameworks --strip-bitcode --strip-bitcode-tool /Applications/Xcode.app/Contents/Developer/Toolchains/XcodeDefault.xctoolchain/usr/bin/bitcode_strip --emit-dependency-info /Users/augstar/Library/Developer/Xcode/DerivedData/Malibu-cadiaoswicqctqgsgdgeqxtlosmr/Build/Intermediates.noindex/Malibu.build/Debug/Malibu.build/SwiftStdLibToolInputDependencies.dep --filter-for-swift-os --back-deploy-swift-span
Ignoring --strip-bitcode because --sign was not passed

ExtractAppIntentsMetadata (in target 'Malibu' from project 'Malibu')
    cd /Users/augstar/.codex/worktrees/macprovider/product-build-1/phase3-binary/app
    /Applications/Xcode.app/Contents/Developer/Toolchains/XcodeDefault.xctoolchain/usr/bin/appintentsmetadataprocessor --toolchain-dir /var/run/com.apple.security.cryptexd/mnt/com.apple.MobileAsset.MetalToolchain-v17.6.109.0.DdyyGF/Metal.xctoolchain --module-name Malibu --sdk-root /Applications/Xcode.app/Contents/Developer/Platforms/MacOSX.platform/Developer/SDKs/MacOSX26.5.sdk --xcode-version 17F113 --platform-family macOS --deployment-target 14.0 --bundle-identifier tech.malibu.app --output /Users/augstar/Library/Developer/Xcode/DerivedData/Malibu-cadiaoswicqctqgsgdgeqxtlosmr/Build/Products/Debug/Malibu.app/Contents/Resources --target-triple arm64-apple-macos14.0 --binary-file /Users/augstar/Library/Developer/Xcode/DerivedData/Malibu-cadiaoswicqctqgsgdgeqxtlosmr/Build/Products/Debug/Malibu.app/Contents/MacOS/Malibu --dependency-file /Users/augstar/Library/Developer/Xcode/DerivedData/Malibu-cadiaoswicqctqgsgdgeqxtlosmr/Build/Intermediates.noindex/Malibu.build/Debug/Malibu.build/Objects-normal/arm64/Malibu_dependency_info.dat --stringsdata-file /Users/augstar/Library/Developer/Xcode/DerivedData/Malibu-cadiaoswicqctqgsgdgeqxtlosmr/Build/Intermediates.noindex/Malibu.build/Debug/Malibu.build/Objects-normal/arm64/ExtractedAppShortcutsMetadata.stringsdata --source-file-list /Users/augstar/Library/Developer/Xcode/DerivedData/Malibu-cadiaoswicqctqgsgdgeqxtlosmr/Build/Intermediates.noindex/Malibu.build/Debug/Malibu.build/Objects-normal/arm64/Malibu.SwiftFileList --metadata-file-list /Users/augstar/Library/Developer/Xcode/DerivedData/Malibu-cadiaoswicqctqgsgdgeqxtlosmr/Build/Intermediates.noindex/Malibu.build/Debug/Malibu.build/Malibu.DependencyMetadataFileList --static-metadata-file-list /Users/augstar/Library/Developer/Xcode/DerivedData/Malibu-cadiaoswicqctqgsgdgeqxtlosmr/Build/Intermediates.noindex/Malibu.build/Debug/Malibu.build/Malibu.DependencyStaticMetadataFileList --swift-const-vals-list /Users/augstar/Library/Developer/Xcode/DerivedData/Malibu-cadiaoswicqctqgsgdgeqxtlosmr/Build/Intermediates.noindex/Malibu.build/Debug/Malibu.build/Objects-normal/arm64/Malibu.SwiftConstValuesFileList --compile-time-extraction --deployment-aware-processing --validate-assistant-intents --no-app-shortcuts-localization
2026-09-10 13:45:19.258 appintentsmetadataprocessor[52110:54669482] Starting appintentsmetadataprocessor export
2026-09-10 13:45:19.261 appintentsmetadataprocessor[52110:54669482] warning: Metadata extraction skipped. No AppIntents.framework dependency found.

SwiftDriver MalibuTests normal arm64 com.apple.xcode.tools.swift.compiler (in target 'MalibuTests' from project 'Malibu')
    cd /Users/augstar/.codex/worktrees/macprovider/product-build-1/phase3-binary/app
    builtin-SwiftDriver -- /Applications/Xcode.app/Contents/Developer/Toolchains/XcodeDefault.xctoolchain/usr/bin/swiftc -module-name MalibuTests -Onone @/Users/augstar/Library/Developer/Xcode/DerivedData/Malibu-cadiaoswicqctqgsgdgeqxtlosmr/Build/Intermediates.noindex/Malibu.build/Debug/MalibuTests.build/Objects-normal/arm64/MalibuTests.SwiftFileList -DDEBUG -strict-concurrency\=complete -plugin-path /Applications/Xcode.app/Contents/Developer/Toolchains/XcodeDefault.xctoolchain/usr/lib/swift/host/plugins/testing -enable-bare-slash-regex -enable-experimental-feature DebugDescriptionMacro -sdk /Applications/Xcode.app/Contents/Developer/Platforms/MacOSX.platform/Developer/SDKs/MacOSX26.5.sdk -target arm64-apple-macos14.0 -g -module-cache-path /Users/augstar/Library/Developer/Xcode/DerivedData/ModuleCache.noindex -Xfrontend -serialize-debugging-options -profile-coverage-mapping -profile-generate -enable-testing -index-store-path /Users/augstar/Library/Developer/Xcode/DerivedData/Malibu-cadiaoswicqctqgsgdgeqxtlosmr/Index.noindex/DataStore -Xcc -D_LIBCPP_HARDENING_MODE\=_LIBCPP_HARDENING_MODE_DEBUG -swift-version 5 -I /Users/augstar/Library/Developer/Xcode/DerivedData/Malibu-cadiaoswicqctqgsgdgeqxtlosmr/Build/Products/Debug -Isystem /Applications/Xcode.app/Contents/Developer/Platforms/MacOSX.platform/Developer/usr/lib -F /Users/augstar/Library/Developer/Xcode/DerivedData/Malibu-cadiaoswicqctqgsgdgeqxtlosmr/Build/Products/Debug -F /Applications/Xcode.app/Contents/Developer/Platforms/MacOSX.platform/Developer/Library/Frameworks -c -j10 -enable-batch-mode -incremental -Xcc -ivfsstatcache -Xcc /Users/augstar/Library/Developer/Xcode/DerivedData/SDKStatCaches.noindex/macosx26.5-25F70-688ef53f1462e2c8f657fdc38a81448fe082c4a02f00227109f4ed75e425c832.sdkstatcache -output-file-map /Users/augstar/Library/Developer/Xcode/DerivedData/Malibu-cadiaoswicqctqgsgdgeqxtlosmr/Build/Intermediates.noindex/Malibu.build/Debug/MalibuTests.build/Objects-normal/arm64/MalibuTests-OutputFileMap.json -use-frontend-parseable-output -save-temps -no-color-diagnostics -explicit-module-build -module-cache-path /Users/augstar/Library/Developer/Xcode/DerivedData/Malibu-cadiaoswicqctqgsgdgeqxtlosmr/Build/Intermediates.noindex/SwiftExplicitPrecompiledModules -clang-scanner-module-cache-path /Users/augstar/Library/Developer/Xcode/DerivedData/ModuleCache.noindex -sdk-module-cache-path /Users/augstar/Library/Developer/Xcode/DerivedData/ModuleCache.noindex -serialize-diagnostics -emit-dependencies -emit-module -emit-module-path /Users/augstar/Library/Developer/Xcode/DerivedData/Malibu-cadiaoswicqctqgsgdgeqxtlosmr/Build/Intermediates.noindex/Malibu.build/Debug/MalibuTests.build/Objects-normal/arm64/MalibuTests.swiftmodule -validate-clang-modules-once -clang-build-session-file /Users/augstar/Library/Developer/Xcode/DerivedData/ModuleCache.noindex/Session.modulevalidation -Xcc -I/Users/augstar/Library/Developer/Xcode/DerivedData/Malibu-cadiaoswicqctqgsgdgeqxtlosmr/Build/Intermediates.noindex/Malibu.build/Debug/MalibuTests.build/swift-overrides.hmap -emit-const-values -Xfrontend -const-gather-protocols-file -Xfrontend /Users/augstar/Library/Developer/Xcode/DerivedData/Malibu-cadiaoswicqctqgsgdgeqxtlosmr/Build/Intermediates.noindex/Malibu.build/Debug/MalibuTests.build/Objects-normal/arm64/MalibuTests_const_extract_protocols.json -Xcc -iquote -Xcc /Users/augstar/Library/Developer/Xcode/DerivedData/Malibu-cadiaoswicqctqgsgdgeqxtlosmr/Build/Intermediates.noindex/Malibu.build/Debug/MalibuTests.build/MalibuTests-generated-files.hmap -Xcc -I/Users/augstar/Library/Developer/Xcode/DerivedData/Malibu-cadiaoswicqctqgsgdgeqxtlosmr/Build/Intermediates.noindex/Malibu.build/Debug/MalibuTests.build/MalibuTests-own-target-headers.hmap -Xcc -I/Users/augstar/Library/Developer/Xcode/DerivedData/Malibu-cadiaoswicqctqgsgdgeqxtlosmr/Build/Intermediates.noindex/Malibu.build/Debug/MalibuTests.build/MalibuTests-all-target-headers.hmap -Xcc -iquote -Xcc /Users/augstar/Library/Developer/Xcode/DerivedData/Malibu-cadiaoswicqctqgsgdgeqxtlosmr/Build/Intermediates.noindex/Malibu.build/Debug/MalibuTests.build/MalibuTests-project-headers.hmap -Xcc -I/Users/augstar/Library/Developer/Xcode/DerivedData/Malibu-cadiaoswicqctqgsgdgeqxtlosmr/Build/Products/Debug/include -Xcc -I/Users/augstar/Library/Developer/Xcode/DerivedData/Malibu-cadiaoswicqctqgsgdgeqxtlosmr/Build/Intermediates.noindex/Malibu.build/Debug/MalibuTests.build/DerivedSources-normal/arm64 -Xcc -I/Users/augstar/Library/Developer/Xcode/DerivedData/Malibu-cadiaoswicqctqgsgdgeqxtlosmr/Build/Intermediates.noindex/Malibu.build/Debug/MalibuTests.build/DerivedSources/arm64 -Xcc -I/Users/augstar/Library/Developer/Xcode/DerivedData/Malibu-cadiaoswicqctqgsgdgeqxtlosmr/Build/Intermediates.noindex/Malibu.build/Debug/MalibuTests.build/DerivedSources -Xcc -DDEBUG\=1 -emit-objc-header -emit-objc-header-path /Users/augstar/Library/Developer/Xcode/DerivedData/Malibu-cadiaoswicqctqgsgdgeqxtlosmr/Build/Intermediates.noindex/Malibu.build/Debug/MalibuTests.build/Objects-normal/arm64/MalibuTests-Swift.h -working-directory /Users/augstar/.codex/worktrees/macprovider/product-build-1/phase3-binary/app -experimental-emit-module-separately -disable-cmo

CpResource /Users/augstar/Library/Developer/Xcode/DerivedData/Malibu-cadiaoswicqctqgsgdgeqxtlosmr/Build/Products/Debug/Malibu.app/Contents/PlugIns/MalibuTests.xctest/Contents/Resources/payout-signer-chain.test.mjs /Users/augstar/.codex/worktrees/macprovider/product-build-1/phase3-binary/app/Tests/MalibuTests/payout-signer-chain.test.mjs (in target 'MalibuTests' from project 'Malibu')
    cd /Users/augstar/.codex/worktrees/macprovider/product-build-1/phase3-binary/app
    builtin-copy -exclude .DS_Store -exclude CVS -exclude .svn -exclude .git -exclude .hg -resolve-src-symlinks /Users/augstar/.codex/worktrees/macprovider/product-build-1/phase3-binary/app/Tests/MalibuTests/payout-signer-chain.test.mjs /Users/augstar/Library/Developer/Xcode/DerivedData/Malibu-cadiaoswicqctqgsgdgeqxtlosmr/Build/Products/Debug/Malibu.app/Contents/PlugIns/MalibuTests.xctest/Contents/Resources

ProcessInfoPlistFile /Users/augstar/Library/Developer/Xcode/DerivedData/Malibu-cadiaoswicqctqgsgdgeqxtlosmr/Build/Products/Debug/Malibu.app/Contents/PlugIns/MalibuTests.xctest/Contents/Info.plist /Users/augstar/Library/Developer/Xcode/DerivedData/Malibu-cadiaoswicqctqgsgdgeqxtlosmr/Build/Intermediates.noindex/Malibu.build/Debug/MalibuTests.build/empty-MalibuTests.plist (in target 'MalibuTests' from project 'Malibu')
    cd /Users/augstar/.codex/worktrees/macprovider/product-build-1/phase3-binary/app
    builtin-infoPlistUtility /Users/augstar/Library/Developer/Xcode/DerivedData/Malibu-cadiaoswicqctqgsgdgeqxtlosmr/Build/Intermediates.noindex/Malibu.build/Debug/MalibuTests.build/empty-MalibuTests.plist -producttype com.apple.product-type.bundle.unit-test -expandbuildsettings -platform macosx -o /Users/augstar/Library/Developer/Xcode/DerivedData/Malibu-cadiaoswicqctqgsgdgeqxtlosmr/Build/Products/Debug/Malibu.app/Contents/PlugIns/MalibuTests.xctest/Contents/Info.plist

SwiftExplicitDependencyGeneratePcm arm64 /Users/augstar/Library/Developer/Xcode/DerivedData/Malibu-cadiaoswicqctqgsgdgeqxtlosmr/Build/Intermediates.noindex/SwiftExplicitPrecompiledModules/XCUIAutomation-EXU0BRGE5D11EXZ5C71GQ13RU.pcm

SwiftExplicitDependencyGeneratePcm arm64 /Users/augstar/Library/Developer/Xcode/DerivedData/Malibu-cadiaoswicqctqgsgdgeqxtlosmr/Build/Intermediates.noindex/SwiftExplicitPrecompiledModules/XCTest-QIBFSFN54OXXV6V1S24WILYE.pcm

SwiftExplicitDependencyCompileModuleFromInterface arm64 /Users/augstar/Library/Developer/Xcode/DerivedData/Malibu-cadiaoswicqctqgsgdgeqxtlosmr/Build/Intermediates.noindex/SwiftExplicitPrecompiledModules/XCUIAutomation-2STS7OFE66AYC.swiftmodule

SwiftExplicitDependencyCompileModuleFromInterface arm64 /Users/augstar/Library/Developer/Xcode/DerivedData/Malibu-cadiaoswicqctqgsgdgeqxtlosmr/Build/Intermediates.noindex/SwiftExplicitPrecompiledModules/XCTest-3NN2I7XPPY5SW.swiftmodule

SwiftEmitModule normal arm64 Emitting\ module\ for\ MalibuTests (in target 'MalibuTests' from project 'Malibu')

EmitSwiftModule normal arm64 (in target 'MalibuTests' from project 'Malibu')
    cd /Users/augstar/.codex/worktrees/macprovider/product-build-1/phase3-binary/app
    

SwiftCompile normal arm64 Compiling\ AgentSnapshotPresenterTests.swift,\ AutotuneRecommendationRunnerTimeoutTests.swift,\ CLIInstallActivityMonitorTests.swift,\ CLIInstallTeardownTests.swift /Users/augstar/.codex/worktrees/macprovider/product-build-1/phase3-binary/app/Tests/MalibuTests/AgentSnapshotPresenterTests.swift /Users/augstar/.codex/worktrees/macprovider/product-build-1/phase3-binary/app/Tests/MalibuTests/AutotuneRecommendationRunnerTimeoutTests.swift /Users/augstar/.codex/worktrees/macprovider/product-build-1/phase3-binary/app/Tests/MalibuTests/CLIInstallActivityMonitorTests.swift /Users/augstar/.codex/worktrees/macprovider/product-build-1/phase3-binary/app/Tests/MalibuTests/CLIInstallTeardownTests.swift (in target 'MalibuTests' from project 'Malibu')
SwiftCompile normal arm64 /Users/augstar/.codex/worktrees/macprovider/product-build-1/phase3-binary/app/Tests/MalibuTests/AgentSnapshotPresenterTests.swift (in target 'MalibuTests' from project 'Malibu')
    cd /Users/augstar/.codex/worktrees/macprovider/product-build-1/phase3-binary/app
    

SwiftCompile normal arm64 /Users/augstar/.codex/worktrees/macprovider/product-build-1/phase3-binary/app/Tests/MalibuTests/AutotuneRecommendationRunnerTimeoutTests.swift (in target 'MalibuTests' from project 'Malibu')
    cd /Users/augstar/.codex/worktrees/macprovider/product-build-1/phase3-binary/app
    

SwiftCompile normal arm64 /Users/augstar/.codex/worktrees/macprovider/product-build-1/phase3-binary/app/Tests/MalibuTests/CLIInstallActivityMonitorTests.swift (in target 'MalibuTests' from project 'Malibu')
    cd /Users/augstar/.codex/worktrees/macprovider/product-build-1/phase3-binary/app
    

SwiftCompile normal arm64 /Users/augstar/.codex/worktrees/macprovider/product-build-1/phase3-binary/app/Tests/MalibuTests/CLIInstallTeardownTests.swift (in target 'MalibuTests' from project 'Malibu')
    cd /Users/augstar/.codex/worktrees/macprovider/product-build-1/phase3-binary/app
    

SwiftCompile normal arm64 Compiling\ SettingsWindowPresenterTests.swift,\ StartupRouteTests.swift,\ ThermalMonitorTests.swift /Users/augstar/.codex/worktrees/macprovider/product-build-1/phase3-binary/app/Tests/MalibuTests/SettingsWindowPresenterTests.swift /Users/augstar/.codex/worktrees/macprovider/product-build-1/phase3-binary/app/Tests/MalibuTests/StartupRouteTests.swift /Users/augstar/.codex/worktrees/macprovider/product-build-1/phase3-binary/app/Tests/MalibuTests/ThermalMonitorTests.swift (in target 'MalibuTests' from project 'Malibu')

SwiftCompile normal arm64 /Users/augstar/.codex/worktrees/macprovider/product-build-1/phase3-binary/app/Tests/MalibuTests/SettingsWindowPresenterTests.swift (in target 'MalibuTests' from project 'Malibu')
    cd /Users/augstar/.codex/worktrees/macprovider/product-build-1/phase3-binary/app
    

SwiftCompile normal arm64 /Users/augstar/.codex/worktrees/macprovider/product-build-1/phase3-binary/app/Tests/MalibuTests/StartupRouteTests.swift (in target 'MalibuTests' from project 'Malibu')
    cd /Users/augstar/.codex/worktrees/macprovider/product-build-1/phase3-binary/app
    

SwiftCompile normal arm64 /Users/augstar/.codex/worktrees/macprovider/product-build-1/phase3-binary/app/Tests/MalibuTests/ThermalMonitorTests.swift (in target 'MalibuTests' from project 'Malibu')
    cd /Users/augstar/.codex/worktrees/macprovider/product-build-1/phase3-binary/app
    

SwiftCompile normal arm64 Compiling\ CLIUpdateRunnerTests.swift,\ ControlFrameCodecTests.swift,\ ControlSocketClientTests.swift,\ DashboardViewTests.swift /Users/augstar/.codex/worktrees/macprovider/product-build-1/phase3-binary/app/Tests/MalibuTests/CLIUpdateRunnerTests.swift /Users/augstar/.codex/worktrees/macprovider/product-build-1/phase3-binary/app/Tests/MalibuTests/ControlFrameCodecTests.swift /Users/augstar/.codex/worktrees/macprovider/product-build-1/phase3-binary/app/Tests/MalibuTests/ControlSocketClientTests.swift /Users/augstar/.codex/worktrees/macprovider/product-build-1/phase3-binary/app/Tests/MalibuTests/DashboardViewTests.swift (in target 'MalibuTests' from project 'Malibu')
SwiftCompile normal arm64 /Users/augstar/.codex/worktrees/macprovider/product-build-1/phase3-binary/app/Tests/MalibuTests/CLIUpdateRunnerTests.swift (in target 'MalibuTests' from project 'Malibu')
    cd /Users/augstar/.codex/worktrees/macprovider/product-build-1/phase3-binary/app
    

SwiftCompile normal arm64 /Users/augstar/.codex/worktrees/macprovider/product-build-1/phase3-binary/app/Tests/MalibuTests/ControlFrameCodecTests.swift (in target 'MalibuTests' from project 'Malibu')
    cd /Users/augstar/.codex/worktrees/macprovider/product-build-1/phase3-binary/app
    

SwiftCompile normal arm64 /Users/augstar/.codex/worktrees/macprovider/product-build-1/phase3-binary/app/Tests/MalibuTests/ControlSocketClientTests.swift (in target 'MalibuTests' from project 'Malibu')
    cd /Users/augstar/.codex/worktrees/macprovider/product-build-1/phase3-binary/app
    

SwiftCompile normal arm64 /Users/augstar/.codex/worktrees/macprovider/product-build-1/phase3-binary/app/Tests/MalibuTests/DashboardViewTests.swift (in target 'MalibuTests' from project 'Malibu')
    cd /Users/augstar/.codex/worktrees/macprovider/product-build-1/phase3-binary/app
    

SwiftCompile normal arm64 Compiling\ OnboardingStateTests.swift,\ PayoutWalletFlowTests.swift,\ ProcessEnvironmentSanitizerTests.swift,\ ProviderCLIVersionTests.swift /Users/augstar/.codex/worktrees/macprovider/product-build-1/phase3-binary/app/Tests/MalibuTests/OnboardingStateTests.swift /Users/augstar/.codex/worktrees/macprovider/product-build-1/phase3-binary/app/Tests/MalibuTests/PayoutWalletFlowTests.swift /Users/augstar/.codex/worktrees/macprovider/product-build-1/phase3-binary/app/Tests/MalibuTests/ProcessEnvironmentSanitizerTests.swift /Users/augstar/.codex/worktrees/macprovider/product-build-1/phase3-binary/app/Tests/MalibuTests/ProviderCLIVersionTests.swift (in target 'MalibuTests' from project 'Malibu')

SwiftCompile normal arm64 /Users/augstar/.codex/worktrees/macprovider/product-build-1/phase3-binary/app/Tests/MalibuTests/OnboardingStateTests.swift (in target 'MalibuTests' from project 'Malibu')
    cd /Users/augstar/.codex/worktrees/macprovider/product-build-1/phase3-binary/app
    

SwiftCompile normal arm64 /Users/augstar/.codex/worktrees/macprovider/product-build-1/phase3-binary/app/Tests/MalibuTests/PayoutWalletFlowTests.swift (in target 'MalibuTests' from project 'Malibu')
    cd /Users/augstar/.codex/worktrees/macprovider/product-build-1/phase3-binary/app
    
/Users/augstar/.codex/worktrees/macprovider/product-build-1/phase3-binary/app/Tests/MalibuTests/PayoutWalletFlowTests.swift:348:24: warning: sending 'tolerantPost' risks causing data races; this is an error in the Swift 6 language mode
        async let ra = tolerantPost(addrA)
                       ^~~~~~~~~~~~~~~~~~~
/Users/augstar/.codex/worktrees/macprovider/product-build-1/phase3-binary/app/Tests/MalibuTests/PayoutWalletFlowTests.swift:348:24: note: sending task-isolated 'tolerantPost' into async let risks causing data races between nonisolated and task-isolated uses
        async let ra = tolerantPost(addrA)
                       ^
/Users/augstar/.codex/worktrees/macprovider/product-build-1/phase3-binary/app/Tests/MalibuTests/PayoutWalletFlowTests.swift:349:24: warning: sending 'tolerantPost' risks causing data races; this is an error in the Swift 6 language mode
        async let rb = tolerantPost(addrB)
                       ^~~~~~~~~~~~~~~~~~~
/Users/augstar/.codex/worktrees/macprovider/product-build-1/phase3-binary/app/Tests/MalibuTests/PayoutWalletFlowTests.swift:349:24: note: sending task-isolated 'tolerantPost' into async let risks causing data races between nonisolated and task-isolated uses
        async let rb = tolerantPost(addrB)
                       ^
/Users/augstar/.codex/worktrees/macprovider/product-build-1/phase3-binary/app/Tests/MalibuTests/PayoutWalletFlowTests.swift:474:52: warning: sending 'self' risks causing data races; this is an error in the Swift 6 language mode
            async let delivered: Int = (try? await post(port: port, path: "/cb", jsonObject: validBody())) ?? -1
                                       ~~~~~~~~~~~~^~~~~~~~~~~~~~~~~~~~~~~~~~~~~~~~~~~~~~~~~~~~~~~~~~~~~~~~~~~~~
/Users/augstar/.codex/worktrees/macprovider/product-build-1/phase3-binary/app/Tests/MalibuTests/PayoutWalletFlowTests.swift:474:52: note: sending task-isolated 'self' into async let risks causing data races between nonisolated and task-isolated uses
            async let delivered: Int = (try? await post(port: port, path: "/cb", jsonObject: validBody())) ?? -1
                                                   ^
/Users/augstar/.codex/worktrees/macprovider/product-build-1/phase3-binary/app/Tests/MalibuTests/PayoutWalletFlowTests.swift:474:52: warning: sending 'self' risks causing data races; this is an error in the Swift 6 language mode
            async let delivered: Int = (try? await post(port: port, path: "/cb", jsonObject: validBody())) ?? -1
                                       ~~~~~~~~~~~~^~~~~~~~~~~~~~~~~~~~~~~~~~~~~~~~~~~~~~~~~~~~~~~~~~~~~~~~~~~~~
/Users/augstar/.codex/worktrees/macprovider/product-build-1/phase3-binary/app/Tests/MalibuTests/PayoutWalletFlowTests.swift:474:52: note: sending task-isolated 'self' into async let risks causing data races between nonisolated and task-isolated uses
            async let delivered: Int = (try? await post(port: port, path: "/cb", jsonObject: validBody())) ?? -1
                                                   ^

SwiftCompile normal arm64 /Users/augstar/.codex/worktrees/macprovider/product-build-1/phase3-binary/app/Tests/MalibuTests/ProcessEnvironmentSanitizerTests.swift (in target 'MalibuTests' from project 'Malibu')
    cd /Users/augstar/.codex/worktrees/macprovider/product-build-1/phase3-binary/app
    

SwiftCompile normal arm64 /Users/augstar/.codex/worktrees/macprovider/product-build-1/phase3-binary/app/Tests/MalibuTests/ProviderCLIVersionTests.swift (in target 'MalibuTests' from project 'Malibu')
    cd /Users/augstar/.codex/worktrees/macprovider/product-build-1/phase3-binary/app
    

SwiftCompile normal arm64 Compiling\ MalibuOnboardingTimeoutsTests.swift,\ MenuBarBadgeThresholdTests.swift,\ MenuBarPresentationTests.swift,\ ModelManagementTests.swift /Users/augstar/.codex/worktrees/macprovider/product-build-1/phase3-binary/app/Tests/MalibuTests/MalibuOnboardingTimeoutsTests.swift /Users/augstar/.codex/worktrees/macprovider/product-build-1/phase3-binary/app/Tests/MalibuTests/MenuBarBadgeThresholdTests.swift /Users/augstar/.codex/worktrees/macprovider/product-build-1/phase3-binary/app/Tests/MalibuTests/MenuBarPresentationTests.swift /Users/augstar/.codex/worktrees/macprovider/product-build-1/phase3-binary/app/Tests/MalibuTests/ModelManagementTests.swift (in target 'MalibuTests' from project 'Malibu')

SwiftCompile normal arm64 /Users/augstar/.codex/worktrees/macprovider/product-build-1/phase3-binary/app/Tests/MalibuTests/MalibuOnboardingTimeoutsTests.swift (in target 'MalibuTests' from project 'Malibu')
    cd /Users/augstar/.codex/worktrees/macprovider/product-build-1/phase3-binary/app
    

SwiftCompile normal arm64 /Users/augstar/.codex/worktrees/macprovider/product-build-1/phase3-binary/app/Tests/MalibuTests/MenuBarBadgeThresholdTests.swift (in target 'MalibuTests' from project 'Malibu')
    cd /Users/augstar/.codex/worktrees/macprovider/product-build-1/phase3-binary/app
    
/Users/augstar/.codex/worktrees/macprovider/product-build-1/phase3-binary/app/Tests/MalibuTests/MenuBarBadgeThresholdTests.swift:19:13: warning: variable 'first' was never mutated; consider changing to 'let' constant
        var first = UnclaimedBadgeDismissalStore(defaults: defaults)
        ~~~ ^
        let

SwiftCompile normal arm64 /Users/augstar/.codex/worktrees/macprovider/product-build-1/phase3-binary/app/Tests/MalibuTests/MenuBarPresentationTests.swift (in target 'MalibuTests' from project 'Malibu')
    cd /Users/augstar/.codex/worktrees/macprovider/product-build-1/phase3-binary/app
    

SwiftCompile normal arm64 /Users/augstar/.codex/worktrees/macprovider/product-build-1/phase3-binary/app/Tests/MalibuTests/ModelManagementTests.swift (in target 'MalibuTests' from project 'Malibu')
    cd /Users/augstar/.codex/worktrees/macprovider/product-build-1/phase3-binary/app
    

SwiftCompile normal arm64 Compiling\ DashboardWindowE2ETests.swift,\ DashboardWindowSmokeTests.swift,\ EarningsEstimateFormatterTests.swift,\ InstalledProviderMonitorTests.swift /Users/augstar/.codex/worktrees/macprovider/product-build-1/phase3-binary/app/Tests/MalibuTests/DashboardWindowE2ETests.swift /Users/augstar/.codex/worktrees/macprovider/product-build-1/phase3-binary/app/Tests/MalibuTests/DashboardWindowSmokeTests.swift /Users/augstar/.codex/worktrees/macprovider/product-build-1/phase3-binary/app/Tests/MalibuTests/EarningsEstimateFormatterTests.swift /Users/augstar/.codex/worktrees/macprovider/product-build-1/phase3-binary/app/Tests/MalibuTests/InstalledProviderMonitorTests.swift (in target 'MalibuTests' from project 'Malibu')
SwiftCompile normal arm64 /Users/augstar/.codex/worktrees/macprovider/product-build-1/phase3-binary/app/Tests/MalibuTests/DashboardWindowE2ETests.swift (in target 'MalibuTests' from project 'Malibu')
    cd /Users/augstar/.codex/worktrees/macprovider/product-build-1/phase3-binary/app
    
/Users/augstar/.codex/worktrees/macprovider/product-build-1/phase3-binary/app/Tests/MalibuTests/DashboardWindowE2ETests.swift:57:13: warning: variable 'sheetText' was never mutated; consider changing to 'let' constant
        var sheetText = Self.ocrAllVisibleWindows()
        ~~~ ^
        let
/Users/augstar/.codex/worktrees/macprovider/product-build-1/phase3-binary/app/Tests/MalibuTests/DashboardWindowE2ETests.swift:261:29: warning: 'CGWindowListCreateImage' was deprecated in macOS 14.0: Please use ScreenCaptureKit instead.
        guard let cgImage = CGWindowListCreateImage(
                            ^

SwiftCompile normal arm64 /Users/augstar/.codex/worktrees/macprovider/product-build-1/phase3-binary/app/Tests/MalibuTests/DashboardWindowSmokeTests.swift (in target 'MalibuTests' from project 'Malibu')
    cd /Users/augstar/.codex/worktrees/macprovider/product-build-1/phase3-binary/app
    

SwiftCompile normal arm64 /Users/augstar/.codex/worktrees/macprovider/product-build-1/phase3-binary/app/Tests/MalibuTests/EarningsEstimateFormatterTests.swift (in target 'MalibuTests' from project 'Malibu')
    cd /Users/augstar/.codex/worktrees/macprovider/product-build-1/phase3-binary/app
    

SwiftCompile normal arm64 /Users/augstar/.codex/worktrees/macprovider/product-build-1/phase3-binary/app/Tests/MalibuTests/InstalledProviderMonitorTests.swift (in target 'MalibuTests' from project 'Malibu')
    cd /Users/augstar/.codex/worktrees/macprovider/product-build-1/phase3-binary/app
    

SwiftCompile normal arm64 Compiling\ ProviderConfigTests.swift,\ ProviderCredentialHandoffRunnerTests.swift,\ ProviderDiagnosticFindingTests.swift /Users/augstar/.codex/worktrees/macprovider/product-build-1/phase3-binary/app/Tests/MalibuTests/ProviderConfigTests.swift /Users/augstar/.codex/worktrees/macprovider/product-build-1/phase3-binary/app/Tests/MalibuTests/ProviderCredentialHandoffRunnerTests.swift /Users/augstar/.codex/worktrees/macprovider/product-build-1/phase3-binary/app/Tests/MalibuTests/ProviderDiagnosticFindingTests.swift (in target 'MalibuTests' from project 'Malibu')

SwiftCompile normal arm64 /Users/augstar/.codex/worktrees/macprovider/product-build-1/phase3-binary/app/Tests/MalibuTests/ProviderConfigTests.swift (in target 'MalibuTests' from project 'Malibu')
    cd /Users/augstar/.codex/worktrees/macprovider/product-build-1/phase3-binary/app
    

SwiftCompile normal arm64 /Users/augstar/.codex/worktrees/macprovider/product-build-1/phase3-binary/app/Tests/MalibuTests/ProviderCredentialHandoffRunnerTests.swift (in target 'MalibuTests' from project 'Malibu')
    cd /Users/augstar/.codex/worktrees/macprovider/product-build-1/phase3-binary/app
    

SwiftCompile normal arm64 /Users/augstar/.codex/worktrees/macprovider/product-build-1/phase3-binary/app/Tests/MalibuTests/ProviderDiagnosticFindingTests.swift (in target 'MalibuTests' from project 'Malibu')
    cd /Users/augstar/.codex/worktrees/macprovider/product-build-1/phase3-binary/app
    

SwiftCompile normal arm64 Compiling\ ReferralOnboardingTests.swift,\ ReferralProjectionTests.swift,\ RewardVerdictContractTests.swift /Users/augstar/.codex/worktrees/macprovider/product-build-1/phase3-binary/app/Tests/MalibuTests/ReferralOnboardingTests.swift /Users/augstar/.codex/worktrees/macprovider/product-build-1/phase3-binary/app/Tests/MalibuTests/ReferralProjectionTests.swift /Users/augstar/.codex/worktrees/macprovider/product-build-1/phase3-binary/app/Tests/MalibuTests/RewardVerdictContractTests.swift (in target 'MalibuTests' from project 'Malibu')

SwiftCompile normal arm64 /Users/augstar/.codex/worktrees/macprovider/product-build-1/phase3-binary/app/Tests/MalibuTests/ReferralOnboardingTests.swift (in target 'MalibuTests' from project 'Malibu')
    cd /Users/augstar/.codex/worktrees/macprovider/product-build-1/phase3-binary/app
    

SwiftCompile normal arm64 /Users/augstar/.codex/worktrees/macprovider/product-build-1/phase3-binary/app/Tests/MalibuTests/ReferralProjectionTests.swift (in target 'MalibuTests' from project 'Malibu')
    cd /Users/augstar/.codex/worktrees/macprovider/product-build-1/phase3-binary/app
    

SwiftCompile normal arm64 /Users/augstar/.codex/worktrees/macprovider/product-build-1/phase3-binary/app/Tests/MalibuTests/RewardVerdictContractTests.swift (in target 'MalibuTests' from project 'Malibu')
    cd /Users/augstar/.codex/worktrees/macprovider/product-build-1/phase3-binary/app
    
/Users/augstar/.codex/worktrees/macprovider/product-build-1/phase3-binary/app/Tests/MalibuTests/RewardVerdictContractTests.swift:328:13: warning: mutation of captured var 'logged' in concurrently-executing code
            logged.append((schema, field))
            ^

SwiftCompile normal arm64 Compiling\ ProviderDiagnosticsBundleTests.swift,\ ProviderLogDiagnosticsTests.swift,\ ProviderLogTailTests.swift /Users/augstar/.codex/worktrees/macprovider/product-build-1/phase3-binary/app/Tests/MalibuTests/ProviderDiagnosticsBundleTests.swift /Users/augstar/.codex/worktrees/macprovider/product-build-1/phase3-binary/app/Tests/MalibuTests/ProviderLogDiagnosticsTests.swift /Users/augstar/.codex/worktrees/macprovider/product-build-1/phase3-binary/app/Tests/MalibuTests/ProviderLogTailTests.swift (in target 'MalibuTests' from project 'Malibu')

SwiftCompile normal arm64 /Users/augstar/.codex/worktrees/macprovider/product-build-1/phase3-binary/app/Tests/MalibuTests/ProviderDiagnosticsBundleTests.swift (in target 'MalibuTests' from project 'Malibu')
    cd /Users/augstar/.codex/worktrees/macprovider/product-build-1/phase3-binary/app
    

SwiftCompile normal arm64 /Users/augstar/.codex/worktrees/macprovider/product-build-1/phase3-binary/app/Tests/MalibuTests/ProviderLogDiagnosticsTests.swift (in target 'MalibuTests' from project 'Malibu')
    cd /Users/augstar/.codex/worktrees/macprovider/product-build-1/phase3-binary/app
    

SwiftCompile normal arm64 /Users/augstar/.codex/worktrees/macprovider/product-build-1/phase3-binary/app/Tests/MalibuTests/ProviderLogTailTests.swift (in target 'MalibuTests' from project 'Malibu')
    cd /Users/augstar/.codex/worktrees/macprovider/product-build-1/phase3-binary/app
    

SwiftCompile normal arm64 Compiling\ KeychainStoreTests.swift,\ LaunchProviderControllerTests.swift,\ LogTailReaderTests.swift,\ MalibuAgentDiagnosticsTests.swift /Users/augstar/.codex/worktrees/macprovider/product-build-1/phase3-binary/app/Tests/MalibuTests/KeychainStoreTests.swift /Users/augstar/.codex/worktrees/macprovider/product-build-1/phase3-binary/app/Tests/MalibuTests/LaunchProviderControllerTests.swift /Users/augstar/.codex/worktrees/macprovider/product-build-1/phase3-binary/app/Tests/MalibuTests/LogTailReaderTests.swift /Users/augstar/.codex/worktrees/macprovider/product-build-1/phase3-binary/app/Tests/MalibuTests/MalibuAgentDiagnosticsTests.swift (in target 'MalibuTests' from project 'Malibu')

SwiftCompile normal arm64 /Users/augstar/.codex/worktrees/macprovider/product-build-1/phase3-binary/app/Tests/MalibuTests/KeychainStoreTests.swift (in target 'MalibuTests' from project 'Malibu')
    cd /Users/augstar/.codex/worktrees/macprovider/product-build-1/phase3-binary/app
    

SwiftCompile normal arm64 /Users/augstar/.codex/worktrees/macprovider/product-build-1/phase3-binary/app/Tests/MalibuTests/LaunchProviderControllerTests.swift (in target 'MalibuTests' from project 'Malibu')
    cd /Users/augstar/.codex/worktrees/macprovider/product-build-1/phase3-binary/app
    
/Users/augstar/.codex/worktrees/macprovider/product-build-1/phase3-binary/app/Tests/MalibuTests/LaunchProviderControllerTests.swift:571:26: warning: sending 'self' risks causing data races; this is an error in the Swift 6 language mode
                    self.localInstallSucceeded || self.localInstallSucceededAfterInstall
~~~~~~~~~~~~~~~~~~~~~~~~~^~~~~~~~~~~~~~~~~~~~~~~~~~~~~~~~~~~~~~~~~~~~~~~~~~~~~~~~~~~~~~~
/Users/augstar/.codex/worktrees/macprovider/product-build-1/phase3-binary/app/Tests/MalibuTests/LaunchProviderControllerTests.swift:571:26: note: task-isolated 'self' is captured by a main actor-isolated closure. main actor-isolated uses in closure may race against later nonisolated uses
                    self.localInstallSucceeded || self.localInstallSucceededAfterInstall
                    ~~~~~^~~~~~~~~~~~~~~~~~~~~
/Users/augstar/.codex/worktrees/macprovider/product-build-1/phase3-binary/app/Tests/MalibuTests/LaunchProviderControllerTests.swift:573:53: warning: sending 'self' risks causing data races; this is an error in the Swift 6 language mode
                restartSafeIncumbentPresent: { self.restartSafeIncumbentPresent },
                                             ~~~~~~~^~~~~~~~~~~~~~~~~~~~~~~~~~~~~
/Users/augstar/.codex/worktrees/macprovider/product-build-1/phase3-binary/app/Tests/MalibuTests/LaunchProviderControllerTests.swift:573:53: note: task-isolated 'self' is captured by a main actor-isolated closure. main actor-isolated uses in closure may race against later nonisolated uses
                restartSafeIncumbentPresent: { self.restartSafeIncumbentPresent },
                                               ~~~~~^~~~~~~~~~~~~~~~~~~~~~~~~~~
/Users/augstar/.codex/worktrees/macprovider/product-build-1/phase3-binary/app/Tests/MalibuTests/LaunchProviderControllerTests.swift:574:48: warning: sending 'self' risks causing data races; this is an error in the Swift 6 language mode
                referralInputAvailable: { self.referralInputAvailable },
                                        ~~~~~~~^~~~~~~~~~~~~~~~~~~~~~~~
/Users/augstar/.codex/worktrees/macprovider/product-build-1/phase3-binary/app/Tests/MalibuTests/LaunchProviderControllerTests.swift:574:48: note: task-isolated 'self' is captured by a main actor-isolated closure. main actor-isolated uses in closure may race against later nonisolated uses
                referralInputAvailable: { self.referralInputAvailable },
                                          ~~~~~^~~~~~~~~~~~~~~~~~~~~~
/Users/augstar/.codex/worktrees/macprovider/product-build-1/phase3-binary/app/Tests/MalibuTests/LaunchProviderControllerTests.swift:576:21: warning: sending 'self' risks causing data races; this is an error in the Swift 6 language mode
                    self.loginItemRegistrations += 1
~~~~~~~~~~~~~~~~~~~~^~~~~~~~~~~~~~~~~~~~~~~~~~~~~~~~
/Users/augstar/.codex/worktrees/macprovider/product-build-1/phase3-binary/app/Tests/MalibuTests/LaunchProviderControllerTests.swift:576:21: note: task-isolated 'self' is captured by a main actor-isolated closure. main actor-isolated uses in closure may race against later nonisolated uses
                    self.loginItemRegistrations += 1
                    ^~~~~~~~~~~~~~~~~~~~~~~~~~~
/Users/augstar/.codex/worktrees/macprovider/product-build-1/phase3-binary/app/Tests/MalibuTests/LaunchProviderControllerTests.swift:579:21: warning: sending 'self' risks causing data races; this is an error in the Swift 6 language mode
                    self.cliInstallRuns += 1
~~~~~~~~~~~~~~~~~~~~^~~~~~~~~~~~~~~~~~~~~~~~
/Users/augstar/.codex/worktrees/macprovider/product-build-1/phase3-binary/app/Tests/MalibuTests/LaunchProviderControllerTests.swift:579:21: note: task-isolated 'self' is captured by a main actor-isolated closure. main actor-isolated uses in closure may race against later nonisolated uses
                    self.cliInstallRuns += 1
                    ^~~~~~~~~~~~~~~~~~~
/Users/augstar/.codex/worktrees/macprovider/product-build-1/phase3-binary/app/Tests/MalibuTests/LaunchProviderControllerTests.swift:590:21: warning: sending 'self' risks causing data races; this is an error in the Swift 6 language mode
                    self.cliImportRuns += 1
~~~~~~~~~~~~~~~~~~~~^~~~~~~~~~~~~~~~~~~~~~~
/Users/augstar/.codex/worktrees/macprovider/product-build-1/phase3-binary/app/Tests/MalibuTests/LaunchProviderControllerTests.swift:590:21: note: task-isolated 'self' is captured by a main actor-isolated closure. main actor-isolated uses in closure may race against later nonisolated uses
                    self.cliImportRuns += 1
                    ^~~~~~~~~~~~~~~~~~
/Users/augstar/.codex/worktrees/macprovider/product-build-1/phase3-binary/app/Tests/MalibuTests/LaunchProviderControllerTests.swift:597:21: warning: sending 'self' risks causing data races; this is an error in the Swift 6 language mode
                    self.monitorRuns += 1
~~~~~~~~~~~~~~~~~~~~^~~~~~~~~~~~~~~~~~~~~
/Users/augstar/.codex/worktrees/macprovider/product-build-1/phase3-binary/app/Tests/MalibuTests/LaunchProviderControllerTests.swift:597:21: note: task-isolated 'self' is captured by a main actor-isolated closure. main actor-isolated uses in closure may race against later nonisolated uses
                    self.monitorRuns += 1
                    ^~~~~~~~~~~~~~~~
/Users/augstar/.codex/worktrees/macprovider/product-build-1/phase3-binary/app/Tests/MalibuTests/LaunchProviderControllerTests.swift:601:21: warning: sending 'self' risks causing data races; this is an error in the Swift 6 language mode
                    self.startAgentRuns += 1
~~~~~~~~~~~~~~~~~~~~^~~~~~~~~~~~~~~~~~~~~~~~
/Users/augstar/.codex/worktrees/macprovider/product-build-1/phase3-binary/app/Tests/MalibuTests/LaunchProviderControllerTests.swift:601:21: note: task-isolated 'self' is captured by a main actor-isolated closure. main actor-isolated uses in closure may race against later nonisolated uses
                    self.startAgentRuns += 1
                    ^~~~~~~~~~~~~~~~~~~
/Users/augstar/.codex/worktrees/macprovider/product-build-1/phase3-binary/app/Tests/MalibuTests/LaunchProviderControllerTests.swift:605:46: warning: sending 'self' risks causing data races; this is an error in the Swift 6 language mode
                providerStartFailure: { self.providerStartFailureMessage },
                                      ~~~~~~~^~~~~~~~~~~~~~~~~~~~~~~~~~~~~
/Users/augstar/.codex/worktrees/macprovider/product-build-1/phase3-binary/app/Tests/MalibuTests/LaunchProviderControllerTests.swift:605:46: note: task-isolated 'self' is captured by a main actor-isolated closure. main actor-isolated uses in closure may race against later nonisolated uses
                providerStartFailure: { self.providerStartFailureMessage },
                                        ~~~~~^~~~~~~~~~~~~~~~~~~~~~~~~~~
/Users/augstar/.codex/worktrees/macprovider/product-build-1/phase3-binary/app/Tests/MalibuTests/LaunchProviderControllerTests.swift:606:47: warning: sending 'self' risks causing data races; this is an error in the Swift 6 language mode
                appIdentityConfigured: { self.appIdentityConfigured },
                                       ~~~~~~~^~~~~~~~~~~~~~~~~~~~~~~
/Users/augstar/.codex/worktrees/macprovider/product-build-1/phase3-binary/app/Tests/MalibuTests/LaunchProviderControllerTests.swift:606:47: note: task-isolated 'self' is captured by a main actor-isolated closure. main actor-isolated uses in closure may race against later nonisolated uses
                appIdentityConfigured: { self.appIdentityConfigured },
                                         ~~~~~^~~~~~~~~~~~~~~~~~~~~
/Users/augstar/.codex/worktrees/macprovider/product-build-1/phase3-binary/app/Tests/MalibuTests/LaunchProviderControllerTests.swift:608:21: warning: sending 'self' risks causing data races; this is an error in the Swift 6 language mode
                    self.importRetryWaits += 1
~~~~~~~~~~~~~~~~~~~~^~~~~~~~~~~~~~~~~~~~~~~~~~
/Users/augstar/.codex/worktrees/macprovider/product-build-1/phase3-binary/app/Tests/MalibuTests/LaunchProviderControllerTests.swift:608:21: note: task-isolated 'self' is captured by a main actor-isolated closure. main actor-isolated uses in closure may race against later nonisolated uses
                    self.importRetryWaits += 1
                    ^~~~~~~~~~~~~~~~~~~~~

SwiftCompile normal arm64 /Users/augstar/.codex/worktrees/macprovider/product-build-1/phase3-binary/app/Tests/MalibuTests/LogTailReaderTests.swift (in target 'MalibuTests' from project 'Malibu')
    cd /Users/augstar/.codex/worktrees/macprovider/product-build-1/phase3-binary/app
    

SwiftCompile normal arm64 /Users/augstar/.codex/worktrees/macprovider/product-build-1/phase3-binary/app/Tests/MalibuTests/MalibuAgentDiagnosticsTests.swift (in target 'MalibuTests' from project 'Malibu')
    cd /Users/augstar/.codex/worktrees/macprovider/product-build-1/phase3-binary/app
    

SwiftDriverJobDiscovery normal arm64 Emitting module for MalibuTests (in target 'MalibuTests' from project 'Malibu')

SwiftDriver\ Compilation\ Requirements MalibuTests normal arm64 com.apple.xcode.tools.swift.compiler (in target 'MalibuTests' from project 'Malibu')
    cd /Users/augstar/.codex/worktrees/macprovider/product-build-1/phase3-binary/app
    builtin-Swift-Compilation-Requirements -- /Applications/Xcode.app/Contents/Developer/Toolchains/XcodeDefault.xctoolchain/usr/bin/swiftc -module-name MalibuTests -Onone @/Users/augstar/Library/Developer/Xcode/DerivedData/Malibu-cadiaoswicqctqgsgdgeqxtlosmr/Build/Intermediates.noindex/Malibu.build/Debug/MalibuTests.build/Objects-normal/arm64/MalibuTests.SwiftFileList -DDEBUG -strict-concurrency\=complete -plugin-path /Applications/Xcode.app/Contents/Developer/Toolchains/XcodeDefault.xctoolchain/usr/lib/swift/host/plugins/testing -enable-bare-slash-regex -enable-experimental-feature DebugDescriptionMacro -sdk /Applications/Xcode.app/Contents/Developer/Platforms/MacOSX.platform/Developer/SDKs/MacOSX26.5.sdk -target arm64-apple-macos14.0 -g -module-cache-path /Users/augstar/Library/Developer/Xcode/DerivedData/ModuleCache.noindex -Xfrontend -serialize-debugging-options -profile-coverage-mapping -profile-generate -enable-testing -index-store-path /Users/augstar/Library/Developer/Xcode/DerivedData/Malibu-cadiaoswicqctqgsgdgeqxtlosmr/Index.noindex/DataStore -Xcc -D_LIBCPP_HARDENING_MODE\=_LIBCPP_HARDENING_MODE_DEBUG -swift-version 5 -I /Users/augstar/Library/Developer/Xcode/DerivedData/Malibu-cadiaoswicqctqgsgdgeqxtlosmr/Build/Products/Debug -Isystem /Applications/Xcode.app/Contents/Developer/Platforms/MacOSX.platform/Developer/usr/lib -F /Users/augstar/Library/Developer/Xcode/DerivedData/Malibu-cadiaoswicqctqgsgdgeqxtlosmr/Build/Products/Debug -F /Applications/Xcode.app/Contents/Developer/Platforms/MacOSX.platform/Developer/Library/Frameworks -c -j10 -enable-batch-mode -incremental -Xcc -ivfsstatcache -Xcc /Users/augstar/Library/Developer/Xcode/DerivedData/SDKStatCaches.noindex/macosx26.5-25F70-688ef53f1462e2c8f657fdc38a81448fe082c4a02f00227109f4ed75e425c832.sdkstatcache -output-file-map /Users/augstar/Library/Developer/Xcode/DerivedData/Malibu-cadiaoswicqctqgsgdgeqxtlosmr/Build/Intermediates.noindex/Malibu.build/Debug/MalibuTests.build/Objects-normal/arm64/MalibuTests-OutputFileMap.json -use-frontend-parseable-output -save-temps -no-color-diagnostics -explicit-module-build -module-cache-path /Users/augstar/Library/Developer/Xcode/DerivedData/Malibu-cadiaoswicqctqgsgdgeqxtlosmr/Build/Intermediates.noindex/SwiftExplicitPrecompiledModules -clang-scanner-module-cache-path /Users/augstar/Library/Developer/Xcode/DerivedData/ModuleCache.noindex -sdk-module-cache-path /Users/augstar/Library/Developer/Xcode/DerivedData/ModuleCache.noindex -serialize-diagnostics -emit-dependencies -emit-module -emit-module-path /Users/augstar/Library/Developer/Xcode/DerivedData/Malibu-cadiaoswicqctqgsgdgeqxtlosmr/Build/Intermediates.noindex/Malibu.build/Debug/MalibuTests.build/Objects-normal/arm64/MalibuTests.swiftmodule -validate-clang-modules-once -clang-build-session-file /Users/augstar/Library/Developer/Xcode/DerivedData/ModuleCache.noindex/Session.modulevalidation -Xcc -I/Users/augstar/Library/Developer/Xcode/DerivedData/Malibu-cadiaoswicqctqgsgdgeqxtlosmr/Build/Intermediates.noindex/Malibu.build/Debug/MalibuTests.build/swift-overrides.hmap -emit-const-values -Xfrontend -const-gather-protocols-file -Xfrontend /Users/augstar/Library/Developer/Xcode/DerivedData/Malibu-cadiaoswicqctqgsgdgeqxtlosmr/Build/Intermediates.noindex/Malibu.build/Debug/MalibuTests.build/Objects-normal/arm64/MalibuTests_const_extract_protocols.json -Xcc -iquote -Xcc /Users/augstar/Library/Developer/Xcode/DerivedData/Malibu-cadiaoswicqctqgsgdgeqxtlosmr/Build/Intermediates.noindex/Malibu.build/Debug/MalibuTests.build/MalibuTests-generated-files.hmap -Xcc -I/Users/augstar/Library/Developer/Xcode/DerivedData/Malibu-cadiaoswicqctqgsgdgeqxtlosmr/Build/Intermediates.noindex/Malibu.build/Debug/MalibuTests.build/MalibuTests-own-target-headers.hmap -Xcc -I/Users/augstar/Library/Developer/Xcode/DerivedData/Malibu-cadiaoswicqctqgsgdgeqxtlosmr/Build/Intermediates.noindex/Malibu.build/Debug/MalibuTests.build/MalibuTests-all-target-headers.hmap -Xcc -iquote -Xcc /Users/augstar/Library/Developer/Xcode/DerivedData/Malibu-cadiaoswicqctqgsgdgeqxtlosmr/Build/Intermediates.noindex/Malibu.build/Debug/MalibuTests.build/MalibuTests-project-headers.hmap -Xcc -I/Users/augstar/Library/Developer/Xcode/DerivedData/Malibu-cadiaoswicqctqgsgdgeqxtlosmr/Build/Products/Debug/include -Xcc -I/Users/augstar/Library/Developer/Xcode/DerivedData/Malibu-cadiaoswicqctqgsgdgeqxtlosmr/Build/Intermediates.noindex/Malibu.build/Debug/MalibuTests.build/DerivedSources-normal/arm64 -Xcc -I/Users/augstar/Library/Developer/Xcode/DerivedData/Malibu-cadiaoswicqctqgsgdgeqxtlosmr/Build/Intermediates.noindex/Malibu.build/Debug/MalibuTests.build/DerivedSources/arm64 -Xcc -I/Users/augstar/Library/Developer/Xcode/DerivedData/Malibu-cadiaoswicqctqgsgdgeqxtlosmr/Build/Intermediates.noindex/Malibu.build/Debug/MalibuTests.build/DerivedSources -Xcc -DDEBUG\=1 -emit-objc-header -emit-objc-header-path /Users/augstar/Library/Developer/Xcode/DerivedData/Malibu-cadiaoswicqctqgsgdgeqxtlosmr/Build/Intermediates.noindex/Malibu.build/Debug/MalibuTests.build/Objects-normal/arm64/MalibuTests-Swift.h -working-directory /Users/augstar/.codex/worktrees/macprovider/product-build-1/phase3-binary/app -experimental-emit-module-separately -disable-cmo

SwiftDriverJobDiscovery normal arm64 Compiling ProviderDiagnosticsBundleTests.swift, ProviderLogDiagnosticsTests.swift, ProviderLogTailTests.swift (in target 'MalibuTests' from project 'Malibu')

SwiftMergeGeneratedHeaders /Users/augstar/Library/Developer/Xcode/DerivedData/Malibu-cadiaoswicqctqgsgdgeqxtlosmr/Build/Intermediates.noindex/Malibu.build/Debug/MalibuTests.build/DerivedSources/MalibuTests-Swift.h /Users/augstar/Library/Developer/Xcode/DerivedData/Malibu-cadiaoswicqctqgsgdgeqxtlosmr/Build/Intermediates.noindex/Malibu.build/Debug/MalibuTests.build/Objects-normal/arm64/MalibuTests-Swift.h (in target 'MalibuTests' from project 'Malibu')
    cd /Users/augstar/.codex/worktrees/macprovider/product-build-1/phase3-binary/app
    builtin-swiftHeaderTool -arch arm64 /Users/augstar/Library/Developer/Xcode/DerivedData/Malibu-cadiaoswicqctqgsgdgeqxtlosmr/Build/Intermediates.noindex/Malibu.build/Debug/MalibuTests.build/Objects-normal/arm64/MalibuTests-Swift.h -o /Users/augstar/Library/Developer/Xcode/DerivedData/Malibu-cadiaoswicqctqgsgdgeqxtlosmr/Build/Intermediates.noindex/Malibu.build/Debug/MalibuTests.build/DerivedSources/MalibuTests-Swift.h

Copy /Users/augstar/Library/Developer/Xcode/DerivedData/Malibu-cadiaoswicqctqgsgdgeqxtlosmr/Build/Products/Debug/MalibuTests.swiftmodule/arm64-apple-macos.swiftmodule /Users/augstar/Library/Developer/Xcode/DerivedData/Malibu-cadiaoswicqctqgsgdgeqxtlosmr/Build/Intermediates.noindex/Malibu.build/Debug/MalibuTests.build/Objects-normal/arm64/MalibuTests.swiftmodule (in target 'MalibuTests' from project 'Malibu')
    cd /Users/augstar/.codex/worktrees/macprovider/product-build-1/phase3-binary/app
    builtin-copy -exclude .DS_Store -exclude CVS -exclude .svn -exclude .git -exclude .hg -resolve-src-symlinks -rename /Users/augstar/Library/Developer/Xcode/DerivedData/Malibu-cadiaoswicqctqgsgdgeqxtlosmr/Build/Intermediates.noindex/Malibu.build/Debug/MalibuTests.build/Objects-normal/arm64/MalibuTests.swiftmodule /Users/augstar/Library/Developer/Xcode/DerivedData/Malibu-cadiaoswicqctqgsgdgeqxtlosmr/Build/Products/Debug/MalibuTests.swiftmodule/arm64-apple-macos.swiftmodule

Copy /Users/augstar/Library/Developer/Xcode/DerivedData/Malibu-cadiaoswicqctqgsgdgeqxtlosmr/Build/Products/Debug/MalibuTests.swiftmodule/arm64-apple-macos.swiftdoc /Users/augstar/Library/Developer/Xcode/DerivedData/Malibu-cadiaoswicqctqgsgdgeqxtlosmr/Build/Intermediates.noindex/Malibu.build/Debug/MalibuTests.build/Objects-normal/arm64/MalibuTests.swiftdoc (in target 'MalibuTests' from project 'Malibu')
    cd /Users/augstar/.codex/worktrees/macprovider/product-build-1/phase3-binary/app
    builtin-copy -exclude .DS_Store -exclude CVS -exclude .svn -exclude .git -exclude .hg -resolve-src-symlinks -rename /Users/augstar/Library/Developer/Xcode/DerivedData/Malibu-cadiaoswicqctqgsgdgeqxtlosmr/Build/Intermediates.noindex/Malibu.build/Debug/MalibuTests.build/Objects-normal/arm64/MalibuTests.swiftdoc /Users/augstar/Library/Developer/Xcode/DerivedData/Malibu-cadiaoswicqctqgsgdgeqxtlosmr/Build/Products/Debug/MalibuTests.swiftmodule/arm64-apple-macos.swiftdoc

Copy /Users/augstar/Library/Developer/Xcode/DerivedData/Malibu-cadiaoswicqctqgsgdgeqxtlosmr/Build/Products/Debug/MalibuTests.swiftmodule/arm64-apple-macos.abi.json /Users/augstar/Library/Developer/Xcode/DerivedData/Malibu-cadiaoswicqctqgsgdgeqxtlosmr/Build/Intermediates.noindex/Malibu.build/Debug/MalibuTests.build/Objects-normal/arm64/MalibuTests.abi.json (in target 'MalibuTests' from project 'Malibu')
    cd /Users/augstar/.codex/worktrees/macprovider/product-build-1/phase3-binary/app
    builtin-copy -exclude .DS_Store -exclude CVS -exclude .svn -exclude .git -exclude .hg -resolve-src-symlinks -rename /Users/augstar/Library/Developer/Xcode/DerivedData/Malibu-cadiaoswicqctqgsgdgeqxtlosmr/Build/Intermediates.noindex/Malibu.build/Debug/MalibuTests.build/Objects-normal/arm64/MalibuTests.abi.json /Users/augstar/Library/Developer/Xcode/DerivedData/Malibu-cadiaoswicqctqgsgdgeqxtlosmr/Build/Products/Debug/MalibuTests.swiftmodule/arm64-apple-macos.abi.json

Copy /Users/augstar/Library/Developer/Xcode/DerivedData/Malibu-cadiaoswicqctqgsgdgeqxtlosmr/Build/Products/Debug/MalibuTests.swiftmodule/Project/arm64-apple-macos.swiftsourceinfo /Users/augstar/Library/Developer/Xcode/DerivedData/Malibu-cadiaoswicqctqgsgdgeqxtlosmr/Build/Intermediates.noindex/Malibu.build/Debug/MalibuTests.build/Objects-normal/arm64/MalibuTests.swiftsourceinfo (in target 'MalibuTests' from project 'Malibu')
    cd /Users/augstar/.codex/worktrees/macprovider/product-build-1/phase3-binary/app
    builtin-copy -exclude .DS_Store -exclude CVS -exclude .svn -exclude .git -exclude .hg -resolve-src-symlinks -rename /Users/augstar/Library/Developer/Xcode/DerivedData/Malibu-cadiaoswicqctqgsgdgeqxtlosmr/Build/Intermediates.noindex/Malibu.build/Debug/MalibuTests.build/Objects-normal/arm64/MalibuTests.swiftsourceinfo /Users/augstar/Library/Developer/Xcode/DerivedData/Malibu-cadiaoswicqctqgsgdgeqxtlosmr/Build/Products/Debug/MalibuTests.swiftmodule/Project/arm64-apple-macos.swiftsourceinfo

SwiftDriverJobDiscovery normal arm64 Compiling SettingsWindowPresenterTests.swift, StartupRouteTests.swift, ThermalMonitorTests.swift (in target 'MalibuTests' from project 'Malibu')

SwiftDriverJobDiscovery normal arm64 Compiling OnboardingStateTests.swift, PayoutWalletFlowTests.swift, ProcessEnvironmentSanitizerTests.swift, ProviderCLIVersionTests.swift (in target 'MalibuTests' from project 'Malibu')

SwiftDriverJobDiscovery normal arm64 Compiling ReferralOnboardingTests.swift, ReferralProjectionTests.swift, RewardVerdictContractTests.swift (in target 'MalibuTests' from project 'Malibu')

SwiftDriverJobDiscovery normal arm64 Compiling AgentSnapshotPresenterTests.swift, AutotuneRecommendationRunnerTimeoutTests.swift, CLIInstallActivityMonitorTests.swift, CLIInstallTeardownTests.swift (in target 'MalibuTests' from project 'Malibu')

SwiftDriverJobDiscovery normal arm64 Compiling ProviderConfigTests.swift, ProviderCredentialHandoffRunnerTests.swift, ProviderDiagnosticFindingTests.swift (in target 'MalibuTests' from project 'Malibu')

SwiftDriverJobDiscovery normal arm64 Compiling KeychainStoreTests.swift, LaunchProviderControllerTests.swift, LogTailReaderTests.swift, MalibuAgentDiagnosticsTests.swift (in target 'MalibuTests' from project 'Malibu')

SwiftDriverJobDiscovery normal arm64 Compiling MalibuOnboardingTimeoutsTests.swift, MenuBarBadgeThresholdTests.swift, MenuBarPresentationTests.swift, ModelManagementTests.swift (in target 'MalibuTests' from project 'Malibu')

SwiftDriverJobDiscovery normal arm64 Compiling CLIUpdateRunnerTests.swift, ControlFrameCodecTests.swift, ControlSocketClientTests.swift, DashboardViewTests.swift (in target 'MalibuTests' from project 'Malibu')

SwiftDriverJobDiscovery normal arm64 Compiling DashboardWindowE2ETests.swift, DashboardWindowSmokeTests.swift, EarningsEstimateFormatterTests.swift, InstalledProviderMonitorTests.swift (in target 'MalibuTests' from project 'Malibu')

SwiftDriver\ Compilation MalibuTests normal arm64 com.apple.xcode.tools.swift.compiler (in target 'MalibuTests' from project 'Malibu')
    cd /Users/augstar/.codex/worktrees/macprovider/product-build-1/phase3-binary/app
    builtin-Swift-Compilation -- /Applications/Xcode.app/Contents/Developer/Toolchains/XcodeDefault.xctoolchain/usr/bin/swiftc -module-name MalibuTests -Onone @/Users/augstar/Library/Developer/Xcode/DerivedData/Malibu-cadiaoswicqctqgsgdgeqxtlosmr/Build/Intermediates.noindex/Malibu.build/Debug/MalibuTests.build/Objects-normal/arm64/MalibuTests.SwiftFileList -DDEBUG -strict-concurrency\=complete -plugin-path /Applications/Xcode.app/Contents/Developer/Toolchains/XcodeDefault.xctoolchain/usr/lib/swift/host/plugins/testing -enable-bare-slash-regex -enable-experimental-feature DebugDescriptionMacro -sdk /Applications/Xcode.app/Contents/Developer/Platforms/MacOSX.platform/Developer/SDKs/MacOSX26.5.sdk -target arm64-apple-macos14.0 -g -module-cache-path /Users/augstar/Library/Developer/Xcode/DerivedData/ModuleCache.noindex -Xfrontend -serialize-debugging-options -profile-coverage-mapping -profile-generate -enable-testing -index-store-path /Users/augstar/Library/Developer/Xcode/DerivedData/Malibu-cadiaoswicqctqgsgdgeqxtlosmr/Index.noindex/DataStore -Xcc -D_LIBCPP_HARDENING_MODE\=_LIBCPP_HARDENING_MODE_DEBUG -swift-version 5 -I /Users/augstar/Library/Developer/Xcode/DerivedData/Malibu-cadiaoswicqctqgsgdgeqxtlosmr/Build/Products/Debug -Isystem /Applications/Xcode.app/Contents/Developer/Platforms/MacOSX.platform/Developer/usr/lib -F /Users/augstar/Library/Developer/Xcode/DerivedData/Malibu-cadiaoswicqctqgsgdgeqxtlosmr/Build/Products/Debug -F /Applications/Xcode.app/Contents/Developer/Platforms/MacOSX.platform/Developer/Library/Frameworks -c -j10 -enable-batch-mode -incremental -Xcc -ivfsstatcache -Xcc /Users/augstar/Library/Developer/Xcode/DerivedData/SDKStatCaches.noindex/macosx26.5-25F70-688ef53f1462e2c8f657fdc38a81448fe082c4a02f00227109f4ed75e425c832.sdkstatcache -output-file-map /Users/augstar/Library/Developer/Xcode/DerivedData/Malibu-cadiaoswicqctqgsgdgeqxtlosmr/Build/Intermediates.noindex/Malibu.build/Debug/MalibuTests.build/Objects-normal/arm64/MalibuTests-OutputFileMap.json -use-frontend-parseable-output -save-temps -no-color-diagnostics -explicit-module-build -module-cache-path /Users/augstar/Library/Developer/Xcode/DerivedData/Malibu-cadiaoswicqctqgsgdgeqxtlosmr/Build/Intermediates.noindex/SwiftExplicitPrecompiledModules -clang-scanner-module-cache-path /Users/augstar/Library/Developer/Xcode/DerivedData/ModuleCache.noindex -sdk-module-cache-path /Users/augstar/Library/Developer/Xcode/DerivedData/ModuleCache.noindex -serialize-diagnostics -emit-dependencies -emit-module -emit-module-path /Users/augstar/Library/Developer/Xcode/DerivedData/Malibu-cadiaoswicqctqgsgdgeqxtlosmr/Build/Intermediates.noindex/Malibu.build/Debug/MalibuTests.build/Objects-normal/arm64/MalibuTests.swiftmodule -validate-clang-modules-once -clang-build-session-file /Users/augstar/Library/Developer/Xcode/DerivedData/ModuleCache.noindex/Session.modulevalidation -Xcc -I/Users/augstar/Library/Developer/Xcode/DerivedData/Malibu-cadiaoswicqctqgsgdgeqxtlosmr/Build/Intermediates.noindex/Malibu.build/Debug/MalibuTests.build/swift-overrides.hmap -emit-const-values -Xfrontend -const-gather-protocols-file -Xfrontend /Users/augstar/Library/Developer/Xcode/DerivedData/Malibu-cadiaoswicqctqgsgdgeqxtlosmr/Build/Intermediates.noindex/Malibu.build/Debug/MalibuTests.build/Objects-normal/arm64/MalibuTests_const_extract_protocols.json -Xcc -iquote -Xcc /Users/augstar/Library/Developer/Xcode/DerivedData/Malibu-cadiaoswicqctqgsgdgeqxtlosmr/Build/Intermediates.noindex/Malibu.build/Debug/MalibuTests.build/MalibuTests-generated-files.hmap -Xcc -I/Users/augstar/Library/Developer/Xcode/DerivedData/Malibu-cadiaoswicqctqgsgdgeqxtlosmr/Build/Intermediates.noindex/Malibu.build/Debug/MalibuTests.build/MalibuTests-own-target-headers.hmap -Xcc -I/Users/augstar/Library/Developer/Xcode/DerivedData/Malibu-cadiaoswicqctqgsgdgeqxtlosmr/Build/Intermediates.noindex/Malibu.build/Debug/MalibuTests.build/MalibuTests-all-target-headers.hmap -Xcc -iquote -Xcc /Users/augstar/Library/Developer/Xcode/DerivedData/Malibu-cadiaoswicqctqgsgdgeqxtlosmr/Build/Intermediates.noindex/Malibu.build/Debug/MalibuTests.build/MalibuTests-project-headers.hmap -Xcc -I/Users/augstar/Library/Developer/Xcode/DerivedData/Malibu-cadiaoswicqctqgsgdgeqxtlosmr/Build/Products/Debug/include -Xcc -I/Users/augstar/Library/Developer/Xcode/DerivedData/Malibu-cadiaoswicqctqgsgdgeqxtlosmr/Build/Intermediates.noindex/Malibu.build/Debug/MalibuTests.build/DerivedSources-normal/arm64 -Xcc -I/Users/augstar/Library/Developer/Xcode/DerivedData/Malibu-cadiaoswicqctqgsgdgeqxtlosmr/Build/Intermediates.noindex/Malibu.build/Debug/MalibuTests.build/DerivedSources/arm64 -Xcc -I/Users/augstar/Library/Developer/Xcode/DerivedData/Malibu-cadiaoswicqctqgsgdgeqxtlosmr/Build/Intermediates.noindex/Malibu.build/Debug/MalibuTests.build/DerivedSources -Xcc -DDEBUG\=1 -emit-objc-header -emit-objc-header-path /Users/augstar/Library/Developer/Xcode/DerivedData/Malibu-cadiaoswicqctqgsgdgeqxtlosmr/Build/Intermediates.noindex/Malibu.build/Debug/MalibuTests.build/Objects-normal/arm64/MalibuTests-Swift.h -working-directory /Users/augstar/.codex/worktrees/macprovider/product-build-1/phase3-binary/app -experimental-emit-module-separately -disable-cmo

Ld /Users/augstar/Library/Developer/Xcode/DerivedData/Malibu-cadiaoswicqctqgsgdgeqxtlosmr/Build/Products/Debug/Malibu.app/Contents/PlugIns/MalibuTests.xctest/Contents/MacOS/MalibuTests normal (in target 'MalibuTests' from project 'Malibu')
    cd /Users/augstar/.codex/worktrees/macprovider/product-build-1/phase3-binary/app
    /Applications/Xcode.app/Contents/Developer/Toolchains/XcodeDefault.xctoolchain/usr/bin/clang -Xlinker -reproducible -target arm64-apple-macos14.0 -bundle -isysroot /Applications/Xcode.app/Contents/Developer/Platforms/MacOSX.platform/Developer/SDKs/MacOSX26.5.sdk -O0 -L/Users/augstar/Library/Developer/Xcode/DerivedData/Malibu-cadiaoswicqctqgsgdgeqxtlosmr/Build/Intermediates.noindex/EagerLinkingTBDs/Debug -L/Users/augstar/Library/Developer/Xcode/DerivedData/Malibu-cadiaoswicqctqgsgdgeqxtlosmr/Build/Products/Debug -L/Applications/Xcode.app/Contents/Developer/Platforms/MacOSX.platform/Developer/usr/lib -F/Users/augstar/Library/Developer/Xcode/DerivedData/Malibu-cadiaoswicqctqgsgdgeqxtlosmr/Build/Intermediates.noindex/EagerLinkingTBDs/Debug -F/Users/augstar/Library/Developer/Xcode/DerivedData/Malibu-cadiaoswicqctqgsgdgeqxtlosmr/Build/Products/Debug -iframework /Applications/Xcode.app/Contents/Developer/Platforms/MacOSX.platform/Developer/Library/Frameworks -filelist /Users/augstar/Library/Developer/Xcode/DerivedData/Malibu-cadiaoswicqctqgsgdgeqxtlosmr/Build/Intermediates.noindex/Malibu.build/Debug/MalibuTests.build/Objects-normal/arm64/MalibuTests.LinkFileList -Xlinker -rpath -Xlinker /usr/lib/swift -Xlinker -rpath -Xlinker @loader_path/../Frameworks -Xlinker -rpath -Xlinker @executable_path/../Frameworks -bundle_loader /Users/augstar/Library/Developer/Xcode/DerivedData/Malibu-cadiaoswicqctqgsgdgeqxtlosmr/Build/Products/Debug/Malibu.app/Contents/MacOS/Malibu -Xlinker -object_path_lto -Xlinker /Users/augstar/Library/Developer/Xcode/DerivedData/Malibu-cadiaoswicqctqgsgdgeqxtlosmr/Build/Intermediates.noindex/Malibu.build/Debug/MalibuTests.build/Objects-normal/arm64/MalibuTests_lto.o -rdynamic -Xlinker -no_deduplicate -Xlinker -debug_variant -Xlinker -dependency_info -Xlinker /Users/augstar/Library/Developer/Xcode/DerivedData/Malibu-cadiaoswicqctqgsgdgeqxtlosmr/Build/Intermediates.noindex/Malibu.build/Debug/MalibuTests.build/Objects-normal/arm64/MalibuTests_dependency_info.dat -fobjc-link-runtime -fprofile-instr-generate -L/Applications/Xcode.app/Contents/Developer/Toolchains/XcodeDefault.xctoolchain/usr/lib/swift/macosx -L/usr/lib/swift -Xlinker -add_ast_path -Xlinker /Users/augstar/Library/Developer/Xcode/DerivedData/Malibu-cadiaoswicqctqgsgdgeqxtlosmr/Build/Intermediates.noindex/Malibu.build/Debug/MalibuTests.build/Objects-normal/arm64/MalibuTests.swiftmodule @/Users/augstar/Library/Developer/Xcode/DerivedData/Malibu-cadiaoswicqctqgsgdgeqxtlosmr/Build/Intermediates.noindex/Malibu.build/Debug/MalibuTests.build/Objects-normal/arm64/MalibuTests-linker-args.resp -Xlinker -needed_framework -Xlinker XCTest -framework XCTest -Xlinker -needed-lXCTestSwiftSupport -lXCTestSwiftSupport /Users/augstar/Library/Developer/Xcode/DerivedData/Malibu-cadiaoswicqctqgsgdgeqxtlosmr/Build/Products/Debug/Malibu.app/Contents/MacOS/Malibu.debug.dylib -o /Users/augstar/Library/Developer/Xcode/DerivedData/Malibu-cadiaoswicqctqgsgdgeqxtlosmr/Build/Products/Debug/Malibu.app/Contents/PlugIns/MalibuTests.xctest/Contents/MacOS/MalibuTests

CopySwiftLibs /Users/augstar/Library/Developer/Xcode/DerivedData/Malibu-cadiaoswicqctqgsgdgeqxtlosmr/Build/Products/Debug/Malibu.app/Contents/PlugIns/MalibuTests.xctest (in target 'MalibuTests' from project 'Malibu')
    cd /Users/augstar/.codex/worktrees/macprovider/product-build-1/phase3-binary/app
    builtin-swiftStdLibTool --copy --verbose --scan-executable /Users/augstar/Library/Developer/Xcode/DerivedData/Malibu-cadiaoswicqctqgsgdgeqxtlosmr/Build/Products/Debug/Malibu.app/Contents/PlugIns/MalibuTests.xctest/Contents/MacOS/MalibuTests --scan-folder /Users/augstar/Library/Developer/Xcode/DerivedData/Malibu-cadiaoswicqctqgsgdgeqxtlosmr/Build/Products/Debug/Malibu.app/Contents/PlugIns/MalibuTests.xctest/Contents/Frameworks --scan-folder /Users/augstar/Library/Developer/Xcode/DerivedData/Malibu-cadiaoswicqctqgsgdgeqxtlosmr/Build/Products/Debug/Malibu.app/Contents/PlugIns/MalibuTests.xctest/Contents/PlugIns --scan-folder /Users/augstar/Library/Developer/Xcode/DerivedData/Malibu-cadiaoswicqctqgsgdgeqxtlosmr/Build/Products/Debug/Malibu.app/Contents/PlugIns/MalibuTests.xctest/Contents/Library/SystemExtensions --scan-folder /Users/augstar/Library/Developer/Xcode/DerivedData/Malibu-cadiaoswicqctqgsgdgeqxtlosmr/Build/Products/Debug/Malibu.app/Contents/PlugIns/MalibuTests.xctest/Contents/Extensions --platform macosx --toolchain /var/run/com.apple.security.cryptexd/mnt/com.apple.MobileAsset.MetalToolchain-v17.6.109.0.DdyyGF/Metal.xctoolchain --toolchain /Applications/Xcode.app/Contents/Developer/Toolchains/XcodeDefault.xctoolchain --destination /Users/augstar/Library/Developer/Xcode/DerivedData/Malibu-cadiaoswicqctqgsgdgeqxtlosmr/Build/Products/Debug/Malibu.app/Contents/PlugIns/MalibuTests.xctest/Contents/Frameworks --strip-bitcode --scan-executable /Applications/Xcode.app/Contents/Developer/Platforms/MacOSX.platform/Developer/usr/lib/libXCTestSwiftSupport.dylib --strip-bitcode-tool /Applications/Xcode.app/Contents/Developer/Toolchains/XcodeDefault.xctoolchain/usr/bin/bitcode_strip --emit-dependency-info /Users/augstar/Library/Developer/Xcode/DerivedData/Malibu-cadiaoswicqctqgsgdgeqxtlosmr/Build/Intermediates.noindex/Malibu.build/Debug/MalibuTests.build/SwiftStdLibToolInputDependencies.dep --filter-for-swift-os --back-deploy-swift-span
Ignoring --strip-bitcode because --sign was not passed

ExtractAppIntentsMetadata (in target 'MalibuTests' from project 'Malibu')
    cd /Users/augstar/.codex/worktrees/macprovider/product-build-1/phase3-binary/app
    /Applications/Xcode.app/Contents/Developer/Toolchains/XcodeDefault.xctoolchain/usr/bin/appintentsmetadataprocessor --toolchain-dir /var/run/com.apple.security.cryptexd/mnt/com.apple.MobileAsset.MetalToolchain-v17.6.109.0.DdyyGF/Metal.xctoolchain --module-name MalibuTests --sdk-root /Applications/Xcode.app/Contents/Developer/Platforms/MacOSX.platform/Developer/SDKs/MacOSX26.5.sdk --xcode-version 17F113 --platform-family macOS --deployment-target 14.0 --bundle-identifier tech.malibu.tests --output /Users/augstar/Library/Developer/Xcode/DerivedData/Malibu-cadiaoswicqctqgsgdgeqxtlosmr/Build/Products/Debug/Malibu.app/Contents/PlugIns/MalibuTests.xctest/Contents/Resources --target-triple arm64-apple-macos14.0 --binary-file /Users/augstar/Library/Developer/Xcode/DerivedData/Malibu-cadiaoswicqctqgsgdgeqxtlosmr/Build/Products/Debug/Malibu.app/Contents/PlugIns/MalibuTests.xctest/Contents/MacOS/MalibuTests --dependency-file /Users/augstar/Library/Developer/Xcode/DerivedData/Malibu-cadiaoswicqctqgsgdgeqxtlosmr/Build/Intermediates.noindex/Malibu.build/Debug/MalibuTests.build/Objects-normal/arm64/MalibuTests_dependency_info.dat --stringsdata-file /Users/augstar/Library/Developer/Xcode/DerivedData/Malibu-cadiaoswicqctqgsgdgeqxtlosmr/Build/Intermediates.noindex/Malibu.build/Debug/MalibuTests.build/Objects-normal/arm64/ExtractedAppShortcutsMetadata.stringsdata --source-file-list /Users/augstar/Library/Developer/Xcode/DerivedData/Malibu-cadiaoswicqctqgsgdgeqxtlosmr/Build/Intermediates.noindex/Malibu.build/Debug/MalibuTests.build/Objects-normal/arm64/MalibuTests.SwiftFileList --metadata-file-list /Users/augstar/Library/Developer/Xcode/DerivedData/Malibu-cadiaoswicqctqgsgdgeqxtlosmr/Build/Intermediates.noindex/Malibu.build/Debug/MalibuTests.build/MalibuTests.DependencyMetadataFileList --static-metadata-file-list /Users/augstar/Library/Developer/Xcode/DerivedData/Malibu-cadiaoswicqctqgsgdgeqxtlosmr/Build/Intermediates.noindex/Malibu.build/Debug/MalibuTests.build/MalibuTests.DependencyStaticMetadataFileList --swift-const-vals-list /Users/augstar/Library/Developer/Xcode/DerivedData/Malibu-cadiaoswicqctqgsgdgeqxtlosmr/Build/Intermediates.noindex/Malibu.build/Debug/MalibuTests.build/Objects-normal/arm64/MalibuTests.SwiftConstValuesFileList --compile-time-extraction --deployment-aware-processing --validate-assistant-intents --no-app-shortcuts-localization
2026-09-10 13:45:24.182 appintentsmetadataprocessor[52172:54669782] Starting appintentsmetadataprocessor export
2026-09-10 13:45:24.183 appintentsmetadataprocessor[52172:54669782] warning: Metadata extraction skipped. No AppIntents.framework dependency found.

RegisterExecutionPolicyException /Users/augstar/Library/Developer/Xcode/DerivedData/Malibu-cadiaoswicqctqgsgdgeqxtlosmr/Build/Products/Debug/Malibu.app/Contents/PlugIns/MalibuTests.xctest (in target 'MalibuTests' from project 'Malibu')
    cd /Users/augstar/.codex/worktrees/macprovider/product-build-1/phase3-binary/app
    builtin-RegisterExecutionPolicyException /Users/augstar/Library/Developer/Xcode/DerivedData/Malibu-cadiaoswicqctqgsgdgeqxtlosmr/Build/Products/Debug/Malibu.app/Contents/PlugIns/MalibuTests.xctest

Touch /Users/augstar/Library/Developer/Xcode/DerivedData/Malibu-cadiaoswicqctqgsgdgeqxtlosmr/Build/Products/Debug/Malibu.app/Contents/PlugIns/MalibuTests.xctest (in target 'MalibuTests' from project 'Malibu')
    cd /Users/augstar/.codex/worktrees/macprovider/product-build-1/phase3-binary/app
    /usr/bin/touch -c /Users/augstar/Library/Developer/Xcode/DerivedData/Malibu-cadiaoswicqctqgsgdgeqxtlosmr/Build/Products/Debug/Malibu.app/Contents/PlugIns/MalibuTests.xctest

RegisterExecutionPolicyException /Users/augstar/Library/Developer/Xcode/DerivedData/Malibu-cadiaoswicqctqgsgdgeqxtlosmr/Build/Products/Debug/Malibu.app (in target 'Malibu' from project 'Malibu')
    cd /Users/augstar/.codex/worktrees/macprovider/product-build-1/phase3-binary/app
    builtin-RegisterExecutionPolicyException /Users/augstar/Library/Developer/Xcode/DerivedData/Malibu-cadiaoswicqctqgsgdgeqxtlosmr/Build/Products/Debug/Malibu.app

Validate /Users/augstar/Library/Developer/Xcode/DerivedData/Malibu-cadiaoswicqctqgsgdgeqxtlosmr/Build/Products/Debug/Malibu.app (in target 'Malibu' from project 'Malibu')
    cd /Users/augstar/.codex/worktrees/macprovider/product-build-1/phase3-binary/app
    builtin-validationUtility /Users/augstar/Library/Developer/Xcode/DerivedData/Malibu-cadiaoswicqctqgsgdgeqxtlosmr/Build/Products/Debug/Malibu.app -no-validate-extension -infoplist-subpath Contents/Info.plist

Touch /Users/augstar/Library/Developer/Xcode/DerivedData/Malibu-cadiaoswicqctqgsgdgeqxtlosmr/Build/Products/Debug/Malibu.app (in target 'Malibu' from project 'Malibu')
    cd /Users/augstar/.codex/worktrees/macprovider/product-build-1/phase3-binary/app
    /usr/bin/touch -c /Users/augstar/Library/Developer/Xcode/DerivedData/Malibu-cadiaoswicqctqgsgdgeqxtlosmr/Build/Products/Debug/Malibu.app

RegisterWithLaunchServices /Users/augstar/Library/Developer/Xcode/DerivedData/Malibu-cadiaoswicqctqgsgdgeqxtlosmr/Build/Products/Debug/Malibu.app (in target 'Malibu' from project 'Malibu')
    cd /Users/augstar/.codex/worktrees/macprovider/product-build-1/phase3-binary/app
    /System/Library/Frameworks/CoreServices.framework/Versions/Current/Frameworks/LaunchServices.framework/Versions/Current/Support/lsregister -f -R -trusted /Users/augstar/Library/Developer/Xcode/DerivedData/Malibu-cadiaoswicqctqgsgdgeqxtlosmr/Build/Products/Debug/Malibu.app

note: Disabling hardened runtime with ad-hoc codesigning. (in target 'Malibu' from project 'Malibu')
note: Run script build phase 'Bundle install.sh' will be run during every build because the option to run the script phase "Based on dependency analysis" is unchecked. (in target 'Malibu' from project 'Malibu')
note: Run script build phase 'Bundle payout-signer' will be run during every build because the option to run the script phase "Based on dependency analysis" is unchecked. (in target 'Malibu' from project 'Malibu')
2026-09-10 13:45:25.215059+0800 Malibu[52177:54669903] [Connection] Unable to get synchronousRemoteObjectProxy, error: Error Domain=NSCocoaErrorDomain Code=4097 "connection to service named com.apple.linkd.autoShortcut" UserInfo={NSDebugDescription=connection to service named com.apple.linkd.autoShortcut}
2026-09-10 13:45:25.215306+0800 Malibu[52177:54669903] [Application] Error registering app with intents framework: Error Domain=NSCocoaErrorDomain Code=4097 "connection to service named com.apple.linkd.autoShortcut" UserInfo={NSDebugDescription=connection to service named com.apple.linkd.autoShortcut}
2026-09-10 13:45:25.217083+0800 Malibu[52177:54669915] [Connection] Unable to get synchronousRemoteObjectProxy, error: Error Domain=NSCocoaErrorDomain Code=4097 "connection to service named com.apple.linkd.autoShortcut" UserInfo={NSDebugDescription=connection to service named com.apple.linkd.autoShortcut}
2026-09-10 13:45:25.217101+0800 Malibu[52177:54669915] [Connection] Unable to re-register with Process Instance Registry, error: Error Domain=NSCocoaErrorDomain Code=4097 "connection to service named com.apple.linkd.autoShortcut" UserInfo={NSDebugDescription=connection to service named com.apple.linkd.autoShortcut}
2026-09-10 13:45:25.219032+0800 Malibu[52177:54669920] [Connection] Unable to get synchronousRemoteObjectProxy, error: Error Domain=NSCocoaErrorDomain Code=4097 "connection to service named com.apple.linkd.autoShortcut" UserInfo={NSDebugDescription=connection to service named com.apple.linkd.autoShortcut}
2026-09-10 13:45:25.219104+0800 Malibu[52177:54669920] [Connection] Unable to re-register with Process Instance Registry, error: Error Domain=NSCocoaErrorDomain Code=4097 "connection to service named com.apple.linkd.autoShortcut" UserInfo={NSDebugDescription=connection to service named com.apple.linkd.autoShortcut}
2026-09-10 13:45:25.221147+0800 Malibu[52177:54669903] [Connection] Will NOT re-try to establish the connection
2026-09-10 13:45:25.221192+0800 Malibu[52177:54669915] [Connection] Unable to get synchronousRemoteObjectProxy, error: Error Domain=NSCocoaErrorDomain Code=4097 "connection to service named com.apple.linkd.autoShortcut" UserInfo={NSDebugDescription=connection to service named com.apple.linkd.autoShortcut}
2026-09-10 13:45:25.221247+0800 Malibu[52177:54669915] [Connection] Unable to re-register with Process Instance Registry, error: Error Domain=NSCocoaErrorDomain Code=4097 "connection to service named com.apple.linkd.autoShortcut" UserInfo={NSDebugDescription=connection to service named com.apple.linkd.autoShortcut}
2026-09-10 13:45:25.273803+0800 Malibu[52177:54669855] [malibu] startup app_version=1.8.123 build=123 managed_by=malibu-app
Test Suite 'Selected tests' started at 2026-09-10 13:45:25.339.
Test Suite 'MalibuTests.xctest' started at 2026-09-10 13:45:25.339.
Test Suite 'ModelManagementTests' started at 2026-09-10 13:45:25.339.
Test Case '-[MalibuTests.ModelManagementTests testActiveRecommendationOperationsBlockRefresh]' started.
Test Case '-[MalibuTests.ModelManagementTests testActiveRecommendationOperationsBlockRefresh]' passed (0.001 seconds).
Test Case '-[MalibuTests.ModelManagementTests testAdoptionEventRejectsMismatchedTargetAndUnknownRollbackState]' started.
Test Case '-[MalibuTests.ModelManagementTests testAdoptionEventRejectsMismatchedTargetAndUnknownRollbackState]' passed (0.001 seconds).
Test Case '-[MalibuTests.ModelManagementTests testAdoptionTranscriptRejectsProgressBeforeAcceptance]' started.
Test Case '-[MalibuTests.ModelManagementTests testAdoptionTranscriptRejectsProgressBeforeAcceptance]' passed (0.001 seconds).
Test Case '-[MalibuTests.ModelManagementTests testBackgroundCheckEventAcceptsInstalledOnlyCompletion]' started.
Test Case '-[MalibuTests.ModelManagementTests testBackgroundCheckEventAcceptsInstalledOnlyCompletion]' passed (0.001 seconds).
Test Case '-[MalibuTests.ModelManagementTests testBackgroundCheckEventRejectsDownloadPhase]' started.
Test Case '-[MalibuTests.ModelManagementTests testBackgroundCheckEventRejectsDownloadPhase]' passed (0.001 seconds).
Test Case '-[MalibuTests.ModelManagementTests testBackgroundCheckEventRejectsMissingInstalledOnlyProof]' started.
Test Case '-[MalibuTests.ModelManagementTests testBackgroundCheckEventRejectsMissingInstalledOnlyProof]' passed (0.000 seconds).
Test Case '-[MalibuTests.ModelManagementTests testBackgroundCheckTranscriptRequiresOneAcceptedTransaction]' started.
Test Case '-[MalibuTests.ModelManagementTests testBackgroundCheckTranscriptRequiresOneAcceptedTransaction]' passed (0.001 seconds).
Test Case '-[MalibuTests.ModelManagementTests testBackgroundRecommendationArgumentsAreInstalledOnlyAndNonMutating]' started.
Test Case '-[MalibuTests.ModelManagementTests testBackgroundRecommendationArgumentsAreInstalledOnlyAndNonMutating]' passed (0.001 seconds).
Test Case '-[MalibuTests.ModelManagementTests testBackgroundSafetyFailsClosedForUnknownOrStaleSignals]' started.
Test Case '-[MalibuTests.ModelManagementTests testBackgroundSafetyFailsClosedForUnknownOrStaleSignals]' passed (0.000 seconds).
Test Case '-[MalibuTests.ModelManagementTests testCapabilityManifestRequiresFloorVersionAndDeclaredSchemas]' started.
Test Case '-[MalibuTests.ModelManagementTests testCapabilityManifestRequiresFloorVersionAndDeclaredSchemas]' passed (0.003 seconds).
Test Case '-[MalibuTests.ModelManagementTests testCapabilityManifestRequiresRecommendationAndAdoptionContracts]' started.
Test Case '-[MalibuTests.ModelManagementTests testCapabilityManifestRequiresRecommendationAndAdoptionContracts]' passed (0.001 seconds).
Test Case '-[MalibuTests.ModelManagementTests testCatalogDecodeRejectsMissingNullableFields]' started.
Test Case '-[MalibuTests.ModelManagementTests testCatalogDecodeRejectsMissingNullableFields]' passed (0.001 seconds).
Test Case '-[MalibuTests.ModelManagementTests testCatalogEconomicsDecodeRejectsUnsupportedEnvelopeKeys]' started.
Test Case '-[MalibuTests.ModelManagementTests testCatalogEconomicsDecodeRejectsUnsupportedEnvelopeKeys]' passed (0.001 seconds).
Test Case '-[MalibuTests.ModelManagementTests testCatalogEconomicsDegradesContradictorySwitchableRows]' started.
Test Case '-[MalibuTests.ModelManagementTests testCatalogEconomicsDegradesContradictorySwitchableRows]' passed (0.004 seconds).
Test Case '-[MalibuTests.ModelManagementTests testCatalogEconomicsDegradesProjectionLevelTrustWarnings]' started.
Test Case '-[MalibuTests.ModelManagementTests testCatalogEconomicsDegradesProjectionLevelTrustWarnings]' passed (0.001 seconds).
Test Case '-[MalibuTests.ModelManagementTests testCatalogEconomicsDegradesRowsWithStrongerRateSourceThanProjection]' started.
Test Case '-[MalibuTests.ModelManagementTests testCatalogEconomicsDegradesRowsWithStrongerRateSourceThanProjection]' passed (0.001 seconds).
Test Case '-[MalibuTests.ModelManagementTests testCatalogEconomicsDegradesTrustedRowsWithBlockingWarningsOrStaleAdmission]' started.
Test Case '-[MalibuTests.ModelManagementTests testCatalogEconomicsDegradesTrustedRowsWithBlockingWarningsOrStaleAdmission]' passed (0.002 seconds).
Test Case '-[MalibuTests.ModelManagementTests testCatalogEconomicsDegradesUnsafeActionDescriptor]' started.
Test Case '-[MalibuTests.ModelManagementTests testCatalogEconomicsDegradesUnsafeActionDescriptor]' passed (0.002 seconds).
Test Case '-[MalibuTests.ModelManagementTests testCatalogEconomicsDisplayCopyAvoidsForbiddenRewardClaims]' started.
Test Case '-[MalibuTests.ModelManagementTests testCatalogEconomicsDisplayCopyAvoidsForbiddenRewardClaims]' passed (0.001 seconds).
Test Case '-[MalibuTests.ModelManagementTests testCatalogEconomicsFailsClosedOnAnyMalformedRow]' started.
Test Case '-[MalibuTests.ModelManagementTests testCatalogEconomicsFailsClosedOnAnyMalformedRow]' passed (0.001 seconds).
Test Case '-[MalibuTests.ModelManagementTests testCatalogEconomicsHidesLocalDefaultBYOMRowsForThisRelease]' started.
Test Case '-[MalibuTests.ModelManagementTests testCatalogEconomicsHidesLocalDefaultBYOMRowsForThisRelease]' passed (0.001 seconds).
Test Case '-[MalibuTests.ModelManagementTests testCatalogEconomicsRejectsActionDescriptorReasonMismatch]' started.
Test Case '-[MalibuTests.ModelManagementTests testCatalogEconomicsRejectsActionDescriptorReasonMismatch]' passed (0.002 seconds).
Test Case '-[MalibuTests.ModelManagementTests testCatalogEconomicsRejectsDuplicateJSONKeys]' started.
Test Case '-[MalibuTests.ModelManagementTests testCatalogEconomicsRejectsDuplicateJSONKeys]' passed (0.001 seconds).
Test Case '-[MalibuTests.ModelManagementTests testCatalogEconomicsRejectsUnsafeProviderVisibleModelText]' started.
Test Case '-[MalibuTests.ModelManagementTests testCatalogEconomicsRejectsUnsafeProviderVisibleModelText]' passed (0.002 seconds).
Test Case '-[MalibuTests.ModelManagementTests testCatalogEconomicsRequiresNonEarningDisclosureForNonSettlementTrustedRow]' started.
Test Case '-[MalibuTests.ModelManagementTests testCatalogEconomicsRequiresNonEarningDisclosureForNonSettlementTrustedRow]' passed (0.003 seconds).
Test Case '-[MalibuTests.ModelManagementTests testCatalogEconomicsRowCarriesVerifiedCatalogIdentity]' started.
Test Case '-[MalibuTests.ModelManagementTests testCatalogEconomicsRowCarriesVerifiedCatalogIdentity]' passed (0.002 seconds).
Test Case '-[MalibuTests.ModelManagementTests testCatalogEconomicsSuppressesNonTrustedSwitchActionsAndRawDisabledReasons]' started.
Test Case '-[MalibuTests.ModelManagementTests testCatalogEconomicsSuppressesNonTrustedSwitchActionsAndRawDisabledReasons]' passed (0.001 seconds).
Test Case '-[MalibuTests.ModelManagementTests testCatalogEconomicsSwitchReconciliationSuspendsCatalogActionsUntilRefresh]' started.
Test Case '-[MalibuTests.ModelManagementTests testCatalogEconomicsSwitchReconciliationSuspendsCatalogActionsUntilRefresh]' passed (0.008 seconds).
Test Case '-[MalibuTests.ModelManagementTests testCatalogEconomicsValidationAcceptsTrustedCoordinatorRows]' started.
Test Case '-[MalibuTests.ModelManagementTests testCatalogEconomicsValidationAcceptsTrustedCoordinatorRows]' passed (0.001 seconds).
Test Case '-[MalibuTests.ModelManagementTests testCatalogPricedEconomicsAccessibilityLabelVoicesRatesWithFullDisclosure]' started.
Test Case '-[MalibuTests.ModelManagementTests testCatalogPricedEconomicsAccessibilityLabelVoicesRatesWithFullDisclosure]' passed (0.002 seconds).
Test Case '-[MalibuTests.ModelManagementTests testCatalogProjectionExpiryClearsRowsAfterOperationFailure]' started.
Test Case '-[MalibuTests.ModelManagementTests testCatalogProjectionExpiryClearsRowsAfterOperationFailure]' passed (0.509 seconds).
Test Case '-[MalibuTests.ModelManagementTests testCatalogProjectionExpiryClearsRowsDuringReconciliation]' started.
Test Case '-[MalibuTests.ModelManagementTests testCatalogProjectionExpiryClearsRowsDuringReconciliation]' passed (0.416 seconds).
Test Case '-[MalibuTests.ModelManagementTests testCatalogProjectionExpiryClearsRowsDuringRuntimeConflict]' started.
Test Case '-[MalibuTests.ModelManagementTests testCatalogProjectionExpiryClearsRowsDuringRuntimeConflict]' passed (0.427 seconds).
Test Case '-[MalibuTests.ModelManagementTests testCatalogProjectionExpiryClearsRowsDuringStalledSwitch]' started.
Test Case '-[MalibuTests.ModelManagementTests testCatalogProjectionExpiryClearsRowsDuringStalledSwitch]' passed (0.523 seconds).
Test Case '-[MalibuTests.ModelManagementTests testCatalogProjectionRejectsStaleReplyFromOlderProcess]' started.
Test Case '-[MalibuTests.ModelManagementTests testCatalogProjectionRejectsStaleReplyFromOlderProcess]' passed (0.016 seconds).
Test Case '-[MalibuTests.ModelManagementTests testCatalogValidationAcceptsCLIResponseWithFractionalTimestamp]' started.
Test Case '-[MalibuTests.ModelManagementTests testCatalogValidationAcceptsCLIResponseWithFractionalTimestamp]' passed (0.001 seconds).
Test Case '-[MalibuTests.ModelManagementTests testCatalogValidationAllowsNoCurrentModel]' started.
Test Case '-[MalibuTests.ModelManagementTests testCatalogValidationAllowsNoCurrentModel]' passed (0.001 seconds).
Test Case '-[MalibuTests.ModelManagementTests testCatalogValidationRejectsCaseVariantDuplicateActionIDs]' started.
Test Case '-[MalibuTests.ModelManagementTests testCatalogValidationRejectsCaseVariantDuplicateActionIDs]' passed (0.001 seconds).
Test Case '-[MalibuTests.ModelManagementTests testEqualCatalogProjectionSequenceIsIgnored]' started.
Test Case '-[MalibuTests.ModelManagementTests testEqualCatalogProjectionSequenceIsIgnored]' passed (0.012 seconds).
Test Case '-[MalibuTests.ModelManagementTests testLegacyFallbackCancelsPreviousCatalogProjectionExpiry]' started.
Test Case '-[MalibuTests.ModelManagementTests testLegacyFallbackCancelsPreviousCatalogProjectionExpiry]' passed (0.510 seconds).
Test Case '-[MalibuTests.ModelManagementTests testNoRecommendationDocumentKeepsWhyNotDisplayFeedback]' started.
Test Case '-[MalibuTests.ModelManagementTests testNoRecommendationDocumentKeepsWhyNotDisplayFeedback]' passed (0.006 seconds).
Test Case '-[MalibuTests.ModelManagementTests testNoRecommendationDocumentRejectsLegacySelectedLookingWhy]' started.
Test Case '-[MalibuTests.ModelManagementTests testNoRecommendationDocumentRejectsLegacySelectedLookingWhy]' passed (0.002 seconds).
Test Case '-[MalibuTests.ModelManagementTests testNoRecommendationDocumentRejectsSelectedLookingFeedback]' started.
Test Case '-[MalibuTests.ModelManagementTests testNoRecommendationDocumentRejectsSelectedLookingFeedback]' passed (0.003 seconds).
Test Case '-[MalibuTests.ModelManagementTests testPeerEvidenceExpiresEvenWhenInitialSnapshotWasFresh]' started.
Test Case '-[MalibuTests.ModelManagementTests testPeerEvidenceExpiresEvenWhenInitialSnapshotWasFresh]' passed (0.001 seconds).
Test Case '-[MalibuTests.ModelManagementTests testPeerEvidenceUsesProviderLeaseNotDisplayRetention]' started.
Test Case '-[MalibuTests.ModelManagementTests testPeerEvidenceUsesProviderLeaseNotDisplayRetention]' passed (0.001 seconds).
Test Case '-[MalibuTests.ModelManagementTests testPowerMonitorPreservesObservationTimestamp]' started.
Test Case '-[MalibuTests.ModelManagementTests testPowerMonitorPreservesObservationTimestamp]' passed (0.001 seconds).
Test Case '-[MalibuTests.ModelManagementTests testReclassificationMovesPreviousCurrentModelBackToReady]' started.
Test Case '-[MalibuTests.ModelManagementTests testReclassificationMovesPreviousCurrentModelBackToReady]' passed (0.001 seconds).
Test Case '-[MalibuTests.ModelManagementTests testRecommendationActionabilityRejectsExplanationContradictions]' started.
Test Case '-[MalibuTests.ModelManagementTests testRecommendationActionabilityRejectsExplanationContradictions]' passed (0.004 seconds).
Test Case '-[MalibuTests.ModelManagementTests testRecommendationActionabilityRequiresReadyHighMeasuredExplanation]' started.
Test Case '-[MalibuTests.ModelManagementTests testRecommendationActionabilityRequiresReadyHighMeasuredExplanation]' passed (0.004 seconds).
Test Case '-[MalibuTests.ModelManagementTests testRecommendationAdoptionRequiresActionableReadyRow]' started.
Test Case '-[MalibuTests.ModelManagementTests testRecommendationAdoptionRequiresActionableReadyRow]' passed (0.001 seconds).
Test Case '-[MalibuTests.ModelManagementTests testRecommendationEvidenceLabelsCatalogEstimateThroughput]' started.
Test Case '-[MalibuTests.ModelManagementTests testRecommendationEvidenceLabelsCatalogEstimateThroughput]' passed (0.002 seconds).
Test Case '-[MalibuTests.ModelManagementTests testRecommendationEvidenceLabelsUnavailableThroughput]' started.
Test Case '-[MalibuTests.ModelManagementTests testRecommendationEvidenceLabelsUnavailableThroughput]' passed (0.002 seconds).
Test Case '-[MalibuTests.ModelManagementTests testRecommendationScheduleUsesDailySuccessAndExponentialFailureBackoff]' started.
Test Case '-[MalibuTests.ModelManagementTests testRecommendationScheduleUsesDailySuccessAndExponentialFailureBackoff]' passed (0.000 seconds).
Test Case '-[MalibuTests.ModelManagementTests testRecommendationSnoozeIsBoundToVisibleIdentity]' started.
Test Case '-[MalibuTests.ModelManagementTests testRecommendationSnoozeIsBoundToVisibleIdentity]' passed (0.000 seconds).
Test Case '-[MalibuTests.ModelManagementTests testRecommendationTargetIdentityIsCaseInsensitive]' started.
Test Case '-[MalibuTests.ModelManagementTests testRecommendationTargetIdentityIsCaseInsensitive]' passed (0.000 seconds).
Test Case '-[MalibuTests.ModelManagementTests testRecommendationValidationAcceptsActionableInstalledResult]' started.
Test Case '-[MalibuTests.ModelManagementTests testRecommendationValidationAcceptsActionableInstalledResult]' passed (0.001 seconds).
Test Case '-[MalibuTests.ModelManagementTests testRecommendationValidationAcceptsDonorServeConfigWithoutRecommendedModel]' started.
Test Case '-[MalibuTests.ModelManagementTests testRecommendationValidationAcceptsDonorServeConfigWithoutRecommendedModel]' passed (0.001 seconds).
Test Case '-[MalibuTests.ModelManagementTests testRecommendationValidationKeepsAnyRootWarningAdvisoryOnly]' started.
Test Case '-[MalibuTests.ModelManagementTests testRecommendationValidationKeepsAnyRootWarningAdvisoryOnly]' passed (0.006 seconds).
Test Case '-[MalibuTests.ModelManagementTests testRecommendationValidationKeepsThermalOrSwapWarningAdvisory]' started.
Test Case '-[MalibuTests.ModelManagementTests testRecommendationValidationKeepsThermalOrSwapWarningAdvisory]' passed (0.002 seconds).
Test Case '-[MalibuTests.ModelManagementTests testRecommendationValidationKeepsUnsupportedDraftAdvisory]' started.
Test Case '-[MalibuTests.ModelManagementTests testRecommendationValidationKeepsUnsupportedDraftAdvisory]' passed (0.001 seconds).
Test Case '-[MalibuTests.ModelManagementTests testRecommendationValidationRejectsCandidateEvidenceMismatch]' started.
Test Case '-[MalibuTests.ModelManagementTests testRecommendationValidationRejectsCandidateEvidenceMismatch]' passed (0.001 seconds).
Test Case '-[MalibuTests.ModelManagementTests testRecommendationValidationRejectsCandidateOnlySelectedExplanation]' started.
Test Case '-[MalibuTests.ModelManagementTests testRecommendationValidationRejectsCandidateOnlySelectedExplanation]' passed (0.001 seconds).
Test Case '-[MalibuTests.ModelManagementTests testRecommendationValidationRejectsCatalogModelIdentityMismatch]' started.
Test Case '-[MalibuTests.ModelManagementTests testRecommendationValidationRejectsCatalogModelIdentityMismatch]' passed (0.001 seconds).
Test Case '-[MalibuTests.ModelManagementTests testRecommendationValidationRejectsControlCharactersInDisplayText]' started.
Test Case '-[MalibuTests.ModelManagementTests testRecommendationValidationRejectsControlCharactersInDisplayText]' passed (0.001 seconds).
Test Case '-[MalibuTests.ModelManagementTests testRecommendationValidationRejectsCoordinatedForgedEvidence]' started.
Test Case '-[MalibuTests.ModelManagementTests testRecommendationValidationRejectsCoordinatedForgedEvidence]' passed (0.001 seconds).
Test Case '-[MalibuTests.ModelManagementTests testRecommendationValidationRejectsDuplicateRecommendedCandidates]' started.
Test Case '-[MalibuTests.ModelManagementTests testRecommendationValidationRejectsDuplicateRecommendedCandidates]' passed (0.001 seconds).
Test Case '-[MalibuTests.ModelManagementTests testRecommendationValidationRejectsExplanationWithoutThroughputSource]' started.
Test Case '-[MalibuTests.ModelManagementTests testRecommendationValidationRejectsExplanationWithoutThroughputSource]' passed (0.000 seconds).
Test Case '-[MalibuTests.ModelManagementTests testRecommendationValidationRejectsLegacyWeeklyEarnClaim]' started.
Test Case '-[MalibuTests.ModelManagementTests testRecommendationValidationRejectsLegacyWeeklyEarnClaim]' passed (0.001 seconds).
Test Case '-[MalibuTests.ModelManagementTests testRecommendationValidationRejectsMismatchedSelectedExplanation]' started.
Test Case '-[MalibuTests.ModelManagementTests testRecommendationValidationRejectsMismatchedSelectedExplanation]' passed (0.001 seconds).
Test Case '-[MalibuTests.ModelManagementTests testRecommendationValidationRejectsNegativeTopLevelRates]' started.
Test Case '-[MalibuTests.ModelManagementTests testRecommendationValidationRejectsNegativeTopLevelRates]' passed (0.001 seconds).
Test Case '-[MalibuTests.ModelManagementTests testRecommendationValidationRejectsNonDonorServeConfigWithoutRecommendedModel]' started.
Test Case '-[MalibuTests.ModelManagementTests testRecommendationValidationRejectsNonDonorServeConfigWithoutRecommendedModel]' passed (0.001 seconds).
Test Case '-[MalibuTests.ModelManagementTests testRecommendationValidationRejectsOlderRecommendationWithoutExplanation]' started.
Test Case '-[MalibuTests.ModelManagementTests testRecommendationValidationRejectsOlderRecommendationWithoutExplanation]' passed (0.001 seconds).
Test Case '-[MalibuTests.ModelManagementTests testRecommendationValidationRejectsOverflowMemoryFit]' started.
Test Case '-[MalibuTests.ModelManagementTests testRecommendationValidationRejectsOverflowMemoryFit]' passed (0.001 seconds).
Test Case '-[MalibuTests.ModelManagementTests testRecommendationValidationRejectsParaphrasedIncomeClaim]' started.
Test Case '-[MalibuTests.ModelManagementTests testRecommendationValidationRejectsParaphrasedIncomeClaim]' passed (0.001 seconds).
Test Case '-[MalibuTests.ModelManagementTests testRecommendationValidationRejectsSelectedExplanationWithoutRecommendedModel]' started.
Test Case '-[MalibuTests.ModelManagementTests testRecommendationValidationRejectsSelectedExplanationWithoutRecommendedModel]' passed (0.001 seconds).
Test Case '-[MalibuTests.ModelManagementTests testRecommendationValidationRejectsSmuggledIncomeClaimTemplate]' started.
Test Case '-[MalibuTests.ModelManagementTests testRecommendationValidationRejectsSmuggledIncomeClaimTemplate]' passed (0.001 seconds).
Test Case '-[MalibuTests.ModelManagementTests testRecommendationValidationRejectsTopLevelRateMismatch]' started.
Test Case '-[MalibuTests.ModelManagementTests testRecommendationValidationRejectsTopLevelRateMismatch]' passed (0.001 seconds).
Test Case '-[MalibuTests.ModelManagementTests testRecommendationValidationRejectsUnboundAlternativeExplanation]' started.
Test Case '-[MalibuTests.ModelManagementTests testRecommendationValidationRejectsUnboundAlternativeExplanation]' passed (0.001 seconds).
Test Case '-[MalibuTests.ModelManagementTests testRecommendationValidationRejectsUnboundDonorFallbackExplanation]' started.
Test Case '-[MalibuTests.ModelManagementTests testRecommendationValidationRejectsUnboundDonorFallbackExplanation]' passed (0.001 seconds).
Test Case '-[MalibuTests.ModelManagementTests testRecommendationValidationRejectsUnknownExplanationState]' started.
Test Case '-[MalibuTests.ModelManagementTests testRecommendationValidationRejectsUnknownExplanationState]' passed (0.001 seconds).
Test Case '-[MalibuTests.ModelManagementTests testRecommendationValidationRejectsUnknownRootWarning]' started.
Test Case '-[MalibuTests.ModelManagementTests testRecommendationValidationRejectsUnknownRootWarning]' passed (0.001 seconds).
Test Case '-[MalibuTests.ModelManagementTests testRecommendationValidationRejectsUnknownThroughputSource]' started.
Test Case '-[MalibuTests.ModelManagementTests testRecommendationValidationRejectsUnknownThroughputSource]' passed (0.001 seconds).
Test Case '-[MalibuTests.ModelManagementTests testRecommendationValidationRejectsUnpairedSelectedExplanation]' started.
Test Case '-[MalibuTests.ModelManagementTests testRecommendationValidationRejectsUnpairedSelectedExplanation]' passed (0.001 seconds).
Test Case '-[MalibuTests.ModelManagementTests testRecommendationValidationRejectsUnsafeAlternativeExplanation]' started.
Test Case '-[MalibuTests.ModelManagementTests testRecommendationValidationRejectsUnsafeAlternativeExplanation]' passed (0.001 seconds).
Test Case '-[MalibuTests.ModelManagementTests testRecommendationValidationRejectsUnsafeAlternativeModelID]' started.
Test Case '-[MalibuTests.ModelManagementTests testRecommendationValidationRejectsUnsafeAlternativeModelID]' passed (0.001 seconds).
Test Case '-[MalibuTests.ModelManagementTests testRecommendationValidationRejectsUnsafeExplanationDisplayText]' started.
Test Case '-[MalibuTests.ModelManagementTests testRecommendationValidationRejectsUnsafeExplanationDisplayText]' passed (0.001 seconds).
Test Case '-[MalibuTests.ModelManagementTests testRecommendationValidationRejectsUnsafeLegacyWhyText]' started.
Test Case '-[MalibuTests.ModelManagementTests testRecommendationValidationRejectsUnsafeLegacyWhyText]' passed (0.001 seconds).
Test Case '-[MalibuTests.ModelManagementTests testRecommendationValidationRejectsUnsafeRootWarningText]' started.
Test Case '-[MalibuTests.ModelManagementTests testRecommendationValidationRejectsUnsafeRootWarningText]' passed (0.001 seconds).
Test Case '-[MalibuTests.ModelManagementTests testRecommendationValidationRejectsUnsafeVisibleMetadata]' started.
Test Case '-[MalibuTests.ModelManagementTests testRecommendationValidationRejectsUnsafeVisibleMetadata]' passed (0.001 seconds).
Test Case '-[MalibuTests.ModelManagementTests testRefreshFallsBackToLegacyListWhenCatalogEconomicsCapabilityMissing]' started.
Test Case '-[MalibuTests.ModelManagementTests testRefreshFallsBackToLegacyListWhenCatalogEconomicsCapabilityMissing]' passed (0.001 seconds).
Test Case '-[MalibuTests.ModelManagementTests testRefreshFallsBackToStaticCurrentStateWhenProjectionFails]' started.
Test Case '-[MalibuTests.ModelManagementTests testRefreshFallsBackToStaticCurrentStateWhenProjectionFails]' passed (0.001 seconds).
Test Case '-[MalibuTests.ModelManagementTests testRefreshUsesCatalogEconomicsProjectionWhenAdvertised]' started.
Test Case '-[MalibuTests.ModelManagementTests testRefreshUsesCatalogEconomicsProjectionWhenAdvertised]' passed (0.004 seconds).
Test Case '-[MalibuTests.ModelManagementTests testRowClassificationBlocksModelsThatDoNotFit]' started.
Test Case '-[MalibuTests.ModelManagementTests testRowClassificationBlocksModelsThatDoNotFit]' passed (0.000 seconds).
Test Case '-[MalibuTests.ModelManagementTests testRowClassificationKeepsUninstalledModelsOutOfSwitchPath]' started.
Test Case '-[MalibuTests.ModelManagementTests testRowClassificationKeepsUninstalledModelsOutOfSwitchPath]' passed (0.000 seconds).
Test Case '-[MalibuTests.ModelManagementTests testSettlementCapableEconomicsAccessibilityLabelHasRatesWithoutDisclosure]' started.
Test Case '-[MalibuTests.ModelManagementTests testSettlementCapableEconomicsAccessibilityLabelHasRatesWithoutDisclosure]' passed (0.001 seconds).
Test Case '-[MalibuTests.ModelManagementTests testSwitchableCatalogPricedRowStillShowsNonEarningDisclosure]' started.
Test Case '-[MalibuTests.ModelManagementTests testSwitchableCatalogPricedRowStillShowsNonEarningDisclosure]' passed (0.001 seconds).
Test Suite 'ModelManagementTests' passed at 2026-09-10 13:45:27.889.
	 Executed 96 tests, with 0 failures (0 unexpected) in 2.531 (2.550) seconds
Test Suite 'MalibuTests.xctest' passed at 2026-09-10 13:45:27.889.
	 Executed 96 tests, with 0 failures (0 unexpected) in 2.531 (2.550) seconds
Test Suite 'Selected tests' passed at 2026-09-10 13:45:27.889.
	 Executed 96 tests, with 0 failures (0 unexpected) in 2.531 (2.551) seconds
2026-09-10 13:45:28.156 xcodebuild[52048:54668978] [MT] IDETestOperationsObserverDebug: 3.856 elapsed -- Testing started completed.
2026-09-10 13:45:28.156 xcodebuild[52048:54668978] [MT] IDETestOperationsObserverDebug: 0.000 sec, +0.000 sec -- start
2026-09-10 13:45:28.156 xcodebuild[52048:54668978] [MT] IDETestOperationsObserverDebug: 3.856 sec, +3.856 sec -- end

Test session results, code coverage, and logs:
	/Users/augstar/Library/Developer/Xcode/DerivedData/Malibu-cadiaoswicqctqgsgdgeqxtlosmr/Logs/Test/Test-Malibu-2026.09.10_13-45-07-+0800.xcresult

** TEST SUCCEEDED **

Testing started
