start 17:09:15 tag=w5-cv-on bin=3e4b1855f7c9bd2d env=MLX_LM_QWEN35_COMPILED_VERIFY=1 MACPROVIDER_LAB_DUMP_DIR=<studio-home>/lab-332/mtp/dumps/cv-on
[labev] t=454617.589 chunk.ord.total=245.658ms
[labev] t=454617.603 chunk.ord.total=14.201ms
[labev] t=454617.612 ev.decode.rows1.cap0=8.879ms
[labev] t=454617.621 ev.decode.rows1.cap0=8.694ms
[labev] t=454617.630 ev.decode.rows1.cap0=8.655ms
[labev] t=454617.638 ev.decode.rows1.cap0=8.627ms
[labev] t=454617.647 ev.decode.rows1.cap0=8.571ms
[labev] t=454617.656 ev.decode.rows1.cap0=8.603ms
[labev] t=454617.664 ev.decode.rows1.cap0=8.614ms
[labev] t=454617.673 ev.decode.rows1.cap0=8.600ms
[labev] t=454617.682 ev.decode.rows1.cap0=8.601ms
[labev] t=454617.690 ev.decode.rows1.cap0=8.620ms
[labev] t=454617.699 ev.decode.rows1.cap0=8.599ms
[labev] t=454617.708 ev.decode.rows1.cap0=8.679ms
[labev] t=454617.716 ev.decode.rows1.cap0=8.630ms
[labev] t=454617.725 ev.decode.rows1.cap0=8.636ms
[labev] t=454617.734 ev.decode.rows1.cap0=8.639ms
[labev] t=454617.742 ev.decode.rows1.cap0=8.598ms
[labev] t=454617.751 ev.decode.rows1.cap0=8.648ms
[labev] t=454617.760 ev.decode.rows1.cap0=8.598ms
[labev] t=454617.768 ev.decode.rows1.cap0=8.584ms
[labev] t=454617.777 ev.decode.rows1.cap0=8.621ms
[labev] t=454617.785 ev.decode.rows1.cap0=8.634ms
[labev] t=454617.794 ev.decode.rows1.cap0=8.633ms
[labev] t=454617.803 ev.decode.rows1.cap0=8.767ms
[labev] t=454617.812 ev.decode.rows1.cap0=8.664ms
[labev] t=454617.820 ev.decode.rows1.cap0=8.588ms
[labev] t=454617.829 ev.decode.rows1.cap0=8.621ms
[labev] t=454617.838 ev.decode.rows1.cap0=8.610ms
[labev] t=454617.846 ev.decode.rows1.cap0=8.623ms
[labev] t=454617.855 ev.decode.rows1.cap0=8.638ms
[labev] t=454617.864 ev.decode.rows1.cap0=8.637ms
[labev] t=454617.872 ev.decode.rows1.cap0=8.571ms
[labev] t=454617.881 ev.decode.rows1.cap0=8.576ms
[labev] t=454617.889 ev.decode.rows1.cap0=8.580ms
[labev] t=454617.898 ev.decode.rows1.cap0=8.653ms
[labev] t=454617.907 ev.decode.rows1.cap0=8.643ms
[labev] t=454617.915 ev.decode.rows1.cap0=8.593ms
[labev] t=454617.924 ev.decode.rows1.cap0=8.574ms
[labev] t=454617.933 ev.decode.rows1.cap0=8.573ms
[labev] t=454617.941 ev.decode.rows1.cap0=8.559ms
[labev] t=454617.950 ev.decode.rows1.cap0=8.558ms
[labev] t=454617.958 ev.decode.rows1.cap0=8.552ms
[labev] t=454617.967 ev.decode.rows1.cap0=8.592ms
[labev] t=454617.976 ev.decode.rows1.cap0=8.576ms
[labev] t=454617.984 ev.decode.rows1.cap0=8.597ms
[labev] t=454617.993 ev.decode.rows1.cap0=8.607ms
[labev] t=454618.001 ev.decode.rows1.cap0=8.627ms
[labev] t=454618.010 ev.decode.rows1.cap0=8.630ms
[labev] t=454618.464 ev.decode.rows2.cap0=12.252ms
[labev] t=454618.476 ev.decode.rows2.cap0=11.951ms
[labev] t=454618.488 ev.decode.rows2.cap0=11.934ms
[labev] t=454618.500 ev.decode.rows2.cap0=11.848ms
[labev] t=454618.512 ev.decode.rows2.cap0=11.870ms
[labev] t=454618.524 ev.decode.rows2.cap0=11.913ms
[labev] t=454618.536 ev.decode.rows2.cap0=12.015ms
[labev] t=454618.548 ev.decode.rows2.cap0=12.023ms
[labev] t=454618.560 ev.decode.rows2.cap0=12.061ms
[labev] t=454618.572 ev.decode.rows2.cap0=11.997ms
[labev] t=454618.584 ev.decode.rows2.cap0=12.072ms
[labev] t=454618.597 ev.decode.rows2.cap0=12.157ms
[labev] t=454618.609 ev.decode.rows2.cap0=12.060ms
[labev] t=454618.621 ev.decode.rows2.cap0=12.045ms
[labev] t=454618.633 ev.decode.rows2.cap0=12.189ms
[labev] t=454618.645 ev.decode.rows2.cap0=12.105ms
[labev] t=454618.657 ev.decode.rows2.cap0=12.070ms
[labev] t=454618.669 ev.decode.rows2.cap0=12.114ms
[labev] t=454618.681 ev.decode.rows2.cap0=12.074ms
[labev] t=454618.694 ev.decode.rows2.cap0=12.109ms
[labev] t=454618.706 ev.decode.rows2.cap0=12.110ms
[labev] t=454618.718 ev.decode.rows2.cap0=12.124ms
[labev] t=454618.730 ev.decode.rows2.cap0=12.128ms
[labev] t=454618.742 ev.decode.rows2.cap0=12.049ms
[labev] t=454618.754 ev.decode.rows2.cap0=12.148ms
[labev] t=454618.767 ev.decode.rows2.cap0=12.141ms
[labev] t=454618.779 ev.decode.rows2.cap0=12.040ms
[labev] t=454618.791 ev.decode.rows2.cap0=12.081ms
[labev] t=454618.803 ev.decode.rows2.cap0=12.084ms
[labev] t=454618.815 ev.decode.rows2.cap0=12.167ms
[labev] t=454618.827 ev.decode.rows2.cap0=12.009ms
[labev] t=454618.839 ev.decode.rows2.cap0=12.031ms
[labev] t=454618.851 ev.decode.rows2.cap0=12.144ms
[labev] t=454618.864 ev.decode.rows2.cap0=12.104ms
[labev] t=454618.876 ev.decode.rows2.cap0=12.097ms
[labev] t=454618.888 ev.decode.rows2.cap0=12.114ms
[labev] t=454618.900 ev.decode.rows2.cap0=12.133ms
[labev] t=454618.912 ev.decode.rows2.cap0=12.142ms
[labev] t=454618.924 ev.decode.rows2.cap0=12.068ms
[labev] t=454618.936 ev.decode.rows2.cap0=12.147ms
[labev] t=454618.949 ev.decode.rows2.cap0=12.104ms
[labev] t=454618.961 ev.decode.rows2.cap0=12.139ms
[labev] t=454618.973 ev.decode.rows2.cap0=12.144ms
[labev] t=454618.985 ev.decode.rows2.cap0=12.076ms
[labev] t=454618.997 ev.decode.rows2.cap0=12.146ms
[labev] t=454619.009 ev.decode.rows2.cap0=12.157ms
[labev] t=454619.022 ev.decode.rows2.cap0=12.176ms
[labev] t=454619.049 chunk.ord.total=27.695ms
[labev] t=454619.077 chunk.ord.total=27.180ms
[labev] t=454619.089 ev.decode.rows2.cap0=12.249ms
[paged-kv] moe-isolation first prefill=[271,271] serial=[271,271] decodeA=[248068] serialA=[248068] decodeB=[248068] serialB=[248068]
[labev] t=454619.220 chunk.ord.total=28.056ms
[labev] t=454619.232 ev.decode.rows2.cap0=11.949ms
[paged-kv] moe-isolation rejoin decodeA=[198] serialA=[198] decodeB=[248068] serialB=[248068]
[paged-kv] batched-isolation model=qwen/qwen3.6-35b-a3b challenge pair 0 not distinguishing; trying next
[labev] t=454620.688 chunk.ord.total=241.733ms
[labev] t=454620.696 chunk.ord.total=8.606ms
[labev] t=454620.705 ev.decode.rows1.cap0=8.707ms
[labev] t=454620.714 ev.decode.rows1.cap0=8.548ms
[labev] t=454620.722 ev.decode.rows1.cap0=8.646ms
[labev] t=454620.731 ev.decode.rows1.cap0=8.574ms
[labev] t=454620.740 ev.decode.rows1.cap0=8.545ms
[labev] t=454620.748 ev.decode.rows1.cap0=8.612ms
[labev] t=454620.757 ev.decode.rows1.cap0=8.681ms
[labev] t=454620.766 ev.decode.rows1.cap0=8.590ms
[labev] t=454620.774 ev.decode.rows1.cap0=8.601ms
[labev] t=454620.783 ev.decode.rows1.cap0=8.606ms
[labev] t=454620.792 ev.decode.rows1.cap0=8.638ms
[labev] t=454620.800 ev.decode.rows1.cap0=8.723ms
[labev] t=454620.809 ev.decode.rows1.cap0=8.630ms
[labev] t=454620.818 ev.decode.rows1.cap0=8.660ms
[labev] t=454620.826 ev.decode.rows1.cap0=8.701ms
[labev] t=454620.835 ev.decode.rows1.cap0=8.651ms
[labev] t=454620.844 ev.decode.rows1.cap0=8.649ms
[labev] t=454620.852 ev.decode.rows1.cap0=8.592ms
[labev] t=454620.861 ev.decode.rows1.cap0=8.621ms
[labev] t=454620.870 ev.decode.rows1.cap0=8.620ms
[labev] t=454620.878 ev.decode.rows1.cap0=8.651ms
[labev] t=454620.887 ev.decode.rows1.cap0=8.602ms
[labev] t=454620.896 ev.decode.rows1.cap0=8.586ms
[labev] t=454620.904 ev.decode.rows1.cap0=8.652ms
[labev] t=454620.913 ev.decode.rows1.cap0=8.638ms
[labev] t=454620.922 ev.decode.rows1.cap0=8.632ms
[labev] t=454620.930 ev.decode.rows1.cap0=8.635ms
[labev] t=454620.939 ev.decode.rows1.cap0=8.657ms
[labev] t=454620.948 ev.decode.rows1.cap0=8.660ms
[labev] t=454620.956 ev.decode.rows1.cap0=8.643ms
[labev] t=454620.965 ev.decode.rows1.cap0=8.578ms
[labev] t=454620.974 ev.decode.rows1.cap0=8.597ms
[labev] t=454620.982 ev.decode.rows1.cap0=8.625ms
[labev] t=454620.991 ev.decode.rows1.cap0=8.592ms
[labev] t=454621.000 ev.decode.rows1.cap0=8.654ms
[labev] t=454621.008 ev.decode.rows1.cap0=8.608ms
[labev] t=454621.017 ev.decode.rows1.cap0=8.630ms
[labev] t=454621.026 ev.decode.rows1.cap0=8.645ms
[labev] t=454621.034 ev.decode.rows1.cap0=8.568ms
[labev] t=454621.043 ev.decode.rows1.cap0=8.653ms
[labev] t=454621.051 ev.decode.rows1.cap0=8.617ms
[labev] t=454621.060 ev.decode.rows1.cap0=8.603ms
[labev] t=454621.069 ev.decode.rows1.cap0=8.635ms
[labev] t=454621.077 ev.decode.rows1.cap0=8.671ms
[labev] t=454621.086 ev.decode.rows1.cap0=8.605ms
[labev] t=454621.095 ev.decode.rows1.cap0=8.688ms
[labev] t=454621.103 ev.decode.rows1.cap0=8.632ms
[labev] t=454621.552 ev.decode.rows2.cap0=12.102ms
[labev] t=454621.564 ev.decode.rows2.cap0=12.113ms
[labev] t=454621.576 ev.decode.rows2.cap0=12.171ms
[labev] t=454621.589 ev.decode.rows2.cap0=12.097ms
[labev] t=454621.601 ev.decode.rows2.cap0=12.104ms
[labev] t=454621.613 ev.decode.rows2.cap0=12.096ms
[labev] t=454621.625 ev.decode.rows2.cap0=12.127ms
[labev] t=454621.637 ev.decode.rows2.cap0=12.070ms
[labev] t=454621.649 ev.decode.rows2.cap0=12.034ms
[labev] t=454621.661 ev.decode.rows2.cap0=12.015ms
[labev] t=454621.673 ev.decode.rows2.cap0=12.044ms
[labev] t=454621.685 ev.decode.rows2.cap0=12.094ms
[labev] t=454621.698 ev.decode.rows2.cap0=12.140ms
[labev] t=454621.710 ev.decode.rows2.cap0=11.921ms
[labev] t=454621.722 ev.decode.rows2.cap0=12.054ms
[labev] t=454621.734 ev.decode.rows2.cap0=12.118ms
[labev] t=454621.746 ev.decode.rows2.cap0=11.976ms
[labev] t=454621.758 ev.decode.rows2.cap0=12.050ms
[labev] t=454621.770 ev.decode.rows2.cap0=11.912ms
[labev] t=454621.782 ev.decode.rows2.cap0=12.033ms
[labev] t=454621.794 ev.decode.rows2.cap0=11.993ms
[labev] t=454621.806 ev.decode.rows2.cap0=12.152ms
[labev] t=454621.818 ev.decode.rows2.cap0=12.027ms
[labev] t=454621.830 ev.decode.rows2.cap0=12.101ms
[labev] t=454621.842 ev.decode.rows2.cap0=12.105ms
[labev] t=454621.855 ev.decode.rows2.cap0=12.030ms
[labev] t=454621.867 ev.decode.rows2.cap0=12.038ms
[labev] t=454621.879 ev.decode.rows2.cap0=12.047ms
[labev] t=454621.891 ev.decode.rows2.cap0=11.979ms
[labev] t=454621.903 ev.decode.rows2.cap0=12.024ms
[labev] t=454621.915 ev.decode.rows2.cap0=11.941ms
[labev] t=454621.927 ev.decode.rows2.cap0=12.005ms
[labev] t=454621.939 ev.decode.rows2.cap0=12.140ms
[labev] t=454621.951 ev.decode.rows2.cap0=12.136ms
[labev] t=454621.963 ev.decode.rows2.cap0=12.111ms
[labev] t=454621.975 ev.decode.rows2.cap0=12.003ms
[labev] t=454621.988 ev.decode.rows2.cap0=12.161ms
[labev] t=454622.000 ev.decode.rows2.cap0=12.143ms
[labev] t=454622.012 ev.decode.rows2.cap0=12.023ms
[labev] t=454622.024 ev.decode.rows2.cap0=12.145ms
[labev] t=454622.036 ev.decode.rows2.cap0=12.025ms
[labev] t=454622.048 ev.decode.rows2.cap0=12.102ms
[labev] t=454622.060 ev.decode.rows2.cap0=12.101ms
[labev] t=454622.072 ev.decode.rows2.cap0=12.134ms
[labev] t=454622.085 ev.decode.rows2.cap0=12.103ms
[labev] t=454622.097 ev.decode.rows2.cap0=12.084ms
[labev] t=454622.109 ev.decode.rows2.cap0=12.027ms
[labev] t=454622.136 chunk.ord.total=27.095ms
[labev] t=454622.164 chunk.ord.total=28.365ms
[labev] t=454622.176 ev.decode.rows2.cap0=11.876ms
[paged-kv] moe-isolation first prefill=[2943,414] serial=[2943,414] decodeA=[11] serialA=[11] decodeB=[11] serialB=[11]
[labev] t=454622.301 chunk.ord.total=29.257ms
[labev] t=454622.314 ev.decode.rows2.cap0=12.364ms
[paged-kv] moe-isolation rejoin decodeA=[4097] serialA=[4097] decodeB=[11] serialB=[11]
[paged-kv] batched-isolation model=qwen/qwen3.6-35b-a3b challenge pair 1 not distinguishing; trying next
[labev] t=454623.779 chunk.ord.total=243.574ms
[labev] t=454623.787 chunk.ord.total=8.491ms
[labev] t=454623.796 ev.decode.rows1.cap0=8.525ms
[labev] t=454623.804 ev.decode.rows1.cap0=8.572ms
[labev] t=454623.813 ev.decode.rows1.cap0=8.608ms
[labev] t=454623.822 ev.decode.rows1.cap0=8.585ms
[labev] t=454623.830 ev.decode.rows1.cap0=8.567ms
[labev] t=454623.839 ev.decode.rows1.cap0=8.576ms
[labev] t=454623.847 ev.decode.rows1.cap0=8.592ms
[labev] t=454623.856 ev.decode.rows1.cap0=8.593ms
[labev] t=454623.865 ev.decode.rows1.cap0=8.625ms
[labev] t=454623.873 ev.decode.rows1.cap0=8.596ms
[labev] t=454623.882 ev.decode.rows1.cap0=8.599ms
[labev] t=454623.891 ev.decode.rows1.cap0=8.645ms
[labev] t=454623.899 ev.decode.rows1.cap0=8.637ms
[labev] t=454623.908 ev.decode.rows1.cap0=8.668ms
[labev] t=454623.917 ev.decode.rows1.cap0=8.639ms
[labev] t=454623.925 ev.decode.rows1.cap0=8.634ms
[labev] t=454623.934 ev.decode.rows1.cap0=8.624ms
[labev] t=454623.943 ev.decode.rows1.cap0=8.618ms
[labev] t=454623.951 ev.decode.rows1.cap0=8.628ms
[labev] t=454623.960 ev.decode.rows1.cap0=8.653ms
[labev] t=454623.969 ev.decode.rows1.cap0=8.695ms
[labev] t=454623.977 ev.decode.rows1.cap0=8.669ms
[labev] t=454623.986 ev.decode.rows1.cap0=8.621ms
[labev] t=454623.995 ev.decode.rows1.cap0=8.648ms
[labev] t=454624.003 ev.decode.rows1.cap0=8.611ms
[labev] t=454624.012 ev.decode.rows1.cap0=8.600ms
[labev] t=454624.021 ev.decode.rows1.cap0=8.652ms
[labev] t=454624.029 ev.decode.rows1.cap0=8.725ms
[labev] t=454624.038 ev.decode.rows1.cap0=8.677ms
[labev] t=454624.047 ev.decode.rows1.cap0=8.648ms
[labev] t=454624.055 ev.decode.rows1.cap0=8.604ms
[labev] t=454624.064 ev.decode.rows1.cap0=8.629ms
[labev] t=454624.073 ev.decode.rows1.cap0=8.539ms
[labev] t=454624.081 ev.decode.rows1.cap0=8.649ms
[labev] t=454624.090 ev.decode.rows1.cap0=8.617ms
[labev] t=454624.099 ev.decode.rows1.cap0=8.631ms
[labev] t=454624.107 ev.decode.rows1.cap0=8.609ms
[labev] t=454624.116 ev.decode.rows1.cap0=8.546ms
[labev] t=454624.125 ev.decode.rows1.cap0=8.617ms
[labev] t=454624.133 ev.decode.rows1.cap0=8.624ms
[labev] t=454624.142 ev.decode.rows1.cap0=8.585ms
[labev] t=454624.150 ev.decode.rows1.cap0=8.582ms
[labev] t=454624.159 ev.decode.rows1.cap0=8.599ms
[labev] t=454624.168 ev.decode.rows1.cap0=8.617ms
[labev] t=454624.176 ev.decode.rows1.cap0=8.644ms
[labev] t=454624.185 ev.decode.rows1.cap0=8.674ms
[labev] t=454624.194 ev.decode.rows1.cap0=8.714ms
[labev] t=454624.645 ev.decode.rows2.cap0=12.134ms
[labev] t=454624.657 ev.decode.rows2.cap0=12.104ms
[labev] t=454624.669 ev.decode.rows2.cap0=12.155ms
[labev] t=454624.681 ev.decode.rows2.cap0=12.052ms
[labev] t=454624.693 ev.decode.rows2.cap0=12.209ms
[labev] t=454624.706 ev.decode.rows2.cap0=12.072ms
[labev] t=454624.718 ev.decode.rows2.cap0=12.089ms
[labev] t=454624.730 ev.decode.rows2.cap0=12.136ms
[labev] t=454624.742 ev.decode.rows2.cap0=12.019ms
[labev] t=454624.754 ev.decode.rows2.cap0=12.095ms
[labev] t=454624.766 ev.decode.rows2.cap0=12.117ms
[labev] t=454624.778 ev.decode.rows2.cap0=12.099ms
[labev] t=454624.790 ev.decode.rows2.cap0=12.121ms
[labev] t=454624.803 ev.decode.rows2.cap0=12.063ms
[labev] t=454624.815 ev.decode.rows2.cap0=12.095ms
[labev] t=454624.827 ev.decode.rows2.cap0=12.059ms
[labev] t=454624.839 ev.decode.rows2.cap0=12.136ms
[labev] t=454624.851 ev.decode.rows2.cap0=12.115ms
[labev] t=454624.863 ev.decode.rows2.cap0=12.116ms
[labev] t=454624.875 ev.decode.rows2.cap0=12.086ms
[labev] t=454624.887 ev.decode.rows2.cap0=12.045ms
[labev] t=454624.900 ev.decode.rows2.cap0=12.076ms
[labev] t=454624.912 ev.decode.rows2.cap0=11.980ms
[labev] t=454624.924 ev.decode.rows2.cap0=12.047ms
[labev] t=454624.936 ev.decode.rows2.cap0=12.054ms
[labev] t=454624.948 ev.decode.rows2.cap0=12.050ms
[labev] t=454624.960 ev.decode.rows2.cap0=12.047ms
[labev] t=454624.972 ev.decode.rows2.cap0=12.030ms
[labev] t=454624.984 ev.decode.rows2.cap0=12.082ms
[labev] t=454624.996 ev.decode.rows2.cap0=12.073ms
[labev] t=454625.008 ev.decode.rows2.cap0=11.959ms
[labev] t=454625.020 ev.decode.rows2.cap0=12.019ms
[labev] t=454625.032 ev.decode.rows2.cap0=12.084ms
[labev] t=454625.045 ev.decode.rows2.cap0=12.110ms
[labev] t=454625.057 ev.decode.rows2.cap0=12.082ms
[labev] t=454625.069 ev.decode.rows2.cap0=12.091ms
[labev] t=454625.081 ev.decode.rows2.cap0=12.057ms
[labev] t=454625.093 ev.decode.rows2.cap0=12.071ms
[labev] t=454625.105 ev.decode.rows2.cap0=12.120ms
[labev] t=454625.117 ev.decode.rows2.cap0=12.104ms
[labev] t=454625.129 ev.decode.rows2.cap0=12.180ms
[labev] t=454625.142 ev.decode.rows2.cap0=12.103ms
[labev] t=454625.154 ev.decode.rows2.cap0=12.044ms
[labev] t=454625.166 ev.decode.rows2.cap0=12.164ms
[labev] t=454625.178 ev.decode.rows2.cap0=12.113ms
[labev] t=454625.190 ev.decode.rows2.cap0=12.005ms
[labev] t=454625.202 ev.decode.rows2.cap0=12.052ms
[labev] t=454625.226 chunk.ord.total=23.986ms
[labev] t=454625.253 chunk.ord.total=27.185ms
[labev] t=454625.266 ev.decode.rows2.cap0=12.115ms
[paged-kv] moe-isolation first prefill=[264,198] serial=[264,198] decodeA=[478] serialA=[478] decodeB=[406] serialB=[406]
[labev] t=454625.387 chunk.ord.total=28.593ms
[labev] t=454625.399 ev.decode.rows2.cap0=12.616ms
[paged-kv] moe-isolation rejoin decodeA=[292] serialA=[292] decodeB=[406] serialB=[406]
[paged-kv] parity model=qwen/qwen3.6-35b-a3b established=true nLayers=10 nNew=32 gatherKernelCalls=640 expectCalls=640 maxLogicalBlocks=9 nonIdentityPermutation=true
[paged-kv] batched-isolation model=qwen/qwen3.6-35b-a3b requiresMoE=true proven=true rowsDecoded=2 rowFailures=0 crossRowDivergences=0 challengeDistinguishing=true
[paged-kv] measure OK: runtime measurement complete, paged-KV attach eligible for model=qwen/qwen3.6-35b-a3b
[paged-kv] runtime-identity model=qwen/qwen3.6-35b-a3b model_sha256=3fed776d41b6883888541d19f71a3866acc3bc6e628402066b67e5ac0a676ff1 hardware_class=apple-silicon:Apple M3 Ultra:ram-256gb metallib_sha256=f42aef609211980ad87cf72f75b5551b767a0160858257b997bac49f0e95a756 kernel_identifier=macprovider_paged_kv_gather_v1
[labev] t=454628.986 req.start s1-p4096-o512-b-1-r0=0.001ms
[labev] t=454628.986 req.handle=0.156ms
[labev] t=454629.006 tok.prepare=19.949ms
event=batching_admitted action=scheduler_admitted
[labev] t=454629.289 chunk.ord.total=282.177ms
[labev] t=454629.544 chunk.ord.total=253.926ms
[labev] t=454629.798 chunk.ord.total=254.601ms
[labev] t=454630.056 chunk.ord.total=257.461ms
[labev] t=454630.318 chunk.ord.total=261.708ms
[labev] t=454630.580 chunk.ord.total=262.457ms
[labev] t=454630.846 chunk.ord.total=265.697ms
[labev] t=454631.153 chunk.ord.total=306.453ms
[labev] t=454631.153 req.firsttoken s1-p4096-o512-b-1-r0=2166.573ms
[labev] t=454631.288 ev.decode.rows1.cap0=135.379ms
[labev] t=454631.423 ev.decode.rows1.cap0=134.909ms
[labev] t=454631.558 ev.decode.rows1.cap0=134.325ms
[labev] t=454631.692 ev.decode.rows1.cap0=134.406ms
[labev] t=454631.827 ev.decode.rows1.cap0=134.538ms
[labev] t=454631.961 ev.decode.rows1.cap0=134.415ms
[labev] t=454632.096 ev.decode.rows1.cap0=134.686ms
[labev] t=454632.231 ev.decode.rows1.cap0=134.813ms
[labev] t=454632.366 ev.decode.rows1.cap0=134.672ms
[labev] t=454632.501 ev.decode.rows1.cap0=134.776ms
[labev] t=454632.635 ev.decode.rows1.cap0=134.535ms
[labev] t=454632.770 ev.decode.rows1.cap0=134.332ms
[labev] t=454632.905 ev.decode.rows1.cap0=134.793ms
[labev] t=454633.039 ev.decode.rows1.cap0=134.788ms
[labev] t=454633.174 ev.decode.rows1.cap0=134.880ms
[labev] t=454633.309 ev.decode.rows1.cap0=134.883ms
[labev] t=454633.445 ev.decode.rows1.cap0=134.982ms
[labev] t=454633.579 ev.decode.rows1.cap0=134.856ms
[labev] t=454633.715 ev.decode.rows1.cap0=135.043ms
[labev] t=454633.850 ev.decode.rows1.cap0=135.113ms
[labev] t=454633.985 ev.decode.rows1.cap0=134.782ms
[labev] t=454634.120 ev.decode.rows1.cap0=135.238ms
[labev] t=454634.255 ev.decode.rows1.cap0=134.856ms
[labev] t=454634.390 ev.decode.rows1.cap0=135.342ms
[labev] t=454634.526 ev.decode.rows1.cap0=135.173ms
[labev] t=454634.661 ev.decode.rows1.cap0=134.967ms
[labev] t=454634.796 ev.decode.rows1.cap0=135.189ms
[labev] t=454634.932 ev.decode.rows1.cap0=135.313ms
[labev] t=454635.067 ev.decode.rows1.cap0=135.083ms
[labev] t=454635.202 ev.decode.rows1.cap0=135.206ms
[labev] t=454635.337 ev.decode.rows1.cap0=135.117ms
[labev] t=454635.464 ev.decode.rows1.cap0=126.733ms
[labev] t=454635.466 req.start s1-p4096-o512-b-1-r0=0.000ms
[labev] t=454635.466 req.handle=0.023ms
[labev] t=454635.486 tok.prepare=20.370ms
event=batching_admitted action=scheduler_admitted
[labev] t=454635.754 chunk.native.total=267.176ms
[labev] t=454636.019 chunk.native.total=265.433ms
[labev] t=454636.289 chunk.native.total=269.180ms
[labev] t=454636.561 chunk.native.total=272.279ms
[labev] t=454636.838 chunk.native.total=276.878ms
[labev] t=454637.117 chunk.native.total=279.079ms
[labprof] d0.performDecode.call=22.811ms/n320 o1.ord.build=1.124ms/n799 o2.ord.eval=7.889ms/n799 s1.native.prefill.target=2.075ms/n7 s1.ord.prefill.target=26.236ms/n23 s2.native.prefill.drafter+eval=271.079ms/n7 s2.ord.prefill.eval=110.894ms/n23 s9.native.prefill.chunk.total=271.709ms/n6 s9.ord.prefill.chunk.total=137.184ms/n23
[labev] t=454637.399 chunk.native.total=282.120ms
[labev] t=454637.715 chunk.native.total=315.502ms
[labev] t=454637.715 req.firsttoken s1-p4096-o512-b-1-r0=2249.029ms
[labev] t=454637.716 ev.propose=0.436ms
[labev] t=454637.737 ev.verify=21.241ms
[labev] t=454637.740 ev.finalize=3.136ms
[labev] t=454637.740 ev.propose=0.086ms
[labev] t=454637.752 ev.verify=11.417ms
[labev] t=454637.753 ev.finalize=1.644ms
[labev] t=454637.754 ev.propose=0.062ms
[labev] t=454637.765 ev.verify=11.206ms
[labev] t=454637.766 ev.finalize=1.585ms
[labev] t=454637.767 ev.propose=0.033ms
[labev] t=454637.778 ev.verify=11.049ms
[labev] t=454637.779 ev.finalize=1.614ms
[labev] t=454637.779 ev.propose=0.069ms
[labev] t=454637.791 ev.verify=11.201ms
[labev] t=454637.792 ev.finalize=1.628ms
[labev] t=454637.793 ev.propose=0.069ms
[labev] t=454637.804 ev.verify=11.198ms
[labev] t=454637.805 ev.finalize=1.608ms
[labev] t=454637.806 ev.propose=0.058ms
[labev] t=454637.817 ev.verify=11.321ms
[labev] t=454637.819 ev.finalize=1.624ms
[labev] t=454637.819 ev.propose=0.049ms
[labev] t=454637.830 ev.verify=11.194ms
[labev] t=454637.832 ev.finalize=1.591ms
[labev] t=454637.832 ev.propose=0.067ms
[labev] t=454637.843 ev.verify=10.943ms
[labev] t=454637.845 ev.finalize=2.251ms
[labev] t=454637.845 ev.propose=0.061ms
[labev] t=454637.856 ev.verify=11.232ms
[labev] t=454637.858 ev.finalize=1.617ms
[labev] t=454637.858 ev.propose=0.061ms
[labev] t=454637.869 ev.verify=11.119ms
[labev] t=454637.871 ev.finalize=1.621ms
[labev] t=454637.871 ev.propose=0.002ms
[labev] t=454637.882 ev.verify=11.101ms
[labev] t=454637.886 ev.finalize=3.965ms
[labev] t=454637.886 ev.propose=0.060ms
[labev] t=454637.898 ev.verify=11.057ms
[labev] t=454637.899 ev.finalize=1.500ms
[labev] t=454637.899 ev.propose=0.072ms
[labev] t=454637.910 ev.verify=11.035ms
[labev] t=454637.912 ev.finalize=1.611ms
[labev] t=454637.912 ev.propose=0.060ms
[labev] t=454637.923 ev.verify=11.076ms
[labev] t=454637.925 ev.finalize=1.486ms
[labev] t=454637.925 ev.propose=0.070ms
[labev] t=454637.936 ev.verify=11.025ms
[labev] t=454637.938 ev.finalize=1.586ms
[labev] t=454637.938 ev.propose=0.067ms
[labev] t=454637.949 ev.verify=11.154ms
[labev] t=454637.951 ev.finalize=1.600ms
[labev] t=454637.951 ev.propose=0.002ms
[labev] t=454637.962 ev.verify=11.069ms
[labev] t=454637.963 ev.finalize=1.626ms
[labev] t=454637.963 ev.propose=0.002ms
[labev] t=454637.975 ev.verify=11.040ms
[labev] t=454637.976 ev.finalize=1.594ms
[labev] t=454637.976 ev.propose=0.002ms
[labev] t=454637.987 ev.verify=11.204ms
[labev] t=454637.989 ev.finalize=1.630ms
[labev] t=454637.989 ev.propose=0.002ms
[labev] t=454638.000 ev.verify=11.120ms
[labev] t=454638.002 ev.finalize=1.615ms
[labev] t=454638.002 ev.propose=0.002ms
[labev] t=454638.013 ev.verify=11.137ms
[labev] t=454638.015 ev.finalize=1.618ms
[labev] t=454638.015 ev.propose=0.058ms
[labev] t=454638.026 ev.verify=11.195ms
[labev] t=454638.028 ev.finalize=1.632ms
[labev] t=454638.028 ev.propose=0.002ms
[labev] t=454638.039 ev.verify=11.104ms
[labev] t=454638.041 ev.finalize=1.603ms
[labev] t=454638.041 ev.propose=0.002ms
[labev] t=454638.052 ev.verify=11.246ms
[labev] t=454638.054 ev.finalize=1.653ms
[labev] t=454638.054 ev.propose=0.002ms
[labev] t=454638.065 ev.verify=11.229ms
[labev] t=454638.068 ev.finalize=2.320ms
[labev] t=454638.068 ev.propose=0.003ms
[labev] t=454638.079 ev.verify=11.280ms
[labev] t=454638.081 ev.finalize=1.636ms
[labev] t=454638.081 ev.propose=0.002ms
[labev] t=454638.092 ev.verify=11.246ms
[labev] t=454638.094 ev.finalize=1.628ms
[labev] t=454638.094 ev.propose=0.002ms
[labev] t=454638.105 ev.verify=11.281ms
[labev] t=454638.107 ev.finalize=1.615ms
[labev] t=454638.107 ev.propose=0.002ms
[labev] t=454638.118 ev.verify=11.177ms
[labev] t=454638.120 ev.finalize=1.613ms
[labev] t=454638.120 ev.propose=0.002ms
[labev] t=454638.131 ev.verify=11.247ms
[labev] t=454638.133 ev.finalize=1.629ms
[labev] t=454638.133 ev.propose=0.002ms
[labev] t=454638.144 ev.verify=11.063ms
[labev] t=454638.146 ev.finalize=1.625ms
[labev] t=454638.146 ev.propose=0.002ms
[labev] t=454638.157 ev.verify=11.151ms
[labev] t=454638.159 ev.finalize=1.604ms
[labev] t=454638.159 ev.propose=0.002ms
[labev] t=454638.170 ev.verify=11.268ms
[labev] t=454638.172 ev.finalize=1.620ms
[labev] t=454638.172 ev.propose=0.002ms
[labev] t=454638.183 ev.verify=11.148ms
[labev] t=454638.185 ev.finalize=1.634ms
[labev] t=454638.185 ev.propose=0.002ms
[labev] t=454638.196 ev.verify=11.086ms
[labev] t=454638.198 ev.finalize=1.647ms
[labev] t=454638.198 ev.propose=0.002ms
[labev] t=454638.209 ev.verify=11.230ms
[labev] t=454638.211 ev.finalize=1.625ms
[labev] t=454638.211 ev.propose=0.002ms
[labev] t=454638.222 ev.verify=11.279ms
[labev] t=454638.224 ev.finalize=1.646ms
[labev] t=454638.224 ev.propose=0.002ms
[labev] t=454638.235 ev.verify=11.106ms
[labev] t=454638.237 ev.finalize=1.666ms
[labev] t=454638.237 ev.propose=0.002ms
[labev] t=454638.248 ev.verify=11.031ms
[labev] t=454638.249 ev.finalize=1.603ms
[labev] t=454638.250 ev.propose=0.002ms
[labev] t=454638.261 ev.verify=11.118ms
[labev] t=454638.262 ev.finalize=1.633ms
[labev] t=454638.262 ev.propose=0.002ms
[labev] t=454638.274 ev.verify=11.155ms
[labev] t=454638.276 ev.finalize=2.295ms
[labev] t=454638.276 ev.propose=0.002ms
[labev] t=454638.288 ev.verify=11.491ms
[labev] t=454638.289 ev.finalize=1.659ms
[labev] t=454638.289 ev.propose=0.002ms
[labev] t=454638.301 ev.verify=11.259ms
[labev] t=454638.302 ev.finalize=1.614ms
[labev] t=454638.302 ev.propose=0.002ms
[labev] t=454638.313 ev.verify=11.031ms
[labev] t=454638.315 ev.finalize=1.625ms
[labev] t=454638.315 ev.propose=0.002ms
[labev] t=454638.326 ev.verify=11.090ms
[labev] t=454638.328 ev.finalize=1.611ms
[labev] t=454638.328 ev.propose=0.002ms
[labev] t=454638.339 ev.verify=11.238ms
[labev] t=454638.341 ev.finalize=1.624ms
[labev] t=454638.341 ev.propose=0.002ms
[labev] t=454638.352 ev.verify=11.122ms
[labev] t=454638.354 ev.finalize=1.607ms
[labev] t=454638.354 ev.propose=0.002ms
[labev] t=454638.365 ev.verify=11.256ms
[labev] t=454638.367 ev.finalize=1.639ms
[labev] t=454638.367 ev.propose=0.002ms
[labev] t=454638.378 ev.verify=11.169ms
[labev] t=454638.380 ev.finalize=1.637ms
[labev] t=454638.380 ev.propose=0.002ms
[labev] t=454638.391 ev.verify=11.156ms
[labev] t=454638.393 ev.finalize=1.512ms
[labev] t=454638.393 ev.propose=0.002ms
[labev] t=454638.404 ev.verify=11.067ms
[labev] t=454638.405 ev.finalize=1.496ms
[labev] t=454638.406 ev.propose=0.002ms
[labev] t=454638.417 ev.verify=11.192ms
[labev] t=454638.418 ev.finalize=1.509ms
[labev] t=454638.418 ev.propose=0.002ms
[labev] t=454638.430 ev.verify=11.242ms
[labev] t=454638.431 ev.finalize=1.606ms
[labev] t=454638.431 ev.propose=0.002ms
[labev] t=454638.443 ev.verify=11.246ms
[labev] t=454638.444 ev.finalize=1.636ms
[labev] t=454638.444 ev.propose=0.002ms
[labev] t=454638.456 ev.verify=11.179ms
[labev] t=454638.457 ev.finalize=1.628ms
[labev] t=454638.457 ev.propose=0.002ms
[labev] t=454638.469 ev.verify=11.245ms
[labev] t=454638.470 ev.finalize=1.627ms
[labev] t=454638.470 ev.propose=0.002ms
[labev] t=454638.482 ev.verify=11.080ms
[labev] t=454638.483 ev.finalize=1.626ms
[labev] t=454638.483 ev.propose=0.002ms
[labev] t=454638.494 ev.verify=11.071ms
[labev] t=454638.496 ev.finalize=1.619ms
[labev] t=454638.496 ev.propose=0.002ms
[labev] t=454638.507 ev.verify=10.948ms
[labev] t=454638.509 ev.finalize=2.236ms
[labev] t=454638.510 ev.propose=0.002ms
[labev] t=454638.521 ev.verify=11.078ms
[labev] t=454638.522 ev.finalize=1.492ms
[labev] t=454638.522 ev.propose=0.002ms
[labev] t=454638.534 ev.verify=11.326ms
[labev] t=454638.535 ev.finalize=1.611ms
[labev] t=454638.535 ev.propose=0.002ms
[labev] t=454638.547 ev.verify=11.126ms
[labev] t=454638.548 ev.finalize=1.613ms
[labev] t=454638.548 ev.propose=0.002ms
[labev] t=454638.560 ev.verify=11.313ms
[labev] t=454638.561 ev.finalize=1.640ms
[labev] t=454638.561 ev.propose=0.002ms
[labev] t=454638.573 ev.verify=11.239ms
[labev] t=454638.574 ev.finalize=1.618ms
[labev] t=454638.574 ev.propose=0.002ms
[labev] t=454638.586 ev.verify=11.359ms
[labev] t=454638.588 ev.finalize=1.625ms
[labev] t=454638.588 ev.propose=0.002ms
[labev] t=454638.599 ev.verify=11.123ms
[labev] t=454638.600 ev.finalize=1.630ms
[labev] t=454638.601 ev.propose=0.002ms
[labev] t=454638.612 ev.verify=11.247ms
[labev] t=454638.613 ev.finalize=1.623ms
[labev] t=454638.614 ev.propose=0.002ms
[labev] t=454638.625 ev.verify=10.986ms
[labev] t=454638.626 ev.finalize=1.642ms
[labev] t=454638.626 ev.propose=0.002ms
[labev] t=454638.637 ev.verify=11.083ms
[labev] t=454638.639 ev.finalize=1.641ms
[labev] t=454638.639 ev.propose=0.002ms
[labev] t=454638.650 ev.verify=11.248ms
[labev] t=454638.652 ev.finalize=1.617ms
[labev] t=454638.652 ev.propose=0.002ms
[labev] t=454638.663 ev.verify=11.160ms
[labev] t=454638.665 ev.finalize=1.627ms
[labev] t=454638.665 ev.propose=0.002ms
[labev] t=454638.676 ev.verify=11.212ms
[labev] t=454638.678 ev.finalize=1.640ms
[labev] t=454638.678 ev.propose=0.002ms
[labev] t=454638.689 ev.verify=11.132ms
[labev] t=454638.691 ev.finalize=1.618ms
[labev] t=454638.691 ev.propose=0.002ms
[labev] t=454638.703 ev.verify=11.429ms
[labev] t=454638.704 ev.finalize=1.640ms
[labev] t=454638.704 ev.propose=0.002ms
[labev] t=454638.716 ev.verify=11.213ms
[labev] t=454638.718 ev.finalize=2.295ms
[labev] t=454638.718 ev.propose=0.002ms
[labev] t=454638.729 ev.verify=11.330ms
[labev] t=454638.731 ev.finalize=1.630ms
[labev] t=454638.731 ev.propose=0.002ms
[labev] t=454638.742 ev.verify=11.171ms
[labev] t=454638.744 ev.finalize=1.625ms
[labev] t=454638.744 ev.propose=0.002ms
[labev] t=454638.755 ev.verify=11.197ms
[labev] t=454638.757 ev.finalize=1.645ms
[labev] t=454638.757 ev.propose=0.002ms
[labev] t=454638.768 ev.verify=11.219ms
[labev] t=454638.770 ev.finalize=1.514ms
[labev] t=454638.770 ev.propose=0.002ms
[labev] t=454638.781 ev.verify=11.103ms
[labev] t=454638.783 ev.finalize=1.607ms
[labev] t=454638.783 ev.propose=0.002ms
[labev] t=454638.794 ev.verify=11.111ms
[labev] t=454638.796 ev.finalize=1.527ms
[labev] t=454638.796 ev.propose=0.002ms
[labev] t=454638.807 ev.verify=11.092ms
[labev] t=454638.809 ev.finalize=1.640ms
[labev] t=454638.809 ev.propose=0.002ms
[labev] t=454638.820 ev.verify=11.206ms
[labev] t=454638.822 ev.finalize=1.608ms
[labev] t=454638.822 ev.propose=0.002ms
[labev] t=454638.833 ev.verify=11.204ms
[labev] t=454638.835 ev.finalize=1.613ms
[labev] t=454638.835 ev.propose=0.002ms
[labev] t=454638.846 ev.verify=11.321ms
[labev] t=454638.848 ev.finalize=1.614ms
[labev] t=454638.848 ev.propose=0.002ms
[labev] t=454638.859 ev.verify=11.175ms
[labev] t=454638.861 ev.finalize=1.614ms
[labev] t=454638.861 ev.propose=0.002ms
[labev] t=454638.872 ev.verify=11.114ms
[labev] t=454638.873 ev.finalize=1.611ms
[labev] t=454638.874 ev.propose=0.002ms
[labev] t=454638.885 ev.verify=11.275ms
[labev] t=454638.887 ev.finalize=1.635ms
[labev] t=454638.887 ev.propose=0.002ms
[labev] t=454638.898 ev.verify=11.312ms
[labev] t=454638.900 ev.finalize=1.645ms
[labev] t=454638.900 ev.propose=0.002ms
[labev] t=454638.911 ev.verify=11.112ms
[labev] t=454638.913 ev.finalize=1.619ms
[labev] t=454638.913 ev.propose=0.002ms
[labev] t=454638.924 ev.verify=11.070ms
[labev] t=454638.925 ev.finalize=1.608ms
[labev] t=454638.926 ev.propose=0.002ms
[labev] t=454638.937 ev.verify=11.358ms
[labev] t=454638.939 ev.finalize=2.275ms
[labev] t=454638.939 ev.propose=0.002ms
[labev] t=454638.950 ev.verify=11.119ms
[labev] t=454638.952 ev.finalize=1.637ms
[labev] t=454638.952 ev.propose=0.002ms
[labev] t=454638.964 ev.verify=11.332ms
[labev] t=454638.965 ev.finalize=1.687ms
[labev] t=454638.965 ev.propose=0.002ms
[labev] t=454638.977 ev.verify=11.131ms
[labev] t=454638.978 ev.finalize=1.661ms
[labev] t=454638.978 ev.propose=0.002ms
[labev] t=454638.990 ev.verify=11.321ms
[labev] t=454638.991 ev.finalize=1.633ms
[labev] t=454638.992 ev.propose=0.002ms
[labev] t=454639.003 ev.verify=11.162ms
[labev] t=454639.004 ev.finalize=1.631ms
[labev] t=454639.004 ev.propose=0.002ms
[labev] t=454639.016 ev.verify=11.180ms
[labev] t=454639.017 ev.finalize=1.629ms
[labev] t=454639.017 ev.propose=0.002ms
[labev] t=454639.029 ev.verify=11.268ms
[labev] t=454639.030 ev.finalize=1.632ms
[labev] t=454639.031 ev.propose=0.002ms
[labev] t=454639.042 ev.verify=11.322ms
[labev] t=454639.044 ev.finalize=1.649ms
[labev] t=454639.044 ev.propose=0.002ms
[labev] t=454639.055 ev.verify=10.988ms
[labev] t=454639.056 ev.finalize=1.646ms
[labev] t=454639.056 ev.propose=0.002ms
[labev] t=454639.068 ev.verify=11.204ms
[labev] t=454639.069 ev.finalize=1.632ms
[labev] t=454639.070 ev.propose=0.002ms
[labev] t=454639.081 ev.verify=11.162ms
[labev] t=454639.082 ev.finalize=1.684ms
[labev] t=454639.083 ev.propose=0.002ms
[labev] t=454639.094 ev.verify=11.402ms
[labev] t=454639.095 ev.finalize=1.507ms
[labev] t=454639.096 ev.propose=0.002ms
[labev] t=454639.107 ev.verify=11.374ms
[labev] t=454639.109 ev.finalize=1.630ms
[labev] t=454639.109 ev.propose=0.002ms
[labev] t=454639.120 ev.verify=11.122ms
[labev] t=454639.122 ev.finalize=1.625ms
[labev] t=454639.122 ev.propose=0.002ms
[labev] t=454639.133 ev.verify=11.253ms
[labev] t=454639.135 ev.finalize=1.631ms
[labev] t=454639.135 ev.propose=0.002ms
[labev] t=454639.146 ev.verify=11.236ms
[labev] t=454639.148 ev.finalize=1.615ms
[labev] t=454639.148 ev.propose=0.002ms
[labev] t=454639.159 ev.verify=11.305ms
[labev] t=454639.161 ev.finalize=2.267ms
[labev] t=454639.162 ev.propose=0.003ms
[labev] t=454639.173 ev.verify=11.434ms
[labev] t=454639.175 ev.finalize=1.640ms
[labev] t=454639.175 ev.propose=0.002ms
[labev] t=454639.186 ev.verify=11.326ms
[labev] t=454639.188 ev.finalize=1.638ms
[labev] t=454639.188 ev.propose=0.002ms
[labev] t=454639.199 ev.verify=11.189ms
[labev] t=454639.201 ev.finalize=1.641ms
[labev] t=454639.201 ev.propose=0.002ms
[labev] t=454639.212 ev.verify=11.106ms
[labev] t=454639.214 ev.finalize=1.609ms
[labev] t=454639.214 ev.propose=0.002ms
[labev] t=454639.225 ev.verify=11.225ms
[labev] t=454639.227 ev.finalize=1.648ms
[labev] t=454639.227 ev.propose=0.002ms
[labev] t=454639.238 ev.verify=11.341ms
[labev] t=454639.240 ev.finalize=1.617ms
[labev] t=454639.240 ev.propose=0.002ms
[labev] t=454639.251 ev.verify=11.396ms
[labev] t=454639.253 ev.finalize=1.621ms
[labev] t=454639.253 ev.propose=0.002ms
[labev] t=454639.264 ev.verify=11.248ms
[labev] t=454639.266 ev.finalize=1.514ms
[labev] t=454639.266 ev.propose=0.002ms
[labev] t=454639.277 ev.verify=11.162ms
[labev] t=454639.279 ev.finalize=1.516ms
[labev] t=454639.279 ev.propose=0.002ms
[labev] t=454639.290 ev.verify=11.248ms
[labev] t=454639.292 ev.finalize=1.627ms
[labev] t=454639.292 ev.propose=0.002ms
[labev] t=454639.303 ev.verify=11.127ms
[labev] t=454639.305 ev.finalize=1.654ms
[labev] t=454639.305 ev.propose=0.002ms
[labev] t=454639.316 ev.verify=11.328ms
[labev] t=454639.318 ev.finalize=1.502ms
[labev] t=454639.318 ev.propose=0.002ms
[labev] t=454639.329 ev.verify=11.323ms
[labev] t=454639.331 ev.finalize=1.543ms
[labev] t=454639.331 ev.propose=0.002ms
[labev] t=454639.342 ev.verify=11.295ms
[labev] t=454639.344 ev.finalize=1.533ms
[labev] t=454639.344 ev.propose=0.002ms
[labev] t=454639.355 ev.verify=11.149ms
[labev] t=454639.357 ev.finalize=1.648ms
[labev] t=454639.357 ev.propose=0.002ms
[labev] t=454639.368 ev.verify=11.187ms
[labev] t=454639.370 ev.finalize=1.724ms
[labev] t=454639.370 ev.propose=0.002ms
[labev] t=454639.381 ev.verify=11.198ms
[labev] t=454639.383 ev.finalize=1.517ms
[labev] t=454639.383 ev.propose=0.002ms
[labev] t=454639.394 ev.verify=11.085ms
[labev] t=454639.395 ev.finalize=1.511ms
[labev] t=454639.395 ev.propose=0.002ms
[labev] t=454639.407 ev.verify=11.145ms
[labev] t=454639.408 ev.finalize=1.516ms
[labev] t=454639.408 ev.propose=0.002ms
[labev] t=454639.419 ev.verify=11.019ms
[labev] t=454639.421 ev.finalize=1.529ms
[labev] t=454639.421 ev.propose=0.002ms
[labev] t=454639.432 ev.verify=11.430ms
[labev] t=454639.434 ev.finalize=2.034ms
[labev] t=454639.435 ev.propose=0.002ms
[labev] t=454639.446 ev.verify=11.045ms
[labev] t=454639.447 ev.finalize=1.627ms
[labev] t=454639.447 ev.propose=0.002ms
[labev] t=454639.459 ev.verify=11.488ms
[labev] t=454639.461 ev.finalize=1.623ms
[labev] t=454639.461 ev.propose=0.001ms
[labev] t=454639.472 ev.verify=10.979ms
[labev] t=454639.473 ev.finalize=1.498ms
[labev] t=454639.473 ev.propose=0.002ms
[labev] t=454639.484 ev.verify=11.204ms
[labev] t=454639.486 ev.finalize=1.497ms
[labev] t=454639.486 ev.propose=0.002ms
[labev] t=454639.497 ev.verify=11.329ms
[labev] t=454639.499 ev.finalize=1.616ms
[labev] t=454639.499 ev.propose=0.002ms
[labev] t=454639.510 ev.verify=11.214ms
[labev] t=454639.512 ev.finalize=1.616ms
[labev] t=454639.512 ev.propose=0.002ms
[labev] t=454639.523 ev.verify=11.113ms
[labev] t=454639.525 ev.finalize=1.637ms
[labev] t=454639.525 ev.propose=0.002ms
[labev] t=454639.536 ev.verify=11.133ms
[labev] t=454639.538 ev.finalize=1.622ms
[labev] t=454639.538 ev.propose=0.002ms
[labev] t=454639.549 ev.verify=11.419ms
[labev] t=454639.551 ev.finalize=1.617ms
[labev] t=454639.551 ev.propose=0.002ms
[labev] t=454639.563 ev.verify=11.292ms
[labev] t=454639.564 ev.finalize=1.634ms
[labev] t=454639.564 ev.propose=0.002ms
[labev] t=454639.575 ev.verify=11.056ms
[labev] t=454639.577 ev.finalize=1.631ms
[labev] t=454639.577 ev.propose=0.002ms
[labev] t=454639.588 ev.verify=11.090ms
[labev] t=454639.590 ev.finalize=1.642ms
[labev] t=454639.590 ev.propose=0.002ms
[labev] t=454639.601 ev.verify=11.200ms
[labev] t=454639.603 ev.finalize=1.663ms
[labev] t=454639.603 ev.propose=0.002ms
[labev] t=454639.614 ev.verify=11.366ms
[labev] t=454639.616 ev.finalize=1.631ms
[labev] t=454639.616 ev.propose=0.002ms
[labev] t=454639.627 ev.verify=11.130ms
[labev] t=454639.629 ev.finalize=1.631ms
[labev] t=454639.629 ev.propose=0.002ms
[labev] t=454639.640 ev.verify=11.217ms
[labev] t=454639.642 ev.finalize=1.640ms
[labev] t=454639.642 ev.propose=0.002ms
[labev] t=454639.654 ev.verify=11.413ms
[labev] t=454639.656 ev.finalize=2.274ms
[labev] t=454639.656 ev.propose=0.002ms
[labev] t=454639.667 ev.verify=11.425ms
[labev] t=454639.669 ev.finalize=1.632ms
[labev] t=454639.669 ev.propose=0.002ms
[labev] t=454639.681 ev.verify=11.435ms
[labev] t=454639.682 ev.finalize=1.625ms
[labev] t=454639.682 ev.propose=0.002ms
[labev] t=454639.694 ev.verify=11.198ms
[labev] t=454639.695 ev.finalize=1.620ms
[labev] t=454639.695 ev.propose=0.002ms
[labev] t=454639.707 ev.verify=11.222ms
[labev] t=454639.708 ev.finalize=1.618ms
[labev] t=454639.708 ev.propose=0.002ms
[labev] t=454639.720 ev.verify=11.118ms
[labev] t=454639.721 ev.finalize=1.627ms
[labev] t=454639.721 ev.propose=0.002ms
[labev] t=454639.733 ev.verify=11.381ms
[labev] t=454639.734 ev.finalize=1.651ms
[labev] t=454639.735 ev.propose=0.001ms
[labev] t=454639.746 ev.verify=11.364ms
[labev] t=454639.748 ev.finalize=1.625ms
[labev] t=454639.748 ev.propose=0.002ms
[labev] t=454639.759 ev.verify=11.461ms
[labev] t=454639.761 ev.finalize=1.536ms
[labev] t=454639.761 ev.propose=0.002ms
[labev] t=454639.772 ev.verify=11.245ms
[labev] t=454639.774 ev.finalize=1.625ms
[labev] t=454639.774 ev.propose=0.002ms
[labev] t=454639.785 ev.verify=11.365ms
[labev] t=454639.787 ev.finalize=1.678ms
[labev] t=454639.787 ev.propose=0.002ms
[labev] t=454639.798 ev.verify=11.141ms
[labev] t=454639.800 ev.finalize=1.639ms
[labev] t=454639.800 ev.propose=0.002ms
[labev] t=454639.811 ev.verify=11.087ms
[labev] t=454639.813 ev.finalize=1.629ms
[labev] t=454639.813 ev.propose=0.002ms
[labev] t=454639.824 ev.verify=11.399ms
[labev] t=454639.826 ev.finalize=1.634ms
[labev] t=454639.826 ev.propose=0.002ms
[labev] t=454639.838 ev.verify=11.421ms
[labev] t=454639.839 ev.finalize=1.530ms
[labev] t=454639.839 ev.propose=0.002ms
[labev] t=454639.851 ev.verify=11.350ms
[labev] t=454639.852 ev.finalize=1.644ms
[labev] t=454639.852 ev.propose=0.002ms
[labev] t=454639.864 ev.verify=11.147ms
[labev] t=454639.865 ev.finalize=1.648ms
[labev] t=454639.865 ev.propose=0.002ms
[labev] t=454639.877 ev.verify=11.454ms
[labev] t=454639.879 ev.finalize=2.273ms
[labev] t=454639.879 ev.propose=0.002ms
[labev] t=454639.891 ev.verify=11.287ms
[labev] t=454639.892 ev.finalize=1.630ms
[labev] t=454639.892 ev.propose=0.002ms
[labev] t=454639.903 ev.verify=11.087ms
[labev] t=454639.905 ev.finalize=1.633ms
[labev] t=454639.905 ev.propose=0.002ms
[labev] t=454639.917 ev.verify=11.309ms
[labev] t=454639.918 ev.finalize=1.640ms
[labev] t=454639.918 ev.propose=0.002ms
[labev] t=454639.930 ev.verify=11.279ms
[labev] t=454639.931 ev.finalize=1.614ms
[labev] t=454639.931 ev.propose=0.002ms
[labev] t=454639.943 ev.verify=11.312ms
[labev] t=454639.944 ev.finalize=1.648ms
[labev] t=454639.944 ev.propose=0.002ms
[labev] t=454639.956 ev.verify=11.441ms
[labev] t=454639.958 ev.finalize=1.616ms
[labev] t=454639.958 ev.propose=0.002ms
[labev] t=454639.969 ev.verify=11.184ms
[labev] t=454639.971 ev.finalize=1.667ms
[labev] t=454639.971 ev.propose=0.002ms
[labev] t=454639.982 ev.verify=11.327ms
[labev] t=454639.984 ev.finalize=1.659ms
[labev] t=454639.984 ev.propose=0.002ms
[labev] t=454639.995 ev.verify=11.321ms
[labev] t=454639.997 ev.finalize=1.673ms
[labev] t=454639.997 ev.propose=0.002ms
[labev] t=454640.008 ev.verify=11.258ms
[labev] t=454640.010 ev.finalize=1.637ms
[labev] t=454640.010 ev.propose=0.001ms
[labev] t=454640.021 ev.verify=11.215ms
[labev] t=454640.023 ev.finalize=1.784ms
[labev] t=454640.023 ev.propose=0.002ms
[labev] t=454640.034 ev.verify=11.195ms
[labev] t=454640.036 ev.finalize=1.635ms
[labev] t=454640.036 ev.propose=0.002ms
[labev] t=454640.048 ev.verify=11.246ms
[labev] t=454640.049 ev.finalize=1.516ms
[labev] t=454640.049 ev.propose=0.002ms
[labev] t=454640.060 ev.verify=11.259ms
[labev] t=454640.062 ev.finalize=1.620ms
[labev] t=454640.062 ev.propose=0.002ms
[labev] t=454640.073 ev.verify=11.266ms
[labev] t=454640.075 ev.finalize=1.616ms
[labev] t=454640.075 ev.propose=0.002ms
[labev] t=454640.087 ev.verify=11.379ms
[labev] t=454640.088 ev.finalize=1.514ms
[labev] t=454640.088 ev.propose=0.001ms
[labev] t=454640.100 ev.verify=11.313ms
[labev] t=454640.101 ev.finalize=1.531ms
[labev] t=454640.101 ev.propose=0.002ms
[labev] t=454640.113 ev.verify=11.226ms
[labev] t=454640.115 ev.finalize=2.091ms
[labev] t=454640.115 ev.propose=0.002ms
[labev] t=454640.126 ev.verify=11.143ms
[labev] t=454640.128 ev.finalize=1.650ms
[labev] t=454640.128 ev.propose=0.002ms
[labev] t=454640.139 ev.verify=11.298ms
[labev] t=454640.141 ev.finalize=1.655ms
[labev] t=454640.141 ev.propose=0.002ms
[labev] t=454640.152 ev.verify=11.491ms
[labev] t=454640.154 ev.finalize=1.638ms
[labev] t=454640.154 ev.propose=0.002ms
[labev] t=454640.166 ev.verify=11.559ms
[labev] t=454640.167 ev.finalize=1.639ms
[labev] t=454640.167 ev.propose=0.001ms
[labev] t=454640.179 ev.verify=11.278ms
[labev] t=454640.180 ev.finalize=1.628ms
[labev] t=454640.181 ev.propose=0.002ms
[labev] t=454640.192 ev.verify=11.097ms
[labev] t=454640.193 ev.finalize=1.632ms
[labev] t=454640.193 ev.propose=0.002ms
[labev] t=454640.205 ev.verify=11.435ms
[labev] t=454640.207 ev.finalize=1.633ms
[labev] t=454640.207 ev.propose=0.002ms
[labev] t=454640.218 ev.verify=11.222ms
[labev] t=454640.220 ev.finalize=1.653ms
[labev] t=454640.220 ev.propose=0.002ms
[labev] t=454640.231 ev.verify=11.263ms
[labev] t=454640.233 ev.finalize=1.677ms
[labev] t=454640.233 ev.propose=0.002ms
[labev] t=454640.244 ev.verify=11.047ms
[labev] t=454640.246 ev.finalize=1.652ms
[labev] t=454640.246 ev.propose=0.002ms
[labev] t=454640.257 ev.verify=11.069ms
[labev] t=454640.258 ev.finalize=1.652ms
[labev] t=454640.259 ev.propose=0.002ms
[labev] t=454640.270 ev.verify=11.087ms
[labev] t=454640.271 ev.finalize=1.638ms
[labev] t=454640.271 ev.propose=0.002ms
[labev] t=454640.283 ev.verify=11.354ms
[labev] t=454640.284 ev.finalize=1.624ms
[labev] t=454640.285 ev.propose=0.002ms
[labev] t=454640.296 ev.verify=11.293ms
[labev] t=454640.298 ev.finalize=1.637ms
[labev] t=454640.298 ev.propose=0.002ms
[labev] t=454640.309 ev.verify=11.297ms
[labev] t=454640.311 ev.finalize=1.631ms
[labev] t=454640.311 ev.propose=0.002ms
[labev] t=454640.322 ev.verify=11.168ms
[labev] t=454640.324 ev.finalize=2.300ms
[labev] t=454640.324 ev.propose=0.002ms
[labev] t=454640.336 ev.verify=11.439ms
[labev] t=454640.338 ev.finalize=1.654ms
[labev] t=454640.338 ev.propose=0.002ms
[labev] t=454640.349 ev.verify=11.266ms
[labev] t=454640.351 ev.finalize=1.642ms
[labev] t=454640.351 ev.propose=0.002ms
[labev] t=454640.362 ev.verify=11.464ms
[labev] t=454640.364 ev.finalize=1.513ms
[labev] t=454640.364 ev.propose=0.002ms
[labev] t=454640.375 ev.verify=11.364ms
[labev] t=454640.377 ev.finalize=1.667ms
[labev] t=454640.377 ev.propose=0.002ms
[labev] t=454640.388 ev.verify=11.279ms
[labev] t=454640.390 ev.finalize=1.668ms
[labev] t=454640.390 ev.propose=0.002ms
[labev] t=454640.402 ev.verify=11.352ms
[labev] t=454640.403 ev.finalize=1.523ms
[labev] t=454640.403 ev.propose=0.002ms
[labev] t=454640.415 ev.verify=11.322ms
[labev] t=454640.416 ev.finalize=1.658ms
[labev] t=454640.416 ev.propose=0.002ms
[labev] t=454640.428 ev.verify=11.397ms
[labev] t=454640.429 ev.finalize=1.514ms
[labev] t=454640.429 ev.propose=0.002ms
[labev] t=454640.441 ev.verify=11.366ms
[labev] t=454640.442 ev.finalize=1.526ms
[labev] t=454640.443 ev.propose=0.002ms
[labev] t=454640.454 ev.verify=11.386ms
[labev] t=454640.456 ev.finalize=1.659ms
[labev] t=454640.456 ev.propose=0.002ms
[labev] t=454640.467 ev.verify=11.099ms
[labev] t=454640.468 ev.finalize=1.532ms
[labev] t=454640.469 ev.propose=0.002ms
[labev] t=454640.480 ev.verify=11.213ms
[labev] t=454640.481 ev.finalize=1.556ms
[labev] t=454640.481 ev.propose=0.002ms
[labev] t=454640.493 ev.verify=11.437ms
[labev] t=454640.495 ev.finalize=1.654ms
[labev] t=454640.495 ev.propose=0.002ms
[labev] t=454640.506 ev.verify=11.209ms
[labev] t=454640.508 ev.finalize=1.682ms
[labev] t=454640.508 ev.propose=0.002ms
[labev] t=454640.519 ev.verify=11.422ms
[labev] t=454640.521 ev.finalize=1.674ms
[labev] t=454640.521 ev.propose=0.002ms
[labev] t=454640.532 ev.verify=11.274ms
[labev] t=454640.534 ev.finalize=1.660ms
[labev] t=454640.534 ev.propose=0.002ms
[labev] t=454640.545 ev.verify=11.077ms
[labev] t=454640.547 ev.finalize=1.641ms
[labev] t=454640.547 ev.propose=0.002ms
[labev] t=454640.558 ev.verify=11.166ms
[labev] t=454640.560 ev.finalize=1.630ms
[labev] t=454640.560 ev.propose=0.002ms
[labev] t=454640.571 ev.verify=11.252ms
[labev] t=454640.573 ev.finalize=1.542ms
[labev] t=454640.573 ev.propose=0.002ms
[labev] t=454640.584 ev.verify=11.235ms
[labev] t=454640.586 ev.finalize=2.190ms
[labev] t=454640.587 ev.propose=0.002ms
[labev] t=454640.598 ev.verify=11.317ms
[labev] t=454640.600 ev.finalize=1.654ms
[labev] t=454640.600 ev.propose=0.002ms
[labev] t=454640.611 ev.verify=11.420ms
[labev] t=454640.613 ev.finalize=1.644ms
[labev] t=454640.613 ev.propose=0.002ms
[labev] t=454640.624 ev.verify=11.296ms
[labev] t=454640.626 ev.finalize=1.748ms
[labev] t=454640.626 ev.propose=0.002ms
[labev] t=454640.637 ev.verify=11.318ms
[labev] t=454640.639 ev.finalize=1.669ms
[labev] t=454640.639 ev.propose=0.002ms
[labev] t=454640.651 ev.verify=11.339ms
[labev] t=454640.652 ev.finalize=1.673ms
[labev] t=454640.652 ev.propose=0.002ms
[labev] t=454640.664 ev.verify=11.261ms
[labev] t=454640.665 ev.finalize=1.648ms
[labev] t=454640.665 ev.propose=0.001ms
[labev] t=454640.677 ev.verify=11.248ms
[labev] t=454640.678 ev.finalize=1.640ms
[labev] t=454640.679 ev.propose=0.002ms
[labev] t=454640.690 ev.verify=11.425ms
[labev] t=454640.692 ev.finalize=1.684ms
[labev] t=454640.692 ev.propose=0.002ms
[labev] t=454640.703 ev.verify=11.331ms
[labev] t=454640.705 ev.finalize=1.554ms
[labev] t=454640.705 ev.propose=0.002ms
[labev] t=454640.716 ev.verify=11.311ms
[labev] t=454640.718 ev.finalize=1.674ms
[labev] t=454640.718 ev.propose=0.001ms
[labev] t=454640.729 ev.verify=11.063ms
[labev] t=454640.731 ev.finalize=1.651ms
[labev] t=454640.731 ev.propose=0.001ms
[labev] t=454640.742 ev.verify=11.374ms
[labev] t=454640.744 ev.finalize=1.534ms
[labev] t=454640.744 ev.propose=0.002ms
[labev] t=454640.755 ev.verify=11.268ms
[labev] t=454640.757 ev.finalize=1.700ms
[labev] t=454640.757 ev.propose=0.002ms
[labev] t=454640.768 ev.verify=11.222ms
[labev] t=454640.770 ev.finalize=1.657ms
[labev] t=454640.770 ev.propose=0.002ms
[labev] t=454640.782 ev.verify=11.436ms
[labev] t=454640.783 ev.finalize=1.666ms
[labev] t=454640.783 ev.propose=0.002ms
[labev] t=454640.795 ev.verify=11.302ms
[labev] t=454640.796 ev.finalize=1.771ms
[labev] t=454640.797 ev.propose=0.002ms
[labev] t=454640.808 ev.verify=11.279ms
[labev] t=454640.810 ev.finalize=2.365ms
[labev] t=454640.810 ev.propose=0.002ms
[labev] t=454640.822 ev.verify=11.236ms
[labev] t=454640.823 ev.finalize=1.667ms
[labev] t=454640.823 ev.propose=0.002ms
[labev] t=454640.835 ev.verify=11.383ms
[labev] t=454640.837 ev.finalize=1.645ms
[labev] t=454640.837 ev.propose=0.002ms
[labev] t=454640.848 ev.verify=11.285ms
[labev] t=454640.850 ev.finalize=1.741ms
[labev] t=454640.850 ev.propose=0.002ms
[labev] t=454640.861 ev.verify=11.263ms
[labev] t=454640.863 ev.finalize=1.529ms
[labev] t=454640.863 ev.propose=0.001ms
[labev] t=454640.874 ev.verify=11.170ms
[labev] t=454640.876 ev.finalize=1.655ms
[labev] t=454640.876 ev.propose=0.002ms
[labev] t=454640.887 ev.verify=11.062ms
[labev] t=454640.889 ev.finalize=1.699ms
[labev] t=454640.889 ev.propose=0.002ms
[labev] t=454640.900 ev.verify=11.262ms
[labev] t=454640.902 ev.finalize=1.643ms
[labev] t=454640.902 ev.propose=0.002ms
[labev] t=454640.913 ev.verify=11.357ms
[labev] t=454640.915 ev.finalize=1.640ms
[labev] t=454640.915 ev.propose=0.002ms
[labev] t=454640.926 ev.verify=11.248ms
[labev] t=454640.928 ev.finalize=1.645ms
[labev] t=454640.928 ev.propose=0.002ms
[labev] t=454640.939 ev.verify=11.186ms
[labev] t=454640.941 ev.finalize=1.545ms
[labev] t=454640.941 ev.propose=0.002ms
[labev] t=454640.952 ev.verify=11.270ms
[labev] t=454640.954 ev.finalize=1.665ms
[labev] t=454640.954 ev.propose=0.002ms
[labev] t=454640.965 ev.verify=11.323ms
[labev] t=454640.967 ev.finalize=1.557ms
[labev] t=454640.967 ev.propose=0.002ms
[labev] t=454640.978 ev.verify=11.129ms
[labev] t=454640.980 ev.finalize=1.646ms
[labev] t=454640.980 ev.propose=0.002ms
[labev] t=454640.991 ev.verify=11.436ms
[labev] t=454640.993 ev.finalize=1.652ms
[labev] t=454640.993 ev.propose=0.002ms
[labev] t=454641.005 ev.verify=11.423ms
[labev] t=454641.006 ev.finalize=1.676ms
[labev] t=454641.006 ev.propose=0.002ms
[labev] t=454641.018 ev.verify=11.404ms
[labev] t=454641.019 ev.finalize=1.551ms
[labev] t=454641.020 ev.propose=0.002ms
[labev] t=454641.031 ev.verify=11.143ms
[labev] t=454641.032 ev.finalize=1.690ms
[labev] t=454641.033 ev.propose=0.002ms
[labev] t=454641.044 ev.verify=11.170ms
[labev] t=454641.046 ev.finalize=2.338ms
[labev] t=454641.046 ev.propose=0.002ms
[labev] t=454641.057 ev.verify=11.192ms
[labev] t=454641.059 ev.finalize=1.688ms
[labev] t=454641.059 ev.propose=0.002ms
[labev] t=454641.071 ev.verify=11.320ms
[labev] t=454641.072 ev.finalize=1.548ms
[labev] t=454641.072 ev.propose=0.002ms
[labev] t=454641.084 ev.verify=11.308ms
[labev] t=454641.085 ev.finalize=1.563ms
[labev] t=454641.085 ev.propose=0.002ms
[labev] t=454641.097 ev.verify=11.380ms
[labev] t=454641.098 ev.finalize=1.639ms
[labev] t=454641.099 ev.propose=0.002ms
[labev] t=454641.110 ev.verify=11.321ms
[labev] t=454641.112 ev.finalize=1.663ms
[labev] t=454641.112 ev.propose=0.002ms
[labev] t=454641.123 ev.verify=11.417ms
[labev] t=454641.125 ev.finalize=1.663ms
[labev] t=454641.125 ev.propose=0.002ms
[labev] t=454641.136 ev.verify=11.281ms
[labev] t=454641.138 ev.finalize=1.650ms
[labev] t=454641.138 ev.propose=0.002ms
[labev] t=454641.149 ev.verify=11.250ms
[labev] t=454641.151 ev.finalize=1.654ms
[labev] t=454641.151 ev.propose=0.002ms
[labev] t=454641.162 ev.verify=11.251ms
[labev] t=454641.164 ev.finalize=1.671ms
[labev] t=454641.164 ev.propose=0.001ms
[labev] t=454641.175 ev.verify=11.206ms
[labev] t=454641.177 ev.finalize=1.655ms
[labev] t=454641.177 ev.propose=0.002ms
[labev] t=454641.189 ev.verify=11.362ms
[labev] t=454641.190 ev.finalize=1.650ms
[labev] t=454641.190 ev.propose=0.002ms
[labev] t=454641.202 ev.verify=11.379ms
[labev] t=454641.203 ev.finalize=1.671ms
[labev] t=454641.204 ev.propose=0.002ms
[labev] t=454641.215 ev.verify=11.308ms
[labev] t=454641.217 ev.finalize=1.688ms
[labev] t=454641.217 ev.propose=0.002ms
[labev] t=454641.228 ev.verify=11.429ms
[labev] t=454641.230 ev.finalize=1.662ms
[labev] t=454641.230 ev.propose=0.002ms
[labev] t=454641.241 ev.verify=11.271ms
[labev] t=454641.243 ev.finalize=1.642ms
[labev] t=454641.243 ev.propose=0.002ms
[labev] t=454641.254 ev.verify=11.224ms
[labev] t=454641.256 ev.finalize=1.654ms
[labev] t=454641.256 ev.propose=0.001ms
[labev] t=454641.267 ev.verify=11.266ms
[labev] t=454641.270 ev.finalize=2.259ms
[labev] t=454641.270 ev.propose=0.003ms
[labev] t=454641.281 ev.verify=11.411ms
[labev] t=454641.283 ev.finalize=1.688ms
[labev] t=454641.283 ev.propose=0.002ms
[labev] t=454641.294 ev.verify=11.277ms
[labev] t=454641.296 ev.finalize=1.661ms
[labev] t=454641.296 ev.propose=0.002ms
[labev] t=454641.307 ev.verify=11.158ms
[labev] t=454641.309 ev.finalize=1.650ms
[labev] t=454641.309 ev.propose=0.002ms
[labev] t=454641.320 ev.verify=11.140ms
[labev] t=454641.322 ev.finalize=1.677ms
[labev] t=454641.322 ev.propose=0.002ms
[labev] t=454641.333 ev.verify=11.252ms
[labev] t=454641.335 ev.finalize=1.651ms
[labev] t=454641.335 ev.propose=0.002ms
[labev] t=454641.347 ev.verify=11.354ms
[labev] t=454641.348 ev.finalize=1.654ms
[labev] t=454641.348 ev.propose=0.002ms
[labev] t=454641.360 ev.verify=11.445ms
[labev] t=454641.361 ev.finalize=1.540ms
[labev] t=454641.362 ev.propose=0.002ms
[labev] t=454641.380 ev.verify=18.688ms
[labev] t=454641.382 ev.finalize=1.546ms
[labev] t=454644.862 req.start s1-p4096-o512-b0-r0=0.000ms
[labev] t=454644.863 req.handle=0.059ms
[labev] t=454644.882 tok.prepare=19.889ms
event=batching_admitted action=scheduler_admitted
[labev] t=454645.152 chunk.ord.total=268.850ms
[labev] t=454645.406 chunk.ord.total=254.111ms
[labev] t=454645.660 chunk.ord.total=254.325ms
[labev] t=454645.919 chunk.ord.total=258.310ms
[labev] t=454646.180 chunk.ord.total=261.308ms
[labev] t=454646.443 chunk.ord.total=263.120ms
[labev] t=454646.710 chunk.ord.total=266.224ms
[labev] t=454647.017 chunk.ord.total=306.787ms
[labev] t=454647.017 req.firsttoken s1-p4096-o512-b0-r0=2154.273ms
[labev] t=454647.156 ev.decode.rows1.cap0=138.902ms
[labev] t=454647.291 ev.decode.rows1.cap0=135.160ms
[labev] t=454647.425 ev.decode.rows1.cap0=134.221ms
[labev] t=454647.560 ev.decode.rows1.cap0=134.266ms
[labev] t=454647.694 ev.decode.rows1.cap0=134.357ms
[labev] t=454647.828 ev.decode.rows1.cap0=134.334ms
[labev] t=454647.963 ev.decode.rows1.cap0=134.379ms
[labev] t=454648.098 ev.decode.rows1.cap0=134.642ms
[labev] t=454648.233 ev.decode.rows1.cap0=134.839ms
[labev] t=454648.367 ev.decode.rows1.cap0=134.696ms
[labev] t=454648.502 ev.decode.rows1.cap0=134.410ms
[labev] t=454648.636 ev.decode.rows1.cap0=134.337ms
[labev] t=454648.771 ev.decode.rows1.cap0=134.497ms
[labev] t=454648.905 ev.decode.rows1.cap0=134.236ms
[labev] t=454649.040 ev.decode.rows1.cap0=134.780ms
[labev] t=454649.175 ev.decode.rows1.cap0=134.836ms
[labev] t=454649.310 ev.decode.rows1.cap0=134.752ms
[labev] t=454649.445 ev.decode.rows1.cap0=135.054ms
[labev] t=454649.580 ev.decode.rows1.cap0=134.969ms
[labev] t=454649.715 ev.decode.rows1.cap0=135.018ms
[labev] t=454649.850 ev.decode.rows1.cap0=134.584ms
[labev] t=454649.985 ev.decode.rows1.cap0=134.626ms
[labev] t=454650.120 ev.decode.rows1.cap0=135.465ms
[labev] t=454650.255 ev.decode.rows1.cap0=134.845ms
[labev] t=454650.390 ev.decode.rows1.cap0=135.101ms
[labev] t=454650.526 ev.decode.rows1.cap0=135.309ms
[labev] t=454650.661 ev.decode.rows1.cap0=135.155ms
[labev] t=454650.796 ev.decode.rows1.cap0=135.105ms
[labev] t=454650.932 ev.decode.rows1.cap0=135.167ms
[labev] t=454651.067 ev.decode.rows1.cap0=135.318ms
[labev] t=454651.218 ev.decode.rows1.cap0=151.051ms
[labev] t=454651.383 ev.decode.rows1.cap0=165.178ms
[labev] t=454651.385 req.start s1-p4096-o512-b0-r0=0.000ms
[labev] t=454651.385 req.handle=0.023ms
[labev] t=454651.406 tok.prepare=20.955ms
event=batching_admitted action=scheduler_admitted
[labev] t=454651.694 chunk.native.total=288.316ms
[labev] t=454651.982 chunk.native.total=287.173ms
[labev] t=454652.275 chunk.native.total=292.896ms
[labev] t=454652.561 chunk.native.total=285.911ms
[labev] t=454652.837 chunk.native.total=276.775ms
[labev] t=454653.117 chunk.native.total=279.059ms
[labev] t=454653.397 chunk.native.total=280.780ms
[labev] t=454653.713 chunk.native.total=315.862ms
[labev] t=454653.714 req.firsttoken s1-p4096-o512-b0-r0=2329.029ms
[labev] t=454653.714 ev.propose=0.003ms
[labev] t=454653.725 ev.verify=11.423ms
[labev] t=454653.727 ev.finalize=1.681ms
[labev] t=454653.727 ev.propose=0.066ms
[labev] t=454653.739 ev.verify=11.600ms
[labev] t=454653.740 ev.finalize=1.639ms
[labev] t=454653.740 ev.propose=0.070ms
[labev] t=454653.752 ev.verify=11.299ms
[labev] t=454653.754 ev.finalize=1.646ms
[labev] t=454653.754 ev.propose=0.065ms
[labev] t=454653.765 ev.verify=11.278ms
[labev] t=454653.767 ev.finalize=1.628ms
[labev] t=454653.767 ev.propose=0.072ms
[labev] t=454653.778 ev.verify=11.201ms
[labev] t=454653.780 ev.finalize=1.706ms
[labev] t=454653.780 ev.propose=0.002ms
[labev] t=454653.791 ev.verify=11.291ms
[labev] t=454653.793 ev.finalize=1.718ms
[labev] t=454653.793 ev.propose=0.055ms
[labev] t=454653.805 ev.verify=11.389ms
[labev] t=454653.806 ev.finalize=1.614ms
[labev] t=454653.806 ev.propose=0.039ms
[labev] t=454653.818 ev.verify=11.272ms
[labev] t=454653.819 ev.finalize=1.637ms
[labev] t=454653.820 ev.propose=0.055ms
[labev] t=454653.831 ev.verify=11.029ms
[labev] t=454653.833 ev.finalize=2.265ms
[labev] t=454653.833 ev.propose=0.073ms
[labev] t=454653.844 ev.verify=11.283ms
[labev] t=454653.846 ev.finalize=1.638ms
[labev] t=454653.846 ev.propose=0.068ms
[labev] t=454653.857 ev.verify=11.119ms
[labev] t=454653.859 ev.finalize=1.635ms
[labev] t=454653.859 ev.propose=0.048ms
[labev] t=454653.870 ev.verify=11.095ms
[labev] t=454653.872 ev.finalize=1.552ms
[labev] t=454653.872 ev.propose=0.050ms
[labev] t=454653.883 ev.verify=11.124ms
[labev] t=454653.885 ev.finalize=1.511ms
[labev] t=454653.885 ev.propose=0.076ms
[labev] t=454653.896 ev.verify=11.176ms
[labev] t=454653.898 ev.finalize=1.625ms
[labev] t=454653.898 ev.propose=0.002ms
[labev] t=454653.909 ev.verify=11.217ms
[labev] t=454653.911 ev.finalize=1.525ms
[labev] t=454653.911 ev.propose=0.002ms
[labev] t=454653.922 ev.verify=11.171ms
[labev] t=454653.924 ev.finalize=1.641ms
[labev] t=454653.924 ev.propose=0.059ms
[labev] t=454653.935 ev.verify=11.156ms
[labev] t=454653.937 ev.finalize=1.611ms
[labev] t=454653.937 ev.propose=0.059ms
[labev] t=454653.948 ev.verify=11.133ms
[labev] t=454653.950 ev.finalize=1.650ms
[labev] t=454653.950 ev.propose=0.002ms
[labev] t=454653.961 ev.verify=11.064ms
[labev] t=454653.963 ev.finalize=1.608ms
[labev] t=454653.963 ev.propose=0.067ms
[labev] t=454653.974 ev.verify=11.094ms
[labev] t=454653.975 ev.finalize=1.608ms
[labev] t=454653.976 ev.propose=0.061ms
[labev] t=454653.987 ev.verify=11.079ms
[labev] t=454653.988 ev.finalize=1.631ms
[labev] t=454653.989 ev.propose=0.002ms
[labev] t=454654.000 ev.verify=11.274ms
[labev] t=454654.001 ev.finalize=1.607ms
[labev] t=454654.002 ev.propose=0.002ms
[labev] t=454654.013 ev.verify=11.319ms
[labev] t=454654.015 ev.finalize=1.606ms
[labev] t=454654.015 ev.propose=0.002ms
[labev] t=454654.026 ev.verify=11.084ms
[labev] t=454654.027 ev.finalize=1.633ms
[labev] t=454654.028 ev.propose=0.002ms
[labev] t=454654.039 ev.verify=11.227ms
[labev] t=454654.040 ev.finalize=1.626ms
[labev] t=454654.041 ev.propose=0.002ms
[labev] t=454654.052 ev.verify=11.320ms
[labev] t=454654.054 ev.finalize=2.244ms
[labev] t=454654.054 ev.propose=0.002ms
[labev] t=454654.066 ev.verify=11.296ms
[labev] t=454654.067 ev.finalize=1.620ms
[labev] t=454654.067 ev.propose=0.002ms
[labev] t=454654.079 ev.verify=11.158ms
[labev] t=454654.080 ev.finalize=1.606ms
[labev] t=454654.080 ev.propose=0.002ms
[labev] t=454654.092 ev.verify=11.221ms
[labev] t=454654.093 ev.finalize=1.626ms
[labev] t=454654.093 ev.propose=0.002ms
[labev] t=454654.105 ev.verify=11.162ms
[labev] t=454654.106 ev.finalize=1.607ms
[labev] t=454654.106 ev.propose=0.002ms
[labev] t=454654.117 ev.verify=11.158ms
[labev] t=454654.119 ev.finalize=1.614ms
[labev] t=454654.119 ev.propose=0.002ms
[labev] t=454654.130 ev.verify=11.119ms
[labev] t=454654.132 ev.finalize=1.621ms
[labev] t=454654.132 ev.propose=0.002ms
[labev] t=454654.143 ev.verify=11.249ms
[labev] t=454654.145 ev.finalize=1.608ms
[labev] t=454654.145 ev.propose=0.002ms
[labev] t=454654.156 ev.verify=11.301ms
[labev] t=454654.158 ev.finalize=1.641ms
[labev] t=454654.158 ev.propose=0.002ms
[labev] t=454654.169 ev.verify=11.158ms
[labev] t=454654.171 ev.finalize=1.610ms
[labev] t=454654.171 ev.propose=0.002ms
[labev] t=454654.182 ev.verify=11.125ms
[labev] t=454654.184 ev.finalize=1.615ms
[labev] t=454654.184 ev.propose=0.002ms
[labev] t=454654.195 ev.verify=11.427ms
[labev] t=454654.197 ev.finalize=1.619ms
[labev] t=454654.197 ev.propose=0.002ms
[labev] t=454654.209 ev.verify=11.415ms
[labev] t=454654.210 ev.finalize=1.623ms
[labev] t=454654.210 ev.propose=0.002ms
[labev] t=454654.222 ev.verify=11.099ms
[labev] t=454654.223 ev.finalize=1.615ms
[labev] t=454654.223 ev.propose=0.002ms
[labev] t=454654.234 ev.verify=11.022ms
[labev] t=454654.236 ev.finalize=1.796ms
[labev] t=454654.236 ev.propose=0.002ms
[labev] t=454654.248 ev.verify=11.207ms
[labev] t=454654.249 ev.finalize=1.602ms
[labev] t=454654.249 ev.propose=0.002ms
[labev] t=454654.261 ev.verify=11.304ms
[labev] t=454654.263 ev.finalize=2.264ms
[labev] t=454654.263 ev.propose=0.002ms
[labev] t=454654.275 ev.verify=11.485ms
[labev] t=454654.276 ev.finalize=1.660ms
[labev] t=454654.276 ev.propose=0.002ms
[labev] t=454654.288 ev.verify=11.235ms
[labev] t=454654.290 ev.finalize=1.848ms
[labev] t=454654.290 ev.propose=0.002ms
[labev] t=454654.301 ev.verify=11.059ms
[labev] t=454654.302 ev.finalize=1.639ms
[labev] t=454654.303 ev.propose=0.002ms
[labev] t=454654.314 ev.verify=11.139ms
[labev] t=454654.315 ev.finalize=1.625ms
[labev] t=454654.315 ev.propose=0.002ms
[labev] t=454654.327 ev.verify=11.269ms
[labev] t=454654.328 ev.finalize=1.599ms
[labev] t=454654.328 ev.propose=0.002ms
[labev] t=454654.340 ev.verify=11.160ms
[labev] t=454654.341 ev.finalize=1.609ms
[labev] t=454654.341 ev.propose=0.002ms
[labev] t=454654.353 ev.verify=11.240ms
[labev] t=454654.354 ev.finalize=1.642ms
[labev] t=454654.354 ev.propose=0.002ms
[labev] t=454654.366 ev.verify=11.150ms
[labev] t=454654.367 ev.finalize=1.619ms
[labev] t=454654.367 ev.propose=0.002ms
[labev] t=454654.379 ev.verify=11.230ms
[labev] t=454654.380 ev.finalize=1.514ms
[labev] t=454654.380 ev.propose=0.002ms
[labev] t=454654.391 ev.verify=11.162ms
[labev] t=454654.393 ev.finalize=1.603ms
[labev] t=454654.393 ev.propose=0.002ms
[labev] t=454654.404 ev.verify=11.212ms
[labev] t=454654.406 ev.finalize=1.620ms
[labev] t=454654.406 ev.propose=0.002ms
[labev] t=454654.417 ev.verify=11.120ms
[labev] t=454654.419 ev.finalize=1.633ms
[labev] t=454654.419 ev.propose=0.002ms
[labev] t=454654.430 ev.verify=11.219ms
[labev] t=454654.432 ev.finalize=1.629ms
[labev] t=454654.432 ev.propose=0.002ms
[labev] t=454654.444 ev.verify=11.310ms
[labev] t=454654.445 ev.finalize=1.639ms
[labev] t=454654.445 ev.propose=0.002ms
[labev] t=454654.457 ev.verify=11.238ms
[labev] t=454654.458 ev.finalize=1.642ms
[labev] t=454654.458 ev.propose=0.002ms
[labev] t=454654.469 ev.verify=11.029ms
[labev] t=454654.471 ev.finalize=1.647ms
[labev] t=454654.471 ev.propose=0.002ms
[labev] t=454654.482 ev.verify=11.218ms
[labev] t=454654.485 ev.finalize=2.279ms
[labev] t=454654.485 ev.propose=0.002ms
[labev] t=454654.496 ev.verify=11.202ms
[labev] t=454654.498 ev.finalize=1.639ms
[labev] t=454654.498 ev.propose=0.002ms
[labev] t=454654.509 ev.verify=11.096ms
[labev] t=454654.511 ev.finalize=1.630ms
[labev] t=454654.511 ev.propose=0.002ms
[labev] t=454654.522 ev.verify=10.988ms
[labev] t=454654.523 ev.finalize=1.504ms
[labev] t=454654.523 ev.propose=0.002ms
[labev] t=454654.535 ev.verify=11.184ms
[labev] t=454654.536 ev.finalize=1.638ms
[labev] t=454654.536 ev.propose=0.002ms
[labev] t=454654.548 ev.verify=11.084ms
[labev] t=454654.549 ev.finalize=1.656ms
[labev] t=454654.549 ev.propose=0.002ms
[labev] t=454654.561 ev.verify=11.285ms
[labev] t=454654.562 ev.finalize=1.631ms
[labev] t=454654.562 ev.propose=0.002ms
[labev] t=454654.574 ev.verify=11.231ms
[labev] t=454654.575 ev.finalize=1.637ms
[labev] t=454654.575 ev.propose=0.002ms
[labev] t=454654.587 ev.verify=11.178ms
[labev] t=454654.588 ev.finalize=1.643ms
[labev] t=454654.588 ev.propose=0.002ms
[labev] t=454654.600 ev.verify=11.092ms
[labev] t=454654.601 ev.finalize=1.635ms
[labev] t=454654.601 ev.propose=0.002ms
[labev] t=454654.613 ev.verify=11.205ms
[labev] t=454654.614 ev.finalize=1.625ms
[labev] t=454654.614 ev.propose=0.002ms
[labev] t=454654.626 ev.verify=11.221ms
[labev] t=454654.627 ev.finalize=1.605ms
[labev] t=454654.627 ev.propose=0.002ms
[labev] t=454654.639 ev.verify=11.245ms
[labev] t=454654.640 ev.finalize=1.644ms
[labev] t=454654.640 ev.propose=0.002ms
[labev] t=454654.652 ev.verify=11.402ms
[labev] t=454654.653 ev.finalize=1.521ms
[labev] t=454654.653 ev.propose=0.002ms
[labev] t=454654.665 ev.verify=11.233ms
[labev] t=454654.666 ev.finalize=1.631ms
[labev] t=454654.666 ev.propose=0.002ms
[labev] t=454654.678 ev.verify=11.082ms
[labev] t=454654.679 ev.finalize=1.609ms
[labev] t=454654.679 ev.propose=0.002ms
[labev] t=454654.691 ev.verify=11.312ms
[labev] t=454654.692 ev.finalize=1.627ms
[labev] t=454654.692 ev.propose=0.002ms
[labev] t=454654.704 ev.verify=11.223ms
[labev] t=454654.706 ev.finalize=2.257ms
[labev] t=454654.706 ev.propose=0.002ms
[labev] t=454654.718 ev.verify=11.483ms
[labev] t=454654.719 ev.finalize=1.602ms
[labev] t=454654.719 ev.propose=0.002ms
[labev] t=454654.731 ev.verify=11.084ms
[labev] t=454654.732 ev.finalize=1.606ms
[labev] t=454654.732 ev.propose=0.002ms
[labev] t=454654.743 ev.verify=11.173ms
[labev] t=454654.745 ev.finalize=1.624ms
[labev] t=454654.745 ev.propose=0.001ms
[labev] t=454654.756 ev.verify=11.139ms
[labev] t=454654.758 ev.finalize=1.631ms
[labev] t=454654.758 ev.propose=0.002ms
[labev] t=454654.770 ev.verify=11.370ms
[labev] t=454654.771 ev.finalize=1.635ms
[labev] t=454654.771 ev.propose=0.002ms
[labev] t=454654.783 ev.verify=11.227ms
[labev] t=454654.784 ev.finalize=1.508ms
[labev] t=454654.784 ev.propose=0.002ms
[labev] t=454654.795 ev.verify=11.088ms
[labev] t=454654.797 ev.finalize=1.655ms
[labev] t=454654.797 ev.propose=0.002ms
[labev] t=454654.808 ev.verify=11.096ms
[labev] t=454654.810 ev.finalize=1.528ms
[labev] t=454654.810 ev.propose=0.002ms
[labev] t=454654.821 ev.verify=11.115ms
[labev] t=454654.823 ev.finalize=1.753ms
[labev] t=454654.823 ev.propose=0.002ms
[labev] t=454654.834 ev.verify=11.176ms
[labev] t=454654.836 ev.finalize=1.625ms
[labev] t=454654.836 ev.propose=0.001ms
[labev] t=454654.847 ev.verify=11.291ms
[labev] t=454654.849 ev.finalize=1.539ms
[labev] t=454654.849 ev.propose=0.002ms
[labev] t=454654.860 ev.verify=11.143ms
[labev] t=454654.862 ev.finalize=1.610ms
[labev] t=454654.862 ev.propose=0.001ms
[labev] t=454654.873 ev.verify=11.242ms
[labev] t=454654.875 ev.finalize=1.646ms
[labev] t=454654.875 ev.propose=0.002ms
[labev] t=454654.886 ev.verify=11.350ms
[labev] t=454654.888 ev.finalize=1.529ms
[labev] t=454654.888 ev.propose=0.002ms
[labev] t=454654.899 ev.verify=11.180ms
[labev] t=454654.901 ev.finalize=1.628ms
[labev] t=454654.901 ev.propose=0.002ms
[labev] t=454654.912 ev.verify=11.293ms
[labev] t=454654.914 ev.finalize=1.626ms
[labev] t=454654.914 ev.propose=0.002ms
[labev] t=454654.925 ev.verify=11.277ms
[labev] t=454654.927 ev.finalize=1.631ms
[labev] t=454654.927 ev.propose=0.002ms
[labev] t=454654.939 ev.verify=11.500ms
[labev] t=454654.941 ev.finalize=2.257ms
[labev] t=454654.941 ev.propose=0.002ms
[labev] t=454654.952 ev.verify=11.245ms
[labev] t=454654.954 ev.finalize=1.633ms
[labev] t=454654.954 ev.propose=0.002ms
[labev] t=454654.965 ev.verify=11.360ms
[labev] t=454654.967 ev.finalize=1.638ms
[labev] t=454654.967 ev.propose=0.002ms
[labev] t=454654.978 ev.verify=11.029ms
[labev] t=454654.980 ev.finalize=1.631ms
[labev] t=454654.980 ev.propose=0.002ms
[labev] t=454654.991 ev.verify=11.138ms
[labev] t=454654.993 ev.finalize=1.651ms
[labev] t=454654.993 ev.propose=0.002ms
[labev] t=454655.004 ev.verify=11.206ms
[labev] t=454655.006 ev.finalize=1.611ms
[labev] t=454655.006 ev.propose=0.002ms
[labev] t=454655.017 ev.verify=11.000ms
[labev] t=454655.019 ev.finalize=1.619ms
[labev] t=454655.019 ev.propose=0.002ms
[labev] t=454655.030 ev.verify=10.948ms
[labev] t=454655.031 ev.finalize=1.614ms
[labev] t=454655.031 ev.propose=0.002ms
[labev] t=454655.043 ev.verify=11.159ms
[labev] t=454655.044 ev.finalize=1.510ms
[labev] t=454655.044 ev.propose=0.002ms
[labev] t=454655.055 ev.verify=11.179ms
[labev] t=454655.057 ev.finalize=1.622ms
[labev] t=454655.057 ev.propose=0.002ms
[labev] t=454655.068 ev.verify=11.275ms
[labev] t=454655.070 ev.finalize=1.627ms
[labev] t=454655.070 ev.propose=0.002ms
[labev] t=454655.081 ev.verify=10.992ms
[labev] t=454655.083 ev.finalize=1.620ms
[labev] t=454655.083 ev.propose=0.002ms
[labev] t=454655.094 ev.verify=11.051ms
[labev] t=454655.096 ev.finalize=1.608ms
[labev] t=454655.096 ev.propose=0.002ms
[labev] t=454655.107 ev.verify=11.071ms
[labev] t=454655.109 ev.finalize=1.650ms
[labev] t=454655.109 ev.propose=0.002ms
[labev] t=454655.120 ev.verify=11.307ms
[labev] t=454655.122 ev.finalize=1.629ms
[labev] t=454655.122 ev.propose=0.002ms
[labev] t=454655.133 ev.verify=11.260ms
[labev] t=454655.135 ev.finalize=1.633ms
[labev] t=454655.135 ev.propose=0.002ms
[labev] t=454655.146 ev.verify=11.335ms
[labev] t=454655.148 ev.finalize=2.269ms
[labev] t=454655.149 ev.propose=0.002ms
[labev] t=454655.160 ev.verify=11.250ms
[labev] t=454655.162 ev.finalize=1.636ms
[labev] t=454655.162 ev.propose=0.002ms
[labev] t=454655.173 ev.verify=11.138ms
[labev] t=454655.175 ev.finalize=1.728ms
[labev] t=454655.175 ev.propose=0.002ms
[labev] t=454655.186 ev.verify=11.290ms
[labev] t=454655.188 ev.finalize=1.641ms
[labev] t=454655.188 ev.propose=0.002ms
[labev] t=454655.199 ev.verify=11.166ms
[labev] t=454655.201 ev.finalize=1.647ms
[labev] t=454655.201 ev.propose=0.002ms
[labev] t=454655.212 ev.verify=11.373ms
[labev] t=454655.214 ev.finalize=1.619ms
[labev] t=454655.214 ev.propose=0.002ms
[labev] t=454655.225 ev.verify=11.077ms
[labev] t=454655.227 ev.finalize=1.637ms
[labev] t=454655.227 ev.propose=0.002ms
[labev] t=454655.238 ev.verify=11.396ms
[labev] t=454655.240 ev.finalize=1.644ms
[labev] t=454655.240 ev.propose=0.002ms
[labev] t=454655.251 ev.verify=11.019ms
[labev] t=454655.253 ev.finalize=1.623ms
[labev] t=454655.253 ev.propose=0.002ms
[labev] t=454655.264 ev.verify=11.243ms
[labev] t=454655.266 ev.finalize=1.625ms
[labev] t=454655.266 ev.propose=0.002ms
[labev] t=454655.277 ev.verify=11.190ms
[labev] t=454655.279 ev.finalize=1.632ms
[labev] t=454655.279 ev.propose=0.002ms
[labev] t=454655.290 ev.verify=11.236ms
[labev] t=454655.292 ev.finalize=1.628ms
[labev] t=454655.292 ev.propose=0.001ms
[labev] t=454655.303 ev.verify=11.107ms
[labev] t=454655.305 ev.finalize=1.648ms
[labev] t=454655.305 ev.propose=0.002ms
[labev] t=454655.316 ev.verify=11.395ms
[labev] t=454655.318 ev.finalize=1.619ms
[labev] t=454655.318 ev.propose=0.002ms
[labev] t=454655.329 ev.verify=11.415ms
[labev] t=454655.331 ev.finalize=1.657ms
[labev] t=454655.331 ev.propose=0.002ms
[labev] t=454655.342 ev.verify=11.277ms
[labev] t=454655.344 ev.finalize=1.653ms
[labev] t=454655.344 ev.propose=0.002ms
[labev] t=454655.355 ev.verify=11.154ms
[labev] t=454655.357 ev.finalize=1.552ms
[labev] t=454655.357 ev.propose=0.002ms
[labev] t=454655.368 ev.verify=11.185ms
[labev] t=454655.370 ev.finalize=2.069ms
[labev] t=454655.371 ev.propose=0.002ms
[labev] t=454655.382 ev.verify=11.232ms
[labev] t=454655.383 ev.finalize=1.533ms
[labev] t=454655.383 ev.propose=0.002ms
[labev] t=454655.395 ev.verify=11.102ms
[labev] t=454655.396 ev.finalize=1.647ms
[labev] t=454655.396 ev.propose=0.002ms
[labev] t=454655.408 ev.verify=11.229ms
[labev] t=454655.409 ev.finalize=1.734ms
[labev] t=454655.410 ev.propose=0.002ms
[labev] t=454655.421 ev.verify=11.037ms
[labev] t=454655.422 ev.finalize=1.525ms
[labev] t=454655.422 ev.propose=0.002ms
[labev] t=454655.433 ev.verify=11.111ms
[labev] t=454655.435 ev.finalize=1.510ms
[labev] t=454655.435 ev.propose=0.002ms
[labev] t=454655.446 ev.verify=11.361ms
[labev] t=454655.448 ev.finalize=1.647ms
[labev] t=454655.448 ev.propose=0.002ms
[labev] t=454655.460 ev.verify=11.285ms
[labev] t=454655.461 ev.finalize=1.689ms
[labev] t=454655.461 ev.propose=0.002ms
[labev] t=454655.473 ev.verify=11.339ms
[labev] t=454655.474 ev.finalize=1.647ms
[labev] t=454655.474 ev.propose=0.001ms
[labev] t=454655.486 ev.verify=11.210ms
[labev] t=454655.487 ev.finalize=1.645ms
[labev] t=454655.488 ev.propose=0.002ms
[labev] t=454655.499 ev.verify=11.363ms
[labev] t=454655.501 ev.finalize=1.642ms
[labev] t=454655.501 ev.propose=0.002ms
[labev] t=454655.512 ev.verify=11.191ms
[labev] t=454655.514 ev.finalize=1.652ms
[labev] t=454655.514 ev.propose=0.002ms
[labev] t=454655.525 ev.verify=11.366ms
[labev] t=454655.527 ev.finalize=1.663ms
[labev] t=454655.527 ev.propose=0.002ms
[labev] t=454655.538 ev.verify=11.362ms
[labev] t=454655.540 ev.finalize=1.649ms
[labev] t=454655.540 ev.propose=0.002ms
[labev] t=454655.551 ev.verify=11.151ms
[labev] t=454655.553 ev.finalize=1.671ms
[labev] t=454655.553 ev.propose=0.002ms
[labev] t=454655.564 ev.verify=11.301ms
[labev] t=454655.566 ev.finalize=1.645ms
[labev] t=454655.566 ev.propose=0.002ms
[labev] t=454655.577 ev.verify=11.058ms
[labev] t=454655.579 ev.finalize=1.645ms
[labev] t=454655.579 ev.propose=0.002ms
[labev] t=454655.590 ev.verify=11.476ms
[labev] t=454655.592 ev.finalize=1.679ms
[labev] t=454655.592 ev.propose=0.002ms
[labev] t=454655.603 ev.verify=11.163ms
[labev] t=454655.606 ev.finalize=2.303ms
[labev] t=454655.606 ev.propose=0.002ms
[labev] t=454655.617 ev.verify=11.165ms
[labev] t=454655.619 ev.finalize=1.649ms
[labev] t=454655.619 ev.propose=0.002ms
[labev] t=454655.630 ev.verify=11.433ms
[labev] t=454655.632 ev.finalize=1.649ms
[labev] t=454655.632 ev.propose=0.002ms
[labev] t=454655.643 ev.verify=11.210ms
[labev] t=454655.645 ev.finalize=1.645ms
[labev] t=454655.645 ev.propose=0.002ms
[labev] t=454655.657 ev.verify=11.380ms
[labev] t=454655.658 ev.finalize=1.670ms
[labev] t=454655.658 ev.propose=0.002ms
[labev] t=454655.670 ev.verify=11.419ms
[labev] t=454655.671 ev.finalize=1.544ms
[labev] t=454655.672 ev.propose=0.002ms
[labev] t=454655.683 ev.verify=11.332ms
[labev] t=454655.685 ev.finalize=1.657ms
[labev] t=454655.685 ev.propose=0.002ms
[labev] t=454655.696 ev.verify=11.295ms
[labev] t=454655.698 ev.finalize=1.662ms
[labev] t=454655.698 ev.propose=0.002ms
[labev] t=454655.709 ev.verify=11.360ms
[labev] t=454655.711 ev.finalize=1.642ms
[labev] t=454655.711 ev.propose=0.002ms
[labev] t=454655.722 ev.verify=11.206ms
[labev] t=454655.724 ev.finalize=1.654ms
[labev] t=454655.724 ev.propose=0.002ms
[labev] t=454655.735 ev.verify=11.427ms
[labev] t=454655.737 ev.finalize=1.648ms
[labev] t=454655.737 ev.propose=0.001ms
[labev] t=454655.748 ev.verify=11.091ms
[labev] t=454655.750 ev.finalize=1.646ms
[labev] t=454655.750 ev.propose=0.002ms
[labev] t=454655.761 ev.verify=11.039ms
[labev] t=454655.763 ev.finalize=1.655ms
[labev] t=454655.763 ev.propose=0.002ms
[labev] t=454655.774 ev.verify=11.310ms
[labev] t=454655.776 ev.finalize=1.511ms
[labev] t=454655.776 ev.propose=0.002ms
[labev] t=454655.787 ev.verify=11.202ms
[labev] t=454655.789 ev.finalize=1.641ms
[labev] t=454655.789 ev.propose=0.002ms
[labev] t=454655.800 ev.verify=11.436ms
[labev] t=454655.802 ev.finalize=1.643ms
[labev] t=454655.802 ev.propose=0.002ms
[labev] t=454655.813 ev.verify=11.222ms
[labev] t=454655.815 ev.finalize=1.629ms
[labev] t=454655.815 ev.propose=0.002ms
[labev] t=454655.826 ev.verify=11.203ms
[labev] t=454655.829 ev.finalize=2.273ms
[labev] t=454655.829 ev.propose=0.002ms
[labev] t=454655.840 ev.verify=11.179ms
[labev] t=454655.842 ev.finalize=1.682ms
[labev] t=454655.842 ev.propose=0.002ms
[labev] t=454655.853 ev.verify=11.167ms
[labev] t=454655.855 ev.finalize=1.627ms
[labev] t=454655.855 ev.propose=0.002ms
[labev] t=454655.866 ev.verify=11.442ms
[labev] t=454655.868 ev.finalize=1.668ms
[labev] t=454655.868 ev.propose=0.002ms
[labev] t=454655.880 ev.verify=11.439ms
[labev] t=454655.881 ev.finalize=1.659ms
[labev] t=454655.881 ev.propose=0.002ms
[labev] t=454655.893 ev.verify=11.156ms
[labev] t=454655.894 ev.finalize=1.646ms
[labev] t=454655.894 ev.propose=0.002ms
[labev] t=454655.906 ev.verify=11.247ms
[labev] t=454655.907 ev.finalize=1.632ms
[labev] t=454655.907 ev.propose=0.002ms
[labev] t=454655.919 ev.verify=11.401ms
[labev] t=454655.920 ev.finalize=1.522ms
[labev] t=454655.921 ev.propose=0.002ms
[labev] t=454655.932 ev.verify=11.265ms
[labev] t=454655.934 ev.finalize=1.679ms
[labev] t=454655.934 ev.propose=0.002ms
[labev] t=454655.945 ev.verify=11.287ms
[labev] t=454655.947 ev.finalize=1.544ms
[labev] t=454655.947 ev.propose=0.002ms
[labev] t=454655.958 ev.verify=11.216ms
[labev] t=454655.960 ev.finalize=1.672ms
[labev] t=454655.960 ev.propose=0.002ms
[labev] t=454655.971 ev.verify=11.311ms
[labev] t=454655.973 ev.finalize=1.533ms
[labev] t=454655.973 ev.propose=0.002ms
[labev] t=454655.984 ev.verify=11.297ms
[labev] t=454655.986 ev.finalize=1.517ms
[labev] t=454655.986 ev.propose=0.002ms
[labev] t=454655.997 ev.verify=11.256ms
[labev] t=454655.999 ev.finalize=1.704ms
[labev] t=454655.999 ev.propose=0.002ms
[labev] t=454656.010 ev.verify=11.144ms
[labev] t=454656.012 ev.finalize=1.669ms
[labev] t=454656.012 ev.propose=0.001ms
[labev] t=454656.023 ev.verify=11.146ms
[labev] t=454656.025 ev.finalize=1.646ms
[labev] t=454656.025 ev.propose=0.002ms
[labev] t=454656.036 ev.verify=11.374ms
[labev] t=454656.038 ev.finalize=1.549ms
[labev] t=454656.038 ev.propose=0.002ms
[labev] t=454656.049 ev.verify=11.231ms
[labev] t=454656.051 ev.finalize=1.655ms
[labev] t=454656.051 ev.propose=0.002ms
[labev] t=454656.062 ev.verify=11.241ms
[labev] t=454656.064 ev.finalize=1.649ms
[labev] t=454656.064 ev.propose=0.002ms
[labev] t=454656.075 ev.verify=11.416ms
[labev] t=454656.078 ev.finalize=2.339ms
[labev] t=454656.078 ev.propose=0.002ms
[labev] t=454656.089 ev.verify=11.481ms
[labev] t=454656.091 ev.finalize=1.640ms
[labev] t=454656.091 ev.propose=0.002ms
[labev] t=454656.102 ev.verify=11.187ms
[labev] t=454656.104 ev.finalize=1.668ms
[labev] t=454656.104 ev.propose=0.002ms
[labev] t=454656.115 ev.verify=11.177ms
[labev] t=454656.117 ev.finalize=1.635ms
[labev] t=454656.117 ev.propose=0.002ms
[labev] t=454656.129 ev.verify=11.503ms
[labev] t=454656.130 ev.finalize=1.646ms
[labev] t=454656.130 ev.propose=0.002ms
[labev] t=454656.142 ev.verify=11.279ms
[labev] t=454656.143 ev.finalize=1.653ms
[labev] t=454656.144 ev.propose=0.002ms
[labev] t=454656.155 ev.verify=11.194ms
[labev] t=454656.156 ev.finalize=1.656ms
[labev] t=454656.157 ev.propose=0.002ms
[labev] t=454656.168 ev.verify=11.121ms
[labev] t=454656.169 ev.finalize=1.774ms
[labev] t=454656.170 ev.propose=0.001ms
[labev] t=454656.181 ev.verify=11.127ms
[labev] t=454656.182 ev.finalize=1.659ms
[labev] t=454656.183 ev.propose=0.002ms
[labev] t=454656.194 ev.verify=11.094ms
[labev] t=454656.195 ev.finalize=1.653ms
[labev] t=454656.195 ev.propose=0.002ms
[labev] t=454656.207 ev.verify=11.368ms
[labev] t=454656.209 ev.finalize=1.641ms
[labev] t=454656.209 ev.propose=0.002ms
[labev] t=454656.220 ev.verify=11.274ms
[labev] t=454656.222 ev.finalize=1.656ms
[labev] t=454656.222 ev.propose=0.002ms
[labev] t=454656.233 ev.verify=11.267ms
[labev] t=454656.235 ev.finalize=1.685ms
[labev] t=454656.235 ev.propose=0.002ms
[labev] t=454656.246 ev.verify=11.220ms
[labev] t=454656.248 ev.finalize=1.738ms
[labev] t=454656.248 ev.propose=0.002ms
[labev] t=454656.259 ev.verify=11.434ms
[labev] t=454656.261 ev.finalize=1.654ms
[labev] t=454656.261 ev.propose=0.002ms
[labev] t=454656.273 ev.verify=11.304ms
[labev] t=454656.274 ev.finalize=1.633ms
[labev] t=454656.274 ev.propose=0.002ms
[labev] t=454656.286 ev.verify=11.251ms
[labev] t=454656.288 ev.finalize=2.318ms
[labev] t=454656.288 ev.propose=0.002ms
[labev] t=454656.299 ev.verify=11.354ms
[labev] t=454656.301 ev.finalize=1.657ms
[labev] t=454656.301 ev.propose=0.002ms
[labev] t=454656.312 ev.verify=11.097ms
[labev] t=454656.314 ev.finalize=1.670ms
[labev] t=454656.314 ev.propose=0.002ms
[labev] t=454656.325 ev.verify=11.334ms
[labev] t=454656.327 ev.finalize=1.657ms
[labev] t=454656.327 ev.propose=0.002ms
[labev] t=454656.339 ev.verify=11.344ms
[labev] t=454656.340 ev.finalize=1.545ms
[labev] t=454656.340 ev.propose=0.002ms
[labev] t=454656.352 ev.verify=11.625ms
[labev] t=454656.354 ev.finalize=1.640ms
[labev] t=454656.354 ev.propose=0.002ms
[labev] t=454656.365 ev.verify=11.315ms
[labev] t=454656.367 ev.finalize=1.658ms
[labev] t=454656.367 ev.propose=0.002ms
[labev] t=454656.378 ev.verify=11.352ms
[labev] t=454656.380 ev.finalize=1.657ms
[labev] t=454656.380 ev.propose=0.002ms
[labev] t=454656.391 ev.verify=11.253ms
[labev] t=454656.393 ev.finalize=1.656ms
[labev] t=454656.393 ev.propose=0.002ms
[labev] t=454656.404 ev.verify=11.271ms
[labev] t=454656.406 ev.finalize=1.637ms
[labev] t=454656.406 ev.propose=0.002ms
[labev] t=454656.417 ev.verify=11.221ms
[labev] t=454656.419 ev.finalize=1.656ms
[labev] t=454656.419 ev.propose=0.002ms
[labev] t=454656.431 ev.verify=11.302ms
[labev] t=454656.432 ev.finalize=1.652ms
[labev] t=454656.432 ev.propose=0.002ms
[labev] t=454656.444 ev.verify=11.220ms
[labev] t=454656.445 ev.finalize=1.679ms
[labev] t=454656.445 ev.propose=0.002ms
[labev] t=454656.457 ev.verify=11.418ms
[labev] t=454656.459 ev.finalize=1.694ms
[labev] t=454656.459 ev.propose=0.002ms
[labev] t=454656.470 ev.verify=11.342ms
[labev] t=454656.472 ev.finalize=1.658ms
[labev] t=454656.472 ev.propose=0.002ms
[labev] t=454656.483 ev.verify=11.309ms
[labev] t=454656.485 ev.finalize=1.627ms
[labev] t=454656.485 ev.propose=0.002ms
[labev] t=454656.496 ev.verify=11.358ms
[labev] t=454656.498 ev.finalize=1.562ms
[labev] t=454656.498 ev.propose=0.002ms
[labev] t=454656.509 ev.verify=11.304ms
[labev] t=454656.512 ev.finalize=2.211ms
[labev] t=454656.512 ev.propose=0.002ms
[labev] t=454656.523 ev.verify=11.337ms
[labev] t=454656.525 ev.finalize=1.686ms
[labev] t=454656.525 ev.propose=0.002ms
[labev] t=454656.536 ev.verify=11.480ms
[labev] t=454656.538 ev.finalize=1.652ms
[labev] t=454656.538 ev.propose=0.002ms
[labev] t=454656.550 ev.verify=11.276ms
[labev] t=454656.551 ev.finalize=1.660ms
[labev] t=454656.551 ev.propose=0.002ms
[labev] t=454656.563 ev.verify=11.276ms
[labev] t=454656.564 ev.finalize=1.657ms
[labev] t=454656.564 ev.propose=0.002ms
[labev] t=454656.576 ev.verify=11.407ms
[labev] t=454656.578 ev.finalize=1.661ms
[labev] t=454656.578 ev.propose=0.002ms
[labev] t=454656.589 ev.verify=11.351ms
[labev] t=454656.591 ev.finalize=1.665ms
[labev] t=454656.591 ev.propose=0.002ms
[labev] t=454656.602 ev.verify=11.281ms
[labev] t=454656.604 ev.finalize=1.663ms
[labev] t=454656.604 ev.propose=0.002ms
[labev] t=454656.615 ev.verify=11.431ms
[labev] t=454656.617 ev.finalize=1.652ms
[labev] t=454656.617 ev.propose=0.002ms
[labev] t=454656.629 ev.verify=11.282ms
[labev] t=454656.630 ev.finalize=1.650ms
[labev] t=454656.630 ev.propose=0.002ms
[labev] t=454656.642 ev.verify=11.309ms
[labev] t=454656.643 ev.finalize=1.680ms
[labev] t=454656.643 ev.propose=0.002ms
[labev] t=454656.655 ev.verify=11.134ms
[labev] t=454656.656 ev.finalize=1.680ms
[labev] t=454656.656 ev.propose=0.002ms
[labev] t=454656.668 ev.verify=11.374ms
[labev] t=454656.670 ev.finalize=1.644ms
[labev] t=454656.670 ev.propose=0.002ms
[labev] t=454656.681 ev.verify=11.337ms
[labev] t=454656.683 ev.finalize=1.653ms
[labev] t=454656.683 ev.propose=0.001ms
[labev] t=454656.694 ev.verify=11.115ms
[labev] t=454656.696 ev.finalize=1.642ms
[labev] t=454656.696 ev.propose=0.002ms
[labev] t=454656.707 ev.verify=11.437ms
[labev] t=454656.709 ev.finalize=1.696ms
[labev] t=454656.709 ev.propose=0.002ms
[labev] t=454656.720 ev.verify=11.394ms
[labev] t=454656.723 ev.finalize=2.349ms
[labev] t=454656.723 ev.propose=0.002ms
[labev] t=454656.734 ev.verify=11.409ms
[labev] t=454656.736 ev.finalize=1.659ms
[labev] t=454656.736 ev.propose=0.002ms
[labev] t=454656.747 ev.verify=11.309ms
[labev] t=454656.749 ev.finalize=1.688ms
[labev] t=454656.749 ev.propose=0.002ms
[labev] t=454656.761 ev.verify=11.232ms
[labev] t=454656.762 ev.finalize=1.555ms
[labev] t=454656.762 ev.propose=0.002ms
[labev] t=454656.773 ev.verify=11.066ms
[labev] t=454656.775 ev.finalize=1.655ms
[labev] t=454656.775 ev.propose=0.002ms
[labev] t=454656.786 ev.verify=11.304ms
[labev] t=454656.788 ev.finalize=1.668ms
[labev] t=454656.788 ev.propose=0.002ms
[labev] t=454656.800 ev.verify=11.271ms
[labev] t=454656.801 ev.finalize=1.534ms
[labev] t=454656.801 ev.propose=0.002ms
[labev] t=454656.813 ev.verify=11.281ms
[labev] t=454656.814 ev.finalize=1.642ms
[labev] t=454656.814 ev.propose=0.002ms
[labev] t=454656.826 ev.verify=11.204ms
[labev] t=454656.827 ev.finalize=1.652ms
[labev] t=454656.827 ev.propose=0.002ms
[labev] t=454656.839 ev.verify=11.470ms
[labev] t=454656.841 ev.finalize=1.660ms
[labev] t=454656.841 ev.propose=0.002ms
[labev] t=454656.852 ev.verify=11.367ms
[labev] t=454656.854 ev.finalize=1.655ms
[labev] t=454656.854 ev.propose=0.002ms
[labev] t=454656.865 ev.verify=11.313ms
[labev] t=454656.867 ev.finalize=1.665ms
[labev] t=454656.867 ev.propose=0.002ms
[labev] t=454656.878 ev.verify=11.228ms
[labev] t=454656.880 ev.finalize=1.554ms
[labev] t=454656.880 ev.propose=0.002ms
[labev] t=454656.891 ev.verify=11.227ms
[labev] t=454656.893 ev.finalize=1.667ms
[labev] t=454656.893 ev.propose=0.002ms
[labev] t=454656.904 ev.verify=11.171ms
[labev] t=454656.906 ev.finalize=1.649ms
[labev] t=454656.906 ev.propose=0.002ms
[labev] t=454656.918 ev.verify=11.502ms
[labev] t=454656.919 ev.finalize=1.660ms
[labev] t=454656.919 ev.propose=0.002ms
[labev] t=454656.931 ev.verify=11.349ms
[labev] t=454656.932 ev.finalize=1.663ms
[labev] t=454656.932 ev.propose=0.002ms
[labev] t=454656.944 ev.verify=11.191ms
[labev] t=454656.946 ev.finalize=2.359ms
[labev] t=454656.946 ev.propose=0.002ms
[labev] t=454656.958 ev.verify=11.353ms
[labev] t=454656.959 ev.finalize=1.672ms
[labev] t=454656.959 ev.propose=0.001ms
[labev] t=454656.971 ev.verify=11.238ms
[labev] t=454656.972 ev.finalize=1.672ms
[labev] t=454656.972 ev.propose=0.002ms
[labev] t=454656.984 ev.verify=11.415ms
[labev] t=454656.985 ev.finalize=1.535ms
[labev] t=454656.986 ev.propose=0.002ms
[labev] t=454656.997 ev.verify=11.354ms
[labev] t=454656.999 ev.finalize=1.648ms
[labev] t=454656.999 ev.propose=0.002ms
[labev] t=454657.010 ev.verify=11.268ms
[labev] t=454657.012 ev.finalize=1.658ms
[labev] t=454657.012 ev.propose=0.002ms
[labev] t=454657.023 ev.verify=11.462ms
[labev] t=454657.025 ev.finalize=1.635ms
[labev] t=454657.025 ev.propose=0.002ms
[labev] t=454657.037 ev.verify=11.456ms
[labev] t=454657.038 ev.finalize=1.677ms
[labev] t=454657.038 ev.propose=0.002ms
[labev] t=454657.050 ev.verify=11.105ms
[labev] t=454657.051 ev.finalize=1.658ms
[labev] t=454657.051 ev.propose=0.002ms
[labev] t=454657.062 ev.verify=11.147ms
[labev] t=454657.064 ev.finalize=1.669ms
[labev] t=454657.064 ev.propose=0.002ms
[labev] t=454657.075 ev.verify=11.133ms
[labev] t=454657.077 ev.finalize=1.654ms
[labev] t=454657.077 ev.propose=0.002ms
[labev] t=454657.089 ev.verify=11.430ms
[labev] t=454657.090 ev.finalize=1.652ms
[labev] t=454657.090 ev.propose=0.002ms
[labev] t=454657.102 ev.verify=11.512ms
[labev] t=454657.104 ev.finalize=1.704ms
[labev] t=454657.104 ev.propose=0.002ms
[labev] t=454657.115 ev.verify=11.261ms
[labev] t=454657.117 ev.finalize=1.678ms
[labev] t=454657.117 ev.propose=0.002ms
[labev] t=454657.128 ev.verify=11.284ms
[labev] t=454657.130 ev.finalize=1.569ms
[labev] t=454657.130 ev.propose=0.002ms
[labev] t=454657.141 ev.verify=11.323ms
[labev] t=454657.143 ev.finalize=1.534ms
[labev] t=454657.143 ev.propose=0.001ms
[labev] t=454657.154 ev.verify=11.483ms
[labev] t=454657.156 ev.finalize=1.673ms
[labev] t=454657.156 ev.propose=0.002ms
[labev] t=454657.168 ev.verify=11.424ms
[labev] t=454657.169 ev.finalize=1.714ms
[labev] t=454657.170 ev.propose=0.002ms
[labev] t=454657.181 ev.verify=11.394ms
[labev] t=454657.183 ev.finalize=2.293ms
[labev] t=454657.183 ev.propose=0.002ms
[labev] t=454657.195 ev.verify=11.315ms
[labev] t=454657.196 ev.finalize=1.668ms
[labev] t=454657.197 ev.propose=0.002ms
[labev] t=454657.208 ev.verify=11.362ms
[labev] t=454657.210 ev.finalize=1.566ms
[labev] t=454657.210 ev.propose=0.002ms
[labev] t=454657.221 ev.verify=11.499ms
[labev] t=454657.223 ev.finalize=1.661ms
[labev] t=454657.223 ev.propose=0.002ms
[labev] t=454657.234 ev.verify=11.131ms
[labev] t=454657.236 ev.finalize=1.718ms
[labev] t=454657.236 ev.propose=0.002ms
[labev] t=454657.248 ev.verify=11.514ms
[labev] t=454657.249 ev.finalize=1.819ms
[labev] t=454657.249 ev.propose=0.002ms
[labev] t=454657.261 ev.verify=11.294ms
[labev] t=454657.262 ev.finalize=1.556ms
[labev] t=454657.262 ev.propose=0.002ms
[labev] t=454657.274 ev.verify=11.286ms
[labev] t=454657.275 ev.finalize=1.664ms
[labev] t=454657.276 ev.propose=0.002ms
[labev] t=454657.284 ev.verify=8.547ms
[labev] t=454657.286 ev.finalize=1.527ms
[labev] t=454660.749 req.start s1-p4096-o512-b1-r0=0.000ms
[labev] t=454660.749 req.handle=0.083ms
[labev] t=454660.769 tok.prepare=19.514ms
event=batching_admitted action=scheduler_admitted
[labprof] d0.performDecode.call=136.356ms/n32 f0.finalize.total=1.667ms/n552 f1.finalize.build=0.482ms/n552 f2.finalize.eval=1.150ms/n552 fc.finalize.call=1.672ms/n552 o1.ord.build=1.143ms/n511 o2.ord.eval=7.369ms/n511 p0.propose=0.002ms/n552 r0.round.interval=13.105ms/n550 s1.native.prefill.target=63.082ms/n10 s1.ord.prefill.target=40.522ms/n8 s2.native.prefill.drafter+eval=221.543ms/n9 s2.ord.prefill.eval=226.104ms/n8 s9.native.prefill.chunk.total=290.486ms/n10 s9.ord.prefill.chunk.total=266.675ms/n8 v0.verify.call=11.273ms/n552 v1.verify.build=0.840ms/n552 v2.verify.eval=10.326ms/n552
[labev] t=454661.088 chunk.native.total=318.315ms
[labev] t=454661.355 chunk.native.total=267.159ms
[labev] t=454661.625 chunk.native.total=269.543ms
[labev] t=454661.896 chunk.native.total=271.690ms
[labev] t=454662.173 chunk.native.total=276.909ms
[labev] t=454662.452 chunk.native.total=279.123ms
[labev] t=454662.735 chunk.native.total=282.936ms
[labev] t=454663.052 chunk.native.total=316.431ms
[labev] t=454663.052 req.firsttoken s1-p4096-o512-b1-r0=2302.669ms
[labev] t=454663.052 ev.propose=0.004ms
[labev] t=454663.070 ev.verify=17.533ms
[labev] t=454663.071 ev.finalize=1.682ms
[labev] t=454663.072 ev.propose=0.065ms
[labev] t=454663.083 ev.verify=11.391ms
[labev] t=454663.085 ev.finalize=1.666ms
[labev] t=454663.085 ev.propose=0.056ms
[labev] t=454663.096 ev.verify=11.178ms
[labev] t=454663.098 ev.finalize=1.777ms
[labev] t=454663.098 ev.propose=0.075ms
[labev] t=454663.109 ev.verify=11.045ms
[labev] t=454663.111 ev.finalize=1.631ms
[labev] t=454663.111 ev.propose=0.048ms
[labev] t=454663.122 ev.verify=11.244ms
[labev] t=454663.124 ev.finalize=1.645ms
[labev] t=454663.124 ev.propose=0.050ms
[labev] t=454663.135 ev.verify=11.229ms
[labev] t=454663.137 ev.finalize=1.616ms
[labev] t=454663.137 ev.propose=0.070ms
[labev] t=454663.148 ev.verify=11.306ms
[labev] t=454663.150 ev.finalize=1.670ms
[labev] t=454663.150 ev.propose=0.045ms
[labev] t=454663.162 ev.verify=11.251ms
[labev] t=454663.163 ev.finalize=1.711ms
[labev] t=454663.164 ev.propose=0.050ms
[labev] t=454663.175 ev.verify=11.033ms
[labev] t=454663.177 ev.finalize=2.261ms
[labev] t=454663.177 ev.propose=0.077ms
[labev] t=454663.188 ev.verify=11.308ms
[labev] t=454663.190 ev.finalize=1.641ms
[labev] t=454663.190 ev.propose=0.066ms
[labev] t=454663.201 ev.verify=11.166ms
[labev] t=454663.203 ev.finalize=1.641ms
[labev] t=454663.203 ev.propose=0.049ms
[labev] t=454663.214 ev.verify=11.093ms
[labev] t=454663.216 ev.finalize=1.689ms
[labev] t=454663.216 ev.propose=0.057ms
[labev] t=454663.227 ev.verify=11.075ms
[labev] t=454663.229 ev.finalize=1.603ms
[labev] t=454663.229 ev.propose=0.064ms
[labev] t=454663.240 ev.verify=11.125ms
[labev] t=454663.242 ev.finalize=1.620ms
[labev] t=454663.242 ev.propose=0.071ms
[labev] t=454663.253 ev.verify=11.180ms
[labev] t=454663.255 ev.finalize=1.521ms
[labev] t=454663.255 ev.propose=0.054ms
[labev] t=454663.266 ev.verify=11.110ms
[labev] t=454663.268 ev.finalize=1.623ms
[labev] t=454663.268 ev.propose=0.002ms
[labev] t=454663.279 ev.verify=11.125ms
[labev] t=454663.281 ev.finalize=1.633ms
[labev] t=454663.281 ev.propose=0.002ms
[labev] t=454663.292 ev.verify=11.157ms
[labev] t=454663.294 ev.finalize=1.603ms
[labev] t=454663.294 ev.propose=0.055ms
[labev] t=454663.305 ev.verify=11.049ms
[labev] t=454663.307 ev.finalize=1.606ms
[labev] t=454663.307 ev.propose=0.002ms
[labev] t=454663.318 ev.verify=11.219ms
[labev] t=454663.320 ev.finalize=1.618ms
[labev] t=454663.320 ev.propose=0.002ms
[labev] t=454663.331 ev.verify=11.042ms
[labev] t=454663.332 ev.finalize=1.621ms
[labev] t=454663.333 ev.propose=0.061ms
[labev] t=454663.344 ev.verify=11.149ms
[labev] t=454663.345 ev.finalize=1.619ms
[labev] t=454663.346 ev.propose=0.001ms
[labev] t=454663.357 ev.verify=11.261ms
[labev] t=454663.359 ev.finalize=1.615ms
[labev] t=454663.359 ev.propose=0.047ms
[labev] t=454663.370 ev.verify=11.114ms
[labev] t=454663.371 ev.finalize=1.625ms
[labev] t=454663.372 ev.propose=0.002ms
[labev] t=454663.383 ev.verify=11.148ms
[labev] t=454663.384 ev.finalize=1.597ms
[labev] t=454663.385 ev.propose=0.001ms
[labev] t=454663.396 ev.verify=11.157ms
[labev] t=454663.398 ev.finalize=2.241ms
[labev] t=454663.398 ev.propose=0.002ms
[labev] t=454663.409 ev.verify=11.271ms
[labev] t=454663.411 ev.finalize=1.656ms
[labev] t=454663.411 ev.propose=0.002ms
[labev] t=454663.422 ev.verify=11.159ms
[labev] t=454663.424 ev.finalize=1.604ms
[labev] t=454663.424 ev.propose=0.002ms
[labev] t=454663.435 ev.verify=11.197ms
[labev] t=454663.437 ev.finalize=1.615ms
[labev] t=454663.437 ev.propose=0.002ms
[labev] t=454663.448 ev.verify=11.127ms
[labev] t=454663.450 ev.finalize=1.659ms
[labev] t=454663.450 ev.propose=0.002ms
[labev] t=454663.461 ev.verify=11.145ms
[labev] t=454663.463 ev.finalize=1.625ms
[labev] t=454663.463 ev.propose=0.002ms
[labev] t=454663.474 ev.verify=11.103ms
[labev] t=454663.476 ev.finalize=1.796ms
[labev] t=454663.476 ev.propose=0.002ms
[labev] t=454663.487 ev.verify=11.140ms
[labev] t=454663.489 ev.finalize=1.599ms
[labev] t=454663.489 ev.propose=0.002ms
[labev] t=454663.500 ev.verify=11.261ms
[labev] t=454663.502 ev.finalize=1.610ms
[labev] t=454663.502 ev.propose=0.002ms
[labev] t=454663.513 ev.verify=11.027ms
[labev] t=454663.515 ev.finalize=1.581ms
[labev] t=454663.515 ev.propose=0.001ms
[labev] t=454663.526 ev.verify=11.101ms
[labev] t=454663.527 ev.finalize=1.609ms
[labev] t=454663.528 ev.propose=0.002ms
[labev] t=454663.539 ev.verify=11.357ms
[labev] t=454663.541 ev.finalize=1.608ms
[labev] t=454663.541 ev.propose=0.002ms
[labev] t=454663.552 ev.verify=11.306ms
[labev] t=454663.554 ev.finalize=1.610ms
[labev] t=454663.554 ev.propose=0.002ms
[labev] t=454663.565 ev.verify=11.145ms
[labev] t=454663.567 ev.finalize=1.621ms
[labev] t=454663.567 ev.propose=0.002ms
[labev] t=454663.578 ev.verify=10.932ms
[labev] t=454663.579 ev.finalize=1.621ms
[labev] t=454663.579 ev.propose=0.002ms
[labev] t=454663.591 ev.verify=11.170ms
[labev] t=454663.592 ev.finalize=1.607ms
[labev] t=454663.592 ev.propose=0.002ms
[labev] t=454663.604 ev.verify=11.332ms
[labev] t=454663.606 ev.finalize=2.263ms
[labev] t=454663.606 ev.propose=0.002ms
[labev] t=454663.618 ev.verify=11.410ms
[labev] t=454663.619 ev.finalize=1.629ms
[labev] t=454663.619 ev.propose=0.002ms
[labev] t=454663.631 ev.verify=11.303ms
[labev] t=454663.632 ev.finalize=1.627ms
[labev] t=454663.633 ev.propose=0.002ms
[labev] t=454663.644 ev.verify=11.040ms
[labev] t=454663.645 ev.finalize=1.626ms
[labev] t=454663.645 ev.propose=0.002ms
[labev] t=454663.656 ev.verify=11.119ms
[labev] t=454663.658 ev.finalize=1.621ms
[labev] t=454663.658 ev.propose=0.002ms
[labev] t=454663.670 ev.verify=11.254ms
[labev] t=454663.671 ev.finalize=1.635ms
[labev] t=454663.671 ev.propose=0.002ms
[labev] t=454663.683 ev.verify=11.173ms
[labev] t=454663.684 ev.finalize=1.649ms
[labev] t=454663.684 ev.propose=0.002ms
[labev] t=454663.696 ev.verify=11.267ms
[labev] t=454663.697 ev.finalize=1.622ms
[labev] t=454663.697 ev.propose=0.002ms
[labev] t=454663.709 ev.verify=11.128ms
[labev] t=454663.710 ev.finalize=1.647ms
[labev] t=454663.710 ev.propose=0.002ms
[labev] t=454663.722 ev.verify=11.191ms
[labev] t=454663.723 ev.finalize=1.615ms
[labev] t=454663.723 ev.propose=0.002ms
[labev] t=454663.734 ev.verify=11.188ms
[labev] t=454663.736 ev.finalize=1.604ms
[labev] t=454663.736 ev.propose=0.002ms
[labev] t=454663.747 ev.verify=11.132ms
[labev] t=454663.749 ev.finalize=1.615ms
[labev] t=454663.749 ev.propose=0.002ms
[labev] t=454663.760 ev.verify=11.161ms
[labev] t=454663.762 ev.finalize=1.624ms
[labev] t=454663.762 ev.propose=0.002ms
[labev] t=454663.773 ev.verify=11.205ms
[labev] t=454663.775 ev.finalize=1.627ms
[labev] t=454663.775 ev.propose=0.002ms
[labev] t=454663.786 ev.verify=11.113ms
[labev] t=454663.788 ev.finalize=1.632ms
[labev] t=454663.788 ev.propose=0.002ms
[labev] t=454663.799 ev.verify=11.278ms
[labev] t=454663.801 ev.finalize=1.632ms
[labev] t=454663.801 ev.propose=0.002ms
[labev] t=454663.812 ev.verify=11.322ms
[labev] t=454663.815 ev.finalize=2.275ms
[labev] t=454663.815 ev.propose=0.002ms
[labev] t=454663.826 ev.verify=11.188ms
[labev] t=454663.828 ev.finalize=1.635ms
[labev] t=454663.828 ev.propose=0.002ms
[labev] t=454663.839 ev.verify=11.126ms
[labev] t=454663.841 ev.finalize=1.658ms
[labev] t=454663.841 ev.propose=0.002ms
[labev] t=454663.852 ev.verify=11.394ms
[labev] t=454663.854 ev.finalize=1.638ms
[labev] t=454663.854 ev.propose=0.002ms
[labev] t=454663.865 ev.verify=11.023ms
[labev] t=454663.867 ev.finalize=1.607ms
[labev] t=454663.867 ev.propose=0.002ms
[labev] t=454663.878 ev.verify=11.327ms
[labev] t=454663.880 ev.finalize=1.637ms
[labev] t=454663.880 ev.propose=0.002ms
[labev] t=454663.891 ev.verify=11.115ms
[labev] t=454663.893 ev.finalize=1.617ms
[labev] t=454663.893 ev.propose=0.002ms
[labev] t=454663.904 ev.verify=11.250ms
[labev] t=454663.906 ev.finalize=1.668ms
[labev] t=454663.906 ev.propose=0.002ms
[labev] t=454663.917 ev.verify=11.049ms
[labev] t=454663.919 ev.finalize=1.623ms
[labev] t=454663.919 ev.propose=0.002ms
[labev] t=454663.930 ev.verify=11.283ms
[labev] t=454663.932 ev.finalize=1.643ms
[labev] t=454663.932 ev.propose=0.002ms
[labev] t=454663.943 ev.verify=11.335ms
[labev] t=454663.945 ev.finalize=1.633ms
[labev] t=454663.945 ev.propose=0.002ms
[labev] t=454663.956 ev.verify=11.240ms
[labev] t=454663.958 ev.finalize=1.660ms
[labev] t=454663.958 ev.propose=0.002ms
[labev] t=454663.969 ev.verify=11.357ms
[labev] t=454663.971 ev.finalize=1.610ms
[labev] t=454663.971 ev.propose=0.002ms
[labev] t=454663.982 ev.verify=11.056ms
[labev] t=454663.984 ev.finalize=1.646ms
[labev] t=454663.984 ev.propose=0.002ms
[labev] t=454663.995 ev.verify=11.150ms
[labev] t=454663.997 ev.finalize=1.625ms
[labev] t=454663.997 ev.propose=0.002ms
[labev] t=454664.008 ev.verify=11.170ms
[labev] t=454664.010 ev.finalize=1.644ms
[labev] t=454664.010 ev.propose=0.002ms
[labev] t=454664.021 ev.verify=11.261ms
[labev] t=454664.024 ev.finalize=2.296ms
[labev] t=454664.024 ev.propose=0.002ms
[labev] t=454664.035 ev.verify=11.319ms
[labev] t=454664.037 ev.finalize=1.663ms
[labev] t=454664.037 ev.propose=0.001ms
[labev] t=454664.048 ev.verify=11.335ms
[labev] t=454664.050 ev.finalize=1.637ms
[labev] t=454664.050 ev.propose=0.001ms
[labev] t=454664.061 ev.verify=11.420ms
[labev] t=454664.063 ev.finalize=1.630ms
[labev] t=454664.063 ev.propose=0.002ms
[labev] t=454664.074 ev.verify=11.199ms
[labev] t=454664.076 ev.finalize=1.649ms
[labev] t=454664.076 ev.propose=0.002ms
[labev] t=454664.088 ev.verify=11.387ms
[labev] t=454664.089 ev.finalize=1.756ms
[labev] t=454664.089 ev.propose=0.002ms
[labev] t=454664.101 ev.verify=11.217ms
[labev] t=454664.102 ev.finalize=1.621ms
[labev] t=454664.102 ev.propose=0.002ms
[labev] t=454664.114 ev.verify=11.245ms
[labev] t=454664.115 ev.finalize=1.653ms
[labev] t=454664.115 ev.propose=0.002ms
[labev] t=454664.127 ev.verify=11.196ms
[labev] t=454664.128 ev.finalize=1.619ms
[labev] t=454664.128 ev.propose=0.002ms
[labev] t=454664.140 ev.verify=11.230ms
[labev] t=454664.141 ev.finalize=1.629ms
[labev] t=454664.142 ev.propose=0.002ms
[labev] t=454664.153 ev.verify=11.323ms
[labev] t=454664.155 ev.finalize=1.646ms
[labev] t=454664.155 ev.propose=0.002ms
[labev] t=454664.166 ev.verify=11.261ms
[labev] t=454664.168 ev.finalize=1.650ms
[labev] t=454664.168 ev.propose=0.002ms
[labev] t=454664.179 ev.verify=11.069ms
[labev] t=454664.180 ev.finalize=1.531ms
[labev] t=454664.181 ev.propose=0.002ms
[labev] t=454664.192 ev.verify=11.239ms
[labev] t=454664.193 ev.finalize=1.515ms
[labev] t=454664.193 ev.propose=0.002ms
[labev] t=454664.205 ev.verify=11.372ms
[labev] t=454664.206 ev.finalize=1.507ms
[labev] t=454664.206 ev.propose=0.001ms
[labev] t=454664.218 ev.verify=11.239ms
[labev] t=454664.219 ev.finalize=1.669ms
[labev] t=454664.220 ev.propose=0.002ms
[labev] t=454664.231 ev.verify=11.006ms
[labev] t=454664.232 ev.finalize=1.633ms
[labev] t=454664.232 ev.propose=0.002ms
[labev] t=454664.244 ev.verify=11.160ms
[labev] t=454664.245 ev.finalize=1.619ms
[labev] t=454664.245 ev.propose=0.002ms
[labev] t=454664.256 ev.verify=11.192ms
[labev] t=454664.259 ev.finalize=2.247ms
[labev] t=454664.259 ev.propose=0.002ms
[labev] t=454664.270 ev.verify=11.148ms
[labev] t=454664.272 ev.finalize=1.525ms
[labev] t=454664.272 ev.propose=0.002ms
[labev] t=454664.283 ev.verify=11.314ms
[labev] t=454664.285 ev.finalize=1.633ms
[labev] t=454664.285 ev.propose=0.002ms
[labev] t=454664.296 ev.verify=11.263ms
[labev] t=454664.298 ev.finalize=1.513ms
[labev] t=454664.298 ev.propose=0.002ms
[labev] t=454664.309 ev.verify=11.100ms
[labev] t=454664.311 ev.finalize=1.648ms
[labev] t=454664.311 ev.propose=0.002ms
[labev] t=454664.322 ev.verify=11.087ms
[labev] t=454664.323 ev.finalize=1.612ms
[labev] t=454664.324 ev.propose=0.002ms
[labev] t=454664.335 ev.verify=11.226ms
[labev] t=454664.336 ev.finalize=1.628ms
[labev] t=454664.337 ev.propose=0.002ms
[labev] t=454664.348 ev.verify=11.081ms
[labev] t=454664.349 ev.finalize=1.661ms
[labev] t=454664.349 ev.propose=0.002ms
[labev] t=454664.361 ev.verify=11.247ms
[labev] t=454664.362 ev.finalize=1.643ms
[labev] t=454664.363 ev.propose=0.002ms
[labev] t=454664.374 ev.verify=11.261ms
[labev] t=454664.375 ev.finalize=1.606ms
[labev] t=454664.376 ev.propose=0.002ms
[labev] t=454664.387 ev.verify=11.329ms
[labev] t=454664.389 ev.finalize=1.610ms
[labev] t=454664.389 ev.propose=0.002ms
[labev] t=454664.400 ev.verify=11.325ms
[labev] t=454664.402 ev.finalize=1.639ms
[labev] t=454664.402 ev.propose=0.002ms
[labev] t=454664.413 ev.verify=11.201ms
[labev] t=454664.415 ev.finalize=1.634ms
[labev] t=454664.415 ev.propose=0.002ms
[labev] t=454664.426 ev.verify=11.112ms
[labev] t=454664.428 ev.finalize=1.657ms
[labev] t=454664.428 ev.propose=0.002ms
[labev] t=454664.439 ev.verify=11.344ms
[labev] t=454664.441 ev.finalize=1.638ms
[labev] t=454664.441 ev.propose=0.002ms
[labev] t=454664.452 ev.verify=11.144ms
[labev] t=454664.454 ev.finalize=1.645ms
[labev] t=454664.454 ev.propose=0.002ms
[labev] t=454664.465 ev.verify=11.073ms
[labev] t=454664.467 ev.finalize=1.626ms
[labev] t=454664.467 ev.propose=0.002ms
[labev] t=454664.478 ev.verify=11.160ms
[labev] t=454664.480 ev.finalize=2.329ms
[labev] t=454664.480 ev.propose=0.002ms
[labev] t=454664.492 ev.verify=11.232ms
[labev] t=454664.493 ev.finalize=1.637ms
[labev] t=454664.493 ev.propose=0.001ms
[labev] t=454664.505 ev.verify=11.375ms
[labev] t=454664.506 ev.finalize=1.639ms
[labev] t=454664.507 ev.propose=0.002ms
[labev] t=454664.518 ev.verify=11.181ms
[labev] t=454664.519 ev.finalize=1.611ms
[labev] t=454664.520 ev.propose=0.002ms
[labev] t=454664.531 ev.verify=11.160ms
[labev] t=454664.532 ev.finalize=1.631ms
[labev] t=454664.532 ev.propose=0.002ms
[labev] t=454664.544 ev.verify=11.360ms
[labev] t=454664.546 ev.finalize=1.640ms
[labev] t=454664.546 ev.propose=0.002ms
[labev] t=454664.557 ev.verify=11.373ms
[labev] t=454664.559 ev.finalize=1.650ms
[labev] t=454664.559 ev.propose=0.002ms
[labev] t=454664.570 ev.verify=11.421ms
[labev] t=454664.572 ev.finalize=1.629ms
[labev] t=454664.572 ev.propose=0.002ms
[labev] t=454664.583 ev.verify=11.090ms
[labev] t=454664.585 ev.finalize=1.628ms
[labev] t=454664.585 ev.propose=0.002ms
[labev] t=454664.596 ev.verify=11.437ms
[labev] t=454664.598 ev.finalize=1.625ms
[labev] t=454664.598 ev.propose=0.002ms
[labev] t=454664.610 ev.verify=11.393ms
[labev] t=454664.611 ev.finalize=1.624ms
[labev] t=454664.611 ev.propose=0.001ms
[labev] t=454664.622 ev.verify=11.139ms
[labev] t=454664.624 ev.finalize=1.643ms
[labev] t=454664.624 ev.propose=0.001ms
[labev] t=454664.636 ev.verify=11.412ms
[labev] t=454664.637 ev.finalize=1.645ms
[labev] t=454664.637 ev.propose=0.002ms
[labev] t=454664.649 ev.verify=11.426ms
[labev] t=454664.651 ev.finalize=1.621ms
[labev] t=454664.651 ev.propose=0.002ms
[labev] t=454664.662 ev.verify=11.324ms
[labev] t=454664.664 ev.finalize=1.694ms
[labev] t=454664.664 ev.propose=0.002ms
[labev] t=454664.675 ev.verify=11.488ms
[labev] t=454664.677 ev.finalize=1.642ms
[labev] t=454664.677 ev.propose=0.002ms
[labev] t=454664.688 ev.verify=11.286ms
[labev] t=454664.691 ev.finalize=2.284ms
[labev] t=454664.691 ev.propose=0.002ms
[labev] t=454664.702 ev.verify=11.333ms
[labev] t=454664.704 ev.finalize=1.651ms
[labev] t=454664.704 ev.propose=0.001ms
[labev] t=454664.715 ev.verify=11.204ms
[labev] t=454664.717 ev.finalize=1.688ms
[labev] t=454664.717 ev.propose=0.002ms
[labev] t=454664.729 ev.verify=11.392ms
[labev] t=454664.730 ev.finalize=1.627ms
[labev] t=454664.730 ev.propose=0.002ms
[labev] t=454664.742 ev.verify=11.334ms
[labev] t=454664.743 ev.finalize=1.632ms
[labev] t=454664.743 ev.propose=0.002ms
[labev] t=454664.755 ev.verify=11.393ms
[labev] t=454664.757 ev.finalize=1.671ms
[labev] t=454664.757 ev.propose=0.002ms
[labev] t=454664.768 ev.verify=11.085ms
[labev] t=454664.769 ev.finalize=1.633ms
[labev] t=454664.770 ev.propose=0.001ms
[labev] t=454664.781 ev.verify=11.374ms
[labev] t=454664.783 ev.finalize=1.716ms
[labev] t=454664.783 ev.propose=0.002ms
[labev] t=454664.794 ev.verify=11.336ms
[labev] t=454664.796 ev.finalize=1.741ms
[labev] t=454664.796 ev.propose=0.001ms
[labev] t=454664.807 ev.verify=11.336ms
[labev] t=454664.809 ev.finalize=1.843ms
[labev] t=454664.809 ev.propose=0.002ms
[labev] t=454664.821 ev.verify=11.235ms
[labev] t=454664.822 ev.finalize=1.660ms
[labev] t=454664.822 ev.propose=0.002ms
[labev] t=454664.834 ev.verify=11.314ms
[labev] t=454664.835 ev.finalize=1.648ms
[labev] t=454664.836 ev.propose=0.002ms
[labev] t=454664.847 ev.verify=11.288ms
[labev] t=454664.849 ev.finalize=1.662ms
[labev] t=454664.849 ev.propose=0.002ms
[labev] t=454664.860 ev.verify=11.253ms
[labev] t=454664.862 ev.finalize=1.643ms
[labev] t=454664.862 ev.propose=0.002ms
[labev] t=454664.873 ev.verify=11.225ms
[labev] t=454664.875 ev.finalize=1.644ms
[labev] t=454664.875 ev.propose=0.002ms
[labev] t=454664.886 ev.verify=11.081ms
[labev] t=454664.887 ev.finalize=1.532ms
[labev] t=454664.888 ev.propose=0.002ms
[labev] t=454664.899 ev.verify=11.229ms
[labev] t=454664.901 ev.finalize=2.293ms
[labev] t=454664.901 ev.propose=0.002ms
[labev] t=454664.913 ev.verify=11.396ms
[labev] t=454664.914 ev.finalize=1.544ms
[labev] t=454664.914 ev.propose=0.002ms
[labev] t=454664.926 ev.verify=11.250ms
[labev] t=454664.927 ev.finalize=1.672ms
[labev] t=454664.927 ev.propose=0.002ms
[labev] t=454664.939 ev.verify=11.255ms
[labev] t=454664.940 ev.finalize=1.636ms
[labev] t=454664.940 ev.propose=0.001ms
[labev] t=454664.952 ev.verify=11.091ms
[labev] t=454664.953 ev.finalize=1.635ms
[labev] t=454664.953 ev.propose=0.002ms
[labev] t=454664.965 ev.verify=11.354ms
[labev] t=454664.966 ev.finalize=1.639ms
[labev] t=454664.967 ev.propose=0.001ms
[labev] t=454664.978 ev.verify=11.262ms
[labev] t=454664.979 ev.finalize=1.616ms
[labev] t=454664.980 ev.propose=0.002ms
[labev] t=454664.991 ev.verify=11.255ms
[labev] t=454664.993 ev.finalize=1.650ms
[labev] t=454664.993 ev.propose=0.002ms
[labev] t=454665.004 ev.verify=11.325ms
[labev] t=454665.006 ev.finalize=1.640ms
[labev] t=454665.006 ev.propose=0.002ms
[labev] t=454665.017 ev.verify=11.388ms
[labev] t=454665.019 ev.finalize=1.639ms
[labev] t=454665.019 ev.propose=0.002ms
[labev] t=454665.030 ev.verify=11.209ms
[labev] t=454665.032 ev.finalize=1.631ms
[labev] t=454665.032 ev.propose=0.002ms
[labev] t=454665.043 ev.verify=11.336ms
[labev] t=454665.045 ev.finalize=1.621ms
[labev] t=454665.045 ev.propose=0.002ms
[labev] t=454665.056 ev.verify=11.135ms
[labev] t=454665.058 ev.finalize=1.668ms
[labev] t=454665.058 ev.propose=0.001ms
[labev] t=454665.069 ev.verify=11.255ms
[labev] t=454665.071 ev.finalize=1.589ms
[labev] t=454665.071 ev.propose=0.002ms
[labev] t=454665.082 ev.verify=11.327ms
[labev] t=454665.084 ev.finalize=1.522ms
[labev] t=454665.084 ev.propose=0.002ms
[labev] t=454665.095 ev.verify=11.230ms
[labev] t=454665.097 ev.finalize=1.553ms
[labev] t=454665.097 ev.propose=0.002ms
[labev] t=454665.108 ev.verify=11.271ms
[labev] t=454665.110 ev.finalize=1.611ms
[labev] t=454665.110 ev.propose=0.002ms
[labev] t=454665.121 ev.verify=11.258ms
[labev] t=454665.123 ev.finalize=1.661ms
[labev] t=454665.123 ev.propose=0.001ms
[labev] t=454665.134 ev.verify=11.299ms
[labev] t=454665.137 ev.finalize=2.284ms
[labev] t=454665.137 ev.propose=0.002ms
[labev] t=454665.148 ev.verify=11.363ms
[labev] t=454665.150 ev.finalize=1.657ms
[labev] t=454665.150 ev.propose=0.002ms
[labev] t=454665.161 ev.verify=11.252ms
[labev] t=454665.163 ev.finalize=1.639ms
[labev] t=454665.163 ev.propose=0.002ms
[labev] t=454665.174 ev.verify=11.196ms
[labev] t=454665.176 ev.finalize=1.636ms
[labev] t=454665.176 ev.propose=0.002ms
[labev] t=454665.187 ev.verify=11.241ms
[labev] t=454665.189 ev.finalize=1.650ms
[labev] t=454665.189 ev.propose=0.002ms
[labev] t=454665.201 ev.verify=11.400ms
[labev] t=454665.202 ev.finalize=1.534ms
[labev] t=454665.202 ev.propose=0.002ms
[labev] t=454665.214 ev.verify=11.326ms
[labev] t=454665.215 ev.finalize=1.667ms
[labev] t=454665.215 ev.propose=0.002ms
[labev] t=454665.227 ev.verify=11.194ms
[labev] t=454665.228 ev.finalize=1.663ms
[labev] t=454665.228 ev.propose=0.002ms
[labev] t=454665.240 ev.verify=11.267ms
[labev] t=454665.241 ev.finalize=1.664ms
[labev] t=454665.242 ev.propose=0.002ms
[labev] t=454665.253 ev.verify=11.269ms
[labev] t=454665.255 ev.finalize=1.632ms
[labev] t=454665.255 ev.propose=0.001ms
[labev] t=454665.266 ev.verify=11.316ms
[labev] t=454665.268 ev.finalize=1.798ms
[labev] t=454665.268 ev.propose=0.005ms
[labev] t=454665.280 ev.verify=12.107ms
[labev] t=454665.282 ev.finalize=1.781ms
[labev] t=454665.282 ev.propose=0.002ms
[labev] t=454665.293 ev.verify=11.362ms
[labev] t=454665.295 ev.finalize=1.540ms
[labev] t=454665.295 ev.propose=0.002ms
[labev] t=454665.306 ev.verify=11.293ms
[labev] t=454665.308 ev.finalize=1.533ms
[labev] t=454665.308 ev.propose=0.002ms
[labev] t=454665.319 ev.verify=11.195ms
[labev] t=454665.321 ev.finalize=1.748ms
[labev] t=454665.321 ev.propose=0.002ms
[labev] t=454665.333 ev.verify=11.344ms
[labev] t=454665.334 ev.finalize=1.673ms
[labev] t=454665.334 ev.propose=0.002ms
[labev] t=454665.346 ev.verify=11.121ms
[labev] t=454665.347 ev.finalize=1.698ms
[labev] t=454665.347 ev.propose=0.002ms
[labev] t=454665.359 ev.verify=11.156ms
[labev] t=454665.360 ev.finalize=1.675ms
[labev] t=454665.360 ev.propose=0.002ms
[labev] t=454665.372 ev.verify=11.194ms
[labev] t=454665.374 ev.finalize=2.302ms
[labev] t=454665.374 ev.propose=0.002ms
[labev] t=454665.385 ev.verify=11.401ms
[labev] t=454665.387 ev.finalize=1.680ms
[labev] t=454665.387 ev.propose=0.002ms
[labev] t=454665.399 ev.verify=11.544ms
[labev] t=454665.401 ev.finalize=1.649ms
[labev] t=454665.401 ev.propose=0.002ms
[labev] t=454665.412 ev.verify=11.134ms
[labev] t=454665.414 ev.finalize=1.662ms
[labev] t=454665.414 ev.propose=0.002ms
[labev] t=454665.425 ev.verify=11.308ms
[labev] t=454665.427 ev.finalize=1.552ms
[labev] t=454665.427 ev.propose=0.002ms
[labev] t=454665.438 ev.verify=11.181ms
[labev] t=454665.439 ev.finalize=1.538ms
[labev] t=454665.440 ev.propose=0.002ms
[labev] t=454665.451 ev.verify=11.065ms
[labev] t=454665.452 ev.finalize=1.671ms
[labev] t=454665.452 ev.propose=0.002ms
[labev] t=454665.464 ev.verify=11.159ms
[labev] t=454665.465 ev.finalize=1.667ms
[labev] t=454665.465 ev.propose=0.002ms
[labev] t=454665.477 ev.verify=11.517ms
[labev] t=454665.479 ev.finalize=1.556ms
[labev] t=454665.479 ev.propose=0.002ms
[labev] t=454665.490 ev.verify=11.362ms
[labev] t=454665.492 ev.finalize=1.551ms
[labev] t=454665.492 ev.propose=0.002ms
[labev] t=454665.503 ev.verify=11.510ms
[labev] t=454665.505 ev.finalize=1.637ms
[labev] t=454665.505 ev.propose=0.002ms
[labev] t=454665.516 ev.verify=11.370ms
[labev] t=454665.518 ev.finalize=1.669ms
[labev] t=454665.518 ev.propose=0.002ms
[labev] t=454665.530 ev.verify=11.508ms
[labev] t=454665.532 ev.finalize=1.647ms
[labev] t=454665.532 ev.propose=0.002ms
[labev] t=454665.543 ev.verify=11.305ms
[labev] t=454665.545 ev.finalize=1.703ms
[labev] t=454665.545 ev.propose=0.002ms
[labev] t=454665.556 ev.verify=11.448ms
[labev] t=454665.558 ev.finalize=1.651ms
[labev] t=454665.558 ev.propose=0.002ms
[labev] t=454665.569 ev.verify=11.343ms
[labev] t=454665.571 ev.finalize=1.667ms
[labev] t=454665.571 ev.propose=0.002ms
[labev] t=454665.583 ev.verify=11.435ms
[labev] t=454665.584 ev.finalize=1.638ms
[labev] t=454665.585 ev.propose=0.002ms
[labev] t=454665.596 ev.verify=11.066ms
[labev] t=454665.597 ev.finalize=1.650ms
[labev] t=454665.597 ev.propose=0.002ms
[labev] t=454665.609 ev.verify=11.296ms
[labev] t=454665.611 ev.finalize=2.293ms
[labev] t=454665.611 ev.propose=0.002ms
[labev] t=454665.622 ev.verify=11.264ms
[labev] t=454665.624 ev.finalize=1.639ms
[labev] t=454665.624 ev.propose=0.002ms
[labev] t=454665.635 ev.verify=11.097ms
[labev] t=454665.637 ev.finalize=1.643ms
[labev] t=454665.637 ev.propose=0.002ms
[labev] t=454665.648 ev.verify=11.122ms
[labev] t=454665.650 ev.finalize=1.561ms
[labev] t=454665.650 ev.propose=0.002ms
[labev] t=454665.661 ev.verify=11.220ms
[labev] t=454665.663 ev.finalize=1.652ms
[labev] t=454665.663 ev.propose=0.002ms
[labev] t=454665.674 ev.verify=11.172ms
[labev] t=454665.676 ev.finalize=1.739ms
[labev] t=454665.676 ev.propose=0.002ms
[labev] t=454665.687 ev.verify=11.336ms
[labev] t=454665.689 ev.finalize=1.850ms
[labev] t=454665.689 ev.propose=0.002ms
[labev] t=454665.701 ev.verify=11.254ms
[labev] t=454665.702 ev.finalize=1.540ms
[labev] t=454665.702 ev.propose=0.002ms
[labev] t=454665.713 ev.verify=11.108ms
[labev] t=454665.715 ev.finalize=1.638ms
[labev] t=454665.715 ev.propose=0.002ms
[labev] t=454665.727 ev.verify=11.490ms
[labev] t=454665.728 ev.finalize=1.648ms
[labev] t=454665.729 ev.propose=0.002ms
[labev] t=454665.740 ev.verify=11.268ms
[labev] t=454665.742 ev.finalize=1.633ms
[labev] t=454665.742 ev.propose=0.002ms
[labev] t=454665.753 ev.verify=11.394ms
[labev] t=454665.755 ev.finalize=1.637ms
[labev] t=454665.755 ev.propose=0.002ms
[labev] t=454665.766 ev.verify=11.060ms
[labev] t=454665.768 ev.finalize=1.667ms
[labev] t=454665.768 ev.propose=0.002ms
[labev] t=454665.779 ev.verify=11.336ms
[labev] t=454665.781 ev.finalize=1.650ms
[labev] t=454665.781 ev.propose=0.002ms
[labev] t=454665.792 ev.verify=11.477ms
[labev] t=454665.794 ev.finalize=1.646ms
[labev] t=454665.794 ev.propose=0.002ms
[labev] t=454665.805 ev.verify=11.139ms
[labev] t=454665.807 ev.finalize=1.671ms
[labev] t=454665.807 ev.propose=0.002ms
[labev] t=454665.818 ev.verify=11.283ms
[labev] t=454665.820 ev.finalize=1.658ms
[labev] t=454665.820 ev.propose=0.002ms
[labev] t=454665.831 ev.verify=11.174ms
[labev] t=454665.834 ev.finalize=2.383ms
[labev] t=454665.834 ev.propose=0.002ms
[labev] t=454665.845 ev.verify=11.212ms
[labev] t=454665.847 ev.finalize=1.663ms
[labev] t=454665.847 ev.propose=0.002ms
[labev] t=454665.858 ev.verify=11.268ms
[labev] t=454665.860 ev.finalize=1.661ms
[labev] t=454665.860 ev.propose=0.002ms
[labev] t=454665.872 ev.verify=11.625ms
[labev] t=454665.873 ev.finalize=1.694ms
[labev] t=454665.874 ev.propose=0.002ms
[labev] t=454665.885 ev.verify=11.542ms
[labev] t=454665.887 ev.finalize=1.647ms
[labev] t=454665.887 ev.propose=0.002ms
[labev] t=454665.898 ev.verify=11.344ms
[labev] t=454665.900 ev.finalize=1.659ms
[labev] t=454665.900 ev.propose=0.002ms
[labev] t=454665.912 ev.verify=11.611ms
[labev] t=454665.914 ev.finalize=1.726ms
[labev] t=454665.914 ev.propose=0.002ms
[labev] t=454665.925 ev.verify=11.490ms
[labev] t=454665.927 ev.finalize=1.674ms
[labev] t=454665.927 ev.propose=0.002ms
[labev] t=454665.938 ev.verify=11.395ms
[labev] t=454665.940 ev.finalize=1.580ms
[labev] t=454665.940 ev.propose=0.002ms
[labev] t=454665.951 ev.verify=11.238ms
[labev] t=454665.953 ev.finalize=1.664ms
[labev] t=454665.953 ev.propose=0.002ms
[labev] t=454665.965 ev.verify=11.495ms
[labev] t=454665.966 ev.finalize=1.659ms
[labev] t=454665.966 ev.propose=0.002ms
[labev] t=454665.978 ev.verify=11.136ms
[labev] t=454665.979 ev.finalize=1.679ms
[labev] t=454665.979 ev.propose=0.002ms
[labev] t=454665.991 ev.verify=11.374ms
[labev] t=454665.993 ev.finalize=1.660ms
[labev] t=454665.993 ev.propose=0.002ms
[labev] t=454666.004 ev.verify=11.365ms
[labev] t=454666.006 ev.finalize=1.655ms
[labev] t=454666.006 ev.propose=0.002ms
[labev] t=454666.017 ev.verify=11.464ms
[labev] t=454666.019 ev.finalize=1.699ms
[labev] t=454666.019 ev.propose=0.002ms
[labev] t=454666.030 ev.verify=11.368ms
[labev] t=454666.032 ev.finalize=1.634ms
[labev] t=454666.032 ev.propose=0.002ms
[labev] t=454666.043 ev.verify=11.166ms
[labev] t=454666.046 ev.finalize=2.315ms
[labev] t=454666.046 ev.propose=0.002ms
[labev] t=454666.057 ev.verify=11.235ms
[labev] t=454666.059 ev.finalize=1.671ms
[labev] t=454666.059 ev.propose=0.002ms
[labev] t=454666.070 ev.verify=11.305ms
[labev] t=454666.072 ev.finalize=1.666ms
[labev] t=454666.072 ev.propose=0.002ms
[labev] t=454666.083 ev.verify=11.254ms
[labev] t=454666.085 ev.finalize=1.681ms
[labev] t=454666.085 ev.propose=0.002ms
[labev] t=454666.096 ev.verify=11.076ms
[labev] t=454666.098 ev.finalize=1.662ms
[labev] t=454666.098 ev.propose=0.002ms
[labev] t=454666.109 ev.verify=11.274ms
[labev] t=454666.111 ev.finalize=1.539ms
[labev] t=454666.111 ev.propose=0.002ms
[labev] t=454666.122 ev.verify=11.325ms
[labev] t=454666.124 ev.finalize=1.657ms
[labev] t=454666.124 ev.propose=0.002ms
[labev] t=454666.136 ev.verify=11.347ms
[labev] t=454666.137 ev.finalize=1.656ms
[labev] t=454666.137 ev.propose=0.002ms
[labev] t=454666.149 ev.verify=11.103ms
[labev] t=454666.150 ev.finalize=1.661ms
[labev] t=454666.150 ev.propose=0.002ms
[labev] t=454666.162 ev.verify=11.329ms
[labev] t=454666.163 ev.finalize=1.661ms
[labev] t=454666.164 ev.propose=0.002ms
[labev] t=454666.175 ev.verify=11.083ms
[labev] t=454666.176 ev.finalize=1.694ms
[labev] t=454666.176 ev.propose=0.002ms
[labev] t=454666.188 ev.verify=11.364ms
[labev] t=454666.190 ev.finalize=1.627ms
[labev] t=454666.190 ev.propose=0.002ms
[labev] t=454666.201 ev.verify=11.232ms
[labev] t=454666.203 ev.finalize=1.682ms
[labev] t=454666.203 ev.propose=0.002ms
[labev] t=454666.214 ev.verify=11.220ms
[labev] t=454666.216 ev.finalize=1.652ms
[labev] t=454666.216 ev.propose=0.002ms
[labev] t=454666.227 ev.verify=11.255ms
[labev] t=454666.229 ev.finalize=1.569ms
[labev] t=454666.229 ev.propose=0.002ms
[labev] t=454666.240 ev.verify=11.510ms
[labev] t=454666.242 ev.finalize=1.655ms
[labev] t=454666.242 ev.propose=0.002ms
[labev] t=454666.253 ev.verify=11.258ms
[labev] t=454666.255 ev.finalize=1.676ms
[labev] t=454666.255 ev.propose=0.001ms
[labev] t=454666.267 ev.verify=11.360ms
[labev] t=454666.269 ev.finalize=2.346ms
[labev] t=454666.269 ev.propose=0.002ms
[labev] t=454666.281 ev.verify=11.446ms
[labev] t=454666.282 ev.finalize=1.674ms
[labev] t=454666.282 ev.propose=0.002ms
[labev] t=454666.294 ev.verify=11.373ms
[labev] t=454666.295 ev.finalize=1.658ms
[labev] t=454666.296 ev.propose=0.001ms
[labev] t=454666.307 ev.verify=11.237ms
[labev] t=454666.308 ev.finalize=1.662ms
[labev] t=454666.309 ev.propose=0.002ms
[labev] t=454666.320 ev.verify=11.262ms
[labev] t=454666.322 ev.finalize=1.660ms
[labev] t=454666.322 ev.propose=0.002ms
[labev] t=454666.333 ev.verify=11.279ms
[labev] t=454666.335 ev.finalize=1.664ms
[labev] t=454666.335 ev.propose=0.002ms
[labev] t=454666.346 ev.verify=11.347ms
[labev] t=454666.348 ev.finalize=1.694ms
[labev] t=454666.348 ev.propose=0.002ms
[labev] t=454666.360 ev.verify=11.514ms
[labev] t=454666.361 ev.finalize=1.664ms
[labev] t=454666.361 ev.propose=0.002ms
[labev] t=454666.373 ev.verify=11.162ms
[labev] t=454666.374 ev.finalize=1.692ms
[labev] t=454666.374 ev.propose=0.002ms
[labev] t=454666.386 ev.verify=11.320ms
[labev] t=454666.387 ev.finalize=1.549ms
[labev] t=454666.387 ev.propose=0.002ms
[labev] t=454666.399 ev.verify=11.226ms
[labev] t=454666.400 ev.finalize=1.655ms
[labev] t=454666.400 ev.propose=0.002ms
[labev] t=454666.412 ev.verify=11.413ms
[labev] t=454666.414 ev.finalize=1.662ms
[labev] t=454666.414 ev.propose=0.002ms
[labev] t=454666.425 ev.verify=11.176ms
[labev] t=454666.427 ev.finalize=1.657ms
[labev] t=454666.427 ev.propose=0.002ms
[labev] t=454666.438 ev.verify=11.168ms
[labev] t=454666.440 ev.finalize=1.688ms
[labev] t=454666.440 ev.propose=0.002ms
[labev] t=454666.451 ev.verify=11.339ms
[labev] t=454666.453 ev.finalize=1.663ms
[labev] t=454666.453 ev.propose=0.002ms
[labev] t=454666.464 ev.verify=11.466ms
[labev] t=454666.466 ev.finalize=1.656ms
[labev] t=454666.466 ev.propose=0.002ms
[labev] t=454666.477 ev.verify=11.197ms
[labev] t=454666.479 ev.finalize=1.662ms
[labev] t=454666.479 ev.propose=0.002ms
[labev] t=454666.490 ev.verify=11.287ms
[labev] t=454666.493 ev.finalize=2.227ms
[labev] t=454666.493 ev.propose=0.002ms
[labev] t=454666.504 ev.verify=11.337ms
[labev] t=454666.506 ev.finalize=1.577ms
[labev] t=454666.506 ev.propose=0.001ms
[labev] t=454666.517 ev.verify=11.348ms
[labev] t=454666.519 ev.finalize=1.667ms
[labev] t=454666.519 ev.propose=0.002ms
[labev] t=454666.530 ev.verify=11.352ms
[labev] t=454666.532 ev.finalize=1.557ms
[labev] t=454666.532 ev.propose=0.002ms
[labev] t=454666.544 ev.verify=11.560ms
[labev] t=454666.545 ev.finalize=1.666ms
[labev] t=454666.546 ev.propose=0.002ms
[labev] t=454666.557 ev.verify=11.490ms
[labev] t=454666.559 ev.finalize=1.556ms
[labev] t=454666.559 ev.propose=0.002ms
[labev] t=454666.570 ev.verify=11.440ms
[labev] t=454666.572 ev.finalize=1.549ms
[labev] t=454666.572 ev.propose=0.002ms
[labev] t=454666.583 ev.verify=11.368ms
[labev] t=454666.585 ev.finalize=1.658ms
[labev] t=454666.585 ev.propose=0.002ms
[labev] t=454666.597 ev.verify=11.451ms
[labev] t=454666.598 ev.finalize=1.702ms
[labev] t=454666.598 ev.propose=0.002ms
[labev] t=454666.614 ev.verify=15.231ms
[labev] t=454666.615 ev.finalize=1.548ms
[labev] t=454666.616 req.start s1-p4096-o512-b1-r0=0.000ms
[labev] t=454666.616 req.handle=0.014ms
[labev] t=454666.637 tok.prepare=20.143ms
event=batching_admitted action=scheduler_admitted
[labev] t=454666.891 chunk.ord.total=253.725ms
[labev] t=454667.143 chunk.ord.total=252.485ms
[labev] t=454667.399 chunk.ord.total=255.368ms
[labev] t=454667.656 chunk.ord.total=257.452ms
[labev] t=454667.917 chunk.ord.total=260.647ms
[labev] t=454668.179 chunk.ord.total=262.263ms
[labev] t=454668.446 chunk.ord.total=266.246ms
[labev] t=454668.753 chunk.ord.total=307.065ms
[labev] t=454668.753 req.firsttoken s1-p4096-o512-b1-r0=2136.423ms
[labev] t=454668.892 ev.decode.rows1.cap0=138.876ms
[labev] t=454669.027 ev.decode.rows1.cap0=135.276ms
[labev] t=454669.162 ev.decode.rows1.cap0=134.902ms
[labev] t=454669.297 ev.decode.rows1.cap0=134.816ms
[labev] t=454669.432 ev.decode.rows1.cap0=134.793ms
[labev] t=454669.567 ev.decode.rows1.cap0=134.775ms
[labev] t=454669.701 ev.decode.rows1.cap0=134.667ms
[labev] t=454669.837 ev.decode.rows1.cap0=134.933ms
[labev] t=454669.971 ev.decode.rows1.cap0=134.360ms
[labev] t=454670.106 ev.decode.rows1.cap0=134.981ms
[labev] t=454670.241 ev.decode.rows1.cap0=134.456ms
[labev] t=454670.375 ev.decode.rows1.cap0=134.740ms
[labev] t=454670.510 ev.decode.rows1.cap0=134.802ms
[labev] t=454670.645 ev.decode.rows1.cap0=134.913ms
[labev] t=454670.780 ev.decode.rows1.cap0=134.858ms
[labev] t=454670.915 ev.decode.rows1.cap0=134.624ms
[labev] t=454671.050 ev.decode.rows1.cap0=135.078ms
[labev] t=454671.185 ev.decode.rows1.cap0=135.024ms
[labev] t=454671.320 ev.decode.rows1.cap0=134.768ms
[labev] t=454671.455 ev.decode.rows1.cap0=135.050ms
[labev] t=454671.590 ev.decode.rows1.cap0=134.934ms
[labev] t=454671.726 ev.decode.rows1.cap0=135.410ms
[labev] t=454671.861 ev.decode.rows1.cap0=134.844ms
[labev] t=454671.996 ev.decode.rows1.cap0=135.185ms
[labev] t=454672.131 ev.decode.rows1.cap0=135.187ms
[labev] t=454672.267 ev.decode.rows1.cap0=135.297ms
[labev] t=454672.402 ev.decode.rows1.cap0=135.424ms
[labev] t=454672.538 ev.decode.rows1.cap0=135.077ms
[labev] t=454672.673 ev.decode.rows1.cap0=135.163ms
[labev] t=454672.809 ev.decode.rows1.cap0=135.819ms
[labev] t=454672.944 ev.decode.rows1.cap0=135.211ms
[labev] t=454673.071 ev.decode.rows1.cap0=127.106ms
[labev] t=454676.535 req.start s1-p4096-o512-b2-r0=0.000ms
[labev] t=454676.535 req.handle=0.050ms
[labev] t=454676.555 tok.prepare=19.909ms
event=batching_admitted action=scheduler_admitted
[labev] t=454676.848 chunk.native.total=291.715ms
[labev] t=454677.115 chunk.native.total=266.880ms
[labev] t=454677.385 chunk.native.total=270.204ms
[labev] t=454677.658 chunk.native.total=273.125ms
[labev] t=454677.936 chunk.native.total=277.781ms
[labev] t=454678.215 chunk.native.total=278.683ms
[labev] t=454678.496 chunk.native.total=281.781ms
[labev] t=454678.813 chunk.native.total=316.829ms
[labev] t=454678.813 req.firsttoken s1-p4096-o512-b2-r0=2277.999ms
[labev] t=454678.813 ev.propose=0.003ms
[labev] t=454678.831 ev.verify=17.526ms
[labev] t=454678.833 ev.finalize=1.684ms
[labev] t=454678.833 ev.propose=0.073ms
[labev] t=454678.845 ev.verify=11.492ms
[labev] t=454678.846 ev.finalize=1.635ms
[labev] t=454678.846 ev.propose=0.067ms
[labev] t=454678.858 ev.verify=11.238ms
[labev] t=454678.859 ev.finalize=1.635ms
[labev] t=454678.859 ev.propose=0.049ms
[labev] t=454678.871 ev.verify=11.020ms
[labev] t=454678.872 ev.finalize=1.637ms
[labev] t=454678.872 ev.propose=0.067ms
[labev] t=454678.884 ev.verify=11.163ms
[labev] t=454678.885 ev.finalize=1.611ms
[labev] t=454678.885 ev.propose=0.002ms
[labev] t=454678.897 ev.verify=11.339ms
[labev] t=454678.898 ev.finalize=1.618ms
[labev] t=454678.898 ev.propose=0.048ms
[labev] t=454678.910 ev.verify=11.413ms
[labev] t=454678.912 ev.finalize=1.621ms
[labev] t=454678.912 ev.propose=0.067ms
[labev] t=454678.923 ev.verify=11.225ms
[labev] t=454678.925 ev.finalize=1.625ms
[labev] t=454678.925 ev.propose=0.049ms
[labev] t=454678.936 ev.verify=10.934ms
[labev] t=454678.938 ev.finalize=2.263ms
[labev] t=454678.938 ev.propose=0.063ms
[labev] t=454678.950 ev.verify=11.237ms
[labev] t=454678.951 ev.finalize=1.644ms
[labev] t=454678.951 ev.propose=0.067ms
[labev] t=454678.963 ev.verify=11.132ms
[labev] t=454678.964 ev.finalize=1.623ms
[labev] t=454678.964 ev.propose=0.066ms
[labev] t=454678.976 ev.verify=11.092ms
[labev] t=454678.977 ev.finalize=1.705ms
[labev] t=454678.977 ev.propose=0.059ms
[labev] t=454678.989 ev.verify=11.095ms
[labev] t=454678.990 ev.finalize=1.494ms
[labev] t=454678.990 ev.propose=0.060ms
[labev] t=454679.001 ev.verify=11.071ms
[labev] t=454679.003 ev.finalize=1.620ms
[labev] t=454679.003 ev.propose=0.059ms
[labev] t=454679.014 ev.verify=11.202ms
[labev] t=454679.016 ev.finalize=1.518ms
[labev] t=454679.016 ev.propose=0.002ms
[labev] t=454679.027 ev.verify=11.199ms
[labev] t=454679.029 ev.finalize=1.611ms
[labev] t=454679.029 ev.propose=0.054ms
[labev] t=454679.040 ev.verify=11.127ms
[labev] t=454679.042 ev.finalize=1.619ms
[labev] t=454679.042 ev.propose=0.063ms
[labev] t=454679.053 ev.verify=11.079ms
[labev] t=454679.055 ev.finalize=1.626ms
[labev] t=454679.055 ev.propose=0.002ms
[labev] t=454679.066 ev.verify=11.134ms
[labev] t=454679.068 ev.finalize=1.595ms
[labev] t=454679.068 ev.propose=0.002ms
[labev] t=454679.079 ev.verify=11.206ms
[labev] t=454679.081 ev.finalize=1.602ms
[labev] t=454679.081 ev.propose=0.002ms
[labev] t=454679.092 ev.verify=11.102ms
[labev] t=454679.094 ev.finalize=1.626ms
[labev] t=454679.094 ev.propose=0.002ms
[labev] t=454679.105 ev.verify=11.185ms
[labev] t=454679.107 ev.finalize=1.636ms
[labev] t=454679.107 ev.propose=0.002ms
[labev] t=454679.118 ev.verify=11.209ms
[labev] t=454679.120 ev.finalize=1.623ms
[labev] t=454679.120 ev.propose=0.002ms
[labev] t=454679.131 ev.verify=11.078ms
[labev] t=454679.132 ev.finalize=1.622ms
[labev] t=454679.133 ev.propose=0.002ms
[labev] t=454679.144 ev.verify=11.225ms
[labev] t=454679.145 ev.finalize=1.626ms
[labev] t=454679.146 ev.propose=0.002ms
[labev] t=454679.157 ev.verify=11.285ms
[labev] t=454679.159 ev.finalize=2.256ms
[labev] t=454679.159 ev.propose=0.002ms
[labev] t=454679.171 ev.verify=11.339ms
[labev] t=454679.172 ev.finalize=1.635ms
[labev] t=454679.172 ev.propose=0.002ms
[labev] t=454679.184 ev.verify=11.231ms
[labev] t=454679.185 ev.finalize=1.602ms
[labev] t=454679.185 ev.propose=0.002ms
[labev] t=454679.197 ev.verify=11.210ms
[labev] t=454679.198 ev.finalize=1.609ms
[labev] t=454679.198 ev.propose=0.002ms
[labev] t=454679.210 ev.verify=11.178ms
[labev] t=454679.211 ev.finalize=1.607ms
[labev] t=454679.211 ev.propose=0.002ms
[labev] t=454679.223 ev.verify=11.199ms
[labev] t=454679.224 ev.finalize=1.622ms
[labev] t=454679.224 ev.propose=0.002ms
[labev] t=454679.236 ev.verify=11.208ms
[labev] t=454679.237 ev.finalize=1.618ms
[labev] t=454679.237 ev.propose=0.002ms
[labev] t=454679.248 ev.verify=11.146ms
[labev] t=454679.250 ev.finalize=1.633ms
[labev] t=454679.250 ev.propose=0.002ms
[labev] t=454679.262 ev.verify=11.317ms
[labev] t=454679.263 ev.finalize=1.607ms
[labev] t=454679.263 ev.propose=0.002ms
[labev] t=454679.274 ev.verify=11.104ms
[labev] t=454679.276 ev.finalize=1.616ms
[labev] t=454679.276 ev.propose=0.002ms
[labev] t=454679.287 ev.verify=11.112ms
[labev] t=454679.289 ev.finalize=1.630ms
[labev] t=454679.289 ev.propose=0.002ms
[labev] t=454679.300 ev.verify=11.356ms
[labev] t=454679.302 ev.finalize=1.780ms
[labev] t=454679.302 ev.propose=0.002ms
[labev] t=454679.314 ev.verify=11.299ms
[labev] t=454679.316 ev.finalize=1.827ms
[labev] t=454679.316 ev.propose=0.002ms
[labev] t=454679.327 ev.verify=11.066ms
[labev] t=454679.328 ev.finalize=1.598ms
[labev] t=454679.329 ev.propose=0.002ms
[labev] t=454679.340 ev.verify=10.983ms
[labev] t=454679.341 ev.finalize=1.600ms
[labev] t=454679.341 ev.propose=0.002ms
[labev] t=454679.352 ev.verify=11.202ms
[labev] t=454679.354 ev.finalize=1.629ms
[labev] t=454679.354 ev.propose=0.002ms
[labev] t=454679.366 ev.verify=11.377ms
[labev] t=454679.368 ev.finalize=2.271ms
[labev] t=454679.368 ev.propose=0.002ms
[labev] t=454679.380 ev.verify=11.440ms
[labev] t=454679.381 ev.finalize=1.622ms
[labev] t=454679.381 ev.propose=0.002ms
[labev] t=454679.393 ev.verify=11.191ms
[labev] t=454679.394 ev.finalize=1.619ms
[labev] t=454679.394 ev.propose=0.002ms
[labev] t=454679.405 ev.verify=10.998ms
[labev] t=454679.407 ev.finalize=1.642ms
[labev] t=454679.407 ev.propose=0.002ms
[labev] t=454679.418 ev.verify=11.099ms
[labev] t=454679.420 ev.finalize=1.603ms
[labev] t=454679.420 ev.propose=0.002ms
[labev] t=454679.431 ev.verify=11.347ms
[labev] t=454679.433 ev.finalize=1.645ms
[labev] t=454679.433 ev.propose=0.002ms
[labev] t=454679.444 ev.verify=11.159ms
[labev] t=454679.446 ev.finalize=1.630ms
[labev] t=454679.446 ev.propose=0.002ms
[labev] t=454679.457 ev.verify=11.217ms
[labev] t=454679.459 ev.finalize=1.640ms
[labev] t=454679.459 ev.propose=0.002ms
[labev] t=454679.470 ev.verify=11.170ms
[labev] t=454679.472 ev.finalize=1.612ms
[labev] t=454679.472 ev.propose=0.002ms
[labev] t=454679.483 ev.verify=11.207ms
[labev] t=454679.485 ev.finalize=1.509ms
[labev] t=454679.485 ev.propose=0.002ms
[labev] t=454679.496 ev.verify=11.153ms
[labev] t=454679.498 ev.finalize=1.603ms
[labev] t=454679.498 ev.propose=0.002ms
[labev] t=454679.509 ev.verify=11.279ms
[labev] t=454679.511 ev.finalize=1.605ms
[labev] t=454679.511 ev.propose=0.002ms
[labev] t=454679.522 ev.verify=11.129ms
[labev] t=454679.524 ev.finalize=1.605ms
[labev] t=454679.524 ev.propose=0.002ms
[labev] t=454679.535 ev.verify=11.151ms
[labev] t=454679.537 ev.finalize=1.646ms
[labev] t=454679.537 ev.propose=0.002ms
[labev] t=454679.548 ev.verify=11.257ms
[labev] t=454679.550 ev.finalize=1.596ms
[labev] t=454679.550 ev.propose=0.002ms
[labev] t=454679.561 ev.verify=11.176ms
[labev] t=454679.563 ev.finalize=1.615ms
[labev] t=454679.563 ev.propose=0.002ms
[labev] t=454679.574 ev.verify=11.044ms
[labev] t=454679.576 ev.finalize=1.625ms
[labev] t=454679.576 ev.propose=0.002ms
[labev] t=454679.587 ev.verify=11.210ms
[labev] t=454679.589 ev.finalize=2.279ms
[labev] t=454679.589 ev.propose=0.002ms
[labev] t=454679.600 ev.verify=11.202ms
[labev] t=454679.602 ev.finalize=1.633ms
[labev] t=454679.602 ev.propose=0.002ms
[labev] t=454679.613 ev.verify=11.069ms
[labev] t=454679.615 ev.finalize=1.620ms
[labev] t=454679.615 ev.propose=0.002ms
[labev] t=454679.626 ev.verify=10.939ms
[labev] t=454679.628 ev.finalize=1.511ms
[labev] t=454679.628 ev.propose=0.002ms
[labev] t=454679.639 ev.verify=11.163ms
[labev] t=454679.641 ev.finalize=1.624ms
[labev] t=454679.641 ev.propose=0.002ms
[labev] t=454679.652 ev.verify=11.009ms
[labev] t=454679.653 ev.finalize=1.619ms
[labev] t=454679.653 ev.propose=0.002ms
[labev] t=454679.665 ev.verify=11.276ms
[labev] t=454679.666 ev.finalize=1.615ms
[labev] t=454679.667 ev.propose=0.002ms
[labev] t=454679.678 ev.verify=11.239ms
[labev] t=454679.679 ev.finalize=1.506ms
[labev] t=454679.679 ev.propose=0.002ms
[labev] t=454679.691 ev.verify=11.268ms
[labev] t=454679.692 ev.finalize=1.650ms
[labev] t=454679.693 ev.propose=0.002ms
[labev] t=454679.704 ev.verify=11.273ms
[labev] t=454679.705 ev.finalize=1.625ms
[labev] t=454679.706 ev.propose=0.002ms
[labev] t=454679.717 ev.verify=11.249ms
[labev] t=454679.719 ev.finalize=1.606ms
[labev] t=454679.719 ev.propose=0.002ms
[labev] t=454679.730 ev.verify=11.139ms
[labev] t=454679.731 ev.finalize=1.652ms
[labev] t=454679.732 ev.propose=0.002ms
[labev] t=454679.743 ev.verify=11.225ms
[labev] t=454679.744 ev.finalize=1.609ms
[labev] t=454679.745 ev.propose=0.002ms
[labev] t=454679.756 ev.verify=11.251ms
[labev] t=454679.758 ev.finalize=1.660ms
[labev] t=454679.758 ev.propose=0.002ms
[labev] t=454679.769 ev.verify=11.169ms
[labev] t=454679.770 ev.finalize=1.627ms
[labev] t=454679.771 ev.propose=0.002ms
[labev] t=454679.782 ev.verify=11.380ms
[labev] t=454679.784 ev.finalize=1.496ms
[labev] t=454679.784 ev.propose=0.002ms
[labev] t=454679.795 ev.verify=11.275ms
[labev] t=454679.797 ev.finalize=1.612ms
[labev] t=454679.797 ev.propose=0.002ms
[labev] t=454679.808 ev.verify=11.077ms
[labev] t=454679.810 ev.finalize=2.287ms
[labev] t=454679.810 ev.propose=0.002ms
[labev] t=454679.822 ev.verify=11.333ms
[labev] t=454679.823 ev.finalize=1.618ms
[labev] t=454679.823 ev.propose=0.002ms
[labev] t=454679.835 ev.verify=11.139ms
[labev] t=454679.836 ev.finalize=1.632ms
[labev] t=454679.836 ev.propose=0.002ms
[labev] t=454679.848 ev.verify=11.351ms
[labev] t=454679.849 ev.finalize=1.603ms
[labev] t=454679.849 ev.propose=0.002ms
[labev] t=454679.861 ev.verify=11.174ms
[labev] t=454679.862 ev.finalize=1.651ms
[labev] t=454679.862 ev.propose=0.002ms
[labev] t=454679.874 ev.verify=11.309ms
[labev] t=454679.876 ev.finalize=1.818ms
[labev] t=454679.876 ev.propose=0.002ms
[labev] t=454679.887 ev.verify=11.136ms
[labev] t=454679.888 ev.finalize=1.626ms
[labev] t=454679.889 ev.propose=0.002ms
[labev] t=454679.900 ev.verify=11.270ms
[labev] t=454679.902 ev.finalize=1.652ms
[labev] t=454679.902 ev.propose=0.002ms
[labev] t=454679.913 ev.verify=11.248ms
[labev] t=454679.915 ev.finalize=1.608ms
[labev] t=454679.915 ev.propose=0.002ms
[labev] t=454679.926 ev.verify=11.225ms
[labev] t=454679.928 ev.finalize=1.656ms
[labev] t=454679.928 ev.propose=0.002ms
[labev] t=454679.939 ev.verify=11.102ms
[labev] t=454679.940 ev.finalize=1.638ms
[labev] t=454679.941 ev.propose=0.002ms
[labev] t=454679.952 ev.verify=11.267ms
[labev] t=454679.954 ev.finalize=1.628ms
[labev] t=454679.954 ev.propose=0.002ms
[labev] t=454679.965 ev.verify=11.284ms
[labev] t=454679.967 ev.finalize=1.640ms
[labev] t=454679.967 ev.propose=0.002ms
[labev] t=454679.978 ev.verify=11.124ms
[labev] t=454679.979 ev.finalize=1.602ms
[labev] t=454679.980 ev.propose=0.002ms
[labev] t=454679.991 ev.verify=11.209ms
[labev] t=454679.992 ev.finalize=1.614ms
[labev] t=454679.993 ev.propose=0.002ms
[labev] t=454680.004 ev.verify=11.380ms
[labev] t=454680.006 ev.finalize=1.539ms
[labev] t=454680.006 ev.propose=0.002ms
[labev] t=454680.017 ev.verify=11.130ms
[labev] t=454680.018 ev.finalize=1.598ms
[labev] t=454680.019 ev.propose=0.002ms
[labev] t=454680.030 ev.verify=11.211ms
[labev] t=454680.032 ev.finalize=2.281ms
[labev] t=454680.032 ev.propose=0.002ms
[labev] t=454680.044 ev.verify=11.316ms
[labev] t=454680.045 ev.finalize=1.645ms
[labev] t=454680.045 ev.propose=0.002ms
[labev] t=454680.057 ev.verify=11.332ms
[labev] t=454680.058 ev.finalize=1.641ms
[labev] t=454680.058 ev.propose=0.002ms
[labev] t=454680.070 ev.verify=11.224ms
[labev] t=454680.071 ev.finalize=1.627ms
[labev] t=454680.071 ev.propose=0.002ms
[labev] t=454680.083 ev.verify=11.372ms
[labev] t=454680.085 ev.finalize=1.616ms
[labev] t=454680.085 ev.propose=0.002ms
[labev] t=454680.096 ev.verify=10.986ms
[labev] t=454680.097 ev.finalize=1.603ms
[labev] t=454680.097 ev.propose=0.001ms
[labev] t=454680.108 ev.verify=11.053ms
[labev] t=454680.110 ev.finalize=1.619ms
[labev] t=454680.110 ev.propose=0.002ms
[labev] t=454680.121 ev.verify=11.189ms
[labev] t=454680.123 ev.finalize=1.613ms
[labev] t=454680.123 ev.propose=0.002ms
[labev] t=454680.134 ev.verify=11.108ms
[labev] t=454680.136 ev.finalize=1.614ms
[labev] t=454680.136 ev.propose=0.002ms
[labev] t=454680.147 ev.verify=10.960ms
[labev] t=454680.149 ev.finalize=1.515ms
[labev] t=454680.149 ev.propose=0.002ms
[labev] t=454680.160 ev.verify=11.172ms
[labev] t=454680.162 ev.finalize=1.612ms
[labev] t=454680.162 ev.propose=0.002ms
[labev] t=454680.173 ev.verify=11.261ms
[labev] t=454680.175 ev.finalize=1.621ms
[labev] t=454680.175 ev.propose=0.002ms
[labev] t=454680.186 ev.verify=11.373ms
[labev] t=454680.188 ev.finalize=1.627ms
[labev] t=454680.188 ev.propose=0.002ms
[labev] t=454680.199 ev.verify=10.998ms
[labev] t=454680.201 ev.finalize=1.619ms
[labev] t=454680.201 ev.propose=0.002ms
[labev] t=454680.212 ev.verify=11.150ms
[labev] t=454680.213 ev.finalize=1.614ms
[labev] t=454680.214 ev.propose=0.002ms
[labev] t=454680.225 ev.verify=11.160ms
[labev] t=454680.226 ev.finalize=1.621ms
[labev] t=454680.227 ev.propose=0.002ms
[labev] t=454680.238 ev.verify=11.318ms
[labev] t=454680.240 ev.finalize=2.280ms
[labev] t=454680.240 ev.propose=0.002ms
[labev] t=454680.252 ev.verify=11.425ms
[labev] t=454680.253 ev.finalize=1.622ms
[labev] t=454680.254 ev.propose=0.002ms
[labev] t=454680.265 ev.verify=11.366ms
[labev] t=454680.267 ev.finalize=1.649ms
[labev] t=454680.267 ev.propose=0.002ms
[labev] t=454680.278 ev.verify=11.225ms
[labev] t=454680.280 ev.finalize=1.679ms
[labev] t=454680.280 ev.propose=0.002ms
[labev] t=454680.291 ev.verify=11.140ms
[labev] t=454680.293 ev.finalize=1.610ms
[labev] t=454680.293 ev.propose=0.002ms
[labev] t=454680.304 ev.verify=11.341ms
[labev] t=454680.306 ev.finalize=1.637ms
[labev] t=454680.306 ev.propose=0.002ms
[labev] t=454680.317 ev.verify=11.236ms
[labev] t=454680.319 ev.finalize=1.621ms
[labev] t=454680.319 ev.propose=0.002ms
[labev] t=454680.330 ev.verify=11.173ms
[labev] t=454680.332 ev.finalize=1.623ms
[labev] t=454680.332 ev.propose=0.002ms
[labev] t=454680.343 ev.verify=11.260ms
[labev] t=454680.345 ev.finalize=1.629ms
[labev] t=454680.345 ev.propose=0.002ms
[labev] t=454680.356 ev.verify=11.354ms
[labev] t=454680.358 ev.finalize=1.653ms
[labev] t=454680.358 ev.propose=0.002ms
[labev] t=454680.369 ev.verify=11.324ms
[labev] t=454680.371 ev.finalize=1.625ms
[labev] t=454680.371 ev.propose=0.002ms
[labev] t=454680.382 ev.verify=11.250ms
[labev] t=454680.384 ev.finalize=1.628ms
[labev] t=454680.384 ev.propose=0.002ms
[labev] t=454680.396 ev.verify=11.323ms
[labev] t=454680.397 ev.finalize=1.513ms
[labev] t=454680.397 ev.propose=0.002ms
[labev] t=454680.408 ev.verify=10.976ms
[labev] t=454680.410 ev.finalize=1.637ms
[labev] t=454680.410 ev.propose=0.002ms
[labev] t=454680.421 ev.verify=11.124ms
[labev] t=454680.423 ev.finalize=1.642ms
[labev] t=454680.423 ev.propose=0.002ms
[labev] t=454680.434 ev.verify=11.117ms
[labev] t=454680.436 ev.finalize=1.632ms
[labev] t=454680.436 ev.propose=0.002ms
[labev] t=454680.447 ev.verify=11.162ms
[labev] t=454680.449 ev.finalize=1.633ms
[labev] t=454680.449 ev.propose=0.002ms
[labev] t=454680.460 ev.verify=11.120ms
[labev] t=454680.462 ev.finalize=2.277ms
[labev] t=454680.462 ev.propose=0.002ms
[labev] t=454680.473 ev.verify=11.144ms
[labev] t=454680.475 ev.finalize=1.634ms
[labev] t=454680.475 ev.propose=0.002ms
[labev] t=454680.486 ev.verify=11.147ms
[labev] t=454680.488 ev.finalize=1.647ms
[labev] t=454680.488 ev.propose=0.002ms
[labev] t=454680.500 ev.verify=11.363ms
[labev] t=454680.501 ev.finalize=1.607ms
[labev] t=454680.501 ev.propose=0.002ms
[labev] t=454680.513 ev.verify=11.411ms
[labev] t=454680.514 ev.finalize=1.635ms
[labev] t=454680.515 ev.propose=0.002ms
[labev] t=454680.526 ev.verify=11.134ms
[labev] t=454680.527 ev.finalize=1.633ms
[labev] t=454680.527 ev.propose=0.002ms
[labev] t=454680.539 ev.verify=11.318ms
[labev] t=454680.540 ev.finalize=1.632ms
[labev] t=454680.541 ev.propose=0.002ms
[labev] t=454680.552 ev.verify=11.053ms
[labev] t=454680.553 ev.finalize=1.625ms
[labev] t=454680.553 ev.propose=0.002ms
[labev] t=454680.565 ev.verify=11.384ms
[labev] t=454680.567 ev.finalize=1.639ms
[labev] t=454680.567 ev.propose=0.002ms
[labev] t=454680.578 ev.verify=11.277ms
[labev] t=454680.580 ev.finalize=1.636ms
[labev] t=454680.580 ev.propose=0.002ms
[labev] t=454680.591 ev.verify=11.162ms
[labev] t=454680.593 ev.finalize=1.630ms
[labev] t=454680.593 ev.propose=0.002ms
[labev] t=454680.604 ev.verify=11.234ms
[labev] t=454680.606 ev.finalize=1.628ms
[labev] t=454680.606 ev.propose=0.002ms
[labev] t=454680.617 ev.verify=11.173ms
[labev] t=454680.619 ev.finalize=1.604ms
[labev] t=454680.619 ev.propose=0.002ms
[labev] t=454680.630 ev.verify=11.363ms
[labev] t=454680.632 ev.finalize=1.627ms
[labev] t=454680.632 ev.propose=0.002ms
[labev] t=454680.643 ev.verify=11.240ms
[labev] t=454680.645 ev.finalize=1.663ms
[labev] t=454680.645 ev.propose=0.002ms
[labev] t=454680.656 ev.verify=11.274ms
[labev] t=454680.658 ev.finalize=1.639ms
[labev] t=454680.658 ev.propose=0.002ms
[labev] t=454680.669 ev.verify=11.339ms
[labev] t=454680.672 ev.finalize=2.330ms
[labev] t=454680.672 ev.propose=0.002ms
[labev] t=454680.683 ev.verify=11.248ms
[labev] t=454680.685 ev.finalize=1.646ms
[labev] t=454680.685 ev.propose=0.002ms
[labev] t=454680.696 ev.verify=11.216ms
[labev] t=454680.698 ev.finalize=1.626ms
[labev] t=454680.698 ev.propose=0.002ms
[labev] t=454680.709 ev.verify=11.213ms
[labev] t=454680.711 ev.finalize=1.593ms
[labev] t=454680.711 ev.propose=0.002ms
[labev] t=454680.722 ev.verify=11.177ms
[labev] t=454680.724 ev.finalize=1.620ms
[labev] t=454680.724 ev.propose=0.002ms
[labev] t=454680.735 ev.verify=11.075ms
[labev] t=454680.736 ev.finalize=1.628ms
[labev] t=454680.737 ev.propose=0.002ms
[labev] t=454680.748 ev.verify=11.144ms
[labev] t=454680.749 ev.finalize=1.627ms
[labev] t=454680.750 ev.propose=0.001ms
[labev] t=454680.761 ev.verify=11.381ms
[labev] t=454680.763 ev.finalize=1.642ms
[labev] t=454680.763 ev.propose=0.002ms
[labprof] d0.performDecode.call=134.846ms/n32 f0.finalize.total=1.668ms/n420 f1.finalize.build=0.481ms/n420 f2.finalize.eval=1.151ms/n420 fc.finalize.call=1.672ms/n420 o1.ord.build=1.146ms/n511 o2.ord.eval=7.271ms/n511 p0.propose=0.002ms/n421 r0.round.interval=13.116ms/n419 s1.native.prefill.target=42.793ms/n15 s1.ord.prefill.target=40.328ms/n8 s2.native.prefill.drafter+eval=243.418ms/n16 s2.ord.prefill.eval=224.077ms/n8 s9.native.prefill.chunk.total=283.730ms/n16 s9.ord.prefill.chunk.total=264.438ms/n8 v0.verify.call=11.282ms/n420 v1.verify.build=0.845ms/n421 v2.verify.eval=10.327ms/n421
[labev] t=454680.774 ev.verify=11.400ms
[labev] t=454680.776 ev.finalize=1.631ms
[labev] t=454680.776 ev.propose=0.002ms
[labev] t=454680.787 ev.verify=11.299ms
[labev] t=454680.789 ev.finalize=1.625ms
[labev] t=454680.789 ev.propose=0.002ms
[labev] t=454680.800 ev.verify=11.168ms
[labev] t=454680.802 ev.finalize=1.634ms
[labev] t=454680.802 ev.propose=0.002ms
[labev] t=454680.813 ev.verify=11.214ms
[labev] t=454680.815 ev.finalize=1.517ms
[labev] t=454680.815 ev.propose=0.002ms
[labev] t=454680.826 ev.verify=11.265ms
[labev] t=454680.828 ev.finalize=1.542ms
[labev] t=454680.828 ev.propose=0.002ms
[labev] t=454680.839 ev.verify=11.142ms
[labev] t=454680.840 ev.finalize=1.518ms
[labev] t=454680.841 ev.propose=0.002ms
[labev] t=454680.852 ev.verify=11.139ms
[labev] t=454680.853 ev.finalize=1.637ms
[labev] t=454680.853 ev.propose=0.002ms
[labev] t=454680.865 ev.verify=11.137ms
[labev] t=454680.866 ev.finalize=1.667ms
[labev] t=454680.866 ev.propose=0.002ms
[labev] t=454680.878 ev.verify=11.064ms
[labev] t=454680.879 ev.finalize=1.518ms
[labev] t=454680.879 ev.propose=0.002ms
[labev] t=454680.890 ev.verify=11.200ms
[labev] t=454680.892 ev.finalize=1.549ms
[labev] t=454680.892 ev.propose=0.002ms
[labev] t=454680.903 ev.verify=11.395ms
[labev] t=454680.906 ev.finalize=2.321ms
[labev] t=454680.906 ev.propose=0.002ms
[labev] t=454680.917 ev.verify=11.377ms
[labev] t=454680.919 ev.finalize=1.530ms
[labev] t=454680.919 ev.propose=0.001ms
[labev] t=454680.930 ev.verify=10.947ms
[labev] t=454680.932 ev.finalize=1.648ms
[labev] t=454680.932 ev.propose=0.001ms
[labev] t=454680.943 ev.verify=11.342ms
[labev] t=454680.945 ev.finalize=1.638ms
[labev] t=454680.945 ev.propose=0.002ms
[labev] t=454680.956 ev.verify=11.216ms
[labev] t=454680.958 ev.finalize=1.675ms
[labev] t=454680.958 ev.propose=0.002ms
[labev] t=454680.969 ev.verify=11.237ms
[labev] t=454680.971 ev.finalize=1.645ms
[labev] t=454680.971 ev.propose=0.002ms
[labev] t=454680.982 ev.verify=11.075ms
[labev] t=454680.984 ev.finalize=1.556ms
[labev] t=454680.984 ev.propose=0.002ms
[labev] t=454680.995 ev.verify=11.423ms
[labev] t=454680.997 ev.finalize=1.664ms
[labev] t=454680.997 ev.propose=0.002ms
[labev] t=454681.008 ev.verify=11.286ms
[labev] t=454681.010 ev.finalize=1.671ms
[labev] t=454681.010 ev.propose=0.002ms
[labev] t=454681.022 ev.verify=11.332ms
[labev] t=454681.023 ev.finalize=1.663ms
[labev] t=454681.023 ev.propose=0.002ms
[labev] t=454681.035 ev.verify=11.239ms
[labev] t=454681.036 ev.finalize=1.639ms
[labev] t=454681.036 ev.propose=0.002ms
[labev] t=454681.048 ev.verify=11.175ms
[labev] t=454681.049 ev.finalize=1.643ms
[labev] t=454681.049 ev.propose=0.002ms
[labev] t=454681.060 ev.verify=11.070ms
[labev] t=454681.062 ev.finalize=1.779ms
[labev] t=454681.062 ev.propose=0.002ms
[labev] t=454681.074 ev.verify=11.278ms
[labev] t=454681.076 ev.finalize=1.825ms
[labev] t=454681.076 ev.propose=0.002ms
[labev] t=454681.087 ev.verify=11.184ms
[labev] t=454681.089 ev.finalize=1.632ms
[labev] t=454681.089 ev.propose=0.001ms
[labev] t=454681.100 ev.verify=11.291ms
[labev] t=454681.102 ev.finalize=1.638ms
[labev] t=454681.102 ev.propose=0.002ms
[labev] t=454681.113 ev.verify=11.275ms
[labev] t=454681.115 ev.finalize=1.632ms
[labev] t=454681.115 ev.propose=0.002ms
[labev] t=454681.126 ev.verify=11.214ms
[labev] t=454681.128 ev.finalize=2.326ms
[labev] t=454681.128 ev.propose=0.002ms
[labev] t=454681.140 ev.verify=11.379ms
[labev] t=454681.142 ev.finalize=1.636ms
[labev] t=454681.142 ev.propose=0.001ms
[labev] t=454681.153 ev.verify=11.430ms
[labev] t=454681.155 ev.finalize=1.505ms
[labev] t=454681.155 ev.propose=0.001ms
[labev] t=454681.166 ev.verify=11.231ms
[labev] t=454681.168 ev.finalize=1.653ms
[labev] t=454681.168 ev.propose=0.002ms
[labev] t=454681.179 ev.verify=11.317ms
[labev] t=454681.181 ev.finalize=1.642ms
[labev] t=454681.181 ev.propose=0.002ms
[labev] t=454681.192 ev.verify=11.352ms
[labev] t=454681.194 ev.finalize=1.543ms
[labev] t=454681.194 ev.propose=0.002ms
[labev] t=454681.205 ev.verify=11.312ms
[labev] t=454681.207 ev.finalize=1.661ms
[labev] t=454681.207 ev.propose=0.002ms
[labev] t=454681.218 ev.verify=11.091ms
[labev] t=454681.220 ev.finalize=1.623ms
[labev] t=454681.220 ev.propose=0.002ms
[labev] t=454681.231 ev.verify=11.141ms
[labev] t=454681.233 ev.finalize=1.640ms
[labev] t=454681.233 ev.propose=0.002ms
[labev] t=454681.244 ev.verify=11.317ms
[labev] t=454681.246 ev.finalize=1.652ms
[labev] t=454681.246 ev.propose=0.002ms
[labev] t=454681.257 ev.verify=11.286ms
[labev] t=454681.259 ev.finalize=1.641ms
[labev] t=454681.259 ev.propose=0.002ms
[labev] t=454681.270 ev.verify=11.141ms
[labev] t=454681.272 ev.finalize=1.643ms
[labev] t=454681.272 ev.propose=0.002ms
[labev] t=454681.283 ev.verify=11.150ms
[labev] t=454681.285 ev.finalize=1.610ms
[labev] t=454681.285 ev.propose=0.002ms
[labev] t=454681.296 ev.verify=11.327ms
[labev] t=454681.298 ev.finalize=1.662ms
[labev] t=454681.298 ev.propose=0.002ms
[labev] t=454681.310 ev.verify=11.370ms
[labev] t=454681.311 ev.finalize=1.644ms
[labev] t=454681.311 ev.propose=0.002ms
[labev] t=454681.322 ev.verify=11.115ms
[labev] t=454681.324 ev.finalize=1.631ms
[labev] t=454681.324 ev.propose=0.002ms
[labev] t=454681.336 ev.verify=11.342ms
[labev] t=454681.337 ev.finalize=1.631ms
[labev] t=454681.337 ev.propose=0.002ms
[labev] t=454681.349 ev.verify=11.227ms
[labev] t=454681.351 ev.finalize=2.267ms
[labev] t=454681.351 ev.propose=0.002ms
[labev] t=454681.362 ev.verify=11.376ms
[labev] t=454681.364 ev.finalize=1.533ms
[labev] t=454681.364 ev.propose=0.002ms
[labev] t=454681.375 ev.verify=11.183ms
[labev] t=454681.377 ev.finalize=1.650ms
[labev] t=454681.377 ev.propose=0.002ms
[labev] t=454681.388 ev.verify=11.152ms
[labev] t=454681.390 ev.finalize=1.620ms
[labev] t=454681.390 ev.propose=0.002ms
[labev] t=454681.401 ev.verify=11.357ms
[labev] t=454681.403 ev.finalize=1.674ms
[labev] t=454681.403 ev.propose=0.002ms
[labev] t=454681.415 ev.verify=11.257ms
[labev] t=454681.416 ev.finalize=1.592ms
[labev] t=454681.416 ev.propose=0.002ms
[labev] t=454681.427 ev.verify=11.156ms
[labev] t=454681.429 ev.finalize=1.572ms
[labev] t=454681.429 ev.propose=0.002ms
[labev] t=454681.441 ev.verify=11.330ms
[labev] t=454681.442 ev.finalize=1.525ms
[labev] t=454681.442 ev.propose=0.002ms
[labev] t=454681.454 ev.verify=11.313ms
[labev] t=454681.455 ev.finalize=1.543ms
[labev] t=454681.455 ev.propose=0.002ms
[labev] t=454681.467 ev.verify=11.426ms
[labev] t=454681.468 ev.finalize=1.666ms
[labev] t=454681.468 ev.propose=0.002ms
[labev] t=454681.480 ev.verify=11.201ms
[labev] t=454681.481 ev.finalize=1.640ms
[labev] t=454681.481 ev.propose=0.002ms
[labev] t=454681.493 ev.verify=11.325ms
[labev] t=454681.494 ev.finalize=1.654ms
[labev] t=454681.495 ev.propose=0.002ms
[labev] t=454681.506 ev.verify=11.366ms
[labev] t=454681.508 ev.finalize=1.542ms
[labev] t=454681.508 ev.propose=0.002ms
[labev] t=454681.519 ev.verify=11.234ms
[labev] t=454681.521 ev.finalize=1.650ms
[labev] t=454681.521 ev.propose=0.002ms
[labev] t=454681.532 ev.verify=11.204ms
[labev] t=454681.534 ev.finalize=1.640ms
[labev] t=454681.534 ev.propose=0.002ms
[labev] t=454681.545 ev.verify=11.247ms
[labev] t=454681.547 ev.finalize=1.645ms
[labev] t=454681.547 ev.propose=0.002ms
[labev] t=454681.558 ev.verify=11.156ms
[labev] t=454681.560 ev.finalize=1.667ms
[labev] t=454681.560 ev.propose=0.002ms
[labev] t=454681.571 ev.verify=11.434ms
[labev] t=454681.573 ev.finalize=1.672ms
[labev] t=454681.573 ev.propose=0.002ms
[labev] t=454681.584 ev.verify=11.161ms
[labev] t=454681.586 ev.finalize=1.647ms
[labev] t=454681.586 ev.propose=0.002ms
[labev] t=454681.597 ev.verify=11.367ms
[labev] t=454681.599 ev.finalize=1.558ms
[labev] t=454681.599 ev.propose=0.002ms
[labev] t=454681.610 ev.verify=11.364ms
[labev] t=454681.613 ev.finalize=2.088ms
[labev] t=454681.613 ev.propose=0.002ms
[labev] t=454681.624 ev.verify=11.264ms
[labev] t=454681.626 ev.finalize=1.648ms
[labev] t=454681.626 ev.propose=0.002ms
[labev] t=454681.637 ev.verify=11.351ms
[labev] t=454681.639 ev.finalize=1.661ms
[labev] t=454681.639 ev.propose=0.002ms
[labev] t=454681.650 ev.verify=11.481ms
[labev] t=454681.652 ev.finalize=1.536ms
[labev] t=454681.652 ev.propose=0.002ms
[labev] t=454681.663 ev.verify=11.181ms
[labev] t=454681.665 ev.finalize=1.673ms
[labev] t=454681.665 ev.propose=0.002ms
[labev] t=454681.676 ev.verify=11.244ms
[labev] t=454681.678 ev.finalize=1.651ms
[labev] t=454681.678 ev.propose=0.002ms
[labev] t=454681.690 ev.verify=11.317ms
[labev] t=454681.691 ev.finalize=1.535ms
[labev] t=454681.691 ev.propose=0.002ms
[labev] t=454681.703 ev.verify=11.356ms
[labev] t=454681.704 ev.finalize=1.646ms
[labev] t=454681.704 ev.propose=0.002ms
[labev] t=454681.716 ev.verify=11.363ms
[labev] t=454681.717 ev.finalize=1.545ms
[labev] t=454681.718 ev.propose=0.002ms
[labev] t=454681.729 ev.verify=11.459ms
[labev] t=454681.731 ev.finalize=1.658ms
[labev] t=454681.731 ev.propose=0.002ms
[labev] t=454681.742 ev.verify=11.287ms
[labev] t=454681.744 ev.finalize=1.659ms
[labev] t=454681.744 ev.propose=0.002ms
[labev] t=454681.755 ev.verify=11.383ms
[labev] t=454681.757 ev.finalize=1.638ms
[labev] t=454681.757 ev.propose=0.002ms
[labev] t=454681.769 ev.verify=11.457ms
[labev] t=454681.770 ev.finalize=1.701ms
[labev] t=454681.770 ev.propose=0.002ms
[labev] t=454681.782 ev.verify=11.336ms
[labev] t=454681.783 ev.finalize=1.650ms
[labev] t=454681.784 ev.propose=0.002ms
[labev] t=454681.795 ev.verify=11.322ms
[labev] t=454681.797 ev.finalize=1.639ms
[labev] t=454681.797 ev.propose=0.002ms
[labev] t=454681.808 ev.verify=11.411ms
[labev] t=454681.810 ev.finalize=1.643ms
[labev] t=454681.810 ev.propose=0.002ms
[labev] t=454681.821 ev.verify=11.259ms
[labev] t=454681.823 ev.finalize=1.552ms
[labev] t=454681.823 ev.propose=0.002ms
[labev] t=454681.834 ev.verify=11.321ms
[labev] t=454681.836 ev.finalize=1.658ms
[labev] t=454681.836 ev.propose=0.002ms
[labev] t=454681.847 ev.verify=11.089ms
[labev] t=454681.849 ev.finalize=2.307ms
[labev] t=454681.850 ev.propose=0.002ms
[labev] t=454681.861 ev.verify=11.326ms
[labev] t=454681.862 ev.finalize=1.569ms
[labev] t=454681.863 ev.propose=0.002ms
[labev] t=454681.874 ev.verify=11.244ms
[labev] t=454681.876 ev.finalize=1.626ms
[labev] t=454681.876 ev.propose=0.002ms
[labev] t=454681.887 ev.verify=11.394ms
[labev] t=454681.889 ev.finalize=1.879ms
[labev] t=454681.889 ev.propose=0.002ms
[labev] t=454681.900 ev.verify=11.281ms
[labev] t=454681.902 ev.finalize=1.840ms
[labev] t=454681.902 ev.propose=0.002ms
[labev] t=454681.913 ev.verify=11.127ms
[labev] t=454681.915 ev.finalize=1.546ms
[labev] t=454681.915 ev.propose=0.002ms
[labev] t=454681.926 ev.verify=11.152ms
[labev] t=454681.928 ev.finalize=1.516ms
[labev] t=454681.928 ev.propose=0.001ms
[labev] t=454681.939 ev.verify=11.155ms
[labev] t=454681.941 ev.finalize=1.531ms
[labev] t=454681.941 ev.propose=0.002ms
[labev] t=454681.952 ev.verify=11.219ms
[labev] t=454681.954 ev.finalize=1.556ms
[labev] t=454681.954 ev.propose=0.002ms
[labev] t=454681.965 ev.verify=11.214ms
[labev] t=454681.967 ev.finalize=1.640ms
[labev] t=454681.967 ev.propose=0.002ms
[labev] t=454681.978 ev.verify=11.388ms
[labev] t=454681.980 ev.finalize=1.673ms
[labev] t=454681.980 ev.propose=0.002ms
[labev] t=454681.991 ev.verify=11.333ms
[labev] t=454681.993 ev.finalize=1.539ms
[labev] t=454681.993 ev.propose=0.002ms
[labev] t=454682.004 ev.verify=11.395ms
[labev] t=454682.006 ev.finalize=1.533ms
[labev] t=454682.006 ev.propose=0.002ms
[labev] t=454682.017 ev.verify=11.201ms
[labev] t=454682.019 ev.finalize=1.666ms
[labev] t=454682.019 ev.propose=0.002ms
[labev] t=454682.030 ev.verify=11.172ms
[labev] t=454682.032 ev.finalize=1.659ms
[labev] t=454682.032 ev.propose=0.001ms
[labev] t=454682.043 ev.verify=11.309ms
[labev] t=454682.045 ev.finalize=1.533ms
[labev] t=454682.045 ev.propose=0.002ms
[labev] t=454682.057 ev.verify=11.408ms
[labev] t=454682.058 ev.finalize=1.671ms
[labev] t=454682.058 ev.propose=0.002ms
[labev] t=454682.069 ev.verify=11.119ms
[labev] t=454682.071 ev.finalize=1.663ms
[labev] t=454682.071 ev.propose=0.002ms
[labev] t=454682.083 ev.verify=11.372ms
[labev] t=454682.084 ev.finalize=1.548ms
[labev] t=454682.084 ev.propose=0.002ms
[labev] t=454682.096 ev.verify=11.304ms
[labev] t=454682.097 ev.finalize=1.543ms
[labev] t=454682.097 ev.propose=0.002ms
[labev] t=454682.109 ev.verify=11.257ms
[labev] t=454682.110 ev.finalize=1.636ms
[labev] t=454682.110 ev.propose=0.002ms
[labev] t=454682.122 ev.verify=11.325ms
[labev] t=454682.123 ev.finalize=1.648ms
[labev] t=454682.124 ev.propose=0.002ms
[labev] t=454682.135 ev.verify=11.352ms
[labev] t=454682.137 ev.finalize=2.359ms
[labev] t=454682.137 ev.propose=0.002ms
[labev] t=454682.149 ev.verify=11.148ms
[labev] t=454682.150 ev.finalize=1.673ms
[labev] t=454682.150 ev.propose=0.002ms
[labev] t=454682.162 ev.verify=11.390ms
[labev] t=454682.163 ev.finalize=1.541ms
[labev] t=454682.164 ev.propose=0.002ms
[labev] t=454682.175 ev.verify=11.448ms
[labev] t=454682.177 ev.finalize=1.540ms
[labev] t=454682.177 ev.propose=0.002ms
[labev] t=454682.188 ev.verify=11.277ms
[labev] t=454682.190 ev.finalize=1.650ms
[labev] t=454682.190 ev.propose=0.002ms
[labev] t=454682.201 ev.verify=11.431ms
[labev] t=454682.203 ev.finalize=1.533ms
[labev] t=454682.203 ev.propose=0.002ms
[labev] t=454682.214 ev.verify=11.261ms
[labev] t=454682.216 ev.finalize=1.674ms
[labev] t=454682.216 ev.propose=0.001ms
[labev] t=454682.227 ev.verify=11.399ms
[labev] t=454682.229 ev.finalize=1.656ms
[labev] t=454682.229 ev.propose=0.002ms
[labev] t=454682.241 ev.verify=11.401ms
[labev] t=454682.242 ev.finalize=1.656ms
[labev] t=454682.242 ev.propose=0.001ms
[labev] t=454682.254 ev.verify=11.368ms
[labev] t=454682.255 ev.finalize=1.547ms
[labev] t=454682.255 ev.propose=0.002ms
[labev] t=454682.267 ev.verify=11.057ms
[labev] t=454682.268 ev.finalize=1.672ms
[labev] t=454682.268 ev.propose=0.002ms
[labev] t=454682.280 ev.verify=11.390ms
[labev] t=454682.281 ev.finalize=1.527ms
[labev] t=454682.281 ev.propose=0.002ms
[labev] t=454682.293 ev.verify=11.242ms
[labev] t=454682.294 ev.finalize=1.531ms
[labev] t=454682.294 ev.propose=0.002ms
[labev] t=454682.306 ev.verify=11.346ms
[labev] t=454682.307 ev.finalize=1.529ms
[labev] t=454682.307 ev.propose=0.002ms
[labev] t=454682.319 ev.verify=11.495ms
[labev] t=454682.320 ev.finalize=1.547ms
[labev] t=454682.321 ev.propose=0.002ms
[labev] t=454682.332 ev.verify=11.274ms
[labev] t=454682.334 ev.finalize=1.651ms
[labev] t=454682.334 ev.propose=0.002ms
[labev] t=454682.345 ev.verify=11.501ms
[labev] t=454682.347 ev.finalize=1.668ms
[labev] t=454682.347 ev.propose=0.002ms
[labev] t=454682.358 ev.verify=11.144ms
[labev] t=454682.360 ev.finalize=1.671ms
[labev] t=454682.360 ev.propose=0.002ms
[labev] t=454682.371 ev.verify=11.342ms
[labev] t=454682.373 ev.finalize=1.644ms
[labev] t=454682.373 ev.propose=0.002ms
[labev] t=454682.384 ev.verify=11.093ms
[labev] t=454682.386 ev.finalize=1.646ms
[labev] t=454682.386 ev.propose=0.002ms
[labev] t=454682.397 ev.verify=11.242ms
[labev] t=454682.400 ev.finalize=2.216ms
[labev] t=454682.400 ev.propose=0.002ms
[labev] t=454682.411 ev.verify=11.231ms
[labev] t=454682.413 ev.finalize=1.669ms
[labev] t=454682.413 ev.propose=0.002ms
[labev] t=454682.424 ev.verify=11.378ms
[labev] t=454682.426 ev.finalize=1.565ms
[labev] t=454682.426 ev.propose=0.002ms
[labev] t=454682.437 ev.verify=11.233ms
[labev] t=454682.439 ev.finalize=1.669ms
[labev] t=454682.439 ev.propose=0.002ms
[labev] t=454682.450 ev.verify=11.175ms
[labev] t=454682.452 ev.finalize=1.706ms
[labev] t=454682.452 ev.propose=0.002ms
[labev] t=454682.463 ev.verify=11.450ms
[labev] t=454682.465 ev.finalize=1.645ms
[labev] t=454682.465 ev.propose=0.002ms
[labev] t=454682.476 ev.verify=11.158ms
[labev] t=454682.478 ev.finalize=1.673ms
[labev] t=454682.478 ev.propose=0.002ms
[labev] t=454682.489 ev.verify=11.276ms
[labev] t=454682.491 ev.finalize=1.668ms
[labev] t=454682.493 req.start s1-p4096-o512-b2-r0=0.000ms
[labev] t=454682.493 req.handle=0.013ms
[labev] t=454682.513 tok.prepare=19.994ms
event=batching_admitted action=scheduler_admitted
[labev] t=454682.767 chunk.ord.total=253.862ms
[labev] t=454683.019 chunk.ord.total=251.884ms
[labev] t=454683.275 chunk.ord.total=255.889ms
[labev] t=454683.534 chunk.ord.total=258.781ms
[labev] t=454683.794 chunk.ord.total=260.504ms
[labev] t=454684.056 chunk.ord.total=261.899ms
[labev] t=454684.323 chunk.ord.total=266.265ms
[labev] t=454684.629 chunk.ord.total=306.659ms
[labev] t=454684.629 req.firsttoken s1-p4096-o512-b2-r0=2136.752ms
[labev] t=454684.765 ev.decode.rows1.cap0=136.058ms
[labev] t=454684.901 ev.decode.rows1.cap0=135.424ms
[labev] t=454685.036 ev.decode.rows1.cap0=134.852ms
[labev] t=454685.171 ev.decode.rows1.cap0=134.967ms
[labev] t=454685.306 ev.decode.rows1.cap0=134.793ms
[labev] t=454685.441 ev.decode.rows1.cap0=134.692ms
[labev] t=454685.576 ev.decode.rows1.cap0=134.876ms
[labev] t=454685.711 ev.decode.rows1.cap0=134.885ms
[labev] t=454685.846 ev.decode.rows1.cap0=134.945ms
[labev] t=454685.981 ev.decode.rows1.cap0=135.290ms
[labev] t=454686.116 ev.decode.rows1.cap0=134.847ms
[labev] t=454686.251 ev.decode.rows1.cap0=135.021ms
[labev] t=454686.386 ev.decode.rows1.cap0=135.261ms
[labev] t=454686.522 ev.decode.rows1.cap0=135.122ms
[labev] t=454686.657 ev.decode.rows1.cap0=134.873ms
[labev] t=454686.794 ev.decode.rows1.cap0=137.031ms
[labev] t=454686.930 ev.decode.rows1.cap0=136.213ms
[labev] t=454687.066 ev.decode.rows1.cap0=135.708ms
[labev] t=454687.202 ev.decode.rows1.cap0=135.526ms
[labev] t=454687.337 ev.decode.rows1.cap0=135.571ms
[labev] t=454687.473 ev.decode.rows1.cap0=135.648ms
[labev] t=454687.609 ev.decode.rows1.cap0=135.672ms
[labev] t=454687.744 ev.decode.rows1.cap0=135.660ms
[labev] t=454687.880 ev.decode.rows1.cap0=135.682ms
[labev] t=454688.016 ev.decode.rows1.cap0=135.694ms
[labev] t=454688.152 ev.decode.rows1.cap0=135.465ms
[labev] t=454688.287 ev.decode.rows1.cap0=135.522ms
[labev] t=454688.423 ev.decode.rows1.cap0=135.648ms
[labev] t=454688.559 ev.decode.rows1.cap0=135.535ms
[labev] t=454688.695 ev.decode.rows1.cap0=136.352ms
[labev] t=454688.831 ev.decode.rows1.cap0=135.818ms
[labev] t=454688.959 ev.decode.rows1.cap0=127.507ms
[labev] t=454692.417 req.start s1-p4096-o512-b3-r0=0.000ms
[labev] t=454692.417 req.handle=0.042ms
[labev] t=454692.437 tok.prepare=19.677ms
event=batching_admitted action=scheduler_admitted
[labev] t=454692.716 chunk.ord.total=278.707ms
[labev] t=454692.970 chunk.ord.total=253.704ms
[labev] t=454693.225 chunk.ord.total=255.432ms
[labev] t=454693.483 chunk.ord.total=257.330ms
[labev] t=454693.744 chunk.ord.total=260.789ms
[labev] t=454694.008 chunk.ord.total=264.102ms
[labev] t=454694.274 chunk.ord.total=266.157ms
[labev] t=454694.581 chunk.ord.total=306.896ms
[labev] t=454694.581 req.firsttoken s1-p4096-o512-b3-r0=2163.997ms
[labev] t=454694.717 ev.decode.rows1.cap0=135.818ms
[labev] t=454694.852 ev.decode.rows1.cap0=134.700ms
[labev] t=454694.987 ev.decode.rows1.cap0=135.253ms
[labev] t=454695.122 ev.decode.rows1.cap0=135.047ms
[labev] t=454695.257 ev.decode.rows1.cap0=135.042ms
[labev] t=454695.393 ev.decode.rows1.cap0=134.974ms
[labev] t=454695.528 ev.decode.rows1.cap0=135.019ms
[labev] t=454695.663 ev.decode.rows1.cap0=134.979ms
[labev] t=454695.798 ev.decode.rows1.cap0=134.820ms
[labev] t=454695.933 ev.decode.rows1.cap0=134.912ms
[labev] t=454696.068 ev.decode.rows1.cap0=135.200ms
[labev] t=454696.203 ev.decode.rows1.cap0=135.151ms
[labev] t=454696.338 ev.decode.rows1.cap0=135.026ms
[labev] t=454696.473 ev.decode.rows1.cap0=134.946ms
[labev] t=454696.609 ev.decode.rows1.cap0=135.204ms
[labev] t=454696.744 ev.decode.rows1.cap0=135.132ms
[labev] t=454696.879 ev.decode.rows1.cap0=135.298ms
[labev] t=454697.019 ev.decode.rows1.cap0=139.846ms
[labev] t=454697.156 ev.decode.rows1.cap0=136.243ms
[labev] t=454697.291 ev.decode.rows1.cap0=135.669ms
[labev] t=454697.427 ev.decode.rows1.cap0=135.609ms
[labev] t=454697.563 ev.decode.rows1.cap0=135.725ms
[labev] t=454697.699 ev.decode.rows1.cap0=135.902ms
[labev] t=454697.835 ev.decode.rows1.cap0=135.895ms
[labev] t=454697.971 ev.decode.rows1.cap0=135.591ms
[labev] t=454698.107 ev.decode.rows1.cap0=135.753ms
[labev] t=454698.242 ev.decode.rows1.cap0=135.601ms
[labev] t=454698.378 ev.decode.rows1.cap0=135.779ms
[labev] t=454698.514 ev.decode.rows1.cap0=135.599ms
[labev] t=454698.650 ev.decode.rows1.cap0=135.853ms
[labev] t=454698.786 ev.decode.rows1.cap0=135.648ms
[labev] t=454698.913 ev.decode.rows1.cap0=127.249ms
[labev] t=454698.914 req.start s1-p4096-o512-b3-r0=0.000ms
[labev] t=454698.914 req.handle=0.021ms
[labev] t=454698.934 tok.prepare=20.184ms
event=batching_admitted action=scheduler_admitted
[labev] t=454699.201 chunk.native.total=266.154ms
[labev] t=454699.466 chunk.native.total=265.504ms
[labev] t=454699.736 chunk.native.total=269.601ms
[labev] t=454700.008 chunk.native.total=272.101ms
[labev] t=454700.283 chunk.native.total=274.678ms
[labev] t=454700.563 chunk.native.total=279.678ms
[labprof] d0.performDecode.call=135.223ms/n64 f0.finalize.total=1.653ms/n132 f1.finalize.build=0.491ms/n132 f2.finalize.eval=1.127ms/n132 fc.finalize.call=1.657ms/n132 o1.ord.build=1.156ms/n1022 o2.ord.eval=7.284ms/n1022 p0.propose=0.002ms/n131 r0.round.interval=13.095ms/n131 s1.native.prefill.target=2.076ms/n7 s1.ord.prefill.target=40.189ms/n16 s2.native.prefill.drafter+eval=270.839ms/n7 s2.ord.prefill.eval=225.989ms/n16 s9.native.prefill.chunk.total=271.323ms/n6 s9.ord.prefill.chunk.total=266.213ms/n16 v0.verify.call=11.277ms/n132 v1.verify.build=0.815ms/n131 v2.verify.eval=10.359ms/n131
[labev] t=454700.845 chunk.native.total=282.754ms
[labev] t=454701.162 chunk.native.total=316.926ms
[labev] t=454701.162 req.firsttoken s1-p4096-o512-b3-r0=2248.511ms
[labev] t=454701.162 ev.propose=0.003ms
[labev] t=454701.180 ev.verify=17.706ms
[labev] t=454701.182 ev.finalize=1.719ms
[labev] t=454701.182 ev.propose=0.061ms
[labev] t=454701.194 ev.verify=11.423ms
[labev] t=454701.195 ev.finalize=1.627ms
[labev] t=454701.195 ev.propose=0.067ms
[labev] t=454701.207 ev.verify=11.282ms
[labev] t=454701.209 ev.finalize=1.719ms
[labev] t=454701.209 ev.propose=0.070ms
[labev] t=454701.220 ev.verify=11.093ms
[labev] t=454701.221 ev.finalize=1.635ms
[labev] t=454701.222 ev.propose=0.038ms
[labev] t=454701.233 ev.verify=11.200ms
[labev] t=454701.235 ev.finalize=1.604ms
[labev] t=454701.235 ev.propose=0.002ms
[labev] t=454701.246 ev.verify=11.274ms
[labev] t=454701.248 ev.finalize=1.610ms
[labev] t=454701.248 ev.propose=0.062ms
[labev] t=454701.259 ev.verify=11.369ms
[labev] t=454701.261 ev.finalize=1.594ms
[labev] t=454701.261 ev.propose=0.064ms
[labev] t=454701.272 ev.verify=11.303ms
[labev] t=454701.274 ev.finalize=1.613ms
[labev] t=454701.274 ev.propose=0.054ms
[labev] t=454701.285 ev.verify=10.987ms
[labev] t=454701.287 ev.finalize=2.210ms
[labev] t=454701.288 ev.propose=0.082ms
[labev] t=454701.299 ev.verify=11.295ms
[labev] t=454701.301 ev.finalize=1.623ms
[labev] t=454701.301 ev.propose=0.075ms
[labev] t=454701.312 ev.verify=11.146ms
[labev] t=454701.314 ev.finalize=1.614ms
[labev] t=454701.314 ev.propose=0.042ms
[labev] t=454701.325 ev.verify=11.124ms
[labev] t=454701.327 ev.finalize=1.708ms
[labev] t=454701.327 ev.propose=0.061ms
[labev] t=454701.338 ev.verify=11.156ms
[labev] t=454701.339 ev.finalize=1.495ms
[labev] t=454701.340 ev.propose=0.066ms
[labev] t=454701.351 ev.verify=11.166ms
[labev] t=454701.352 ev.finalize=1.605ms
[labev] t=454701.353 ev.propose=0.002ms
[labev] t=454701.364 ev.verify=11.239ms
[labev] t=454701.365 ev.finalize=1.518ms
[labev] t=454701.366 ev.propose=0.071ms
[labev] t=454701.377 ev.verify=11.109ms
[labev] t=454701.378 ev.finalize=1.614ms
[labev] t=454701.378 ev.propose=0.002ms
[labev] t=454701.390 ev.verify=11.173ms
[labev] t=454701.391 ev.finalize=1.612ms
[labev] t=454701.391 ev.propose=0.002ms
[labev] t=454701.403 ev.verify=11.110ms
[labev] t=454701.404 ev.finalize=1.660ms
[labev] t=454701.404 ev.propose=0.002ms
[labev] t=454701.416 ev.verify=11.200ms
[labev] t=454701.417 ev.finalize=1.622ms
[labev] t=454701.417 ev.propose=0.002ms
[labev] t=454701.429 ev.verify=11.195ms
[labev] t=454701.430 ev.finalize=1.626ms
[labev] t=454701.430 ev.propose=0.002ms
[labev] t=454701.441 ev.verify=11.119ms
[labev] t=454701.443 ev.finalize=1.587ms
[labev] t=454701.443 ev.propose=0.002ms
[labev] t=454701.454 ev.verify=11.268ms
[labev] t=454701.456 ev.finalize=1.624ms
[labev] t=454701.456 ev.propose=0.002ms
[labev] t=454701.468 ev.verify=11.364ms
[labev] t=454701.469 ev.finalize=1.625ms
[labev] t=454701.469 ev.propose=0.002ms
[labev] t=454701.481 ev.verify=11.156ms
[labev] t=454701.482 ev.finalize=1.607ms
[labev] t=454701.482 ev.propose=0.002ms
[labev] t=454701.494 ev.verify=11.208ms
[labev] t=454701.495 ev.finalize=1.603ms
[labev] t=454701.495 ev.propose=0.002ms
[labev] t=454701.507 ev.verify=11.255ms
[labev] t=454701.509 ev.finalize=2.263ms
[labev] t=454701.509 ev.propose=0.002ms
[labev] t=454701.520 ev.verify=11.281ms
[labev] t=454701.522 ev.finalize=1.643ms
[labev] t=454701.522 ev.propose=0.002ms
[labev] t=454701.533 ev.verify=11.255ms
[labev] t=454701.535 ev.finalize=1.621ms
[labev] t=454701.535 ev.propose=0.002ms
[labev] t=454701.546 ev.verify=11.259ms
[labev] t=454701.548 ev.finalize=1.615ms
[labev] t=454701.548 ev.propose=0.002ms
[labev] t=454701.559 ev.verify=11.170ms
[labev] t=454701.561 ev.finalize=1.615ms
[labev] t=454701.561 ev.propose=0.002ms
[labev] t=454701.572 ev.verify=11.164ms
[labev] t=454701.574 ev.finalize=1.637ms
[labev] t=454701.574 ev.propose=0.002ms
[labev] t=454701.585 ev.verify=11.158ms
[labev] t=454701.587 ev.finalize=1.636ms
[labev] t=454701.587 ev.propose=0.002ms
[labev] t=454701.598 ev.verify=11.222ms
[labev] t=454701.600 ev.finalize=1.611ms
[labev] t=454701.600 ev.propose=0.002ms
[labev] t=454701.611 ev.verify=11.326ms
[labev] t=454701.613 ev.finalize=1.624ms
[labev] t=454701.613 ev.propose=0.002ms
[labev] t=454701.624 ev.verify=11.101ms
[labev] t=454701.626 ev.finalize=1.592ms
[labev] t=454701.626 ev.propose=0.002ms
[labev] t=454701.637 ev.verify=11.115ms
[labev] t=454701.639 ev.finalize=1.608ms
[labev] t=454701.639 ev.propose=0.002ms
[labev] t=454701.650 ev.verify=11.452ms
[labev] t=454701.652 ev.finalize=1.622ms
[labev] t=454701.652 ev.propose=0.002ms
[labev] t=454701.664 ev.verify=11.353ms
[labev] t=454701.665 ev.finalize=1.621ms
[labev] t=454701.665 ev.propose=0.002ms
[labev] t=454701.676 ev.verify=11.137ms
[labev] t=454701.678 ev.finalize=1.612ms
[labev] t=454701.678 ev.propose=0.002ms
[labev] t=454701.689 ev.verify=10.992ms
[labev] t=454701.691 ev.finalize=1.613ms
[labev] t=454701.691 ev.propose=0.002ms
[labev] t=454701.702 ev.verify=11.158ms
[labev] t=454701.704 ev.finalize=1.615ms
[labev] t=454701.704 ev.propose=0.002ms
[labev] t=454701.715 ev.verify=11.301ms
[labev] t=454701.717 ev.finalize=2.217ms
[labev] t=454701.718 ev.propose=0.002ms
[labev] t=454701.729 ev.verify=11.471ms
[labev] t=454701.731 ev.finalize=1.614ms
[labev] t=454701.731 ev.propose=0.002ms
[labev] t=454701.742 ev.verify=11.312ms
[labev] t=454701.744 ev.finalize=1.602ms
[labev] t=454701.744 ev.propose=0.002ms
[labev] t=454701.755 ev.verify=11.084ms
[labev] t=454701.757 ev.finalize=1.621ms
[labev] t=454701.757 ev.propose=0.001ms
[labev] t=454701.768 ev.verify=11.094ms
[labev] t=454701.770 ev.finalize=1.601ms
[labev] t=454701.770 ev.propose=0.002ms
[labev] t=454701.781 ev.verify=11.284ms
[labev] t=454701.783 ev.finalize=1.605ms
[labev] t=454701.783 ev.propose=0.002ms
[labev] t=454701.794 ev.verify=11.109ms
[labev] t=454701.796 ev.finalize=1.615ms
[labev] t=454701.796 ev.propose=0.002ms
[labev] t=454701.807 ev.verify=11.307ms
[labev] t=454701.809 ev.finalize=1.597ms
[labev] t=454701.809 ev.propose=0.001ms
[labev] t=454701.820 ev.verify=11.141ms
[labev] t=454701.821 ev.finalize=1.576ms
[labev] t=454701.822 ev.propose=0.002ms
[labev] t=454701.833 ev.verify=11.154ms
[labev] t=454701.834 ev.finalize=1.469ms
[labev] t=454701.834 ev.propose=0.002ms
[labev] t=454701.845 ev.verify=11.093ms
[labev] t=454701.847 ev.finalize=1.611ms
[labev] t=454701.847 ev.propose=0.002ms
[labev] t=454701.859 ev.verify=11.285ms
[labev] t=454701.860 ev.finalize=1.621ms
[labev] t=454701.860 ev.propose=0.002ms
[labev] t=454701.872 ev.verify=11.287ms
[labev] t=454701.873 ev.finalize=1.616ms
[labev] t=454701.873 ev.propose=0.002ms
[labev] t=454701.885 ev.verify=11.260ms
[labev] t=454701.886 ev.finalize=1.638ms
[labev] t=454701.886 ev.propose=0.002ms
[labev] t=454701.897 ev.verify=11.086ms
[labev] t=454701.899 ev.finalize=1.588ms
[labev] t=454701.899 ev.propose=0.001ms
[labev] t=454701.910 ev.verify=11.189ms
[labev] t=454701.912 ev.finalize=1.492ms
[labev] t=454701.912 ev.propose=0.001ms
[labev] t=454701.923 ev.verify=11.126ms
[labev] t=454701.925 ev.finalize=1.491ms
[labev] t=454701.925 ev.propose=0.001ms
[labev] t=454701.936 ev.verify=11.291ms
[labev] t=454701.938 ev.finalize=1.612ms
[labev] t=454701.938 ev.propose=0.001ms
[labev] t=454701.949 ev.verify=11.120ms
[labev] t=454701.951 ev.finalize=2.238ms
[labev] t=454701.951 ev.propose=0.002ms
[labev] t=454701.963 ev.verify=11.236ms
[labev] t=454701.964 ev.finalize=1.521ms
[labev] t=454701.964 ev.propose=0.002ms
[labev] t=454701.975 ev.verify=11.021ms
[labev] t=454701.977 ev.finalize=1.597ms
[labev] t=454701.977 ev.propose=0.002ms
[labev] t=454701.988 ev.verify=11.183ms
[labev] t=454701.990 ev.finalize=1.484ms
[labev] t=454701.990 ev.propose=0.001ms
[labev] t=454702.001 ev.verify=11.074ms
[labev] t=454702.003 ev.finalize=1.624ms
[labev] t=454702.003 ev.propose=0.002ms
[labev] t=454702.014 ev.verify=11.095ms
[labev] t=454702.016 ev.finalize=1.485ms
[labev] t=454702.016 ev.propose=0.002ms
[labev] t=454702.027 ev.verify=11.024ms
[labev] t=454702.028 ev.finalize=1.662ms
[labev] t=454702.028 ev.propose=0.002ms
[labev] t=454702.040 ev.verify=11.134ms
[labev] t=454702.041 ev.finalize=1.640ms
[labev] t=454702.041 ev.propose=0.002ms
[labev] t=454702.052 ev.verify=10.994ms
[labev] t=454702.054 ev.finalize=1.511ms
[labev] t=454702.054 ev.propose=0.002ms
[labev] t=454702.065 ev.verify=11.259ms
[labev] t=454702.067 ev.finalize=1.509ms
[labev] t=454702.067 ev.propose=0.002ms
[labev] t=454702.078 ev.verify=11.263ms
[labev] t=454702.080 ev.finalize=1.498ms
[labev] t=454702.080 ev.propose=0.002ms
[labev] t=454702.091 ev.verify=11.296ms
[labev] t=454702.093 ev.finalize=1.496ms
[labev] t=454702.093 ev.propose=0.002ms
[labev] t=454702.104 ev.verify=11.142ms
[labev] t=454702.106 ev.finalize=1.507ms
[labev] t=454702.106 ev.propose=0.002ms
[labev] t=454702.117 ev.verify=10.969ms
[labev] t=454702.118 ev.finalize=1.612ms
[labev] t=454702.118 ev.propose=0.002ms
[labev] t=454702.130 ev.verify=11.283ms
[labev] t=454702.131 ev.finalize=1.620ms
[labev] t=454702.132 ev.propose=0.002ms
[labev] t=454702.143 ev.verify=11.148ms
[labev] t=454702.144 ev.finalize=1.596ms
[labev] t=454702.144 ev.propose=0.002ms
[labev] t=454702.156 ev.verify=11.167ms
[labev] t=454702.157 ev.finalize=1.613ms
[labev] t=454702.157 ev.propose=0.002ms
[labev] t=454702.169 ev.verify=11.412ms
[labev] t=454702.170 ev.finalize=1.609ms
[labev] t=454702.171 ev.propose=0.002ms
[labev] t=454702.182 ev.verify=11.094ms
[labev] t=454702.183 ev.finalize=1.606ms
[labev] t=454702.183 ev.propose=0.002ms
[labev] t=454702.195 ev.verify=11.363ms
[labev] t=454702.196 ev.finalize=1.603ms
[labev] t=454702.197 ev.propose=0.002ms
[labev] t=454702.208 ev.verify=11.276ms
[labev] t=454702.210 ev.finalize=2.233ms
[labev] t=454702.210 ev.propose=0.002ms
[labev] t=454702.222 ev.verify=11.339ms
[labev] t=454702.223 ev.finalize=1.609ms
[labev] t=454702.223 ev.propose=0.002ms
[labev] t=454702.234 ev.verify=11.153ms
[labev] t=454702.236 ev.finalize=1.607ms
[labev] t=454702.236 ev.propose=0.002ms
[labev] t=454702.247 ev.verify=11.148ms
[labev] t=454702.249 ev.finalize=1.685ms
[labev] t=454702.249 ev.propose=0.002ms
[labev] t=454702.260 ev.verify=11.211ms
[labev] t=454702.262 ev.finalize=1.627ms
[labev] t=454702.262 ev.propose=0.002ms
[labev] t=454702.273 ev.verify=11.080ms
[labev] t=454702.275 ev.finalize=1.770ms
[labev] t=454702.275 ev.propose=0.002ms
[labev] t=454702.286 ev.verify=11.229ms
[labev] t=454702.288 ev.finalize=1.616ms
[labev] t=454702.288 ev.propose=0.002ms
[labev] t=454702.300 ev.verify=11.377ms
[labev] t=454702.301 ev.finalize=1.609ms
[labev] t=454702.301 ev.propose=0.002ms
[labev] t=454702.313 ev.verify=11.274ms
[labev] t=454702.314 ev.finalize=1.621ms
[labev] t=454702.314 ev.propose=0.002ms
[labev] t=454702.326 ev.verify=11.368ms
[labev] t=454702.328 ev.finalize=1.610ms
[labev] t=454702.328 ev.propose=0.002ms
[labev] t=454702.339 ev.verify=11.301ms
[labev] t=454702.341 ev.finalize=1.639ms
[labev] t=454702.341 ev.propose=0.002ms
[labev] t=454702.352 ev.verify=11.043ms
[labev] t=454702.353 ev.finalize=1.646ms
[labev] t=454702.354 ev.propose=0.002ms
[labev] t=454702.365 ev.verify=11.304ms
[labev] t=454702.367 ev.finalize=1.615ms
[labev] t=454702.367 ev.propose=0.001ms
[labev] t=454702.378 ev.verify=11.037ms
[labev] t=454702.379 ev.finalize=1.629ms
[labev] t=454702.379 ev.propose=0.002ms
[labev] t=454702.391 ev.verify=11.495ms
[labev] t=454702.393 ev.finalize=1.606ms
[labev] t=454702.393 ev.propose=0.002ms
[labev] t=454702.404 ev.verify=11.328ms
[labev] t=454702.406 ev.finalize=1.632ms
[labev] t=454702.406 ev.propose=0.002ms
[labev] t=454702.417 ev.verify=11.303ms
[labev] t=454702.420 ev.finalize=2.296ms
[labev] t=454702.420 ev.propose=0.002ms
[labev] t=454702.431 ev.verify=11.400ms
[labev] t=454702.433 ev.finalize=1.629ms
[labev] t=454702.433 ev.propose=0.002ms
[labev] t=454702.444 ev.verify=11.380ms
[labev] t=454702.446 ev.finalize=1.641ms
[labev] t=454702.446 ev.propose=0.002ms
[labev] t=454702.457 ev.verify=11.312ms
[labev] t=454702.459 ev.finalize=1.675ms
[labev] t=454702.459 ev.propose=0.002ms
[labev] t=454702.470 ev.verify=11.296ms
[labev] t=454702.472 ev.finalize=1.624ms
[labev] t=454702.472 ev.propose=0.002ms
[labev] t=454702.484 ev.verify=11.315ms
[labev] t=454702.485 ev.finalize=1.496ms
[labev] t=454702.485 ev.propose=0.002ms
[labev] t=454702.496 ev.verify=11.188ms
[labev] t=454702.498 ev.finalize=1.638ms
[labev] t=454702.498 ev.propose=0.002ms
[labev] t=454702.509 ev.verify=11.258ms
[labev] t=454702.511 ev.finalize=1.619ms
[labev] t=454702.511 ev.propose=0.002ms
[labev] t=454702.522 ev.verify=11.064ms
[labev] t=454702.524 ev.finalize=1.626ms
[labev] t=454702.524 ev.propose=0.001ms
[labev] t=454702.535 ev.verify=11.266ms
[labev] t=454702.537 ev.finalize=1.615ms
[labev] t=454702.537 ev.propose=0.002ms
[labev] t=454702.549 ev.verify=11.397ms
[labev] t=454702.550 ev.finalize=1.618ms
[labev] t=454702.550 ev.propose=0.001ms
[labev] t=454702.561 ev.verify=11.117ms
[labev] t=454702.563 ev.finalize=1.639ms
[labev] t=454702.563 ev.propose=0.002ms
[labev] t=454702.574 ev.verify=11.138ms
[labev] t=454702.576 ev.finalize=1.667ms
[labev] t=454702.576 ev.propose=0.002ms
[labev] t=454702.588 ev.verify=11.314ms
[labev] t=454702.589 ev.finalize=1.511ms
[labev] t=454702.589 ev.propose=0.002ms
[labev] t=454702.600 ev.verify=11.137ms
[labev] t=454702.602 ev.finalize=1.706ms
[labev] t=454702.602 ev.propose=0.002ms
[labev] t=454702.614 ev.verify=11.369ms
[labev] t=454702.615 ev.finalize=1.619ms
[labev] t=454702.615 ev.propose=0.002ms
[labev] t=454702.627 ev.verify=11.366ms
[labev] t=454702.628 ev.finalize=1.614ms
[labev] t=454702.629 ev.propose=0.002ms
[labev] t=454702.640 ev.verify=11.249ms
[labev] t=454702.642 ev.finalize=2.280ms
[labev] t=454702.642 ev.propose=0.002ms
[labev] t=454702.653 ev.verify=11.236ms
[labev] t=454702.655 ev.finalize=1.641ms
[labev] t=454702.655 ev.propose=0.002ms
[labev] t=454702.667 ev.verify=11.467ms
[labev] t=454702.668 ev.finalize=1.629ms
[labev] t=454702.669 ev.propose=0.002ms
[labev] t=454702.680 ev.verify=11.048ms
[labev] t=454702.681 ev.finalize=1.606ms
[labev] t=454702.681 ev.propose=0.002ms
[labev] t=454702.693 ev.verify=11.215ms
[labev] t=454702.694 ev.finalize=1.630ms
[labev] t=454702.694 ev.propose=0.002ms
[labev] t=454702.706 ev.verify=11.239ms
[labev] t=454702.707 ev.finalize=1.662ms
[labev] t=454702.707 ev.propose=0.002ms
[labev] t=454702.719 ev.verify=11.285ms
[labev] t=454702.720 ev.finalize=1.519ms
[labev] t=454702.720 ev.propose=0.002ms
[labev] t=454702.732 ev.verify=11.153ms
[labev] t=454702.733 ev.finalize=1.516ms
[labev] t=454702.733 ev.propose=0.002ms
[labev] t=454702.745 ev.verify=11.286ms
[labev] t=454702.746 ev.finalize=1.620ms
[labev] t=454702.746 ev.propose=0.002ms
[labev] t=454702.758 ev.verify=11.227ms
[labev] t=454702.759 ev.finalize=1.633ms
[labev] t=454702.759 ev.propose=0.002ms
[labev] t=454702.770 ev.verify=11.089ms
[labev] t=454702.772 ev.finalize=1.522ms
[labev] t=454702.772 ev.propose=0.002ms
[labev] t=454702.783 ev.verify=11.135ms
[labev] t=454702.785 ev.finalize=1.628ms
[labev] t=454702.785 ev.propose=0.002ms
[labev] t=454702.796 ev.verify=11.298ms
[labev] t=454702.798 ev.finalize=1.503ms
[labev] t=454702.798 ev.propose=0.002ms
[labev] t=454702.809 ev.verify=11.374ms
[labev] t=454702.811 ev.finalize=1.623ms
[labev] t=454702.811 ev.propose=0.001ms
[labev] t=454702.822 ev.verify=11.196ms
[labev] t=454702.824 ev.finalize=1.627ms
[labev] t=454702.824 ev.propose=0.002ms
[labev] t=454702.835 ev.verify=11.119ms
[labev] t=454702.837 ev.finalize=1.650ms
[labev] t=454702.837 ev.propose=0.002ms
[labev] t=454702.848 ev.verify=11.287ms
[labev] t=454702.850 ev.finalize=1.642ms
[labev] t=454702.850 ev.propose=0.002ms
[labev] t=454702.861 ev.verify=11.317ms
[labev] t=454702.863 ev.finalize=1.544ms
[labev] t=454702.863 ev.propose=0.002ms
[labev] t=454702.874 ev.verify=11.200ms
[labev] t=454702.877 ev.finalize=2.313ms
[labev] t=454702.877 ev.propose=0.002ms
[labev] t=454702.888 ev.verify=11.247ms
[labev] t=454702.890 ev.finalize=1.626ms
[labev] t=454702.890 ev.propose=0.002ms
[labev] t=454702.901 ev.verify=11.318ms
[labev] t=454702.903 ev.finalize=1.602ms
[labev] t=454702.903 ev.propose=0.001ms
[labev] t=454702.914 ev.verify=11.204ms
[labev] t=454702.916 ev.finalize=1.607ms
[labev] t=454702.916 ev.propose=0.002ms
[labev] t=454702.927 ev.verify=11.127ms
[labev] t=454702.929 ev.finalize=1.618ms
[labev] t=454702.929 ev.propose=0.001ms
[labev] t=454702.940 ev.verify=11.258ms
[labev] t=454702.942 ev.finalize=1.685ms
[labev] t=454702.942 ev.propose=0.002ms
[labev] t=454702.953 ev.verify=11.386ms
[labev] t=454702.955 ev.finalize=1.798ms
[labev] t=454702.955 ev.propose=0.002ms
[labev] t=454702.966 ev.verify=11.134ms
[labev] t=454702.968 ev.finalize=1.508ms
[labev] t=454702.968 ev.propose=0.001ms
[labev] t=454702.979 ev.verify=11.007ms
[labev] t=454702.981 ev.finalize=1.613ms
[labev] t=454702.981 ev.propose=0.001ms
[labev] t=454702.992 ev.verify=11.410ms
[labev] t=454702.994 ev.finalize=1.645ms
[labev] t=454702.994 ev.propose=0.002ms
[labev] t=454703.005 ev.verify=11.302ms
[labev] t=454703.007 ev.finalize=1.632ms
[labev] t=454703.007 ev.propose=0.002ms
[labev] t=454703.018 ev.verify=11.362ms
[labev] t=454703.020 ev.finalize=1.648ms
[labev] t=454703.020 ev.propose=0.002ms
[labev] t=454703.031 ev.verify=11.196ms
[labev] t=454703.033 ev.finalize=1.517ms
[labev] t=454703.033 ev.propose=0.001ms
[labev] t=454703.044 ev.verify=11.327ms
[labev] t=454703.046 ev.finalize=1.639ms
[labev] t=454703.046 ev.propose=0.002ms
[labev] t=454703.058 ev.verify=11.244ms
[labev] t=454703.059 ev.finalize=1.645ms
[labev] t=454703.059 ev.propose=0.002ms
[labev] t=454703.071 ev.verify=11.561ms
[labev] t=454703.073 ev.finalize=1.635ms
[labev] t=454703.073 ev.propose=0.002ms
[labev] t=454703.084 ev.verify=11.611ms
[labev] t=454703.086 ev.finalize=1.628ms
[labev] t=454703.086 ev.propose=0.002ms
[labev] t=454703.098 ev.verify=11.550ms
[labev] t=454703.100 ev.finalize=2.293ms
[labev] t=454703.100 ev.propose=0.002ms
[labev] t=454703.111 ev.verify=11.124ms
[labev] t=454703.113 ev.finalize=1.628ms
[labev] t=454703.113 ev.propose=0.002ms
[labev] t=454703.124 ev.verify=11.100ms
[labev] t=454703.126 ev.finalize=1.601ms
[labev] t=454703.126 ev.propose=0.001ms
[labev] t=454703.137 ev.verify=11.216ms
[labev] t=454703.139 ev.finalize=1.631ms
[labev] t=454703.139 ev.propose=0.001ms
[labev] t=454703.150 ev.verify=11.129ms
[labev] t=454703.152 ev.finalize=1.629ms
[labev] t=454703.152 ev.propose=0.002ms
[labev] t=454703.163 ev.verify=11.289ms
[labev] t=454703.165 ev.finalize=1.640ms
[labev] t=454703.165 ev.propose=0.002ms
[labev] t=454703.176 ev.verify=11.354ms
[labev] t=454703.178 ev.finalize=1.653ms
[labev] t=454703.178 ev.propose=0.002ms
[labev] t=454703.190 ev.verify=11.462ms
[labev] t=454703.191 ev.finalize=1.638ms
[labev] t=454703.191 ev.propose=0.002ms
[labev] t=454703.203 ev.verify=11.240ms
[labev] t=454703.204 ev.finalize=1.664ms
[labev] t=454703.204 ev.propose=0.002ms
[labev] t=454703.216 ev.verify=11.162ms
[labev] t=454703.217 ev.finalize=1.615ms
[labev] t=454703.217 ev.propose=0.002ms
[labev] t=454703.229 ev.verify=11.332ms
[labev] t=454703.230 ev.finalize=1.632ms
[labev] t=454703.230 ev.propose=0.002ms
[labev] t=454703.242 ev.verify=11.266ms
[labev] t=454703.243 ev.finalize=1.647ms
[labev] t=454703.244 ev.propose=0.002ms
[labev] t=454703.255 ev.verify=11.346ms
[labev] t=454703.257 ev.finalize=1.637ms
[labev] t=454703.257 ev.propose=0.002ms
[labev] t=454703.268 ev.verify=11.081ms
[labev] t=454703.269 ev.finalize=1.642ms
[labev] t=454703.270 ev.propose=0.002ms
[labev] t=454703.281 ev.verify=11.508ms
[labev] t=454703.283 ev.finalize=1.602ms
[labev] t=454703.283 ev.propose=0.002ms
[labev] t=454703.294 ev.verify=11.341ms
[labev] t=454703.296 ev.finalize=1.639ms
[labev] t=454703.296 ev.propose=0.002ms
[labev] t=454703.307 ev.verify=11.285ms
[labev] t=454703.310 ev.finalize=2.279ms
[labev] t=454703.310 ev.propose=0.002ms
[labev] t=454703.321 ev.verify=11.155ms
[labev] t=454703.323 ev.finalize=1.625ms
[labev] t=454703.323 ev.propose=0.002ms
[labev] t=454703.334 ev.verify=11.308ms
[labev] t=454703.336 ev.finalize=1.651ms
[labev] t=454703.336 ev.propose=0.002ms
[labev] t=454703.347 ev.verify=11.474ms
[labev] t=454703.349 ev.finalize=1.633ms
[labev] t=454703.349 ev.propose=0.002ms
[labev] t=454703.360 ev.verify=11.111ms
[labev] t=454703.362 ev.finalize=1.644ms
[labev] t=454703.362 ev.propose=0.002ms
[labev] t=454703.373 ev.verify=11.355ms
[labev] t=454703.375 ev.finalize=1.502ms
[labev] t=454703.375 ev.propose=0.001ms
[labev] t=454703.386 ev.verify=11.110ms
[labev] t=454703.388 ev.finalize=1.673ms
[labev] t=454703.388 ev.propose=0.002ms
[labev] t=454703.399 ev.verify=11.266ms
[labev] t=454703.401 ev.finalize=1.629ms
[labev] t=454703.401 ev.propose=0.002ms
[labev] t=454703.412 ev.verify=11.270ms
[labev] t=454703.414 ev.finalize=1.649ms
[labev] t=454703.414 ev.propose=0.002ms
[labev] t=454703.425 ev.verify=11.254ms
[labev] t=454703.427 ev.finalize=1.629ms
[labev] t=454703.427 ev.propose=0.002ms
[labev] t=454703.439 ev.verify=11.396ms
[labev] t=454703.440 ev.finalize=1.638ms
[labev] t=454703.440 ev.propose=0.001ms
[labev] t=454703.452 ev.verify=11.237ms
[labev] t=454703.453 ev.finalize=1.630ms
[labev] t=454703.453 ev.propose=0.001ms
[labev] t=454703.464 ev.verify=11.149ms
[labev] t=454703.466 ev.finalize=1.646ms
[labev] t=454703.466 ev.propose=0.002ms
[labev] t=454703.478 ev.verify=11.474ms
[labev] t=454703.479 ev.finalize=1.654ms
[labev] t=454703.480 ev.propose=0.002ms
[labev] t=454703.491 ev.verify=11.285ms
[labev] t=454703.492 ev.finalize=1.521ms
[labev] t=454703.492 ev.propose=0.002ms
[labev] t=454703.504 ev.verify=11.235ms
[labev] t=454703.505 ev.finalize=1.512ms
[labev] t=454703.505 ev.propose=0.002ms
[labev] t=454703.517 ev.verify=11.213ms
[labev] t=454703.518 ev.finalize=1.637ms
[labev] t=454703.518 ev.propose=0.002ms
[labev] t=454703.530 ev.verify=11.237ms
[labev] t=454703.531 ev.finalize=1.624ms
[labev] t=454703.531 ev.propose=0.002ms
[labev] t=454703.543 ev.verify=11.454ms
[labev] t=454703.545 ev.finalize=2.297ms
[labev] t=454703.545 ev.propose=0.002ms
[labev] t=454703.557 ev.verify=11.208ms
[labev] t=454703.558 ev.finalize=1.647ms
[labev] t=454703.558 ev.propose=0.002ms
[labev] t=454703.570 ev.verify=11.351ms
[labev] t=454703.571 ev.finalize=1.533ms
[labev] t=454703.571 ev.propose=0.002ms
[labev] t=454703.583 ev.verify=11.379ms
[labev] t=454703.584 ev.finalize=1.636ms
[labev] t=454703.585 ev.propose=0.002ms
[labev] t=454703.596 ev.verify=11.405ms
[labev] t=454703.598 ev.finalize=1.628ms
[labev] t=454703.598 ev.propose=0.002ms
[labev] t=454703.609 ev.verify=11.405ms
[labev] t=454703.611 ev.finalize=1.631ms
[labev] t=454703.611 ev.propose=0.002ms
[labev] t=454703.622 ev.verify=11.379ms
[labev] t=454703.624 ev.finalize=1.509ms
[labev] t=454703.624 ev.propose=0.002ms
[labev] t=454703.635 ev.verify=11.373ms
[labev] t=454703.637 ev.finalize=1.636ms
[labev] t=454703.637 ev.propose=0.001ms
[labev] t=454703.649 ev.verify=11.384ms
[labev] t=454703.650 ev.finalize=1.644ms
[labev] t=454703.650 ev.propose=0.002ms
[labev] t=454703.662 ev.verify=11.293ms
[labev] t=454703.663 ev.finalize=1.628ms
[labev] t=454703.663 ev.propose=0.002ms
[labev] t=454703.675 ev.verify=11.422ms
[labev] t=454703.677 ev.finalize=1.647ms
[labev] t=454703.677 ev.propose=0.002ms
[labev] t=454703.688 ev.verify=11.407ms
[labev] t=454703.690 ev.finalize=1.652ms
[labev] t=454703.690 ev.propose=0.002ms
[labev] t=454703.701 ev.verify=11.476ms
[labev] t=454703.703 ev.finalize=1.636ms
[labev] t=454703.703 ev.propose=0.002ms
[labev] t=454703.715 ev.verify=11.405ms
[labev] t=454703.716 ev.finalize=1.636ms
[labev] t=454703.716 ev.propose=0.002ms
[labev] t=454703.728 ev.verify=11.414ms
[labev] t=454703.730 ev.finalize=1.645ms
[labev] t=454703.730 ev.propose=0.002ms
[labev] t=454703.741 ev.verify=11.300ms
[labev] t=454703.743 ev.finalize=1.652ms
[labev] t=454703.743 ev.propose=0.002ms
[labev] t=454703.754 ev.verify=11.187ms
[labev] t=454703.756 ev.finalize=1.653ms
[labev] t=454703.756 ev.propose=0.002ms
[labev] t=454703.767 ev.verify=11.289ms
[labev] t=454703.769 ev.finalize=2.344ms
[labev] t=454703.770 ev.propose=0.002ms
[labev] t=454703.781 ev.verify=11.376ms
[labev] t=454703.783 ev.finalize=1.643ms
[labev] t=454703.783 ev.propose=0.001ms
[labev] t=454703.794 ev.verify=11.442ms
[labev] t=454703.796 ev.finalize=1.651ms
[labev] t=454703.796 ev.propose=0.002ms
[labev] t=454703.807 ev.verify=11.106ms
[labev] t=454703.809 ev.finalize=1.642ms
[labev] t=454703.809 ev.propose=0.001ms
[labev] t=454703.820 ev.verify=11.244ms
[labev] t=454703.822 ev.finalize=1.628ms
[labev] t=454703.822 ev.propose=0.002ms
[labev] t=454703.833 ev.verify=11.131ms
[labev] t=454703.835 ev.finalize=1.649ms
[labev] t=454703.835 ev.propose=0.002ms
[labev] t=454703.846 ev.verify=11.340ms
[labev] t=454703.848 ev.finalize=1.517ms
[labev] t=454703.848 ev.propose=0.002ms
[labev] t=454703.859 ev.verify=11.229ms
[labev] t=454703.861 ev.finalize=1.506ms
[labev] t=454703.861 ev.propose=0.001ms
[labev] t=454703.872 ev.verify=11.352ms
[labev] t=454703.874 ev.finalize=1.627ms
[labev] t=454703.874 ev.propose=0.001ms
[labev] t=454703.885 ev.verify=11.156ms
[labev] t=454703.887 ev.finalize=1.665ms
[labev] t=454703.887 ev.propose=0.002ms
[labev] t=454703.898 ev.verify=11.317ms
[labev] t=454703.900 ev.finalize=1.518ms
[labev] t=454703.900 ev.propose=0.002ms
[labev] t=454703.911 ev.verify=11.302ms
[labev] t=454703.913 ev.finalize=1.641ms
[labev] t=454703.913 ev.propose=0.002ms
[labev] t=454703.924 ev.verify=11.252ms
[labev] t=454703.926 ev.finalize=1.650ms
[labev] t=454703.926 ev.propose=0.002ms
[labev] t=454703.937 ev.verify=11.261ms
[labev] t=454703.939 ev.finalize=1.622ms
[labev] t=454703.939 ev.propose=0.002ms
[labev] t=454703.950 ev.verify=11.080ms
[labev] t=454703.952 ev.finalize=1.539ms
[labev] t=454703.952 ev.propose=0.002ms
[labev] t=454703.963 ev.verify=11.400ms
[labev] t=454703.965 ev.finalize=1.642ms
[labev] t=454703.965 ev.propose=0.002ms
[labev] t=454703.976 ev.verify=11.225ms
[labev] t=454703.978 ev.finalize=1.679ms
[labev] t=454703.978 ev.propose=0.002ms
[labev] t=454703.990 ev.verify=11.475ms
[labev] t=454703.991 ev.finalize=1.557ms
[labev] t=454703.991 ev.propose=0.002ms
[labev] t=454704.003 ev.verify=11.262ms
[labev] t=454704.004 ev.finalize=1.548ms
[labev] t=454704.004 ev.propose=0.002ms
[labev] t=454704.016 ev.verify=11.113ms
[labev] t=454704.018 ev.finalize=2.196ms
[labev] t=454704.018 ev.propose=0.002ms
[labev] t=454704.029 ev.verify=11.299ms
[labev] t=454704.031 ev.finalize=1.659ms
[labev] t=454704.031 ev.propose=0.002ms
[labev] t=454704.042 ev.verify=11.384ms
[labev] t=454704.044 ev.finalize=1.658ms
[labev] t=454704.044 ev.propose=0.002ms
[labev] t=454704.055 ev.verify=11.142ms
[labev] t=454704.057 ev.finalize=1.660ms
[labev] t=454704.057 ev.propose=0.002ms
[labev] t=454704.069 ev.verify=11.434ms
[labev] t=454704.070 ev.finalize=1.533ms
[labev] t=454704.070 ev.propose=0.002ms
[labev] t=454704.081 ev.verify=11.206ms
[labev] t=454704.083 ev.finalize=1.642ms
[labev] t=454704.083 ev.propose=0.002ms
[labev] t=454704.095 ev.verify=11.269ms
[labev] t=454704.096 ev.finalize=1.547ms
[labev] t=454704.096 ev.propose=0.002ms
[labev] t=454704.107 ev.verify=11.179ms
[labev] t=454704.109 ev.finalize=1.520ms
[labev] t=454704.109 ev.propose=0.002ms
[labev] t=454704.121 ev.verify=11.422ms
[labev] t=454704.122 ev.finalize=1.647ms
[labev] t=454704.122 ev.propose=0.002ms
[labev] t=454704.134 ev.verify=11.263ms
[labev] t=454704.135 ev.finalize=1.530ms
[labev] t=454704.135 ev.propose=0.002ms
[labev] t=454704.146 ev.verify=11.202ms
[labev] t=454704.148 ev.finalize=1.556ms
[labev] t=454704.148 ev.propose=0.002ms
[labev] t=454704.159 ev.verify=11.304ms
[labev] t=454704.161 ev.finalize=1.642ms
[labev] t=454704.161 ev.propose=0.002ms
[labev] t=454704.173 ev.verify=11.528ms
[labev] t=454704.175 ev.finalize=1.649ms
[labev] t=454704.175 ev.propose=0.002ms
[labev] t=454704.186 ev.verify=11.435ms
[labev] t=454704.188 ev.finalize=1.645ms
[labev] t=454704.188 ev.propose=0.002ms
[labev] t=454704.199 ev.verify=11.378ms
[labev] t=454704.201 ev.finalize=1.645ms
[labev] t=454704.201 ev.propose=0.002ms
[labev] t=454704.212 ev.verify=11.227ms
[labev] t=454704.214 ev.finalize=1.651ms
[labev] t=454704.214 ev.propose=0.002ms
[labev] t=454704.225 ev.verify=11.337ms
[labev] t=454704.227 ev.finalize=1.673ms
[labev] t=454704.227 ev.propose=0.002ms
[labev] t=454704.239 ev.verify=11.402ms
[labev] t=454704.240 ev.finalize=1.534ms
[labev] t=454704.240 ev.propose=0.002ms
[labev] t=454704.252 ev.verify=11.381ms
[labev] t=454704.253 ev.finalize=1.640ms
[labev] t=454704.254 ev.propose=0.002ms
[labev] t=454704.265 ev.verify=11.216ms
[labev] t=454704.267 ev.finalize=2.333ms
[labev] t=454704.267 ev.propose=0.002ms
[labev] t=454704.279 ev.verify=11.338ms
[labev] t=454704.280 ev.finalize=1.650ms
[labev] t=454704.280 ev.propose=0.002ms
[labev] t=454704.292 ev.verify=11.175ms
[labev] t=454704.293 ev.finalize=1.654ms
[labev] t=454704.293 ev.propose=0.002ms
[labev] t=454704.305 ev.verify=11.154ms
[labev] t=454704.306 ev.finalize=1.520ms
[labev] t=454704.306 ev.propose=0.001ms
[labev] t=454704.318 ev.verify=11.356ms
[labev] t=454704.319 ev.finalize=1.524ms
[labev] t=454704.319 ev.propose=0.002ms
[labev] t=454704.331 ev.verify=11.337ms
[labev] t=454704.332 ev.finalize=1.543ms
[labev] t=454704.332 ev.propose=0.002ms
[labev] t=454704.344 ev.verify=11.289ms
[labev] t=454704.345 ev.finalize=1.639ms
[labev] t=454704.345 ev.propose=0.002ms
[labev] t=454704.357 ev.verify=11.293ms
[labev] t=454704.358 ev.finalize=1.656ms
[labev] t=454704.358 ev.propose=0.001ms
[labev] t=454704.370 ev.verify=11.174ms
[labev] t=454704.371 ev.finalize=1.639ms
[labev] t=454704.371 ev.propose=0.002ms
[labev] t=454704.383 ev.verify=11.285ms
[labev] t=454704.384 ev.finalize=1.641ms
[labev] t=454704.385 ev.propose=0.002ms
[labev] t=454704.396 ev.verify=11.515ms
[labev] t=454704.398 ev.finalize=1.651ms
[labev] t=454704.398 ev.propose=0.002ms
[labev] t=454704.409 ev.verify=11.464ms
[labev] t=454704.411 ev.finalize=1.647ms
[labev] t=454704.411 ev.propose=0.001ms
[labev] t=454704.422 ev.verify=11.177ms
[labev] t=454704.424 ev.finalize=1.671ms
[labev] t=454704.424 ev.propose=0.002ms
[labev] t=454704.436 ev.verify=11.407ms
[labev] t=454704.437 ev.finalize=1.630ms
[labev] t=454704.437 ev.propose=0.002ms
[labev] t=454704.449 ev.verify=11.303ms
[labev] t=454704.450 ev.finalize=1.649ms
[labev] t=454704.450 ev.propose=0.002ms
[labev] t=454704.462 ev.verify=11.350ms
[labev] t=454704.463 ev.finalize=1.646ms
[labev] t=454704.464 ev.propose=0.002ms
[labev] t=454704.475 ev.verify=11.424ms
[labev] t=454704.477 ev.finalize=1.637ms
[labev] t=454704.477 ev.propose=0.002ms
[labev] t=454704.488 ev.verify=11.382ms
[labev] t=454704.491 ev.finalize=2.338ms
[labev] t=454704.491 ev.propose=0.002ms
[labev] t=454704.502 ev.verify=11.430ms
[labev] t=454704.504 ev.finalize=1.547ms
[labev] t=454704.504 ev.propose=0.002ms
[labev] t=454704.515 ev.verify=11.326ms
[labev] t=454704.517 ev.finalize=1.640ms
[labev] t=454704.517 ev.propose=0.001ms
[labev] t=454704.528 ev.verify=11.318ms
[labev] t=454704.530 ev.finalize=1.651ms
[labev] t=454704.530 ev.propose=0.001ms
[labev] t=454704.541 ev.verify=11.300ms
[labev] t=454704.543 ev.finalize=1.615ms
[labev] t=454704.543 ev.propose=0.002ms
[labev] t=454704.555 ev.verify=11.403ms
[labev] t=454704.556 ev.finalize=1.532ms
[labev] t=454704.556 ev.propose=0.002ms
[labev] t=454704.568 ev.verify=11.413ms
[labev] t=454704.569 ev.finalize=1.644ms
[labev] t=454704.569 ev.propose=0.002ms
[labev] t=454704.581 ev.verify=11.298ms
[labev] t=454704.583 ev.finalize=1.666ms
[labev] t=454704.583 ev.propose=0.002ms
[labev] t=454704.594 ev.verify=11.271ms
[labev] t=454704.596 ev.finalize=1.627ms
[labev] t=454704.596 ev.propose=0.002ms
[labev] t=454704.607 ev.verify=11.451ms
[labev] t=454704.609 ev.finalize=1.664ms
[labev] t=454704.609 ev.propose=0.002ms
[labev] t=454704.620 ev.verify=11.338ms
[labev] t=454704.622 ev.finalize=1.541ms
[labev] t=454704.622 ev.propose=0.002ms
[labev] t=454704.633 ev.verify=11.120ms
[labev] t=454704.635 ev.finalize=1.633ms
[labev] t=454704.635 ev.propose=0.001ms
[labev] t=454704.646 ev.verify=11.095ms
[labev] t=454704.648 ev.finalize=1.640ms
[labev] t=454704.648 ev.propose=0.001ms
[labev] t=454704.659 ev.verify=11.261ms
[labev] t=454704.661 ev.finalize=1.529ms
[labev] t=454704.661 ev.propose=0.002ms
[labev] t=454704.672 ev.verify=11.435ms
[labev] t=454704.674 ev.finalize=1.542ms
[labev] t=454704.674 ev.propose=0.002ms
[labev] t=454704.685 ev.verify=11.322ms
[labev] t=454704.687 ev.finalize=1.710ms
[labev] t=454704.687 ev.propose=0.002ms
[labev] t=454704.699 ev.verify=11.468ms
[labev] t=454704.700 ev.finalize=1.649ms
[labev] t=454704.700 ev.propose=0.002ms
[labev] t=454704.712 ev.verify=11.304ms
[labev] t=454704.713 ev.finalize=1.646ms
[labev] t=454704.713 ev.propose=0.001ms
[labev] t=454704.725 ev.verify=11.118ms
[labev] t=454704.726 ev.finalize=1.644ms
[labev] t=454704.726 ev.propose=0.002ms
[labev] t=454704.738 ev.verify=11.367ms
[labev] t=454704.740 ev.finalize=2.243ms
[labev] t=454704.740 ev.propose=0.002ms
[labev] t=454704.752 ev.verify=11.453ms
[labev] t=454704.753 ev.finalize=1.519ms
[labev] t=454704.753 ev.propose=0.002ms
[labev] t=454704.765 ev.verify=11.485ms
[labev] t=454704.766 ev.finalize=1.652ms
[labev] t=454704.767 ev.propose=0.002ms
[labev] t=454704.778 ev.verify=11.271ms
[labev] t=454704.780 ev.finalize=1.667ms
[labev] t=454704.780 ev.propose=0.002ms
[labev] t=454704.791 ev.verify=11.520ms
[labev] t=454704.793 ev.finalize=1.619ms
[labev] t=454704.793 ev.propose=0.002ms
[labev] t=454704.805 ev.verify=11.588ms
[labev] t=454704.807 ev.finalize=1.872ms
[labev] t=454704.807 ev.propose=0.003ms
[labev] t=454704.819 ev.verify=12.149ms
[labev] t=454704.821 ev.finalize=1.863ms
[labev] t=454704.821 ev.propose=0.002ms
[labev] t=454704.833 ev.verify=12.299ms
[labev] t=454704.835 ev.finalize=1.976ms
[labev] t=454708.290 req.start s1-p4096-o512-b4-r0=0.000ms
[labev] t=454708.290 req.handle=0.046ms
[labev] t=454708.310 tok.prepare=19.847ms
event=batching_admitted action=scheduler_admitted
[labev] t=454708.620 chunk.ord.total=308.926ms
[labev] t=454708.872 chunk.ord.total=252.766ms
[labev] t=454709.126 chunk.ord.total=253.765ms
[labev] t=454709.383 chunk.ord.total=256.431ms
[labev] t=454709.643 chunk.ord.total=260.029ms
[labev] t=454709.906 chunk.ord.total=263.025ms
[labev] t=454710.171 chunk.ord.total=264.852ms
[labev] t=454710.476 chunk.ord.total=304.974ms
[labev] t=454710.476 req.firsttoken s1-p4096-o512-b4-r0=2185.825ms
[labev] t=454710.613 ev.decode.rows1.cap0=136.357ms
[labev] t=454710.748 ev.decode.rows1.cap0=135.694ms
[labev] t=454710.884 ev.decode.rows1.cap0=135.293ms
[labev] t=454711.019 ev.decode.rows1.cap0=135.586ms
[labev] t=454711.155 ev.decode.rows1.cap0=135.442ms
[labev] t=454711.291 ev.decode.rows1.cap0=135.937ms
[labev] t=454711.427 ev.decode.rows1.cap0=136.064ms
[labev] t=454711.563 ev.decode.rows1.cap0=135.645ms
[labev] t=454711.698 ev.decode.rows1.cap0=135.405ms
[labev] t=454711.834 ev.decode.rows1.cap0=135.610ms
[labev] t=454711.970 ev.decode.rows1.cap0=135.404ms
[labev] t=454712.105 ev.decode.rows1.cap0=135.639ms
[labev] t=454712.241 ev.decode.rows1.cap0=135.728ms
[labev] t=454712.377 ev.decode.rows1.cap0=135.708ms
[labev] t=454712.513 ev.decode.rows1.cap0=135.847ms
[labev] t=454712.649 ev.decode.rows1.cap0=135.711ms
[labev] t=454712.785 ev.decode.rows1.cap0=135.707ms
[labev] t=454712.920 ev.decode.rows1.cap0=135.753ms
[labev] t=454713.057 ev.decode.rows1.cap0=136.001ms
[labev] t=454713.193 ev.decode.rows1.cap0=136.181ms
[labev] t=454713.329 ev.decode.rows1.cap0=136.045ms
[labev] t=454713.465 ev.decode.rows1.cap0=136.001ms
[labev] t=454713.601 ev.decode.rows1.cap0=135.966ms
[labev] t=454713.738 ev.decode.rows1.cap0=136.626ms
[labev] t=454713.874 ev.decode.rows1.cap0=136.139ms
[labev] t=454714.011 ev.decode.rows1.cap0=136.305ms
[labev] t=454714.147 ev.decode.rows1.cap0=136.307ms
[labev] t=454714.283 ev.decode.rows1.cap0=136.056ms
[labev] t=454714.419 ev.decode.rows1.cap0=135.926ms
[labev] t=454714.556 ev.decode.rows1.cap0=136.586ms
[labev] t=454714.692 ev.decode.rows1.cap0=136.220ms
[labev] t=454714.820 ev.decode.rows1.cap0=127.947ms
[labev] t=454714.821 req.start s1-p4096-o512-b4-r0=0.000ms
[labev] t=454714.821 req.handle=0.019ms
[labev] t=454714.841 tok.prepare=19.838ms
event=batching_admitted action=scheduler_admitted
[labev] t=454715.108 chunk.native.total=266.744ms
[labev] t=454715.374 chunk.native.total=265.281ms
[labev] t=454715.644 chunk.native.total=269.903ms
[labev] t=454715.917 chunk.native.total=273.343ms
[labev] t=454716.192 chunk.native.total=275.234ms
[labev] t=454716.470 chunk.native.total=277.823ms
[labev] t=454716.753 chunk.native.total=282.658ms
[labev] t=454717.069 chunk.native.total=315.991ms
[labev] t=454717.069 req.firsttoken s1-p4096-o512-b4-r0=2247.812ms
[labev] t=454717.069 ev.propose=0.003ms
[labev] t=454717.087 ev.verify=17.916ms
[labev] t=454717.089 ev.finalize=1.735ms
[labev] t=454717.089 ev.propose=0.083ms
[labev] t=454717.101 ev.verify=11.524ms
[labev] t=454717.102 ev.finalize=1.656ms
[labev] t=454717.103 ev.propose=0.047ms
[labev] t=454717.114 ev.verify=11.313ms
[labev] t=454717.116 ev.finalize=1.669ms
[labev] t=454717.116 ev.propose=0.040ms
[labev] t=454717.127 ev.verify=11.134ms
[labev] t=454717.129 ev.finalize=1.647ms
[labev] t=454717.129 ev.propose=0.049ms
[labev] t=454717.140 ev.verify=11.265ms
[labev] t=454717.142 ev.finalize=1.661ms
[labev] t=454717.142 ev.propose=0.002ms
[labev] t=454717.153 ev.verify=11.297ms
[labev] t=454717.155 ev.finalize=1.698ms
[labev] t=454717.155 ev.propose=0.053ms
[labev] t=454717.166 ev.verify=11.363ms
[labev] t=454717.168 ev.finalize=1.658ms
[labev] t=454717.168 ev.propose=0.056ms
[labev] t=454717.180 ev.verify=11.340ms
[labev] t=454717.181 ev.finalize=1.763ms
[labev] t=454717.182 ev.propose=0.046ms
[labev] t=454717.193 ev.verify=11.000ms
[labev] t=454717.195 ev.finalize=2.242ms
[labev] t=454717.195 ev.propose=0.044ms
[labev] t=454717.206 ev.verify=11.339ms
[labev] t=454717.208 ev.finalize=1.695ms
[labev] t=454717.208 ev.propose=0.079ms
[labev] t=454717.220 ev.verify=11.121ms
[labev] t=454717.221 ev.finalize=1.636ms
[labev] t=454717.221 ev.propose=0.060ms
[labev] t=454717.232 ev.verify=11.100ms
[labev] t=454717.234 ev.finalize=1.694ms
[labev] t=454717.234 ev.propose=0.065ms
[labev] t=454717.246 ev.verify=11.148ms
[labev] t=454717.247 ev.finalize=1.516ms
[labev] t=454717.247 ev.propose=0.070ms
[labev] t=454717.259 ev.verify=11.226ms
[labev] t=454717.260 ev.finalize=1.607ms
[labev] t=454717.260 ev.propose=0.067ms
[labev] t=454717.272 ev.verify=11.240ms
[labev] t=454717.273 ev.finalize=1.494ms
[labev] t=454717.273 ev.propose=0.058ms
[labev] t=454717.285 ev.verify=11.175ms
[labev] t=454717.286 ev.finalize=1.678ms
[labev] t=454717.286 ev.propose=0.060ms
[labev] t=454717.298 ev.verify=11.218ms
[labev] t=454717.299 ev.finalize=1.631ms
[labev] t=454717.299 ev.propose=0.002ms
[labev] t=454717.311 ev.verify=11.244ms
[labev] t=454717.312 ev.finalize=1.632ms
[labev] t=454717.313 ev.propose=0.003ms
[labev] t=454717.324 ev.verify=11.212ms
[labev] t=454717.325 ev.finalize=1.631ms
[labev] t=454717.326 ev.propose=0.055ms
[labev] t=454717.337 ev.verify=11.191ms
[labev] t=454717.338 ev.finalize=1.606ms
[labev] t=454717.339 ev.propose=0.002ms
[labev] t=454717.350 ev.verify=11.130ms
[labev] t=454717.351 ev.finalize=1.683ms
[labev] t=454717.352 ev.propose=0.002ms
[labev] t=454717.363 ev.verify=11.219ms
[labev] t=454717.364 ev.finalize=1.649ms
[labev] t=454717.365 ev.propose=0.002ms
[labev] t=454717.376 ev.verify=11.383ms
[labev] t=454717.378 ev.finalize=1.603ms
[labev] t=454717.378 ev.propose=0.063ms
[labev] t=454717.389 ev.verify=11.083ms
[labev] t=454717.391 ev.finalize=1.589ms
[labev] t=454717.391 ev.propose=0.001ms
[labev] t=454717.402 ev.verify=11.240ms
[labev] t=454717.404 ev.finalize=1.621ms
[labev] t=454717.404 ev.propose=0.002ms
[labev] t=454717.415 ev.verify=11.232ms
[labev] t=454717.417 ev.finalize=2.265ms
[labev] t=454717.417 ev.propose=0.002ms
[labev] t=454717.429 ev.verify=11.249ms
[labev] t=454717.430 ev.finalize=1.606ms
[labev] t=454717.430 ev.propose=0.002ms
[labev] t=454717.442 ev.verify=11.185ms
[labev] t=454717.443 ev.finalize=1.617ms
[labev] t=454717.443 ev.propose=0.002ms
[labev] t=454717.455 ev.verify=11.217ms
[labev] t=454717.456 ev.finalize=1.621ms
[labev] t=454717.456 ev.propose=0.002ms
[labev] t=454717.468 ev.verify=11.214ms
[labev] t=454717.469 ev.finalize=1.627ms
[labev] t=454717.469 ev.propose=0.002ms
[labev] t=454717.480 ev.verify=11.145ms
[labev] t=454717.482 ev.finalize=1.614ms
[labev] t=454717.482 ev.propose=0.002ms
[labev] t=454717.493 ev.verify=11.218ms
[labev] t=454717.495 ev.finalize=1.634ms
[labev] t=454717.495 ev.propose=0.002ms
[labev] t=454717.507 ev.verify=11.228ms
[labev] t=454717.508 ev.finalize=1.625ms
[labev] t=454717.508 ev.propose=0.002ms
[labev] t=454717.520 ev.verify=11.399ms
[labev] t=454717.521 ev.finalize=1.630ms
[labev] t=454717.522 ev.propose=0.002ms
[labev] t=454717.533 ev.verify=11.167ms
[labev] t=454717.534 ev.finalize=1.607ms
[labev] t=454717.534 ev.propose=0.002ms
[labev] t=454717.546 ev.verify=11.142ms
[labev] t=454717.547 ev.finalize=1.636ms
[labev] t=454717.547 ev.propose=0.002ms
[labev] t=454717.559 ev.verify=11.410ms
[labev] t=454717.561 ev.finalize=1.639ms
[labev] t=454717.561 ev.propose=0.002ms
[labev] t=454717.572 ev.verify=11.362ms
[labev] t=454717.574 ev.finalize=1.654ms
[labev] t=454717.574 ev.propose=0.002ms
[labev] t=454717.585 ev.verify=11.206ms
[labev] t=454717.587 ev.finalize=1.607ms
[labev] t=454717.587 ev.propose=0.002ms
[labev] t=454717.598 ev.verify=11.003ms
[labev] t=454717.600 ev.finalize=1.657ms
[labev] t=454717.600 ev.propose=0.002ms
[labev] t=454717.611 ev.verify=11.181ms
[labev] t=454717.612 ev.finalize=1.620ms
[labev] t=454717.613 ev.propose=0.002ms
[labev] t=454717.624 ev.verify=11.327ms
[labev] t=454717.626 ev.finalize=2.284ms
[labev] t=454717.626 ev.propose=0.002ms
[labev] t=454717.638 ev.verify=11.437ms
[labev] t=454717.639 ev.finalize=1.637ms
[labev] t=454717.640 ev.propose=0.002ms
[labev] t=454717.651 ev.verify=11.251ms
[labev] t=454717.653 ev.finalize=1.633ms
[labev] t=454717.653 ev.propose=0.002ms
[labev] t=454717.664 ev.verify=11.086ms
[labev] t=454717.665 ev.finalize=1.649ms
[labev] t=454717.666 ev.propose=0.002ms
[labev] t=454717.677 ev.verify=11.091ms
[labev] t=454717.678 ev.finalize=1.603ms
[labev] t=454717.678 ev.propose=0.002ms
[labev] t=454717.690 ev.verify=11.265ms
[labev] t=454717.691 ev.finalize=1.624ms
[labev] t=454717.691 ev.propose=0.002ms
[labev] t=454717.703 ev.verify=11.149ms
[labev] t=454717.704 ev.finalize=1.630ms
[labev] t=454717.704 ev.propose=0.002ms
[labev] t=454717.716 ev.verify=11.303ms
[labev] t=454717.717 ev.finalize=1.645ms
[labev] t=454717.718 ev.propose=0.002ms
[labev] t=454717.729 ev.verify=11.151ms
[labev] t=454717.730 ev.finalize=1.586ms
[labev] t=454717.730 ev.propose=0.002ms
[labev] t=454717.742 ev.verify=11.194ms
[labev] t=454717.743 ev.finalize=1.512ms
[labev] t=454717.743 ev.propose=0.002ms
[labev] t=454717.754 ev.verify=11.083ms
[labev] t=454717.756 ev.finalize=1.619ms
[labev] t=454717.756 ev.propose=0.002ms
[labev] t=454717.767 ev.verify=11.200ms
[labev] t=454717.769 ev.finalize=1.495ms
[labev] t=454717.769 ev.propose=0.002ms
[labev] t=454717.780 ev.verify=11.166ms
[labev] t=454717.782 ev.finalize=1.512ms
[labev] t=454717.782 ev.propose=0.002ms
[labev] t=454717.793 ev.verify=11.208ms
[labev] t=454717.795 ev.finalize=1.686ms
[labev] t=454717.795 ev.propose=0.002ms
[labev] t=454717.806 ev.verify=11.229ms
[labev] t=454717.808 ev.finalize=1.615ms
[labev] t=454717.808 ev.propose=0.001ms
[labev] t=454717.819 ev.verify=11.099ms
[labev] t=454717.821 ev.finalize=1.626ms
[labev] t=454717.821 ev.propose=0.002ms
[labev] t=454717.832 ev.verify=11.249ms
[labev] t=454717.834 ev.finalize=1.612ms
[labev] t=454717.834 ev.propose=0.002ms
[labev] t=454717.845 ev.verify=11.170ms
[labev] t=454717.847 ev.finalize=1.600ms
[labev] t=454717.847 ev.propose=0.002ms
[labev] t=454717.858 ev.verify=11.211ms
[labev] t=454717.860 ev.finalize=2.232ms
[labev] t=454717.863 ev.propose=0.002ms
[labev] t=454717.875 ev.verify=11.998ms
[labev] t=454717.877 ev.finalize=1.508ms
[labev] t=454717.877 ev.propose=0.002ms
[labev] t=454717.888 ev.verify=11.195ms
[labev] t=454717.890 ev.finalize=1.625ms
[labev] t=454717.890 ev.propose=0.001ms
[labev] t=454717.901 ev.verify=11.050ms
[labev] t=454717.903 ev.finalize=1.641ms
[labev] t=454717.903 ev.propose=0.002ms
[labev] t=454717.914 ev.verify=11.263ms
[labev] t=454717.916 ev.finalize=1.639ms
[labev] t=454717.916 ev.propose=0.002ms
[labev] t=454717.927 ev.verify=11.286ms
[labev] t=454717.929 ev.finalize=1.506ms
[labev] t=454717.929 ev.propose=0.002ms
[labev] t=454717.940 ev.verify=11.317ms
[labev] t=454717.942 ev.finalize=1.651ms
[labev] t=454717.942 ev.propose=0.002ms
[labev] t=454717.953 ev.verify=11.357ms
[labev] t=454717.955 ev.finalize=1.628ms
[labev] t=454717.955 ev.propose=0.001ms
[labev] t=454717.966 ev.verify=11.186ms
[labev] t=454717.968 ev.finalize=1.743ms
[labev] t=454717.968 ev.propose=0.002ms
[labev] t=454717.979 ev.verify=11.108ms
[labev] t=454717.981 ev.finalize=1.673ms
[labev] t=454717.981 ev.propose=0.002ms
[labev] t=454717.993 ev.verify=11.274ms
[labev] t=454717.994 ev.finalize=1.630ms
[labev] t=454717.994 ev.propose=0.002ms
[labev] t=454718.006 ev.verify=11.236ms
[labev] t=454718.007 ev.finalize=1.601ms
[labev] t=454718.007 ev.propose=0.002ms
[labev] t=454718.019 ev.verify=11.269ms
[labev] t=454718.020 ev.finalize=1.639ms
[labev] t=454718.020 ev.propose=0.002ms
[labev] t=454718.032 ev.verify=11.390ms
[labev] t=454718.033 ev.finalize=1.508ms
[labev] t=454718.033 ev.propose=0.001ms
[labev] t=454718.045 ev.verify=11.291ms
[labev] t=454718.046 ev.finalize=1.632ms
[labev] t=454718.047 ev.propose=0.002ms
[labev] t=454718.058 ev.verify=11.146ms
[labev] t=454718.059 ev.finalize=1.611ms
[labev] t=454718.059 ev.propose=0.002ms
[labev] t=454718.071 ev.verify=11.158ms
[labev] t=454718.072 ev.finalize=1.595ms
[labev] t=454718.072 ev.propose=0.002ms
[labev] t=454718.084 ev.verify=11.292ms
[labev] t=454718.086 ev.finalize=2.254ms
[labev] t=454718.086 ev.propose=0.002ms
[labev] t=454718.098 ev.verify=11.463ms
[labev] t=454718.099 ev.finalize=1.599ms
[labev] t=454718.099 ev.propose=0.002ms
[labev] t=454718.111 ev.verify=11.170ms
[labev] t=454718.112 ev.finalize=1.616ms
[labev] t=454718.112 ev.propose=0.002ms
[labev] t=454718.124 ev.verify=11.250ms
[labev] t=454718.125 ev.finalize=1.607ms
[labev] t=454718.125 ev.propose=0.002ms
[labev] t=454718.136 ev.verify=11.099ms
[labev] t=454718.138 ev.finalize=1.619ms
[labev] t=454718.138 ev.propose=0.002ms
[labev] t=454718.150 ev.verify=11.372ms
[labev] t=454718.151 ev.finalize=1.624ms
[labev] t=454718.151 ev.propose=0.002ms
[labev] t=454718.163 ev.verify=11.251ms
[labev] t=454718.164 ev.finalize=1.626ms
[labev] t=454718.164 ev.propose=0.002ms
[labev] t=454718.176 ev.verify=11.139ms
[labev] t=454718.177 ev.finalize=1.619ms
[labev] t=454718.177 ev.propose=0.002ms
[labev] t=454718.188 ev.verify=11.042ms
[labev] t=454718.190 ev.finalize=1.636ms
[labev] t=454718.190 ev.propose=0.002ms
[labev] t=454718.201 ev.verify=11.260ms
[labev] t=454718.203 ev.finalize=1.648ms
[labev] t=454718.203 ev.propose=0.002ms
[labev] t=454718.215 ev.verify=11.394ms
[labev] t=454718.216 ev.finalize=1.657ms
[labev] t=454718.216 ev.propose=0.001ms
[labev] t=454718.227 ev.verify=11.140ms
[labev] t=454718.229 ev.finalize=1.661ms
[labev] t=454718.229 ev.propose=0.002ms
[labev] t=454718.241 ev.verify=11.223ms
[labev] t=454718.242 ev.finalize=1.662ms
[labev] t=454718.242 ev.propose=0.002ms
[labev] t=454718.254 ev.verify=11.194ms
[labev] t=454718.255 ev.finalize=1.536ms
[labev] t=454718.255 ev.propose=0.002ms
[labev] t=454718.266 ev.verify=11.123ms
[labev] t=454718.268 ev.finalize=1.621ms
[labev] t=454718.268 ev.propose=0.002ms
[labev] t=454718.279 ev.verify=11.163ms
[labev] t=454718.281 ev.finalize=1.630ms
[labev] t=454718.281 ev.propose=0.002ms
[labev] t=454718.292 ev.verify=11.261ms
[labev] t=454718.294 ev.finalize=1.643ms
[labev] t=454718.294 ev.propose=0.001ms
[labev] t=454718.305 ev.verify=11.294ms
[labev] t=454718.308 ev.finalize=2.270ms
[labev] t=454718.308 ev.propose=0.002ms
[labev] t=454718.319 ev.verify=11.433ms
[labev] t=454718.321 ev.finalize=1.638ms
[labev] t=454718.321 ev.propose=0.002ms
[labev] t=454718.332 ev.verify=11.273ms
[labev] t=454718.334 ev.finalize=1.617ms
[labev] t=454718.334 ev.propose=0.002ms
[labev] t=454718.346 ev.verify=11.433ms
[labev] t=454718.347 ev.finalize=1.640ms
[labev] t=454718.347 ev.propose=0.002ms
[labev] t=454718.359 ev.verify=11.011ms
[labev] t=454718.360 ev.finalize=1.654ms
[labev] t=454718.360 ev.propose=0.002ms
[labev] t=454718.372 ev.verify=11.171ms
[labev] t=454718.373 ev.finalize=1.624ms
[labev] t=454718.373 ev.propose=0.002ms
[labev] t=454718.385 ev.verify=11.247ms
[labev] t=454718.386 ev.finalize=1.634ms
[labev] t=454718.386 ev.propose=0.002ms
[labev] t=454718.397 ev.verify=11.081ms
[labev] t=454718.399 ev.finalize=1.629ms
[labev] t=454718.399 ev.propose=0.002ms
[labev] t=454718.410 ev.verify=11.226ms
[labev] t=454718.412 ev.finalize=1.649ms
[labev] t=454718.412 ev.propose=0.002ms
[labev] t=454718.423 ev.verify=11.207ms
[labev] t=454718.425 ev.finalize=1.627ms
[labev] t=454718.425 ev.propose=0.002ms
[labev] t=454718.437 ev.verify=11.263ms
[labev] t=454718.438 ev.finalize=1.632ms
[labev] t=454718.438 ev.propose=0.002ms
[labev] t=454718.449 ev.verify=11.117ms
[labev] t=454718.451 ev.finalize=1.624ms
[labev] t=454718.451 ev.propose=0.002ms
[labev] t=454718.462 ev.verify=11.182ms
[labev] t=454718.464 ev.finalize=1.608ms
[labev] t=454718.464 ev.propose=0.001ms
[labev] t=454718.475 ev.verify=11.262ms
[labev] t=454718.477 ev.finalize=1.524ms
[labev] t=454718.477 ev.propose=0.002ms
[labev] t=454718.488 ev.verify=11.367ms
[labev] t=454718.490 ev.finalize=1.634ms
[labev] t=454718.490 ev.propose=0.002ms
[labev] t=454718.502 ev.verify=11.239ms
[labev] t=454718.503 ev.finalize=1.661ms
[labev] t=454718.503 ev.propose=0.002ms
[labev] t=454718.515 ev.verify=11.255ms
[labev] t=454718.517 ev.finalize=2.262ms
[labev] t=454718.517 ev.propose=0.002ms
[labev] t=454718.528 ev.verify=11.307ms
[labev] t=454718.530 ev.finalize=1.653ms
[labev] t=454718.530 ev.propose=0.002ms
[labev] t=454718.542 ev.verify=11.356ms
[labev] t=454718.543 ev.finalize=1.519ms
[labev] t=454718.543 ev.propose=0.002ms
[labev] t=454718.554 ev.verify=11.139ms
[labev] t=454718.556 ev.finalize=1.513ms
[labev] t=454718.556 ev.propose=0.002ms
[labev] t=454718.567 ev.verify=11.125ms
[labev] t=454718.569 ev.finalize=1.654ms
[labev] t=454718.569 ev.propose=0.002ms
[labev] t=454718.580 ev.verify=11.360ms
[labev] t=454718.582 ev.finalize=1.642ms
[labev] t=454718.582 ev.propose=0.002ms
[labev] t=454718.594 ev.verify=11.458ms
[labev] t=454718.595 ev.finalize=1.666ms
[labev] t=454718.595 ev.propose=0.002ms
[labev] t=454718.607 ev.verify=11.340ms
[labev] t=454718.608 ev.finalize=1.637ms
[labev] t=454718.609 ev.propose=0.001ms
[labev] t=454718.620 ev.verify=11.183ms
[labev] t=454718.622 ev.finalize=1.691ms
[labev] t=454718.622 ev.propose=0.002ms
[labev] t=454718.633 ev.verify=11.272ms
[labev] t=454718.635 ev.finalize=1.744ms
[labev] t=454718.635 ev.propose=0.002ms
[labev] t=454718.646 ev.verify=11.198ms
[labev] t=454718.648 ev.finalize=1.627ms
[labev] t=454718.648 ev.propose=0.002ms
[labev] t=454718.659 ev.verify=11.248ms
[labev] t=454718.661 ev.finalize=1.644ms
[labev] t=454718.661 ev.propose=0.002ms
[labev] t=454718.672 ev.verify=11.265ms
[labev] t=454718.674 ev.finalize=1.661ms
[labev] t=454718.674 ev.propose=0.002ms
[labev] t=454718.685 ev.verify=11.392ms
[labev] t=454718.687 ev.finalize=1.621ms
[labev] t=454718.687 ev.propose=0.002ms
[labev] t=454718.698 ev.verify=11.027ms
[labev] t=454718.700 ev.finalize=1.640ms
[labev] t=454718.700 ev.propose=0.002ms
[labev] t=454718.711 ev.verify=11.189ms
[labev] t=454718.713 ev.finalize=1.625ms
[labev] t=454718.713 ev.propose=0.002ms
[labev] t=454718.724 ev.verify=11.339ms
[labev] t=454718.726 ev.finalize=1.517ms
[labev] t=454718.726 ev.propose=0.002ms
[labev] t=454718.737 ev.verify=11.421ms
[labev] t=454718.739 ev.finalize=1.523ms
[labev] t=454718.739 ev.propose=0.001ms
[labev] t=454718.750 ev.verify=11.307ms
[labev] t=454718.752 ev.finalize=1.641ms
[labev] t=454718.752 ev.propose=0.002ms
[labev] t=454718.764 ev.verify=11.357ms
[labev] t=454718.766 ev.finalize=2.268ms
[labev] t=454718.766 ev.propose=0.002ms
[labev] t=454718.777 ev.verify=11.442ms
[labev] t=454718.779 ev.finalize=1.661ms
[labev] t=454718.779 ev.propose=0.002ms
[labev] t=454718.790 ev.verify=11.151ms
[labev] t=454718.792 ev.finalize=1.614ms
[labev] t=454718.792 ev.propose=0.002ms
[labev] t=454718.804 ev.verify=11.303ms
[labev] t=454718.805 ev.finalize=1.661ms
[labev] t=454718.805 ev.propose=0.002ms
[labev] t=454718.817 ev.verify=11.284ms
[labev] t=454718.818 ev.finalize=1.655ms
[labev] t=454718.818 ev.propose=0.002ms
[labev] t=454718.830 ev.verify=11.258ms
[labev] t=454718.831 ev.finalize=1.657ms
[labev] t=454718.831 ev.propose=0.002ms
[labev] t=454718.843 ev.verify=11.297ms
[labev] t=454718.845 ev.finalize=1.652ms
[labev] t=454718.845 ev.propose=0.002ms
[labev] t=454718.856 ev.verify=11.221ms
[labev] t=454718.858 ev.finalize=1.639ms
[labev] t=454718.858 ev.propose=0.002ms
[labev] t=454718.869 ev.verify=11.396ms
[labev] t=454718.871 ev.finalize=1.656ms
[labev] t=454718.871 ev.propose=0.002ms
[labev] t=454718.882 ev.verify=11.345ms
[labev] t=454718.884 ev.finalize=1.647ms
[labev] t=454718.884 ev.propose=0.002ms
[labev] t=454718.895 ev.verify=11.071ms
[labev] t=454718.897 ev.finalize=1.653ms
[labev] t=454718.897 ev.propose=0.002ms
[labev] t=454718.908 ev.verify=11.148ms
[labev] t=454718.910 ev.finalize=1.653ms
[labev] t=454718.910 ev.propose=0.002ms
[labev] t=454718.921 ev.verify=11.219ms
[labev] t=454718.923 ev.finalize=1.643ms
[labev] t=454718.923 ev.propose=0.001ms
[labev] t=454718.934 ev.verify=11.331ms
[labev] t=454718.936 ev.finalize=1.627ms
[labev] t=454718.936 ev.propose=0.002ms
[labev] t=454718.947 ev.verify=11.430ms
[labev] t=454718.949 ev.finalize=1.633ms
[labev] t=454718.949 ev.propose=0.001ms
[labev] t=454718.960 ev.verify=11.239ms
[labev] t=454718.962 ev.finalize=1.671ms
[labev] t=454718.962 ev.propose=0.002ms
[labev] t=454718.974 ev.verify=11.380ms
[labev] t=454718.976 ev.finalize=2.316ms
[labev] t=454718.976 ev.propose=0.002ms
[labev] t=454718.988 ev.verify=11.363ms
[labev] t=454718.989 ev.finalize=1.672ms
[labev] t=454718.989 ev.propose=0.002ms
[labev] t=454719.001 ev.verify=11.266ms
[labev] t=454719.002 ev.finalize=1.636ms
[labev] t=454719.002 ev.propose=0.002ms
[labev] t=454719.014 ev.verify=11.153ms
[labev] t=454719.015 ev.finalize=1.639ms
[labev] t=454719.015 ev.propose=0.002ms
[labev] t=454719.027 ev.verify=11.177ms
[labev] t=454719.028 ev.finalize=1.534ms
[labev] t=454719.028 ev.propose=0.002ms
[labev] t=454719.040 ev.verify=11.250ms
[labev] t=454719.041 ev.finalize=1.642ms
[labev] t=454719.041 ev.propose=0.002ms
[labev] t=454719.053 ev.verify=11.387ms
[labev] t=454719.054 ev.finalize=1.674ms
[labev] t=454719.055 ev.propose=0.002ms
[labev] t=454719.066 ev.verify=11.225ms
[labev] t=454719.067 ev.finalize=1.514ms
[labev] t=454719.067 ev.propose=0.002ms
[labev] t=454719.079 ev.verify=11.223ms
[labev] t=454719.080 ev.finalize=1.510ms
[labev] t=454719.080 ev.propose=0.002ms
[labev] t=454719.092 ev.verify=11.226ms
[labev] t=454719.093 ev.finalize=1.522ms
[labev] t=454719.093 ev.propose=0.002ms
[labev] t=454719.105 ev.verify=11.312ms
[labev] t=454719.106 ev.finalize=1.669ms
[labev] t=454719.106 ev.propose=0.002ms
[labev] t=454719.118 ev.verify=11.365ms
[labev] t=454719.120 ev.finalize=1.678ms
[labev] t=454719.120 ev.propose=0.002ms
[labev] t=454719.131 ev.verify=11.248ms
[labev] t=454719.133 ev.finalize=1.651ms
[labev] t=454719.133 ev.propose=0.002ms
[labev] t=454719.144 ev.verify=11.069ms
[labev] t=454719.146 ev.finalize=1.665ms
[labev] t=454719.146 ev.propose=0.001ms
[labev] t=454719.157 ev.verify=11.039ms
[labev] t=454719.158 ev.finalize=1.512ms
[labev] t=454719.158 ev.propose=0.002ms
[labev] t=454719.170 ev.verify=11.476ms
[labev] t=454719.172 ev.finalize=1.654ms
[labev] t=454719.172 ev.propose=0.001ms
[labev] t=454719.183 ev.verify=11.221ms
[labev] t=454719.185 ev.finalize=1.641ms
[labev] t=454719.185 ev.propose=0.001ms
[labev] t=454719.196 ev.verify=11.392ms
[labev] t=454719.198 ev.finalize=1.660ms
[labev] t=454719.198 ev.propose=0.002ms
[labev] t=454719.209 ev.verify=11.298ms
[labev] t=454719.211 ev.finalize=2.303ms
[labev] t=454719.212 ev.propose=0.002ms
[labev] t=454719.223 ev.verify=11.227ms
[labev] t=454719.225 ev.finalize=1.667ms
[labev] t=454719.225 ev.propose=0.002ms
[labev] t=454719.236 ev.verify=11.188ms
[labev] t=454719.238 ev.finalize=1.649ms
[labev] t=454719.238 ev.propose=0.002ms
[labev] t=454719.249 ev.verify=11.352ms
[labev] t=454719.251 ev.finalize=1.692ms
[labev] t=454719.251 ev.propose=0.002ms
[labev] t=454719.262 ev.verify=11.204ms
[labev] t=454719.264 ev.finalize=1.528ms
[labev] t=454719.264 ev.propose=0.002ms
[labev] t=454719.275 ev.verify=11.101ms
[labev] t=454719.277 ev.finalize=1.651ms
[labev] t=454719.277 ev.propose=0.002ms
[labev] t=454719.288 ev.verify=11.277ms
[labev] t=454719.290 ev.finalize=1.549ms
[labev] t=454719.290 ev.propose=0.002ms
[labev] t=454719.301 ev.verify=11.333ms
[labev] t=454719.303 ev.finalize=1.540ms
[labev] t=454719.303 ev.propose=0.001ms
[labev] t=454719.314 ev.verify=11.200ms
[labev] t=454719.316 ev.finalize=1.653ms
[labev] t=454719.316 ev.propose=0.001ms
[labev] t=454719.327 ev.verify=11.239ms
[labev] t=454719.329 ev.finalize=1.638ms
[labev] t=454719.329 ev.propose=0.002ms
[labev] t=454719.340 ev.verify=11.405ms
[labev] t=454719.342 ev.finalize=1.643ms
[labev] t=454719.342 ev.propose=0.002ms
[labev] t=454719.353 ev.verify=11.459ms
[labev] t=454719.355 ev.finalize=1.674ms
[labev] t=454719.355 ev.propose=0.002ms
[labev] t=454719.367 ev.verify=11.267ms
[labev] t=454719.368 ev.finalize=1.655ms
[labev] t=454719.368 ev.propose=0.002ms
[labev] t=454719.380 ev.verify=11.398ms
[labev] t=454719.382 ev.finalize=1.705ms
[labev] t=454719.382 ev.propose=0.001ms
[labev] t=454719.393 ev.verify=11.240ms
[labev] t=454719.395 ev.finalize=1.845ms
[labev] t=454719.395 ev.propose=0.002ms
[labev] t=454719.406 ev.verify=11.376ms
[labev] t=454719.408 ev.finalize=1.811ms
[labev] t=454719.408 ev.propose=0.001ms
[labev] t=454719.419 ev.verify=11.167ms
[labev] t=454719.421 ev.finalize=1.624ms
[labev] t=454719.421 ev.propose=0.002ms
[labev] t=454719.433 ev.verify=11.450ms
[labev] t=454719.434 ev.finalize=1.654ms
[labev] t=454719.434 ev.propose=0.002ms
[labev] t=454719.446 ev.verify=11.201ms
[labev] t=454719.448 ev.finalize=2.347ms
[labev] t=454719.448 ev.propose=0.002ms
[labev] t=454719.459 ev.verify=11.234ms
[labev] t=454719.461 ev.finalize=1.546ms
[labev] t=454719.461 ev.propose=0.002ms
[labev] t=454719.472 ev.verify=11.331ms
[labev] t=454719.474 ev.finalize=1.543ms
[labev] t=454719.474 ev.propose=0.002ms
[labev] t=454719.485 ev.verify=11.275ms
[labev] t=454719.487 ev.finalize=1.631ms
[labev] t=454719.487 ev.propose=0.002ms
[labev] t=454719.499 ev.verify=11.412ms
[labev] t=454719.500 ev.finalize=1.636ms
[labev] t=454719.500 ev.propose=0.002ms
[labev] t=454719.512 ev.verify=11.536ms
[labev] t=454719.514 ev.finalize=1.642ms
[labev] t=454719.514 ev.propose=0.002ms
[labev] t=454719.525 ev.verify=11.319ms
[labev] t=454719.527 ev.finalize=1.666ms
[labev] t=454719.527 ev.propose=0.002ms
[labev] t=454719.538 ev.verify=11.125ms
[labev] t=454719.540 ev.finalize=1.526ms
[labev] t=454719.540 ev.propose=0.002ms
[labev] t=454719.551 ev.verify=11.316ms
[labev] t=454719.553 ev.finalize=1.682ms
[labev] t=454719.553 ev.propose=0.002ms
[labev] t=454719.564 ev.verify=11.122ms
[labev] t=454719.566 ev.finalize=1.654ms
[labev] t=454719.566 ev.propose=0.002ms
[labev] t=454719.577 ev.verify=11.554ms
[labev] t=454719.579 ev.finalize=1.638ms
[labev] t=454719.579 ev.propose=0.002ms
[labev] t=454719.590 ev.verify=11.204ms
[labev] t=454719.592 ev.finalize=1.635ms
[labev] t=454719.592 ev.propose=0.002ms
[labev] t=454719.604 ev.verify=11.380ms
[labev] t=454719.605 ev.finalize=1.657ms
[labev] t=454719.605 ev.propose=0.002ms
[labev] t=454719.617 ev.verify=11.318ms
[labev] t=454719.618 ev.finalize=1.545ms
[labev] t=454719.618 ev.propose=0.002ms
[labev] t=454719.630 ev.verify=11.140ms
[labev] t=454719.631 ev.finalize=1.645ms
[labev] t=454719.631 ev.propose=0.001ms
[labev] t=454719.643 ev.verify=11.197ms
[labev] t=454719.644 ev.finalize=1.652ms
[labev] t=454719.644 ev.propose=0.002ms
[labev] t=454719.656 ev.verify=11.129ms
[labev] t=454719.657 ev.finalize=1.648ms
[labev] t=454719.657 ev.propose=0.002ms
[labev] t=454719.669 ev.verify=11.328ms
[labev] t=454719.670 ev.finalize=1.543ms
[labev] t=454719.670 ev.propose=0.002ms
[labev] t=454719.682 ev.verify=11.275ms
[labev] t=454719.684 ev.finalize=2.323ms
[labev] t=454719.684 ev.propose=0.002ms
[labev] t=454719.696 ev.verify=11.352ms
[labev] t=454719.697 ev.finalize=1.676ms
[labev] t=454719.697 ev.propose=0.002ms
[labev] t=454719.709 ev.verify=11.264ms
[labev] t=454719.710 ev.finalize=1.660ms
[labev] t=454719.710 ev.propose=0.002ms
[labev] t=454719.722 ev.verify=11.256ms
[labev] t=454719.723 ev.finalize=1.516ms
[labev] t=454719.723 ev.propose=0.002ms
[labev] t=454719.735 ev.verify=11.456ms
[labev] t=454719.737 ev.finalize=1.655ms
[labev] t=454719.737 ev.propose=0.001ms
[labev] t=454719.748 ev.verify=11.205ms
[labev] t=454719.750 ev.finalize=1.627ms
[labev] t=454719.750 ev.propose=0.002ms
[labev] t=454719.761 ev.verify=11.366ms
[labev] t=454719.763 ev.finalize=1.636ms
[labev] t=454719.763 ev.propose=0.001ms
[labev] t=454719.774 ev.verify=11.170ms
[labev] t=454719.776 ev.finalize=1.641ms
[labev] t=454719.776 ev.propose=0.002ms
[labev] t=454719.787 ev.verify=11.171ms
[labev] t=454719.789 ev.finalize=1.655ms
[labev] t=454719.789 ev.propose=0.002ms
[labev] t=454719.800 ev.verify=11.320ms
[labev] t=454719.802 ev.finalize=1.664ms
[labev] t=454719.802 ev.propose=0.001ms
[labev] t=454719.813 ev.verify=11.188ms
[labev] t=454719.815 ev.finalize=1.669ms
[labev] t=454719.815 ev.propose=0.002ms
[labev] t=454719.826 ev.verify=11.182ms
[labev] t=454719.828 ev.finalize=1.642ms
[labev] t=454719.828 ev.propose=0.002ms
[labev] t=454719.839 ev.verify=11.368ms
[labev] t=454719.841 ev.finalize=1.538ms
[labev] t=454719.841 ev.propose=0.001ms
[labev] t=454719.852 ev.verify=11.139ms
[labev] t=454719.854 ev.finalize=1.659ms
[labev] t=454719.854 ev.propose=0.002ms
[labev] t=454719.865 ev.verify=11.103ms
[labev] t=454719.867 ev.finalize=1.655ms
[labev] t=454719.867 ev.propose=0.001ms
[labev] t=454719.878 ev.verify=11.198ms
[labev] t=454719.880 ev.finalize=1.647ms
[labev] t=454719.880 ev.propose=0.002ms
[labev] t=454719.891 ev.verify=11.487ms
[labev] t=454719.893 ev.finalize=1.652ms
[labev] t=454719.893 ev.propose=0.002ms
[labev] t=454719.904 ev.verify=11.190ms
[labev] t=454719.907 ev.finalize=2.326ms
[labev] t=454719.907 ev.propose=0.002ms
[labev] t=454719.918 ev.verify=11.276ms
[labev] t=454719.920 ev.finalize=1.646ms
[labev] t=454719.920 ev.propose=0.002ms
[labev] t=454719.931 ev.verify=11.258ms
[labev] t=454719.933 ev.finalize=1.553ms
[labev] t=454719.933 ev.propose=0.002ms
[labev] t=454719.944 ev.verify=11.112ms
[labev] t=454719.946 ev.finalize=1.531ms
[labev] t=454719.946 ev.propose=0.002ms
[labev] t=454719.957 ev.verify=11.256ms
[labev] t=454719.959 ev.finalize=1.649ms
[labev] t=454719.959 ev.propose=0.002ms
[labev] t=454719.970 ev.verify=11.278ms
[labev] t=454719.972 ev.finalize=1.548ms
[labev] t=454719.972 ev.propose=0.002ms
[labev] t=454719.983 ev.verify=11.360ms
[labev] t=454719.985 ev.finalize=1.651ms
[labev] t=454719.985 ev.propose=0.002ms
[labev] t=454719.996 ev.verify=11.278ms
[labev] t=454719.998 ev.finalize=1.653ms
[labev] t=454719.998 ev.propose=0.002ms
[labev] t=454720.010 ev.verify=11.379ms
[labev] t=454720.011 ev.finalize=1.550ms
[labev] t=454720.011 ev.propose=0.002ms
[labev] t=454720.022 ev.verify=11.268ms
[labev] t=454720.024 ev.finalize=1.536ms
[labev] t=454720.024 ev.propose=0.002ms
[labev] t=454720.036 ev.verify=11.411ms
[labev] t=454720.037 ev.finalize=1.660ms
[labev] t=454720.037 ev.propose=0.002ms
[labev] t=454720.049 ev.verify=11.514ms
[labev] t=454720.051 ev.finalize=1.646ms
[labev] t=454720.051 ev.propose=0.001ms
[labev] t=454720.062 ev.verify=11.355ms
[labev] t=454720.064 ev.finalize=1.656ms
[labev] t=454720.064 ev.propose=0.001ms
[labev] t=454720.075 ev.verify=11.427ms
[labev] t=454720.077 ev.finalize=1.680ms
[labev] t=454720.077 ev.propose=0.002ms
[labev] t=454720.088 ev.verify=11.263ms
[labev] t=454720.090 ev.finalize=1.656ms
[labev] t=454720.090 ev.propose=0.001ms
[labev] t=454720.102 ev.verify=11.318ms
[labev] t=454720.103 ev.finalize=1.621ms
[labev] t=454720.103 ev.propose=0.002ms
[labev] t=454720.115 ev.verify=11.433ms
[labev] t=454720.117 ev.finalize=1.643ms
[labev] t=454720.117 ev.propose=0.002ms
[labev] t=454720.128 ev.verify=11.377ms
[labev] t=454720.130 ev.finalize=1.657ms
[labev] t=454720.130 ev.propose=0.002ms
[labev] t=454720.141 ev.verify=11.172ms
[labev] t=454720.143 ev.finalize=1.693ms
[labev] t=454720.143 ev.propose=0.002ms
[labev] t=454720.154 ev.verify=11.322ms
[labev] t=454720.157 ev.finalize=2.324ms
[labev] t=454720.157 ev.propose=0.002ms
[labev] t=454720.168 ev.verify=11.419ms
[labev] t=454720.170 ev.finalize=1.691ms
[labev] t=454720.170 ev.propose=0.002ms
[labev] t=454720.181 ev.verify=11.242ms
[labev] t=454720.183 ev.finalize=1.645ms
[labev] t=454720.183 ev.propose=0.002ms
[labev] t=454720.194 ev.verify=11.378ms
[labev] t=454720.196 ev.finalize=1.660ms
[labev] t=454720.196 ev.propose=0.002ms
[labev] t=454720.208 ev.verify=11.451ms
[labev] t=454720.209 ev.finalize=1.678ms
[labev] t=454720.210 ev.propose=0.002ms
[labev] t=454720.221 ev.verify=11.312ms
[labev] t=454720.222 ev.finalize=1.544ms
[labev] t=454720.223 ev.propose=0.002ms
[labev] t=454720.234 ev.verify=11.278ms
[labev] t=454720.235 ev.finalize=1.535ms
[labev] t=454720.235 ev.propose=0.001ms
[labev] t=454720.247 ev.verify=11.090ms
[labev] t=454720.248 ev.finalize=1.713ms
[labev] t=454720.248 ev.propose=0.002ms
[labev] t=454720.260 ev.verify=11.336ms
[labev] t=454720.262 ev.finalize=1.656ms
[labev] t=454720.262 ev.propose=0.002ms
[labev] t=454720.273 ev.verify=11.545ms
[labev] t=454720.275 ev.finalize=1.636ms
[labev] t=454720.275 ev.propose=0.002ms
[labev] t=454720.286 ev.verify=11.219ms
[labev] t=454720.288 ev.finalize=1.867ms
[labev] t=454720.288 ev.propose=0.001ms
[labev] t=454720.299 ev.verify=11.236ms
[labev] t=454720.301 ev.finalize=1.678ms
[labev] t=454720.301 ev.propose=0.002ms
[labev] t=454720.313 ev.verify=11.266ms
[labev] t=454720.314 ev.finalize=1.699ms
[labev] t=454720.314 ev.propose=0.002ms
[labev] t=454720.326 ev.verify=11.469ms
[labev] t=454720.328 ev.finalize=1.675ms
[labev] t=454720.328 ev.propose=0.002ms
[labev] t=454720.339 ev.verify=11.149ms
[labev] t=454720.341 ev.finalize=1.647ms
[labev] t=454720.341 ev.propose=0.002ms
[labev] t=454720.352 ev.verify=11.292ms
[labev] t=454720.354 ev.finalize=1.657ms
[labev] t=454720.354 ev.propose=0.002ms
[labev] t=454720.365 ev.verify=11.185ms
[labev] t=454720.367 ev.finalize=1.684ms
[labev] t=454720.367 ev.propose=0.002ms
[labev] t=454720.378 ev.verify=11.309ms
[labev] t=454720.381 ev.finalize=2.332ms
[labev] t=454720.381 ev.propose=0.002ms
[labev] t=454720.392 ev.verify=11.353ms
[labev] t=454720.394 ev.finalize=1.665ms
[labev] t=454720.394 ev.propose=0.002ms
[labev] t=454720.405 ev.verify=11.359ms
[labev] t=454720.407 ev.finalize=1.671ms
[labev] t=454720.407 ev.propose=0.002ms
[labev] t=454720.418 ev.verify=11.441ms
[labev] t=454720.420 ev.finalize=1.677ms
[labev] t=454720.420 ev.propose=0.002ms
[labev] t=454720.432 ev.verify=11.484ms
[labev] t=454720.434 ev.finalize=1.687ms
[labev] t=454720.434 ev.propose=0.002ms
[labev] t=454720.445 ev.verify=11.381ms
[labev] t=454720.447 ev.finalize=1.666ms
[labev] t=454720.447 ev.propose=0.001ms
[labev] t=454720.458 ev.verify=11.252ms
[labev] t=454720.460 ev.finalize=1.681ms
[labev] t=454720.460 ev.propose=0.002ms
[labev] t=454720.471 ev.verify=11.241ms
[labev] t=454720.473 ev.finalize=1.626ms
[labev] t=454720.473 ev.propose=0.002ms
[labev] t=454720.484 ev.verify=11.452ms
[labev] t=454720.486 ev.finalize=1.658ms
[labev] t=454720.486 ev.propose=0.001ms
[labev] t=454720.497 ev.verify=11.176ms
[labev] t=454720.499 ev.finalize=1.658ms
[labev] t=454720.499 ev.propose=0.001ms
[labev] t=454720.511 ev.verify=11.361ms
[labev] t=454720.512 ev.finalize=1.696ms
[labev] t=454720.512 ev.propose=0.001ms
[labev] t=454720.524 ev.verify=11.361ms
[labev] t=454720.526 ev.finalize=1.657ms
[labev] t=454720.526 ev.propose=0.001ms
[labev] t=454720.537 ev.verify=11.471ms
[labev] t=454720.539 ev.finalize=1.667ms
[labev] t=454720.539 ev.propose=0.002ms
[labev] t=454720.550 ev.verify=11.542ms
[labev] t=454720.552 ev.finalize=1.560ms
[labev] t=454720.552 ev.propose=0.001ms
[labev] t=454720.564 ev.verify=11.410ms
[labev] t=454720.565 ev.finalize=1.534ms
[labev] t=454720.565 ev.propose=0.002ms
[labev] t=454720.577 ev.verify=11.220ms
[labev] t=454720.578 ev.finalize=1.672ms
[labev] t=454720.578 ev.propose=0.001ms
[labev] t=454720.590 ev.verify=11.330ms
[labev] t=454720.591 ev.finalize=1.683ms
[labev] t=454720.592 ev.propose=0.002ms
[labev] t=454720.603 ev.verify=11.193ms
[labev] t=454720.605 ev.finalize=2.266ms
[labev] t=454720.605 ev.propose=0.002ms
[labev] t=454720.616 ev.verify=11.205ms
[labev] t=454720.618 ev.finalize=1.672ms
[labev] t=454720.618 ev.propose=0.002ms
[labev] t=454720.630 ev.verify=11.339ms
[labev] t=454720.631 ev.finalize=1.637ms
[labev] t=454720.631 ev.propose=0.002ms
[labev] t=454720.643 ev.verify=11.311ms
[labev] t=454720.644 ev.finalize=1.671ms
[labev] t=454720.645 ev.propose=0.002ms
[labev] t=454720.656 ev.verify=11.247ms
[labev] t=454720.657 ev.finalize=1.668ms
[labev] t=454720.658 ev.propose=0.002ms
[labev] t=454720.669 ev.verify=11.388ms
[labev] t=454720.671 ev.finalize=1.669ms
[labev] t=454720.671 ev.propose=0.002ms
[labev] t=454720.682 ev.verify=11.218ms
[labev] t=454720.684 ev.finalize=1.555ms
[labev] t=454720.684 ev.propose=0.001ms
[labev] t=454720.695 ev.verify=11.219ms
[labev] t=454720.697 ev.finalize=1.673ms
[labev] t=454720.697 ev.propose=0.002ms
[labev] t=454720.708 ev.verify=11.263ms
[labev] t=454720.710 ev.finalize=1.687ms
[labev] t=454724.169 req.start s1-p4096-o512-b5-r0=0.000ms
[labev] t=454724.169 req.handle=0.037ms
[labev] t=454724.189 tok.prepare=19.838ms
event=batching_admitted action=scheduler_admitted
[labprof] d0.performDecode.call=135.643ms/n32 f0.finalize.total=1.658ms/n557 f1.finalize.build=0.482ms/n557 f2.finalize.eval=1.140ms/n557 fc.finalize.call=1.662ms/n557 o1.ord.build=1.154ms/n511 o2.ord.eval=7.312ms/n511 p0.propose=0.001ms/n557 r0.round.interval=13.128ms/n555 s1.native.prefill.target=63.132ms/n10 s1.ord.prefill.target=40.095ms/n8 s2.native.prefill.drafter+eval=212.826ms/n9 s2.ord.prefill.eval=230.498ms/n8 s9.native.prefill.chunk.total=282.702ms/n10 s9.ord.prefill.chunk.total=270.636ms/n8 v0.verify.call=11.294ms/n557 v1.verify.build=0.835ms/n557 v2.verify.eval=10.350ms/n557
[labev] t=454724.510 chunk.native.total=319.966ms
[labev] t=454724.777 chunk.native.total=267.181ms
[labev] t=454725.046 chunk.native.total=269.154ms
[labev] t=454725.319 chunk.native.total=273.320ms
[labev] t=454725.597 chunk.native.total=277.313ms
[labev] t=454725.876 chunk.native.total=279.024ms
[labev] t=454726.158 chunk.native.total=282.266ms
[labev] t=454726.474 chunk.native.total=315.827ms
[labev] t=454726.474 req.firsttoken s1-p4096-o512-b5-r0=2304.892ms
[labev] t=454726.474 ev.propose=0.003ms
[labev] t=454726.486 ev.verify=11.284ms
[labev] t=454726.487 ev.finalize=1.632ms
[labev] t=454726.487 ev.propose=0.078ms
[labev] t=454726.499 ev.verify=11.425ms
[labev] t=454726.501 ev.finalize=1.659ms
[labev] t=454726.501 ev.propose=0.065ms
[labev] t=454726.512 ev.verify=11.254ms
[labev] t=454726.514 ev.finalize=1.625ms
[labev] t=454726.514 ev.propose=0.054ms
[labev] t=454726.525 ev.verify=11.068ms
[labev] t=454726.527 ev.finalize=1.698ms
[labev] t=454726.527 ev.propose=0.038ms
[labev] t=454726.538 ev.verify=11.241ms
[labev] t=454726.540 ev.finalize=1.628ms
[labev] t=454726.540 ev.propose=0.047ms
[labev] t=454726.551 ev.verify=11.258ms
[labev] t=454726.553 ev.finalize=1.598ms
[labev] t=454726.553 ev.propose=0.073ms
[labev] t=454726.564 ev.verify=11.368ms
[labev] t=454726.566 ev.finalize=1.647ms
[labev] t=454726.566 ev.propose=0.065ms
[labev] t=454726.578 ev.verify=11.223ms
[labev] t=454726.579 ev.finalize=1.632ms
[labev] t=454726.579 ev.propose=0.047ms
[labev] t=454726.590 ev.verify=10.969ms
[labev] t=454726.593 ev.finalize=2.267ms
[labev] t=454726.593 ev.propose=0.065ms
[labev] t=454726.604 ev.verify=11.298ms
[labev] t=454726.606 ev.finalize=1.654ms
[labev] t=454726.606 ev.propose=0.067ms
[labev] t=454726.617 ev.verify=11.180ms
[labev] t=454726.619 ev.finalize=1.665ms
[labev] t=454726.619 ev.propose=0.060ms
[labev] t=454726.630 ev.verify=11.158ms
[labev] t=454726.632 ev.finalize=1.529ms
[labev] t=454726.632 ev.propose=0.061ms
[labev] t=454726.643 ev.verify=11.048ms
[labev] t=454726.645 ev.finalize=1.498ms
[labev] t=454726.645 ev.propose=0.058ms
[labev] t=454726.656 ev.verify=11.154ms
[labev] t=454726.658 ev.finalize=1.600ms
[labev] t=454726.658 ev.propose=0.058ms
[labev] t=454726.669 ev.verify=11.208ms
[labev] t=454726.671 ev.finalize=1.516ms
[labev] t=454726.671 ev.propose=0.002ms
[labev] t=454726.682 ev.verify=11.215ms
[labev] t=454726.684 ev.finalize=1.610ms
[labev] t=454726.684 ev.propose=0.059ms
[labev] t=454726.695 ev.verify=11.116ms
[labev] t=454726.696 ev.finalize=1.628ms
[labev] t=454726.697 ev.propose=0.002ms
[labev] t=454726.708 ev.verify=11.165ms
[labev] t=454726.709 ev.finalize=1.638ms
[labev] t=454726.710 ev.propose=0.059ms
[labev] t=454726.721 ev.verify=11.110ms
[labev] t=454726.722 ev.finalize=1.608ms
[labev] t=454726.723 ev.propose=0.002ms
[labev] t=454726.734 ev.verify=11.224ms
[labev] t=454726.735 ev.finalize=1.625ms
[labev] t=454726.736 ev.propose=0.001ms
[labev] t=454726.747 ev.verify=11.202ms
[labev] t=454726.748 ev.finalize=1.637ms
[labev] t=454726.749 ev.propose=0.064ms
[labev] t=454726.760 ev.verify=11.180ms
[labev] t=454726.761 ev.finalize=1.621ms
[labev] t=454726.762 ev.propose=0.002ms
[labev] t=454726.773 ev.verify=11.273ms
[labev] t=454726.775 ev.finalize=1.591ms
[labev] t=454726.775 ev.propose=0.002ms
[labev] t=454726.786 ev.verify=11.128ms
[labev] t=454726.787 ev.finalize=1.626ms
[labev] t=454726.788 ev.propose=0.002ms
[labev] t=454726.799 ev.verify=11.221ms
[labev] t=454726.800 ev.finalize=1.607ms
[labev] t=454726.801 ev.propose=0.002ms
[labev] t=454726.812 ev.verify=11.284ms
[labev] t=454726.814 ev.finalize=2.272ms
[labev] t=454726.814 ev.propose=0.002ms
[labev] t=454726.826 ev.verify=11.247ms
[labev] t=454726.827 ev.finalize=1.631ms
[labev] t=454726.827 ev.propose=0.002ms
[labev] t=454726.839 ev.verify=11.206ms
[labev] t=454726.840 ev.finalize=1.629ms
[labev] t=454726.840 ev.propose=0.002ms
[labev] t=454726.852 ev.verify=11.245ms
[labev] t=454726.853 ev.finalize=1.679ms
[labev] t=454726.853 ev.propose=0.002ms
[labev] t=454726.865 ev.verify=11.212ms
[labev] t=454726.866 ev.finalize=1.620ms
[labev] t=454726.866 ev.propose=0.001ms
[labev] t=454726.878 ev.verify=11.192ms
[labev] t=454726.879 ev.finalize=1.660ms
[labev] t=454726.879 ev.propose=0.002ms
[labev] t=454726.891 ev.verify=11.159ms
[labev] t=454726.892 ev.finalize=1.631ms
[labev] t=454726.892 ev.propose=0.002ms
[labev] t=454726.904 ev.verify=11.159ms
[labev] t=454726.905 ev.finalize=1.631ms
[labev] t=454726.905 ev.propose=0.002ms
[labev] t=454726.917 ev.verify=11.309ms
[labev] t=454726.918 ev.finalize=1.594ms
[labev] t=454726.918 ev.propose=0.002ms
[labev] t=454726.930 ev.verify=11.126ms
[labev] t=454726.931 ev.finalize=1.656ms
[labev] t=454726.931 ev.propose=0.002ms
[labev] t=454726.942 ev.verify=11.065ms
[labev] t=454726.944 ev.finalize=1.607ms
[labev] t=454726.944 ev.propose=0.001ms
[labev] t=454726.956 ev.verify=11.368ms
[labev] t=454726.957 ev.finalize=1.616ms
[labev] t=454726.957 ev.propose=0.002ms
[labev] t=454726.969 ev.verify=11.331ms
[labev] t=454726.970 ev.finalize=1.618ms
[labev] t=454726.970 ev.propose=0.002ms
[labev] t=454726.982 ev.verify=11.112ms
[labev] t=454726.983 ev.finalize=1.648ms
[labev] t=454726.983 ev.propose=0.002ms
[labev] t=454726.994 ev.verify=11.055ms
[labev] t=454726.996 ev.finalize=1.617ms
[labev] t=454726.996 ev.propose=0.002ms
[labev] t=454727.007 ev.verify=11.206ms
[labev] t=454727.009 ev.finalize=1.602ms
[labev] t=454727.009 ev.propose=0.002ms
[labev] t=454727.021 ev.verify=11.287ms
[labev] t=454727.023 ev.finalize=2.302ms
[labev] t=454727.023 ev.propose=0.002ms
[labev] t=454727.034 ev.verify=11.405ms
[labev] t=454727.036 ev.finalize=1.676ms
[labev] t=454727.036 ev.propose=0.002ms
[labev] t=454727.048 ev.verify=11.266ms
[labev] t=454727.049 ev.finalize=1.630ms
[labev] t=454727.049 ev.propose=0.002ms
[labev] t=454727.060 ev.verify=11.109ms
[labev] t=454727.062 ev.finalize=1.642ms
[labev] t=454727.062 ev.propose=0.002ms
[labev] t=454727.073 ev.verify=11.117ms
[labev] t=454727.075 ev.finalize=1.656ms
[labev] t=454727.075 ev.propose=0.001ms
[labev] t=454727.086 ev.verify=11.218ms
[labev] t=454727.088 ev.finalize=1.650ms
[labev] t=454727.088 ev.propose=0.002ms
[labev] t=454727.099 ev.verify=11.143ms
[labev] t=454727.101 ev.finalize=1.830ms
[labev] t=454727.101 ev.propose=0.001ms
[labev] t=454727.113 ev.verify=11.260ms
[labev] t=454727.114 ev.finalize=1.645ms
[labev] t=454727.114 ev.propose=0.002ms
[labev] t=454727.126 ev.verify=11.205ms
[labev] t=454727.127 ev.finalize=1.622ms
[labev] t=454727.127 ev.propose=0.002ms
[labev] t=454727.139 ev.verify=11.238ms
[labev] t=454727.140 ev.finalize=1.505ms
[labev] t=454727.140 ev.propose=0.002ms
[labev] t=454727.151 ev.verify=11.114ms
[labev] t=454727.153 ev.finalize=1.627ms
[labev] t=454727.153 ev.propose=0.002ms
[labev] t=454727.165 ev.verify=11.267ms
[labev] t=454727.166 ev.finalize=1.720ms
[labev] t=454727.166 ev.propose=0.002ms
[labev] t=454727.178 ev.verify=11.133ms
[labev] t=454727.179 ev.finalize=1.633ms
[labev] t=454727.179 ev.propose=0.002ms
[labev] t=454727.191 ev.verify=11.216ms
[labev] t=454727.192 ev.finalize=1.648ms
[labev] t=454727.192 ev.propose=0.002ms
[labev] t=454727.204 ev.verify=11.223ms
[labev] t=454727.205 ev.finalize=1.636ms
[labev] t=454727.205 ev.propose=0.002ms
[labev] t=454727.217 ev.verify=11.168ms
[labev] t=454727.218 ev.finalize=1.629ms
[labev] t=454727.218 ev.propose=0.002ms
[labev] t=454727.230 ev.verify=11.227ms
[labev] t=454727.231 ev.finalize=1.614ms
[labev] t=454727.231 ev.propose=0.002ms
[labev] t=454727.243 ev.verify=11.179ms
[labev] t=454727.245 ev.finalize=2.250ms
[labev] t=454727.245 ev.propose=0.002ms
[labev] t=454727.256 ev.verify=11.201ms
[labev] t=454727.258 ev.finalize=1.656ms
[labev] t=454727.258 ev.propose=0.002ms
[labev] t=454727.269 ev.verify=11.251ms
[labev] t=454727.271 ev.finalize=1.504ms
[labev] t=454727.271 ev.propose=0.002ms
[labev] t=454727.282 ev.verify=10.895ms
[labev] t=454727.284 ev.finalize=1.636ms
[labev] t=454727.284 ev.propose=0.002ms
[labev] t=454727.295 ev.verify=11.377ms
[labev] t=454727.297 ev.finalize=1.611ms
[labev] t=454727.297 ev.propose=0.002ms
[labev] t=454727.308 ev.verify=11.057ms
[labev] t=454727.310 ev.finalize=1.658ms
[labev] t=454727.310 ev.propose=0.002ms
[labev] t=454727.321 ev.verify=11.132ms
[labev] t=454727.322 ev.finalize=1.625ms
[labev] t=454727.323 ev.propose=0.002ms
[labev] t=454727.334 ev.verify=11.171ms
[labev] t=454727.335 ev.finalize=1.684ms
[labev] t=454727.336 ev.propose=0.002ms
[labev] t=454727.347 ev.verify=11.159ms
[labev] t=454727.348 ev.finalize=1.568ms
[labev] t=454727.348 ev.propose=0.002ms
[labev] t=454727.360 ev.verify=11.319ms
[labev] t=454727.362 ev.finalize=1.629ms
[labev] t=454727.362 ev.propose=0.002ms
[labev] t=454727.373 ev.verify=11.201ms
[labev] t=454727.374 ev.finalize=1.497ms
[labev] t=454727.374 ev.propose=0.002ms
[labev] t=454727.386 ev.verify=11.023ms
[labev] t=454727.387 ev.finalize=1.625ms
[labev] t=454727.387 ev.propose=0.001ms
[labev] t=454727.399 ev.verify=11.296ms
[labev] t=454727.400 ev.finalize=1.637ms
[labev] t=454727.400 ev.propose=0.002ms
[labev] t=454727.412 ev.verify=11.147ms
[labev] t=454727.413 ev.finalize=1.623ms
[labev] t=454727.413 ev.propose=0.002ms
[labev] t=454727.425 ev.verify=11.221ms
[labev] t=454727.426 ev.finalize=1.647ms
[labev] t=454727.426 ev.propose=0.002ms
[labev] t=454727.438 ev.verify=11.379ms
[labev] t=454727.439 ev.finalize=1.621ms
[labev] t=454727.440 ev.propose=0.002ms
[labev] t=454727.451 ev.verify=11.268ms
[labev] t=454727.452 ev.finalize=1.560ms
[labev] t=454727.453 ev.propose=0.001ms
[labev] t=454727.464 ev.verify=11.194ms
[labev] t=454727.465 ev.finalize=1.639ms
[labev] t=454727.466 ev.propose=0.001ms
[labev] t=454727.477 ev.verify=11.098ms
[labev] t=454727.479 ev.finalize=2.235ms
[labev] t=454727.479 ev.propose=0.002ms
[labev] t=454727.490 ev.verify=11.327ms
[labev] t=454727.492 ev.finalize=1.651ms
[labev] t=454727.492 ev.propose=0.002ms
[labev] t=454727.504 ev.verify=11.263ms
[labev] t=454727.505 ev.finalize=1.621ms
[labev] t=454727.505 ev.propose=0.002ms
[labev] t=454727.517 ev.verify=11.239ms
[labev] t=454727.518 ev.finalize=1.639ms
[labev] t=454727.518 ev.propose=0.002ms
[labev] t=454727.530 ev.verify=11.126ms
[labev] t=454727.531 ev.finalize=1.635ms
[labev] t=454727.531 ev.propose=0.002ms
[labev] t=454727.542 ev.verify=11.079ms
[labev] t=454727.544 ev.finalize=1.625ms
[labev] t=454727.544 ev.propose=0.002ms
[labev] t=454727.555 ev.verify=11.239ms
[labev] t=454727.557 ev.finalize=1.637ms
[labev] t=454727.557 ev.propose=0.002ms
[labev] t=454727.569 ev.verify=11.377ms
[labev] t=454727.570 ev.finalize=1.633ms
[labev] t=454727.570 ev.propose=0.002ms
[labev] t=454727.582 ev.verify=11.180ms
[labev] t=454727.583 ev.finalize=1.525ms
[labev] t=454727.583 ev.propose=0.001ms
[labev] t=454727.594 ev.verify=11.164ms
[labev] t=454727.596 ev.finalize=1.636ms
[labev] t=454727.596 ev.propose=0.002ms
[labev] t=454727.607 ev.verify=11.200ms
[labev] t=454727.609 ev.finalize=1.634ms
[labev] t=454727.609 ev.propose=0.002ms
[labev] t=454727.621 ev.verify=11.295ms
[labev] t=454727.622 ev.finalize=1.641ms
[labev] t=454727.622 ev.propose=0.001ms
[labev] t=454727.634 ev.verify=11.240ms
[labev] t=454727.635 ev.finalize=1.650ms
[labev] t=454727.635 ev.propose=0.002ms
[labev] t=454727.647 ev.verify=11.127ms
[labev] t=454727.648 ev.finalize=1.631ms
[labev] t=454727.648 ev.propose=0.002ms
[labev] t=454727.660 ev.verify=11.249ms
[labev] t=454727.661 ev.finalize=1.689ms
[labev] t=454727.661 ev.propose=0.002ms
[labev] t=454727.673 ev.verify=11.328ms
[labev] t=454727.675 ev.finalize=1.753ms
[labev] t=454727.675 ev.propose=0.002ms
[labev] t=454727.686 ev.verify=11.191ms
[labev] t=454727.688 ev.finalize=2.403ms
[labev] t=454727.688 ev.propose=0.002ms
[labev] t=454727.700 ev.verify=11.319ms
[labev] t=454727.701 ev.finalize=1.633ms
[labev] t=454727.702 ev.propose=0.002ms
[labev] t=454727.713 ev.verify=11.431ms
[labev] t=454727.715 ev.finalize=1.665ms
[labev] t=454727.715 ev.propose=0.002ms
[labev] t=454727.726 ev.verify=11.120ms
[labev] t=454727.728 ev.finalize=1.767ms
[labev] t=454727.728 ev.propose=0.001ms
[labev] t=454727.739 ev.verify=11.239ms
[labev] t=454727.741 ev.finalize=1.633ms
[labev] t=454727.741 ev.propose=0.002ms
[labev] t=454727.752 ev.verify=11.167ms
[labev] t=454727.754 ev.finalize=1.663ms
[labev] t=454727.754 ev.propose=0.002ms
[labev] t=454727.765 ev.verify=11.430ms
[labev] t=454727.767 ev.finalize=1.632ms
[labev] t=454727.767 ev.propose=0.002ms
[labev] t=454727.778 ev.verify=11.243ms
[labev] t=454727.780 ev.finalize=1.619ms
[labev] t=454727.780 ev.propose=0.002ms
[labev] t=454727.791 ev.verify=11.155ms
[labev] t=454727.793 ev.finalize=1.643ms
[labev] t=454727.793 ev.propose=0.002ms
[labev] t=454727.804 ev.verify=11.208ms
[labev] t=454727.806 ev.finalize=1.628ms
[labev] t=454727.806 ev.propose=0.002ms
[labev] t=454727.817 ev.verify=11.285ms
[labev] t=454727.819 ev.finalize=1.676ms
[labev] t=454727.819 ev.propose=0.002ms
[labev] t=454727.830 ev.verify=11.080ms
[labev] t=454727.832 ev.finalize=1.643ms
[labev] t=454727.832 ev.propose=0.002ms
[labev] t=454727.843 ev.verify=11.312ms
[labev] t=454727.845 ev.finalize=1.650ms
[labev] t=454727.845 ev.propose=0.002ms
[labev] t=454727.857 ev.verify=11.224ms
[labev] t=454727.858 ev.finalize=1.633ms
[labev] t=454727.858 ev.propose=0.002ms
[labev] t=454727.870 ev.verify=11.322ms
[labev] t=454727.871 ev.finalize=1.653ms
[labev] t=454727.871 ev.propose=0.002ms
[labev] t=454727.883 ev.verify=11.351ms
[labev] t=454727.885 ev.finalize=1.618ms
[labev] t=454727.885 ev.propose=0.002ms
[labev] t=454727.896 ev.verify=11.401ms
[labev] t=454727.898 ev.finalize=2.269ms
[labev] t=454727.898 ev.propose=0.002ms
[labev] t=454727.910 ev.verify=11.354ms
[labev] t=454727.912 ev.finalize=1.650ms
[labev] t=454727.912 ev.propose=0.001ms
[labev] t=454727.923 ev.verify=11.176ms
[labev] t=454727.925 ev.finalize=1.656ms
[labev] t=454727.925 ev.propose=0.002ms
[labev] t=454727.936 ev.verify=11.337ms
[labev] t=454727.938 ev.finalize=1.636ms
[labev] t=454727.938 ev.propose=0.002ms
[labev] t=454727.949 ev.verify=11.212ms
[labev] t=454727.951 ev.finalize=1.653ms
[labev] t=454727.951 ev.propose=0.001ms
[labev] t=454727.962 ev.verify=11.151ms
[labev] t=454727.964 ev.finalize=1.615ms
[labev] t=454727.964 ev.propose=0.002ms
[labev] t=454727.975 ev.verify=11.274ms
[labev] t=454727.977 ev.finalize=1.647ms
[labev] t=454727.977 ev.propose=0.002ms
[labev] t=454727.988 ev.verify=11.256ms
[labev] t=454727.990 ev.finalize=1.643ms
[labev] t=454727.990 ev.propose=0.002ms
[labev] t=454728.001 ev.verify=11.365ms
[labev] t=454728.003 ev.finalize=1.635ms
[labev] t=454728.003 ev.propose=0.002ms
[labev] t=454728.014 ev.verify=11.081ms
[labev] t=454728.016 ev.finalize=1.658ms
[labev] t=454728.016 ev.propose=0.002ms
[labev] t=454728.027 ev.verify=11.196ms
[labev] t=454728.029 ev.finalize=1.655ms
[labev] t=454728.029 ev.propose=0.002ms
[labev] t=454728.040 ev.verify=11.199ms
[labev] t=454728.042 ev.finalize=1.641ms
[labev] t=454728.042 ev.propose=0.001ms
[labev] t=454728.053 ev.verify=11.258ms
[labev] t=454728.055 ev.finalize=1.643ms
[labev] t=454728.055 ev.propose=0.002ms
[labev] t=454728.066 ev.verify=11.195ms
[labev] t=454728.068 ev.finalize=1.631ms
[labev] t=454728.068 ev.propose=0.002ms
[labev] t=454728.079 ev.verify=11.328ms
[labev] t=454728.081 ev.finalize=1.631ms
[labev] t=454728.081 ev.propose=0.002ms
[labev] t=454728.093 ev.verify=11.356ms
[labev] t=454728.094 ev.finalize=1.636ms
[labev] t=454728.094 ev.propose=0.002ms
[labev] t=454728.106 ev.verify=11.246ms
[labev] t=454728.108 ev.finalize=2.312ms
[labev] t=454728.108 ev.propose=0.002ms
[labev] t=454728.119 ev.verify=11.256ms
[labev] t=454728.121 ev.finalize=1.655ms
[labev] t=454728.121 ev.propose=0.002ms
[labev] t=454728.132 ev.verify=11.169ms
[labev] t=454728.134 ev.finalize=1.643ms
[labev] t=454728.134 ev.propose=0.001ms
[labev] t=454728.146 ev.verify=11.354ms
[labev] t=454728.147 ev.finalize=1.662ms
[labev] t=454728.147 ev.propose=0.002ms
[labev] t=454728.159 ev.verify=11.377ms
[labev] t=454728.161 ev.finalize=1.724ms
[labev] t=454728.161 ev.propose=0.001ms
[labev] t=454728.172 ev.verify=11.265ms
[labev] t=454728.174 ev.finalize=1.667ms
[labev] t=454728.174 ev.propose=0.002ms
[labev] t=454728.185 ev.verify=11.485ms
[labev] t=454728.187 ev.finalize=1.645ms
[labev] t=454728.187 ev.propose=0.001ms
[labev] t=454728.198 ev.verify=11.276ms
[labev] t=454728.200 ev.finalize=1.644ms
[labev] t=454728.200 ev.propose=0.002ms
[labev] t=454728.212 ev.verify=11.358ms
[labev] t=454728.213 ev.finalize=1.659ms
[labev] t=454728.213 ev.propose=0.002ms
[labev] t=454728.225 ev.verify=11.328ms
[labev] t=454728.226 ev.finalize=1.669ms
[labev] t=454728.226 ev.propose=0.002ms
[labev] t=454728.238 ev.verify=11.373ms
[labev] t=454728.240 ev.finalize=1.716ms
[labev] t=454728.240 ev.propose=0.002ms
[labev] t=454728.251 ev.verify=11.396ms
[labev] t=454728.253 ev.finalize=1.670ms
[labev] t=454728.253 ev.propose=0.002ms
[labev] t=454728.264 ev.verify=11.485ms
[labev] t=454728.266 ev.finalize=1.650ms
[labev] t=454728.266 ev.propose=0.002ms
[labev] t=454728.277 ev.verify=11.221ms
[labev] t=454728.279 ev.finalize=1.635ms
[labev] t=454728.279 ev.propose=0.002ms
[labev] t=454728.291 ev.verify=11.391ms
[labev] t=454728.292 ev.finalize=1.637ms
[labev] t=454728.292 ev.propose=0.002ms
[labev] t=454728.304 ev.verify=11.396ms
[labev] t=454728.306 ev.finalize=1.628ms
[labev] t=454728.306 ev.propose=0.002ms
[labev] t=454728.317 ev.verify=11.400ms
[labev] t=454728.319 ev.finalize=2.294ms
[labev] t=454728.320 ev.propose=0.002ms
[labev] t=454728.331 ev.verify=11.234ms
[labev] t=454728.333 ev.finalize=1.665ms
[labev] t=454728.333 ev.propose=0.002ms
[labev] t=454728.344 ev.verify=11.436ms
[labev] t=454728.346 ev.finalize=1.648ms
[labev] t=454728.346 ev.propose=0.002ms
[labev] t=454728.357 ev.verify=11.266ms
[labev] t=454728.359 ev.finalize=1.679ms
[labev] t=454728.359 ev.propose=0.001ms
[labev] t=454728.370 ev.verify=11.335ms
[labev] t=454728.372 ev.finalize=1.637ms
[labev] t=454728.372 ev.propose=0.002ms
[labev] t=454728.383 ev.verify=11.236ms
[labev] t=454728.385 ev.finalize=1.541ms
[labev] t=454728.385 ev.propose=0.002ms
[labev] t=454728.396 ev.verify=11.159ms
[labev] t=454728.398 ev.finalize=1.541ms
[labev] t=454728.398 ev.propose=0.002ms
[labev] t=454728.409 ev.verify=11.351ms
[labev] t=454728.411 ev.finalize=1.643ms
[labev] t=454728.411 ev.propose=0.002ms
[labev] t=454728.422 ev.verify=11.332ms
[labev] t=454728.424 ev.finalize=1.624ms
[labev] t=454728.424 ev.propose=0.002ms
[labev] t=454728.436 ev.verify=11.302ms
[labev] t=454728.437 ev.finalize=1.656ms
[labev] t=454728.437 ev.propose=0.002ms
[labev] t=454728.449 ev.verify=11.404ms
[labev] t=454728.450 ev.finalize=1.687ms
[labev] t=454728.451 ev.propose=0.002ms
[labev] t=454728.462 ev.verify=11.313ms
[labev] t=454728.463 ev.finalize=1.530ms
[labev] t=454728.464 ev.propose=0.002ms
[labev] t=454728.475 ev.verify=11.274ms
[labev] t=454728.477 ev.finalize=1.649ms
[labev] t=454728.477 ev.propose=0.002ms
[labev] t=454728.488 ev.verify=11.215ms
[labev] t=454728.490 ev.finalize=1.615ms
[labev] t=454728.490 ev.propose=0.001ms
[labev] t=454728.501 ev.verify=11.294ms
[labev] t=454728.503 ev.finalize=1.537ms
[labev] t=454728.503 ev.propose=0.001ms
[labev] t=454728.514 ev.verify=11.156ms
[labev] t=454728.515 ev.finalize=1.625ms
[labev] t=454728.516 ev.propose=0.002ms
[labev] t=454728.527 ev.verify=11.146ms
[labev] t=454728.528 ev.finalize=1.649ms
[labev] t=454728.529 ev.propose=0.002ms
[labev] t=454728.540 ev.verify=11.247ms
[labev] t=454728.541 ev.finalize=1.629ms
[labev] t=454728.542 ev.propose=0.002ms
[labev] t=454728.553 ev.verify=11.429ms
[labev] t=454728.555 ev.finalize=2.274ms
[labev] t=454728.555 ev.propose=0.002ms
[labev] t=454728.567 ev.verify=11.278ms
[labev] t=454728.568 ev.finalize=1.635ms
[labev] t=454728.569 ev.propose=0.002ms
[labev] t=454728.580 ev.verify=11.063ms
[labev] t=454728.581 ev.finalize=1.651ms
[labev] t=454728.581 ev.propose=0.002ms
[labev] t=454728.593 ev.verify=11.157ms
[labev] t=454728.594 ev.finalize=1.645ms
[labev] t=454728.594 ev.propose=0.002ms
[labev] t=454728.605 ev.verify=11.111ms
[labev] t=454728.607 ev.finalize=1.653ms
[labev] t=454728.607 ev.propose=0.001ms
[labev] t=454728.619 ev.verify=11.310ms
[labev] t=454728.620 ev.finalize=1.622ms
[labev] t=454728.620 ev.propose=0.001ms
[labev] t=454728.632 ev.verify=11.204ms
[labev] t=454728.633 ev.finalize=1.637ms
[labev] t=454728.633 ev.propose=0.002ms
[labev] t=454728.644 ev.verify=11.137ms
[labev] t=454728.646 ev.finalize=1.625ms
[labev] t=454728.646 ev.propose=0.002ms
[labev] t=454728.658 ev.verify=11.293ms
[labev] t=454728.659 ev.finalize=1.532ms
[labev] t=454728.659 ev.propose=0.002ms
[labev] t=454728.670 ev.verify=11.055ms
[labev] t=454728.672 ev.finalize=1.543ms
[labev] t=454728.672 ev.propose=0.001ms
[labev] t=454728.683 ev.verify=11.475ms
[labev] t=454728.685 ev.finalize=1.659ms
[labev] t=454728.685 ev.propose=0.002ms
[labev] t=454728.697 ev.verify=11.463ms
[labev] t=454728.698 ev.finalize=1.651ms
[labev] t=454728.699 ev.propose=0.002ms
[labev] t=454728.710 ev.verify=11.479ms
[labev] t=454728.712 ev.finalize=1.660ms
[labev] t=454728.712 ev.propose=0.002ms
[labev] t=454728.723 ev.verify=11.384ms
[labev] t=454728.725 ev.finalize=1.651ms
[labev] t=454728.725 ev.propose=0.002ms
[labev] t=454728.736 ev.verify=11.212ms
[labev] t=454728.738 ev.finalize=1.646ms
[labev] t=454728.738 ev.propose=0.002ms
[labev] t=454728.749 ev.verify=11.289ms
[labev] t=454728.751 ev.finalize=1.629ms
[labev] t=454728.751 ev.propose=0.002ms
[labev] t=454728.762 ev.verify=11.322ms
[labev] t=454728.764 ev.finalize=1.659ms
[labev] t=454728.764 ev.propose=0.002ms
[labev] t=454728.776 ev.verify=11.273ms
[labev] t=454728.778 ev.finalize=2.317ms
[labev] t=454728.778 ev.propose=0.002ms
[labev] t=454728.789 ev.verify=11.247ms
[labev] t=454728.791 ev.finalize=1.682ms
[labev] t=454728.791 ev.propose=0.002ms
[labev] t=454728.803 ev.verify=11.398ms
[labev] t=454728.804 ev.finalize=1.658ms
[labev] t=454728.804 ev.propose=0.002ms
[labev] t=454728.816 ev.verify=11.408ms
[labev] t=454728.817 ev.finalize=1.634ms
[labev] t=454728.818 ev.propose=0.002ms
[labev] t=454728.829 ev.verify=11.143ms
[labev] t=454728.830 ev.finalize=1.660ms
[labev] t=454728.831 ev.propose=0.002ms
[labev] t=454728.842 ev.verify=11.484ms
[labev] t=454728.844 ev.finalize=1.634ms
[labev] t=454728.844 ev.propose=0.001ms
[labev] t=454728.855 ev.verify=11.298ms
[labev] t=454728.857 ev.finalize=1.652ms
[labev] t=454728.857 ev.propose=0.002ms
[labev] t=454728.868 ev.verify=11.339ms
[labev] t=454728.870 ev.finalize=1.660ms
[labev] t=454728.870 ev.propose=0.002ms
[labev] t=454728.881 ev.verify=11.300ms
[labev] t=454728.883 ev.finalize=1.664ms
[labev] t=454728.883 ev.propose=0.002ms
[labev] t=454728.895 ev.verify=11.323ms
[labev] t=454728.896 ev.finalize=1.524ms
[labev] t=454728.896 ev.propose=0.002ms
[labev] t=454728.907 ev.verify=11.134ms
[labev] t=454728.909 ev.finalize=1.661ms
[labev] t=454728.909 ev.propose=0.002ms
[labev] t=454728.921 ev.verify=11.265ms
[labev] t=454728.922 ev.finalize=1.536ms
[labev] t=454728.922 ev.propose=0.002ms
[labev] t=454728.933 ev.verify=11.264ms
[labev] t=454728.935 ev.finalize=1.669ms
[labev] t=454728.935 ev.propose=0.002ms
[labev] t=454728.947 ev.verify=11.371ms
[labev] t=454728.948 ev.finalize=1.530ms
[labev] t=454728.948 ev.propose=0.002ms
[labev] t=454728.960 ev.verify=11.472ms
[labev] t=454728.962 ev.finalize=1.674ms
[labev] t=454728.962 ev.propose=0.002ms
[labev] t=454728.973 ev.verify=11.366ms
[labev] t=454728.975 ev.finalize=1.670ms
[labev] t=454728.975 ev.propose=0.002ms
[labev] t=454728.986 ev.verify=11.250ms
[labev] t=454728.988 ev.finalize=1.548ms
[labev] t=454728.988 ev.propose=0.002ms
[labev] t=454728.999 ev.verify=11.197ms
[labev] t=454729.001 ev.finalize=1.678ms
[labev] t=454729.001 ev.propose=0.002ms
[labev] t=454729.012 ev.verify=11.037ms
[labev] t=454729.014 ev.finalize=1.538ms
[labev] t=454729.014 ev.propose=0.002ms
[labev] t=454729.025 ev.verify=11.211ms
[labev] t=454729.027 ev.finalize=2.201ms
[labev] t=454729.027 ev.propose=0.002ms
[labev] t=454729.038 ev.verify=11.212ms
[labev] t=454729.040 ev.finalize=1.560ms
[labev] t=454729.040 ev.propose=0.002ms
[labev] t=454729.052 ev.verify=11.348ms
[labev] t=454729.053 ev.finalize=1.662ms
[labev] t=454729.053 ev.propose=0.002ms
[labev] t=454729.065 ev.verify=11.349ms
[labev] t=454729.066 ev.finalize=1.655ms
[labev] t=454729.067 ev.propose=0.002ms
[labev] t=454729.078 ev.verify=11.335ms
[labev] t=454729.080 ev.finalize=1.664ms
[labev] t=454729.080 ev.propose=0.002ms
[labev] t=454729.091 ev.verify=11.195ms
[labev] t=454729.093 ev.finalize=1.564ms
[labev] t=454729.093 ev.propose=0.002ms
[labev] t=454729.104 ev.verify=11.040ms
[labev] t=454729.105 ev.finalize=1.637ms
[labev] t=454729.105 ev.propose=0.002ms
[labev] t=454729.117 ev.verify=11.237ms
[labev] t=454729.118 ev.finalize=1.678ms
[labev] t=454729.119 ev.propose=0.002ms
[labev] t=454729.130 ev.verify=11.264ms
[labev] t=454729.132 ev.finalize=1.662ms
[labev] t=454729.132 ev.propose=0.002ms
[labev] t=454729.143 ev.verify=11.338ms
[labev] t=454729.145 ev.finalize=1.658ms
[labev] t=454729.145 ev.propose=0.002ms
[labev] t=454729.156 ev.verify=11.474ms
[labev] t=454729.158 ev.finalize=1.646ms
[labev] t=454729.158 ev.propose=0.002ms
[labev] t=454729.170 ev.verify=11.534ms
[labev] t=454729.171 ev.finalize=1.648ms
[labev] t=454729.171 ev.propose=0.002ms
[labev] t=454729.183 ev.verify=11.373ms
[labev] t=454729.184 ev.finalize=1.635ms
[labev] t=454729.185 ev.propose=0.001ms
[labev] t=454729.196 ev.verify=11.129ms
[labev] t=454729.198 ev.finalize=1.756ms
[labev] t=454729.198 ev.propose=0.002ms
[labev] t=454729.209 ev.verify=11.290ms
[labev] t=454729.211 ev.finalize=1.561ms
[labev] t=454729.211 ev.propose=0.002ms
[labev] t=454729.222 ev.verify=11.006ms
[labev] t=454729.223 ev.finalize=1.552ms
[labev] t=454729.223 ev.propose=0.002ms
[labev] t=454729.235 ev.verify=11.147ms
[labev] t=454729.236 ev.finalize=1.659ms
[labev] t=454729.236 ev.propose=0.001ms
[labev] t=454729.248 ev.verify=11.173ms
[labev] t=454729.249 ev.finalize=1.641ms
[labev] t=454729.249 ev.propose=0.002ms
[labev] t=454729.261 ev.verify=11.384ms
[labev] t=454729.263 ev.finalize=2.319ms
[labev] t=454729.263 ev.propose=0.002ms
[labev] t=454729.275 ev.verify=11.495ms
[labev] t=454729.276 ev.finalize=1.698ms
[labev] t=454729.277 ev.propose=0.002ms
[labev] t=454729.288 ev.verify=11.290ms
[labev] t=454729.290 ev.finalize=1.653ms
[labev] t=454729.290 ev.propose=0.002ms
[labev] t=454729.301 ev.verify=11.418ms
[labev] t=454729.303 ev.finalize=1.562ms
[labev] t=454729.303 ev.propose=0.002ms
[labev] t=454729.314 ev.verify=11.522ms
[labev] t=454729.316 ev.finalize=1.662ms
[labev] t=454729.316 ev.propose=0.002ms
[labev] t=454729.327 ev.verify=11.130ms
[labev] t=454729.329 ev.finalize=1.653ms
[labev] t=454729.329 ev.propose=0.002ms
[labev] t=454729.341 ev.verify=11.373ms
[labev] t=454729.342 ev.finalize=1.646ms
[labev] t=454729.342 ev.propose=0.002ms
[labev] t=454729.354 ev.verify=11.261ms
[labev] t=454729.355 ev.finalize=1.683ms
[labev] t=454729.355 ev.propose=0.002ms
[labev] t=454729.367 ev.verify=11.433ms
[labev] t=454729.369 ev.finalize=1.673ms
[labev] t=454729.369 ev.propose=0.002ms
[labev] t=454729.380 ev.verify=11.349ms
[labev] t=454729.382 ev.finalize=1.546ms
[labev] t=454729.382 ev.propose=0.002ms
[labev] t=454729.393 ev.verify=11.321ms
[labev] t=454729.395 ev.finalize=1.669ms
[labev] t=454729.395 ev.propose=0.002ms
[labev] t=454729.406 ev.verify=11.407ms
[labev] t=454729.408 ev.finalize=1.673ms
[labev] t=454729.408 ev.propose=0.002ms
[labev] t=454729.419 ev.verify=11.268ms
[labev] t=454729.421 ev.finalize=1.745ms
[labev] t=454729.421 ev.propose=0.002ms
[labev] t=454729.433 ev.verify=11.276ms
[labev] t=454729.435 ev.finalize=1.861ms
[labev] t=454729.435 ev.propose=0.002ms
[labev] t=454729.446 ev.verify=11.274ms
[labev] t=454729.448 ev.finalize=1.733ms
[labev] t=454729.448 ev.propose=0.002ms
[labev] t=454729.459 ev.verify=11.262ms
[labev] t=454729.461 ev.finalize=1.571ms
[labev] t=454729.461 ev.propose=0.002ms
[labev] t=454729.472 ev.verify=11.177ms
[labev] t=454729.474 ev.finalize=1.667ms
[labev] t=454729.474 ev.propose=0.002ms
[labev] t=454729.485 ev.verify=11.197ms
[labev] t=454729.487 ev.finalize=1.670ms
[labev] t=454729.487 ev.propose=0.002ms
[labev] t=454729.498 ev.verify=11.356ms
[labev] t=454729.501 ev.finalize=2.352ms
[labev] t=454729.501 ev.propose=0.002ms
[labev] t=454729.512 ev.verify=11.111ms
[labev] t=454729.514 ev.finalize=1.670ms
[labev] t=454729.514 ev.propose=0.002ms
[labev] t=454729.525 ev.verify=11.305ms
[labev] t=454729.527 ev.finalize=1.643ms
[labev] t=454729.527 ev.propose=0.002ms
[labev] t=454729.538 ev.verify=11.329ms
[labev] t=454729.540 ev.finalize=1.677ms
[labev] t=454729.540 ev.propose=0.002ms
[labev] t=454729.552 ev.verify=11.497ms
[labev] t=454729.553 ev.finalize=1.649ms
[labev] t=454729.553 ev.propose=0.002ms
[labev] t=454729.565 ev.verify=11.360ms
[labev] t=454729.566 ev.finalize=1.654ms
[labev] t=454729.566 ev.propose=0.002ms
[labev] t=454729.578 ev.verify=11.453ms
[labev] t=454729.580 ev.finalize=1.693ms
[labev] t=454729.580 ev.propose=0.002ms
[labev] t=454729.591 ev.verify=11.461ms
[labev] t=454729.593 ev.finalize=1.695ms
[labev] t=454729.593 ev.propose=0.002ms
[labev] t=454729.604 ev.verify=11.135ms
[labev] t=454729.606 ev.finalize=1.648ms
[labev] t=454729.606 ev.propose=0.002ms
[labev] t=454729.617 ev.verify=11.257ms
[labev] t=454729.619 ev.finalize=1.655ms
[labev] t=454729.619 ev.propose=0.002ms
[labev] t=454729.630 ev.verify=11.335ms
[labev] t=454729.632 ev.finalize=1.671ms
[labev] t=454729.632 ev.propose=0.002ms
[labev] t=454729.644 ev.verify=11.230ms
[labev] t=454729.645 ev.finalize=1.704ms
[labev] t=454729.645 ev.propose=0.002ms
[labev] t=454729.657 ev.verify=11.240ms
[labev] t=454729.658 ev.finalize=1.662ms
[labev] t=454729.658 ev.propose=0.001ms
[labev] t=454729.670 ev.verify=11.351ms
[labev] t=454729.671 ev.finalize=1.659ms
[labev] t=454729.672 ev.propose=0.002ms
[labev] t=454729.683 ev.verify=11.529ms
[labev] t=454729.685 ev.finalize=1.667ms
[labev] t=454729.685 ev.propose=0.002ms
[labev] t=454729.696 ev.verify=11.337ms
[labev] t=454729.698 ev.finalize=1.631ms
[labev] t=454729.698 ev.propose=0.002ms
[labev] t=454729.709 ev.verify=11.357ms
[labev] t=454729.712 ev.finalize=2.317ms
[labev] t=454729.712 ev.propose=0.002ms
[labev] t=454729.723 ev.verify=11.269ms
[labev] t=454729.725 ev.finalize=1.691ms
[labev] t=454729.725 ev.propose=0.002ms
[labev] t=454729.736 ev.verify=11.295ms
[labev] t=454729.738 ev.finalize=1.634ms
[labev] t=454729.738 ev.propose=0.002ms
[labev] t=454729.749 ev.verify=11.356ms
[labev] t=454729.751 ev.finalize=1.659ms
[labev] t=454729.751 ev.propose=0.002ms
[labev] t=454729.763 ev.verify=11.406ms
[labev] t=454729.764 ev.finalize=1.682ms
[labev] t=454729.765 ev.propose=0.002ms
[labev] t=454729.776 ev.verify=11.422ms
[labev] t=454729.778 ev.finalize=1.643ms
[labev] t=454729.778 ev.propose=0.002ms
[labev] t=454729.789 ev.verify=11.167ms
[labev] t=454729.791 ev.finalize=1.540ms
[labev] t=454729.791 ev.propose=0.001ms
[labev] t=454729.802 ev.verify=11.205ms
[labev] t=454729.804 ev.finalize=1.703ms
[labev] t=454729.804 ev.propose=0.002ms
[labev] t=454729.815 ev.verify=11.170ms
[labev] t=454729.817 ev.finalize=1.668ms
[labev] t=454729.817 ev.propose=0.002ms
[labev] t=454729.828 ev.verify=11.276ms
[labev] t=454729.830 ev.finalize=1.655ms
[labev] t=454729.830 ev.propose=0.002ms
[labev] t=454729.841 ev.verify=11.436ms
[labev] t=454729.843 ev.finalize=1.662ms
[labev] t=454729.843 ev.propose=0.002ms
[labev] t=454729.854 ev.verify=11.445ms
[labev] t=454729.856 ev.finalize=1.672ms
[labev] t=454729.856 ev.propose=0.002ms
[labev] t=454729.868 ev.verify=11.379ms
[labev] t=454729.869 ev.finalize=1.733ms
[labev] t=454729.870 ev.propose=0.002ms
[labev] t=454729.881 ev.verify=11.363ms
[labev] t=454729.883 ev.finalize=1.574ms
[labev] t=454729.883 ev.propose=0.002ms
[labev] t=454729.894 ev.verify=11.327ms
[labev] t=454729.896 ev.finalize=1.644ms
[labev] t=454729.896 ev.propose=0.002ms
[labev] t=454729.907 ev.verify=11.425ms
[labev] t=454729.909 ev.finalize=1.638ms
[labev] t=454729.909 ev.propose=0.002ms
[labev] t=454729.920 ev.verify=11.337ms
[labev] t=454729.922 ev.finalize=1.526ms
[labev] t=454729.922 ev.propose=0.002ms
[labev] t=454729.933 ev.verify=11.348ms
[labev] t=454729.935 ev.finalize=1.705ms
[labev] t=454729.935 ev.propose=0.002ms
[labev] t=454729.947 ev.verify=11.447ms
[labev] t=454729.949 ev.finalize=2.148ms
[labev] t=454729.949 ev.propose=0.002ms
[labev] t=454729.961 ev.verify=11.546ms
[labev] t=454729.962 ev.finalize=1.674ms
[labev] t=454729.962 ev.propose=0.001ms
[labev] t=454729.974 ev.verify=11.360ms
[labev] t=454729.975 ev.finalize=1.660ms
[labev] t=454729.976 ev.propose=0.002ms
[labev] t=454729.987 ev.verify=11.342ms
[labev] t=454729.989 ev.finalize=1.639ms
[labev] t=454729.989 ev.propose=0.002ms
[labev] t=454730.000 ev.verify=11.468ms
[labev] t=454730.002 ev.finalize=1.667ms
[labev] t=454730.002 ev.propose=0.002ms
[labev] t=454730.013 ev.verify=11.327ms
[labev] t=454730.015 ev.finalize=1.662ms
[labev] t=454730.015 ev.propose=0.001ms
[labev] t=454730.026 ev.verify=11.334ms
[labev] t=454730.028 ev.finalize=1.743ms
[labev] t=454730.028 ev.propose=0.002ms
[labev] t=454730.040 ev.verify=11.322ms
[labev] t=454730.041 ev.finalize=1.694ms
[labev] t=454730.043 req.start s1-p4096-o512-b5-r0=0.000ms
[labev] t=454730.043 req.handle=0.012ms
[labev] t=454730.063 tok.prepare=19.805ms
event=batching_admitted action=scheduler_admitted
[labev] t=454730.316 chunk.ord.total=253.382ms
[labev] t=454730.568 chunk.ord.total=251.620ms
[labev] t=454730.824 chunk.ord.total=255.699ms
[labev] t=454731.082 chunk.ord.total=258.282ms
[labev] t=454731.343 chunk.ord.total=260.838ms
[labev] t=454731.605 chunk.ord.total=261.409ms
[labev] t=454731.870 chunk.ord.total=265.705ms
[labev] t=454732.176 chunk.ord.total=305.734ms
[labev] t=454732.176 req.firsttoken s1-p4096-o512-b5-r0=2133.492ms
[labev] t=454732.316 ev.decode.rows1.cap0=139.178ms
[labev] t=454732.451 ev.decode.rows1.cap0=135.083ms
[labev] t=454732.586 ev.decode.rows1.cap0=134.776ms
[labev] t=454732.721 ev.decode.rows1.cap0=135.095ms
[labev] t=454732.856 ev.decode.rows1.cap0=134.768ms
[labev] t=454732.991 ev.decode.rows1.cap0=134.807ms
[labev] t=454733.126 ev.decode.rows1.cap0=134.915ms
[labev] t=454733.260 ev.decode.rows1.cap0=134.738ms
[labev] t=454733.395 ev.decode.rows1.cap0=134.860ms
[labev] t=454733.530 ev.decode.rows1.cap0=134.826ms
[labev] t=454733.665 ev.decode.rows1.cap0=134.622ms
[labev] t=454733.800 ev.decode.rows1.cap0=135.019ms
[labev] t=454733.935 ev.decode.rows1.cap0=134.971ms
[labev] t=454734.071 ev.decode.rows1.cap0=135.365ms
[labev] t=454734.206 ev.decode.rows1.cap0=135.312ms
[labev] t=454734.342 ev.decode.rows1.cap0=135.399ms
[labev] t=454734.477 ev.decode.rows1.cap0=135.194ms
[labev] t=454734.612 ev.decode.rows1.cap0=135.119ms
[labev] t=454734.748 ev.decode.rows1.cap0=135.654ms
[labev] t=454734.883 ev.decode.rows1.cap0=135.327ms
[labev] t=454735.022 ev.decode.rows1.cap0=138.521ms
[labev] t=454735.173 ev.decode.rows1.cap0=151.361ms
[labev] t=454735.309 ev.decode.rows1.cap0=135.432ms
[labev] t=454735.444 ev.decode.rows1.cap0=135.120ms
[labev] t=454735.579 ev.decode.rows1.cap0=135.159ms
[labev] t=454735.715 ev.decode.rows1.cap0=135.467ms
[labev] t=454735.850 ev.decode.rows1.cap0=135.384ms
[labev] t=454735.986 ev.decode.rows1.cap0=135.302ms
[labev] t=454736.122 ev.decode.rows1.cap0=135.640ms
[labev] t=454736.257 ev.decode.rows1.cap0=135.606ms
[labev] t=454736.394 ev.decode.rows1.cap0=136.983ms
[labev] t=454736.522 ev.decode.rows1.cap0=127.352ms
exit=0 tag=w5-cv-on end 17:11:49
