start 17:24:19 tag=w6-off1 bin=3e4b1855f7c9bd2d env=MLX_LM_QWEN35_COMPILED_VERIFY=0 MACPROVIDER_LAB_DUMP_DIR=<studio-home>/lab-332/mtp/dumps/w6-off1
[labev] t=455520.790 chunk.ord.total=245.401ms
[labev] t=455520.805 chunk.ord.total=14.094ms
[labev] t=455520.814 ev.decode.rows1.cap0=8.743ms
[labev] t=455520.822 ev.decode.rows1.cap0=8.587ms
[labev] t=455520.831 ev.decode.rows1.cap0=8.612ms
[labev] t=455520.839 ev.decode.rows1.cap0=8.542ms
[labev] t=455520.848 ev.decode.rows1.cap0=8.520ms
[labev] t=455520.857 ev.decode.rows1.cap0=8.472ms
[labev] t=455520.865 ev.decode.rows1.cap0=8.529ms
[labev] t=455520.874 ev.decode.rows1.cap0=8.496ms
[labev] t=455520.882 ev.decode.rows1.cap0=8.516ms
[labev] t=455520.891 ev.decode.rows1.cap0=8.484ms
[labev] t=455520.899 ev.decode.rows1.cap0=8.541ms
[labev] t=455520.908 ev.decode.rows1.cap0=8.578ms
[labev] t=455520.917 ev.decode.rows1.cap0=8.692ms
[labev] t=455520.925 ev.decode.rows1.cap0=8.585ms
[labev] t=455520.934 ev.decode.rows1.cap0=8.582ms
[labev] t=455520.942 ev.decode.rows1.cap0=8.600ms
[labev] t=455520.951 ev.decode.rows1.cap0=8.579ms
[labev] t=455520.960 ev.decode.rows1.cap0=8.590ms
[labev] t=455520.968 ev.decode.rows1.cap0=8.583ms
[labev] t=455520.977 ev.decode.rows1.cap0=8.599ms
[labev] t=455520.986 ev.decode.rows1.cap0=8.620ms
[labev] t=455520.994 ev.decode.rows1.cap0=8.600ms
[labev] t=455521.003 ev.decode.rows1.cap0=8.609ms
[labev] t=455521.011 ev.decode.rows1.cap0=8.512ms
[labev] t=455521.020 ev.decode.rows1.cap0=8.517ms
[labev] t=455521.029 ev.decode.rows1.cap0=8.596ms
[labev] t=455521.037 ev.decode.rows1.cap0=8.639ms
[labev] t=455521.046 ev.decode.rows1.cap0=8.605ms
[labev] t=455521.055 ev.decode.rows1.cap0=8.629ms
[labev] t=455521.063 ev.decode.rows1.cap0=8.701ms
[labev] t=455521.072 ev.decode.rows1.cap0=8.558ms
[labev] t=455521.080 ev.decode.rows1.cap0=8.536ms
[labev] t=455521.089 ev.decode.rows1.cap0=8.466ms
[labev] t=455521.098 ev.decode.rows1.cap0=8.578ms
[labev] t=455521.106 ev.decode.rows1.cap0=8.533ms
[labev] t=455521.115 ev.decode.rows1.cap0=8.492ms
[labev] t=455521.123 ev.decode.rows1.cap0=8.568ms
[labev] t=455521.132 ev.decode.rows1.cap0=8.501ms
[labev] t=455521.140 ev.decode.rows1.cap0=8.522ms
[labev] t=455521.149 ev.decode.rows1.cap0=8.570ms
[labev] t=455521.157 ev.decode.rows1.cap0=8.495ms
[labev] t=455521.166 ev.decode.rows1.cap0=8.553ms
[labev] t=455521.175 ev.decode.rows1.cap0=8.488ms
[labev] t=455521.183 ev.decode.rows1.cap0=8.735ms
[labev] t=455521.192 ev.decode.rows1.cap0=8.603ms
[labev] t=455521.201 ev.decode.rows1.cap0=8.593ms
[labev] t=455521.209 ev.decode.rows1.cap0=8.623ms
[labev] t=455521.663 ev.decode.rows2.cap0=12.216ms
[labev] t=455521.676 ev.decode.rows2.cap0=12.190ms
[labev] t=455521.688 ev.decode.rows2.cap0=12.153ms
[labev] t=455521.700 ev.decode.rows2.cap0=11.999ms
[labev] t=455521.712 ev.decode.rows2.cap0=12.069ms
[labev] t=455521.724 ev.decode.rows2.cap0=12.036ms
[labev] t=455521.736 ev.decode.rows2.cap0=12.150ms
[labev] t=455521.748 ev.decode.rows2.cap0=12.032ms
[labev] t=455521.760 ev.decode.rows2.cap0=12.109ms
[labev] t=455521.773 ev.decode.rows2.cap0=12.059ms
[labev] t=455521.785 ev.decode.rows2.cap0=12.021ms
[labev] t=455521.797 ev.decode.rows2.cap0=12.121ms
[labev] t=455521.809 ev.decode.rows2.cap0=12.021ms
[labev] t=455521.821 ev.decode.rows2.cap0=12.137ms
[labev] t=455521.833 ev.decode.rows2.cap0=12.134ms
[labev] t=455521.845 ev.decode.rows2.cap0=12.128ms
[labev] t=455521.858 ev.decode.rows2.cap0=12.086ms
[labev] t=455521.870 ev.decode.rows2.cap0=12.017ms
[labev] t=455521.882 ev.decode.rows2.cap0=12.148ms
[labev] t=455521.894 ev.decode.rows2.cap0=12.103ms
[labev] t=455521.906 ev.decode.rows2.cap0=12.086ms
[labev] t=455521.918 ev.decode.rows2.cap0=12.078ms
[labev] t=455521.930 ev.decode.rows2.cap0=12.097ms
[labev] t=455521.942 ev.decode.rows2.cap0=12.143ms
[labev] t=455521.955 ev.decode.rows2.cap0=12.130ms
[labev] t=455521.967 ev.decode.rows2.cap0=12.027ms
[labev] t=455521.979 ev.decode.rows2.cap0=12.096ms
[labev] t=455521.991 ev.decode.rows2.cap0=12.110ms
[labev] t=455522.003 ev.decode.rows2.cap0=12.140ms
[labev] t=455522.015 ev.decode.rows2.cap0=12.106ms
[labev] t=455522.027 ev.decode.rows2.cap0=12.004ms
[labev] t=455522.039 ev.decode.rows2.cap0=12.054ms
[labev] t=455522.052 ev.decode.rows2.cap0=12.130ms
[labev] t=455522.064 ev.decode.rows2.cap0=12.158ms
[labev] t=455522.076 ev.decode.rows2.cap0=12.120ms
[labev] t=455522.088 ev.decode.rows2.cap0=12.051ms
[labev] t=455522.100 ev.decode.rows2.cap0=12.111ms
[labev] t=455522.112 ev.decode.rows2.cap0=12.087ms
[labev] t=455522.124 ev.decode.rows2.cap0=12.130ms
[labev] t=455522.137 ev.decode.rows2.cap0=12.064ms
[labev] t=455522.149 ev.decode.rows2.cap0=12.107ms
[labev] t=455522.161 ev.decode.rows2.cap0=12.114ms
[labev] t=455522.173 ev.decode.rows2.cap0=12.126ms
[labev] t=455522.185 ev.decode.rows2.cap0=12.068ms
[labev] t=455522.197 ev.decode.rows2.cap0=12.145ms
[labev] t=455522.209 ev.decode.rows2.cap0=12.054ms
[labev] t=455522.221 ev.decode.rows2.cap0=11.955ms
[labev] t=455522.249 chunk.ord.total=27.625ms
[labev] t=455522.276 chunk.ord.total=27.061ms
[labev] t=455522.288 ev.decode.rows2.cap0=11.841ms
[paged-kv] moe-isolation first prefill=[271,271] serial=[271,271] decodeA=[248068] serialA=[248068] decodeB=[248068] serialB=[248068]
[labev] t=455522.419 chunk.ord.total=27.167ms
[labev] t=455522.431 ev.decode.rows2.cap0=11.953ms
[paged-kv] moe-isolation rejoin decodeA=[198] serialA=[198] decodeB=[248068] serialB=[248068]
[paged-kv] batched-isolation model=qwen/qwen3.6-35b-a3b challenge pair 0 not distinguishing; trying next
[labev] t=455523.887 chunk.ord.total=242.188ms
[labev] t=455523.896 chunk.ord.total=8.638ms
[labev] t=455523.905 ev.decode.rows1.cap0=8.641ms
[labev] t=455523.913 ev.decode.rows1.cap0=8.585ms
[labev] t=455523.922 ev.decode.rows1.cap0=8.586ms
[labev] t=455523.931 ev.decode.rows1.cap0=8.622ms
[labev] t=455523.939 ev.decode.rows1.cap0=8.567ms
[labev] t=455523.948 ev.decode.rows1.cap0=8.569ms
[labev] t=455523.956 ev.decode.rows1.cap0=8.538ms
[labev] t=455523.965 ev.decode.rows1.cap0=8.553ms
[labev] t=455523.974 ev.decode.rows1.cap0=8.548ms
[labev] t=455523.982 ev.decode.rows1.cap0=8.478ms
[labev] t=455523.991 ev.decode.rows1.cap0=8.515ms
[labev] t=455523.999 ev.decode.rows1.cap0=8.453ms
[labev] t=455524.008 ev.decode.rows1.cap0=8.483ms
[labev] t=455524.016 ev.decode.rows1.cap0=8.445ms
[labev] t=455524.025 ev.decode.rows1.cap0=8.405ms
[labev] t=455524.033 ev.decode.rows1.cap0=8.413ms
[labev] t=455524.041 ev.decode.rows1.cap0=8.412ms
[labev] t=455524.050 ev.decode.rows1.cap0=8.460ms
[labev] t=455524.058 ev.decode.rows1.cap0=8.464ms
[labev] t=455524.067 ev.decode.rows1.cap0=8.435ms
[labev] t=455524.075 ev.decode.rows1.cap0=8.435ms
[labev] t=455524.084 ev.decode.rows1.cap0=8.476ms
[labev] t=455524.092 ev.decode.rows1.cap0=8.424ms
[labev] t=455524.101 ev.decode.rows1.cap0=8.420ms
[labev] t=455524.109 ev.decode.rows1.cap0=8.433ms
[labev] t=455524.118 ev.decode.rows1.cap0=8.389ms
[labev] t=455524.126 ev.decode.rows1.cap0=8.376ms
[labev] t=455524.134 ev.decode.rows1.cap0=8.352ms
[labev] t=455524.143 ev.decode.rows1.cap0=8.624ms
[labev] t=455524.152 ev.decode.rows1.cap0=8.421ms
[labev] t=455524.160 ev.decode.rows1.cap0=8.414ms
[labev] t=455524.169 ev.decode.rows1.cap0=8.525ms
[labev] t=455524.177 ev.decode.rows1.cap0=8.510ms
[labev] t=455524.186 ev.decode.rows1.cap0=8.531ms
[labev] t=455524.194 ev.decode.rows1.cap0=8.546ms
[labev] t=455524.203 ev.decode.rows1.cap0=8.553ms
[labev] t=455524.211 ev.decode.rows1.cap0=8.504ms
[labev] t=455524.220 ev.decode.rows1.cap0=8.507ms
[labev] t=455524.228 ev.decode.rows1.cap0=8.503ms
[labev] t=455524.237 ev.decode.rows1.cap0=8.541ms
[labev] t=455524.245 ev.decode.rows1.cap0=8.535ms
[labev] t=455524.254 ev.decode.rows1.cap0=8.484ms
[labev] t=455524.263 ev.decode.rows1.cap0=8.562ms
[labev] t=455524.271 ev.decode.rows1.cap0=8.388ms
[labev] t=455524.279 ev.decode.rows1.cap0=8.431ms
[labev] t=455524.288 ev.decode.rows1.cap0=8.436ms
[labev] t=455524.296 ev.decode.rows1.cap0=8.509ms
[labev] t=455524.745 ev.decode.rows2.cap0=12.151ms
[labev] t=455524.757 ev.decode.rows2.cap0=12.151ms
[labev] t=455524.769 ev.decode.rows2.cap0=12.096ms
[labev] t=455524.782 ev.decode.rows2.cap0=12.151ms
[labev] t=455524.794 ev.decode.rows2.cap0=12.045ms
[labev] t=455524.806 ev.decode.rows2.cap0=12.130ms
[labev] t=455524.818 ev.decode.rows2.cap0=12.095ms
[labev] t=455524.830 ev.decode.rows2.cap0=12.048ms
[labev] t=455524.842 ev.decode.rows2.cap0=12.039ms
[labev] t=455524.854 ev.decode.rows2.cap0=11.871ms
[labev] t=455524.866 ev.decode.rows2.cap0=12.029ms
[labev] t=455524.878 ev.decode.rows2.cap0=11.988ms
[labev] t=455524.890 ev.decode.rows2.cap0=12.113ms
[labev] t=455524.902 ev.decode.rows2.cap0=11.942ms
[labev] t=455524.914 ev.decode.rows2.cap0=11.986ms
[labev] t=455524.926 ev.decode.rows2.cap0=12.092ms
[labev] t=455524.938 ev.decode.rows2.cap0=11.985ms
[labev] t=455524.950 ev.decode.rows2.cap0=11.978ms
[labev] t=455524.963 ev.decode.rows2.cap0=12.043ms
[labev] t=455524.975 ev.decode.rows2.cap0=12.023ms
[labev] t=455524.987 ev.decode.rows2.cap0=12.014ms
[labev] t=455524.999 ev.decode.rows2.cap0=11.967ms
[labev] t=455525.011 ev.decode.rows2.cap0=12.025ms
[labev] t=455525.023 ev.decode.rows2.cap0=12.028ms
[labev] t=455525.035 ev.decode.rows2.cap0=12.079ms
[labev] t=455525.047 ev.decode.rows2.cap0=12.079ms
[labev] t=455525.059 ev.decode.rows2.cap0=12.020ms
[labev] t=455525.071 ev.decode.rows2.cap0=12.012ms
[labev] t=455525.083 ev.decode.rows2.cap0=11.925ms
[labev] t=455525.095 ev.decode.rows2.cap0=11.973ms
[labev] t=455525.107 ev.decode.rows2.cap0=11.907ms
[labev] t=455525.119 ev.decode.rows2.cap0=11.976ms
[labev] t=455525.131 ev.decode.rows2.cap0=12.156ms
[labev] t=455525.143 ev.decode.rows2.cap0=12.119ms
[labev] t=455525.156 ev.decode.rows2.cap0=12.139ms
[labev] t=455525.168 ev.decode.rows2.cap0=11.988ms
[labev] t=455525.180 ev.decode.rows2.cap0=12.068ms
[labev] t=455525.192 ev.decode.rows2.cap0=12.091ms
[labev] t=455525.204 ev.decode.rows2.cap0=11.829ms
[labev] t=455525.216 ev.decode.rows2.cap0=12.072ms
[labev] t=455525.228 ev.decode.rows2.cap0=12.072ms
[labev] t=455525.240 ev.decode.rows2.cap0=12.107ms
[labev] t=455525.252 ev.decode.rows2.cap0=12.113ms
[labev] t=455525.264 ev.decode.rows2.cap0=12.130ms
[labev] t=455525.276 ev.decode.rows2.cap0=12.053ms
[labev] t=455525.288 ev.decode.rows2.cap0=12.009ms
[labev] t=455525.301 ev.decode.rows2.cap0=12.043ms
[labev] t=455525.328 chunk.ord.total=27.107ms
[labev] t=455525.356 chunk.ord.total=27.958ms
[labev] t=455525.368 ev.decode.rows2.cap0=11.852ms
[paged-kv] moe-isolation first prefill=[2943,414] serial=[2943,414] decodeA=[11] serialA=[11] decodeB=[11] serialB=[11]
[labev] t=455525.492 chunk.ord.total=29.122ms
[labev] t=455525.504 ev.decode.rows2.cap0=12.323ms
[paged-kv] moe-isolation rejoin decodeA=[4097] serialA=[4097] decodeB=[11] serialB=[11]
[paged-kv] batched-isolation model=qwen/qwen3.6-35b-a3b challenge pair 1 not distinguishing; trying next
[labev] t=455526.959 chunk.ord.total=244.336ms
[labev] t=455526.967 chunk.ord.total=8.525ms
[labev] t=455526.976 ev.decode.rows1.cap0=8.584ms
[labev] t=455526.985 ev.decode.rows1.cap0=8.611ms
[labev] t=455526.993 ev.decode.rows1.cap0=8.555ms
[labev] t=455527.002 ev.decode.rows1.cap0=8.546ms
[labev] t=455527.010 ev.decode.rows1.cap0=8.577ms
[labev] t=455527.019 ev.decode.rows1.cap0=8.520ms
[labev] t=455527.027 ev.decode.rows1.cap0=8.531ms
[labev] t=455527.036 ev.decode.rows1.cap0=8.579ms
[labev] t=455527.045 ev.decode.rows1.cap0=8.486ms
[labev] t=455527.053 ev.decode.rows1.cap0=8.485ms
[labev] t=455527.062 ev.decode.rows1.cap0=8.495ms
[labev] t=455527.070 ev.decode.rows1.cap0=8.488ms
[labev] t=455527.079 ev.decode.rows1.cap0=8.437ms
[labev] t=455527.087 ev.decode.rows1.cap0=8.474ms
[labev] t=455527.096 ev.decode.rows1.cap0=8.486ms
[labev] t=455527.104 ev.decode.rows1.cap0=8.448ms
[labev] t=455527.113 ev.decode.rows1.cap0=8.432ms
[labev] t=455527.121 ev.decode.rows1.cap0=8.427ms
[labev] t=455527.129 ev.decode.rows1.cap0=8.483ms
[labev] t=455527.138 ev.decode.rows1.cap0=8.445ms
[labev] t=455527.146 ev.decode.rows1.cap0=8.410ms
[labev] t=455527.155 ev.decode.rows1.cap0=8.426ms
[labev] t=455527.163 ev.decode.rows1.cap0=8.390ms
[labev] t=455527.172 ev.decode.rows1.cap0=8.483ms
[labev] t=455527.180 ev.decode.rows1.cap0=8.464ms
[labev] t=455527.189 ev.decode.rows1.cap0=8.386ms
[labev] t=455527.197 ev.decode.rows1.cap0=8.402ms
[labev] t=455527.206 ev.decode.rows1.cap0=8.434ms
[labev] t=455527.214 ev.decode.rows1.cap0=8.414ms
[labev] t=455527.222 ev.decode.rows1.cap0=8.399ms
[labev] t=455527.231 ev.decode.rows1.cap0=8.386ms
[labev] t=455527.239 ev.decode.rows1.cap0=8.521ms
[labev] t=455527.248 ev.decode.rows1.cap0=8.554ms
[labev] t=455527.257 ev.decode.rows1.cap0=8.524ms
[labev] t=455527.265 ev.decode.rows1.cap0=8.486ms
[labev] t=455527.274 ev.decode.rows1.cap0=8.544ms
[labev] t=455527.282 ev.decode.rows1.cap0=8.567ms
[labev] t=455527.291 ev.decode.rows1.cap0=8.512ms
[labev] t=455527.299 ev.decode.rows1.cap0=8.511ms
[labev] t=455527.308 ev.decode.rows1.cap0=8.468ms
[labev] t=455527.317 ev.decode.rows1.cap0=8.761ms
[labev] t=455527.325 ev.decode.rows1.cap0=8.483ms
[labev] t=455527.334 ev.decode.rows1.cap0=8.537ms
[labev] t=455527.342 ev.decode.rows1.cap0=8.375ms
[labev] t=455527.351 ev.decode.rows1.cap0=8.441ms
[labev] t=455527.359 ev.decode.rows1.cap0=8.414ms
[labev] t=455527.367 ev.decode.rows1.cap0=8.430ms
[labev] t=455527.818 ev.decode.rows2.cap0=11.907ms
[labev] t=455527.830 ev.decode.rows2.cap0=11.875ms
[labev] t=455527.842 ev.decode.rows2.cap0=11.894ms
[labev] t=455527.854 ev.decode.rows2.cap0=11.904ms
[labev] t=455527.866 ev.decode.rows2.cap0=11.910ms
[labev] t=455527.878 ev.decode.rows2.cap0=11.897ms
[labev] t=455527.890 ev.decode.rows2.cap0=11.888ms
[labev] t=455527.901 ev.decode.rows2.cap0=11.870ms
[labev] t=455527.914 ev.decode.rows2.cap0=12.077ms
[labev] t=455527.926 ev.decode.rows2.cap0=12.030ms
[labev] t=455527.938 ev.decode.rows2.cap0=12.049ms
[labev] t=455527.950 ev.decode.rows2.cap0=12.094ms
[labev] t=455527.962 ev.decode.rows2.cap0=12.024ms
[labev] t=455527.974 ev.decode.rows2.cap0=12.159ms
[labev] t=455527.986 ev.decode.rows2.cap0=11.994ms
[labev] t=455527.998 ev.decode.rows2.cap0=12.098ms
[labev] t=455528.010 ev.decode.rows2.cap0=12.077ms
[labev] t=455528.023 ev.decode.rows2.cap0=12.111ms
[labev] t=455528.035 ev.decode.rows2.cap0=12.023ms
[labev] t=455528.047 ev.decode.rows2.cap0=11.978ms
[labev] t=455528.059 ev.decode.rows2.cap0=12.151ms
[labev] t=455528.071 ev.decode.rows2.cap0=11.995ms
[labev] t=455528.083 ev.decode.rows2.cap0=12.052ms
[labev] t=455528.095 ev.decode.rows2.cap0=12.075ms
[labev] t=455528.107 ev.decode.rows2.cap0=12.047ms
[labev] t=455528.119 ev.decode.rows2.cap0=12.113ms
[labev] t=455528.131 ev.decode.rows2.cap0=11.983ms
[labev] t=455528.143 ev.decode.rows2.cap0=12.100ms
[labev] t=455528.156 ev.decode.rows2.cap0=12.064ms
[labev] t=455528.168 ev.decode.rows2.cap0=12.056ms
[labev] t=455528.180 ev.decode.rows2.cap0=12.087ms
[labev] t=455528.192 ev.decode.rows2.cap0=11.986ms
[labev] t=455528.204 ev.decode.rows2.cap0=12.168ms
[labev] t=455528.216 ev.decode.rows2.cap0=12.010ms
[labev] t=455528.228 ev.decode.rows2.cap0=12.094ms
[labev] t=455528.240 ev.decode.rows2.cap0=12.111ms
[labev] t=455528.252 ev.decode.rows2.cap0=11.963ms
[labev] t=455528.264 ev.decode.rows2.cap0=12.130ms
[labev] t=455528.277 ev.decode.rows2.cap0=12.119ms
[labev] t=455528.289 ev.decode.rows2.cap0=12.041ms
[labev] t=455528.301 ev.decode.rows2.cap0=12.142ms
[labev] t=455528.313 ev.decode.rows2.cap0=12.092ms
[labev] t=455528.325 ev.decode.rows2.cap0=12.134ms
[labev] t=455528.337 ev.decode.rows2.cap0=12.145ms
[labev] t=455528.350 ev.decode.rows2.cap0=12.137ms
[labev] t=455528.362 ev.decode.rows2.cap0=12.031ms
[labev] t=455528.374 ev.decode.rows2.cap0=12.066ms
[labev] t=455528.398 chunk.ord.total=24.031ms
[labev] t=455528.424 chunk.ord.total=26.439ms
[labev] t=455528.436 ev.decode.rows2.cap0=12.083ms
[paged-kv] moe-isolation first prefill=[264,198] serial=[264,198] decodeA=[478] serialA=[478] decodeB=[406] serialB=[406]
[labev] t=455528.556 chunk.ord.total=28.005ms
[labev] t=455528.569 ev.decode.rows2.cap0=12.425ms
[paged-kv] moe-isolation rejoin decodeA=[292] serialA=[292] decodeB=[406] serialB=[406]
[paged-kv] parity model=qwen/qwen3.6-35b-a3b established=true nLayers=10 nNew=32 gatherKernelCalls=640 expectCalls=640 maxLogicalBlocks=9 nonIdentityPermutation=true
[paged-kv] batched-isolation model=qwen/qwen3.6-35b-a3b requiresMoE=true proven=true rowsDecoded=2 rowFailures=0 crossRowDivergences=0 challengeDistinguishing=true
[paged-kv] measure OK: runtime measurement complete, paged-KV attach eligible for model=qwen/qwen3.6-35b-a3b
[paged-kv] runtime-identity model=qwen/qwen3.6-35b-a3b model_sha256=3fed776d41b6883888541d19f71a3866acc3bc6e628402066b67e5ac0a676ff1 hardware_class=apple-silicon:Apple M3 Ultra:ram-256gb metallib_sha256=f42aef609211980ad87cf72f75b5551b767a0160858257b997bac49f0e95a756 kernel_identifier=macprovider_paged_kv_gather_v1
[labev] t=455532.526 req.start s1-p4096-o512-b-1-r0=0.001ms
[labev] t=455532.526 req.handle=0.120ms
[labev] t=455532.549 tok.prepare=22.688ms
event=batching_admitted action=scheduler_admitted
[labev] t=455532.839 chunk.ord.total=289.335ms
[labev] t=455533.093 chunk.ord.total=254.044ms
[labev] t=455533.348 chunk.ord.total=255.215ms
[labev] t=455533.606 chunk.ord.total=257.549ms
[labev] t=455533.867 chunk.ord.total=261.544ms
[labev] t=455534.131 chunk.ord.total=263.122ms
[labev] t=455534.396 chunk.ord.total=265.677ms
[labev] t=455534.703 chunk.ord.total=306.628ms
[labev] t=455534.703 req.firsttoken s1-p4096-o512-b-1-r0=2177.506ms
[labev] t=455534.839 ev.decode.rows1.cap0=135.515ms
[labev] t=455534.973 ev.decode.rows1.cap0=134.193ms
[labev] t=455535.108 ev.decode.rows1.cap0=134.554ms
[labev] t=455535.242 ev.decode.rows1.cap0=134.398ms
[labev] t=455535.377 ev.decode.rows1.cap0=134.222ms
[labev] t=455535.511 ev.decode.rows1.cap0=134.753ms
[labev] t=455535.646 ev.decode.rows1.cap0=134.653ms
[labev] t=455535.781 ev.decode.rows1.cap0=134.392ms
[labev] t=455535.916 ev.decode.rows1.cap0=134.976ms
[labev] t=455536.050 ev.decode.rows1.cap0=134.568ms
[labev] t=455536.185 ev.decode.rows1.cap0=134.753ms
[labev] t=455536.320 ev.decode.rows1.cap0=134.649ms
[labev] t=455536.455 ev.decode.rows1.cap0=134.865ms
[labev] t=455536.590 ev.decode.rows1.cap0=135.040ms
[labev] t=455536.726 ev.decode.rows1.cap0=135.454ms
[labev] t=455536.861 ev.decode.rows1.cap0=135.264ms
[labev] t=455536.996 ev.decode.rows1.cap0=134.644ms
[labev] t=455537.131 ev.decode.rows1.cap0=134.740ms
[labev] t=455537.266 ev.decode.rows1.cap0=134.901ms
[labev] t=455537.401 ev.decode.rows1.cap0=134.812ms
[labev] t=455537.536 ev.decode.rows1.cap0=134.904ms
[labev] t=455537.671 ev.decode.rows1.cap0=134.907ms
[labev] t=455537.806 ev.decode.rows1.cap0=134.970ms
[labev] t=455537.941 ev.decode.rows1.cap0=134.862ms
[labev] t=455538.075 ev.decode.rows1.cap0=134.706ms
[labev] t=455538.210 ev.decode.rows1.cap0=134.923ms
[labev] t=455538.346 ev.decode.rows1.cap0=135.218ms
[labev] t=455538.481 ev.decode.rows1.cap0=135.268ms
[labev] t=455538.617 ev.decode.rows1.cap0=135.279ms
[labev] t=455538.752 ev.decode.rows1.cap0=135.223ms
[labev] t=455538.887 ev.decode.rows1.cap0=135.290ms
[labev] t=455539.014 ev.decode.rows1.cap0=126.553ms
[labev] t=455539.016 req.start s1-p4096-o512-b-1-r0=0.000ms
[labev] t=455539.016 req.handle=0.014ms
[labev] t=455539.038 tok.prepare=22.515ms
event=batching_admitted action=scheduler_admitted
[labev] t=455539.306 chunk.native.total=267.835ms
[labev] t=455539.584 chunk.native.total=277.159ms
[labev] t=455539.854 chunk.native.total=270.012ms
[labev] t=455540.126 chunk.native.total=272.557ms
[labev] t=455540.402 chunk.native.total=275.573ms
[labprof] d0.performDecode.call=22.751ms/n320 o1.ord.build=1.140ms/n799 o2.ord.eval=7.848ms/n799 s1.native.prefill.target=2.349ms/n6 s1.ord.prefill.target=26.126ms/n23 s2.native.prefill.drafter+eval=270.957ms/n6 s2.ord.prefill.eval=111.296ms/n23 s9.native.prefill.chunk.total=272.662ms/n5 s9.ord.prefill.chunk.total=137.468ms/n23
[labev] t=455540.679 chunk.native.total=276.779ms
[labev] t=455540.961 chunk.native.total=281.773ms
[labev] t=455541.277 chunk.native.total=316.740ms
[labev] t=455541.278 req.firsttoken s1-p4096-o512-b-1-r0=2261.961ms
[labev] t=455541.278 ev.propose=0.491ms
[labev] t=455541.291 ev.verify=12.865ms
[labev] t=455541.294 ev.finalize=2.735ms
[labev] t=455541.294 ev.propose=0.092ms
[labev] t=455541.307 ev.verify=12.550ms
[labev] t=455541.308 ev.finalize=1.667ms
[labev] t=455541.309 ev.propose=0.036ms
[labev] t=455541.321 ev.verify=12.411ms
[labev] t=455541.323 ev.finalize=1.615ms
[labev] t=455541.323 ev.propose=0.052ms
[labev] t=455541.335 ev.verify=12.116ms
[labev] t=455541.337 ev.finalize=1.651ms
[labev] t=455541.337 ev.propose=0.053ms
[labev] t=455541.349 ev.verify=12.301ms
[labev] t=455541.351 ev.finalize=1.647ms
[labev] t=455541.351 ev.propose=0.054ms
[labev] t=455541.363 ev.verify=12.336ms
[labev] t=455541.365 ev.finalize=1.660ms
[labev] t=455541.365 ev.propose=0.052ms
[labev] t=455541.378 ev.verify=12.441ms
[labev] t=455541.379 ev.finalize=1.636ms
[labev] t=455541.379 ev.propose=0.073ms
[labev] t=455541.392 ev.verify=12.425ms
[labev] t=455541.394 ev.finalize=1.621ms
[labev] t=455541.394 ev.propose=0.048ms
[labev] t=455541.406 ev.verify=12.032ms
[labev] t=455541.408 ev.finalize=2.250ms
[labev] t=455541.408 ev.propose=0.070ms
[labev] t=455541.421 ev.verify=12.250ms
[labev] t=455541.422 ev.finalize=1.644ms
[labev] t=455541.422 ev.propose=0.067ms
[labev] t=455541.435 ev.verify=12.163ms
[labev] t=455541.436 ev.finalize=1.664ms
[labev] t=455541.436 ev.propose=0.051ms
[labev] t=455541.449 ev.verify=12.159ms
[labev] t=455541.452 ev.finalize=3.248ms
[labev] t=455541.452 ev.propose=0.073ms
[labev] t=455541.464 ev.verify=12.152ms
[labev] t=455541.466 ev.finalize=1.535ms
[labev] t=455541.466 ev.propose=0.065ms
[labev] t=455541.478 ev.verify=12.114ms
[labev] t=455541.480 ev.finalize=1.641ms
[labev] t=455541.480 ev.propose=0.063ms
[labev] t=455541.492 ev.verify=12.175ms
[labev] t=455541.494 ev.finalize=1.530ms
[labev] t=455541.494 ev.propose=0.051ms
[labev] t=455541.506 ev.verify=12.184ms
[labev] t=455541.508 ev.finalize=1.653ms
[labev] t=455541.508 ev.propose=0.002ms
[labev] t=455541.520 ev.verify=12.209ms
[labev] t=455541.522 ev.finalize=1.620ms
[labev] t=455541.522 ev.propose=0.002ms
[labev] t=455541.534 ev.verify=12.109ms
[labev] t=455541.536 ev.finalize=1.622ms
[labev] t=455541.536 ev.propose=0.060ms
[labev] t=455541.548 ev.verify=12.074ms
[labev] t=455541.550 ev.finalize=1.733ms
[labev] t=455541.550 ev.propose=0.060ms
[labev] t=455541.562 ev.verify=12.159ms
[labev] t=455541.564 ev.finalize=1.757ms
[labev] t=455541.564 ev.propose=0.002ms
[labev] t=455541.576 ev.verify=12.080ms
[labev] t=455541.578 ev.finalize=1.762ms
[labev] t=455541.578 ev.propose=0.002ms
[labev] t=455541.590 ev.verify=12.169ms
[labev] t=455541.592 ev.finalize=1.726ms
[labev] t=455541.592 ev.propose=0.002ms
[labev] t=455541.604 ev.verify=12.245ms
[labev] t=455541.606 ev.finalize=1.627ms
[labev] t=455541.606 ev.propose=0.002ms
[labev] t=455541.618 ev.verify=12.081ms
[labev] t=455541.620 ev.finalize=1.694ms
[labev] t=455541.620 ev.propose=0.001ms
[labev] t=455541.632 ev.verify=12.182ms
[labev] t=455541.634 ev.finalize=1.663ms
[labev] t=455541.634 ev.propose=0.002ms
[labev] t=455541.646 ev.verify=12.194ms
[labev] t=455541.648 ev.finalize=2.230ms
[labev] t=455541.648 ev.propose=0.002ms
[labev] t=455541.661 ev.verify=12.264ms
[labev] t=455541.662 ev.finalize=1.646ms
[labev] t=455541.662 ev.propose=0.002ms
[labev] t=455541.675 ev.verify=12.225ms
[labev] t=455541.676 ev.finalize=1.651ms
[labev] t=455541.676 ev.propose=0.002ms
[labev] t=455541.689 ev.verify=12.234ms
[labev] t=455541.690 ev.finalize=1.620ms
[labev] t=455541.690 ev.propose=0.002ms
[labev] t=455541.703 ev.verify=12.175ms
[labev] t=455541.704 ev.finalize=1.645ms
[labev] t=455541.704 ev.propose=0.002ms
[labev] t=455541.717 ev.verify=12.201ms
[labev] t=455541.718 ev.finalize=1.641ms
[labev] t=455541.718 ev.propose=0.002ms
[labev] t=455541.730 ev.verify=12.067ms
[labev] t=455541.732 ev.finalize=1.626ms
[labev] t=455541.732 ev.propose=0.001ms
[labev] t=455541.744 ev.verify=12.171ms
[labev] t=455541.746 ev.finalize=1.649ms
[labev] t=455541.746 ev.propose=0.002ms
[labev] t=455541.758 ev.verify=12.286ms
[labev] t=455541.760 ev.finalize=1.637ms
[labev] t=455541.760 ev.propose=0.002ms
[labev] t=455541.772 ev.verify=12.055ms
[labev] t=455541.774 ev.finalize=1.663ms
[labev] t=455541.774 ev.propose=0.001ms
[labev] t=455541.786 ev.verify=12.145ms
[labev] t=455541.788 ev.finalize=1.652ms
[labev] t=455541.788 ev.propose=0.002ms
[labev] t=455541.800 ev.verify=12.335ms
[labev] t=455541.802 ev.finalize=1.616ms
[labev] t=455541.802 ev.propose=0.002ms
[labev] t=455541.814 ev.verify=12.299ms
[labev] t=455541.816 ev.finalize=1.611ms
[labev] t=455541.816 ev.propose=0.001ms
[labev] t=455541.828 ev.verify=12.162ms
[labev] t=455541.830 ev.finalize=1.635ms
[labev] t=455541.830 ev.propose=0.002ms
[labev] t=455541.842 ev.verify=12.091ms
[labev] t=455541.844 ev.finalize=1.617ms
[labev] t=455541.844 ev.propose=0.002ms
[labev] t=455541.856 ev.verify=12.214ms
[labev] t=455541.858 ev.finalize=1.679ms
[labev] t=455541.858 ev.propose=0.002ms
[labev] t=455541.870 ev.verify=12.203ms
[labev] t=455541.873 ev.finalize=2.278ms
[labev] t=455541.873 ev.propose=0.002ms
[labev] t=455541.885 ev.verify=12.540ms
[labev] t=455541.887 ev.finalize=1.627ms
[labev] t=455541.887 ev.propose=0.002ms
[labev] t=455541.899 ev.verify=12.266ms
[labev] t=455541.901 ev.finalize=1.647ms
[labev] t=455541.901 ev.propose=0.001ms
[labev] t=455541.913 ev.verify=12.082ms
[labev] t=455541.915 ev.finalize=1.646ms
[labev] t=455541.915 ev.propose=0.002ms
[labev] t=455541.927 ev.verify=12.146ms
[labev] t=455541.929 ev.finalize=1.656ms
[labev] t=455541.929 ev.propose=0.002ms
[labev] t=455541.941 ev.verify=12.286ms
[labev] t=455541.943 ev.finalize=1.634ms
[labev] t=455541.943 ev.propose=0.002ms
[labev] t=455541.955 ev.verify=12.145ms
[labev] t=455541.957 ev.finalize=1.641ms
[labev] t=455541.957 ev.propose=0.002ms
[labev] t=455541.969 ev.verify=12.282ms
[labev] t=455541.971 ev.finalize=1.641ms
[labev] t=455541.971 ev.propose=0.002ms
[labev] t=455541.983 ev.verify=12.178ms
[labev] t=455541.985 ev.finalize=1.639ms
[labev] t=455541.985 ev.propose=0.002ms
[labev] t=455541.997 ev.verify=12.190ms
[labev] t=455541.999 ev.finalize=1.543ms
[labev] t=455541.999 ev.propose=0.002ms
[labev] t=455542.011 ev.verify=12.120ms
[labev] t=455542.012 ev.finalize=1.530ms
[labev] t=455542.013 ev.propose=0.002ms
[labev] t=455542.025 ev.verify=12.243ms
[labev] t=455542.026 ev.finalize=1.509ms
[labev] t=455542.026 ev.propose=0.002ms
[labev] t=455542.039 ev.verify=12.289ms
[labev] t=455542.040 ev.finalize=1.643ms
[labev] t=455542.041 ev.propose=0.002ms
[labev] t=455542.053 ev.verify=12.326ms
[labev] t=455542.055 ev.finalize=1.633ms
[labev] t=455542.055 ev.propose=0.002ms
[labev] t=455542.067 ev.verify=12.169ms
[labev] t=455542.068 ev.finalize=1.623ms
[labev] t=455542.069 ev.propose=0.002ms
[labev] t=455542.081 ev.verify=12.199ms
[labev] t=455542.082 ev.finalize=1.628ms
[labev] t=455542.083 ev.propose=0.002ms
[labev] t=455542.095 ev.verify=12.043ms
[labev] t=455542.096 ev.finalize=1.635ms
[labev] t=455542.096 ev.propose=0.002ms
[labev] t=455542.108 ev.verify=12.096ms
[labev] t=455542.110 ev.finalize=1.840ms
[labev] t=455542.110 ev.propose=0.002ms
[labev] t=455542.122 ev.verify=11.960ms
[labev] t=455542.125 ev.finalize=2.264ms
[labev] t=455542.125 ev.propose=0.002ms
[labev] t=455542.137 ev.verify=12.130ms
[labev] t=455542.139 ev.finalize=1.518ms
[labev] t=455542.139 ev.propose=0.002ms
[labev] t=455542.151 ev.verify=12.376ms
[labev] t=455542.153 ev.finalize=1.661ms
[labev] t=455542.153 ev.propose=0.002ms
[labev] t=455542.165 ev.verify=12.174ms
[labev] t=455542.167 ev.finalize=1.645ms
[labev] t=455542.167 ev.propose=0.001ms
[labev] t=455542.179 ev.verify=12.343ms
[labev] t=455542.181 ev.finalize=1.640ms
[labev] t=455542.181 ev.propose=0.002ms
[labev] t=455542.193 ev.verify=12.258ms
[labev] t=455542.195 ev.finalize=1.639ms
[labev] t=455542.195 ev.propose=0.002ms
[labev] t=455542.207 ev.verify=12.310ms
[labev] t=455542.209 ev.finalize=1.640ms
[labev] t=455542.209 ev.propose=0.002ms
[labev] t=455542.221 ev.verify=12.117ms
[labev] t=455542.223 ev.finalize=1.659ms
[labev] t=455542.223 ev.propose=0.002ms
[labev] t=455542.235 ev.verify=12.217ms
[labev] t=455542.237 ev.finalize=1.646ms
[labev] t=455542.237 ev.propose=0.001ms
[labev] t=455542.249 ev.verify=12.037ms
[labev] t=455542.251 ev.finalize=1.614ms
[labev] t=455542.251 ev.propose=0.002ms
[labev] t=455542.263 ev.verify=12.000ms
[labev] t=455542.265 ev.finalize=1.643ms
[labev] t=455542.265 ev.propose=0.002ms
[labev] t=455542.277 ev.verify=12.188ms
[labev] t=455542.278 ev.finalize=1.616ms
[labev] t=455542.279 ev.propose=0.001ms
[labev] t=455542.291 ev.verify=12.061ms
[labev] t=455542.292 ev.finalize=1.622ms
[labev] t=455542.292 ev.propose=0.002ms
[labev] t=455542.305 ev.verify=12.193ms
[labev] t=455542.306 ev.finalize=1.615ms
[labev] t=455542.306 ev.propose=0.002ms
[labev] t=455542.318 ev.verify=12.099ms
[labev] t=455542.320 ev.finalize=1.628ms
[labev] t=455542.320 ev.propose=0.001ms
[labev] t=455542.333 ev.verify=12.354ms
[labev] t=455542.334 ev.finalize=1.644ms
[labev] t=455542.334 ev.propose=0.002ms
[labev] t=455542.347 ev.verify=12.180ms
[labev] t=455542.349 ev.finalize=2.291ms
[labev] t=455542.349 ev.propose=0.002ms
[labev] t=455542.361 ev.verify=12.308ms
[labev] t=455542.363 ev.finalize=1.661ms
[labev] t=455542.363 ev.propose=0.002ms
[labev] t=455542.375 ev.verify=12.184ms
[labev] t=455542.377 ev.finalize=1.717ms
[labev] t=455542.377 ev.propose=0.002ms
[labev] t=455542.389 ev.verify=12.205ms
[labev] t=455542.391 ev.finalize=1.649ms
[labev] t=455542.391 ev.propose=0.002ms
[labev] t=455542.403 ev.verify=12.209ms
[labev] t=455542.405 ev.finalize=1.539ms
[labev] t=455542.405 ev.propose=0.002ms
[labev] t=455542.417 ev.verify=12.124ms
[labev] t=455542.419 ev.finalize=1.620ms
[labev] t=455542.419 ev.propose=0.002ms
[labev] t=455542.431 ev.verify=12.102ms
[labev] t=455542.433 ev.finalize=1.543ms
[labev] t=455542.433 ev.propose=0.002ms
[labev] t=455542.445 ev.verify=12.165ms
[labev] t=455542.447 ev.finalize=1.662ms
[labev] t=455542.447 ev.propose=0.001ms
[labev] t=455542.459 ev.verify=12.142ms
[labev] t=455542.461 ev.finalize=1.665ms
[labev] t=455542.461 ev.propose=0.002ms
[labev] t=455542.473 ev.verify=12.192ms
[labev] t=455542.475 ev.finalize=1.641ms
[labev] t=455542.475 ev.propose=0.002ms
[labev] t=455542.487 ev.verify=12.279ms
[labev] t=455542.489 ev.finalize=1.631ms
[labev] t=455542.489 ev.propose=0.002ms
[labev] t=455542.501 ev.verify=12.159ms
[labev] t=455542.503 ev.finalize=1.646ms
[labev] t=455542.503 ev.propose=0.002ms
[labev] t=455542.515 ev.verify=12.078ms
[labev] t=455542.516 ev.finalize=1.642ms
[labev] t=455542.517 ev.propose=0.002ms
[labev] t=455542.529 ev.verify=12.291ms
[labev] t=455542.530 ev.finalize=1.626ms
[labev] t=455542.531 ev.propose=0.002ms
[labev] t=455542.543 ev.verify=12.309ms
[labev] t=455542.545 ev.finalize=1.615ms
[labev] t=455542.545 ev.propose=0.002ms
[labev] t=455542.557 ev.verify=12.156ms
[labev] t=455542.559 ev.finalize=1.647ms
[labev] t=455542.559 ev.propose=0.002ms
[labev] t=455542.571 ev.verify=12.202ms
[labev] t=455542.573 ev.finalize=1.651ms
[labev] t=455542.573 ev.propose=0.002ms
[labev] t=455542.585 ev.verify=12.322ms
[labev] t=455542.587 ev.finalize=2.269ms
[labev] t=455542.587 ev.propose=0.003ms
[labev] t=455542.599 ev.verify=12.118ms
[labev] t=455542.601 ev.finalize=1.694ms
[labev] t=455542.601 ev.propose=0.002ms
[labev] t=455542.614 ev.verify=12.337ms
[labev] t=455542.615 ev.finalize=1.618ms
[labev] t=455542.615 ev.propose=0.002ms
[labev] t=455542.628 ev.verify=12.136ms
[labev] t=455542.629 ev.finalize=1.616ms
[labev] t=455542.629 ev.propose=0.002ms
[labev] t=455542.642 ev.verify=12.362ms
[labev] t=455542.643 ev.finalize=1.610ms
[labev] t=455542.643 ev.propose=0.002ms
[labev] t=455542.656 ev.verify=12.238ms
[labev] t=455542.657 ev.finalize=1.649ms
[labev] t=455542.657 ev.propose=0.001ms
[labev] t=455542.670 ev.verify=12.177ms
[labev] t=455542.671 ev.finalize=1.624ms
[labev] t=455542.671 ev.propose=0.002ms
[labev] t=455542.684 ev.verify=12.241ms
[labev] t=455542.685 ev.finalize=1.655ms
[labev] t=455542.685 ev.propose=0.001ms
[labev] t=455542.698 ev.verify=12.298ms
[labev] t=455542.699 ev.finalize=1.668ms
[labev] t=455542.700 ev.propose=0.001ms
[labev] t=455542.712 ev.verify=12.044ms
[labev] t=455542.713 ev.finalize=1.656ms
[labev] t=455542.713 ev.propose=0.002ms
[labev] t=455542.726 ev.verify=12.163ms
[labev] t=455542.727 ev.finalize=1.650ms
[labev] t=455542.727 ev.propose=0.001ms
[labev] t=455542.740 ev.verify=12.176ms
[labev] t=455542.741 ev.finalize=1.654ms
[labev] t=455542.741 ev.propose=0.002ms
[labev] t=455542.754 ev.verify=12.388ms
[labev] t=455542.755 ev.finalize=1.528ms
[labev] t=455542.755 ev.propose=0.002ms
[labev] t=455542.768 ev.verify=12.366ms
[labev] t=455542.769 ev.finalize=1.648ms
[labev] t=455542.770 ev.propose=0.002ms
[labev] t=455542.782 ev.verify=12.256ms
[labev] t=455542.784 ev.finalize=1.625ms
[labev] t=455542.784 ev.propose=0.002ms
[labev] t=455542.796 ev.verify=12.291ms
[labev] t=455542.798 ev.finalize=1.642ms
[labev] t=455542.798 ev.propose=0.002ms
[labev] t=455542.810 ev.verify=12.301ms
[labev] t=455542.812 ev.finalize=1.644ms
[labev] t=455542.812 ev.propose=0.002ms
[labev] t=455542.824 ev.verify=12.280ms
[labev] t=455542.826 ev.finalize=2.307ms
[labev] t=455542.827 ev.propose=0.002ms
[labev] t=455542.839 ev.verify=12.442ms
[labev] t=455542.841 ev.finalize=1.651ms
[labev] t=455542.841 ev.propose=0.002ms
[labev] t=455542.853 ev.verify=12.334ms
[labev] t=455542.855 ev.finalize=1.640ms
[labev] t=455542.855 ev.propose=0.002ms
[labev] t=455542.867 ev.verify=12.266ms
[labev] t=455542.869 ev.finalize=1.620ms
[labev] t=455542.869 ev.propose=0.002ms
[labev] t=455542.881 ev.verify=12.174ms
[labev] t=455542.883 ev.finalize=1.607ms
[labev] t=455542.883 ev.propose=0.002ms
[labev] t=455542.895 ev.verify=12.243ms
[labev] t=455542.897 ev.finalize=1.868ms
[labev] t=455542.897 ev.propose=0.002ms
[labev] t=455542.909 ev.verify=12.250ms
[labev] t=455542.911 ev.finalize=1.666ms
[labev] t=455542.911 ev.propose=0.001ms
[labev] t=455542.923 ev.verify=12.306ms
[labev] t=455542.925 ev.finalize=1.678ms
[labev] t=455542.925 ev.propose=0.002ms
[labev] t=455542.937 ev.verify=12.178ms
[labev] t=455542.939 ev.finalize=1.540ms
[labev] t=455542.939 ev.propose=0.002ms
[labev] t=455542.951 ev.verify=12.222ms
[labev] t=455542.953 ev.finalize=1.629ms
[labev] t=455542.953 ev.propose=0.002ms
[labev] t=455542.965 ev.verify=12.245ms
[labev] t=455542.967 ev.finalize=1.702ms
[labev] t=455542.967 ev.propose=0.002ms
[labev] t=455542.979 ev.verify=12.056ms
[labev] t=455542.981 ev.finalize=1.659ms
[labev] t=455542.981 ev.propose=0.002ms
[labev] t=455542.993 ev.verify=12.280ms
[labev] t=455542.995 ev.finalize=1.542ms
[labev] t=455542.995 ev.propose=0.002ms
[labev] t=455543.007 ev.verify=12.364ms
[labev] t=455543.009 ev.finalize=1.530ms
[labev] t=455543.009 ev.propose=0.002ms
[labev] t=455543.021 ev.verify=12.342ms
[labev] t=455543.023 ev.finalize=1.520ms
[labev] t=455543.023 ev.propose=0.002ms
[labev] t=455543.035 ev.verify=12.172ms
[labev] t=455543.037 ev.finalize=1.665ms
[labev] t=455543.037 ev.propose=0.002ms
[labev] t=455543.049 ev.verify=12.198ms
[labev] t=455543.051 ev.finalize=1.551ms
[labev] t=455543.051 ev.propose=0.002ms
[labev] t=455543.063 ev.verify=12.192ms
[labev] t=455543.065 ev.finalize=1.531ms
[labev] t=455543.065 ev.propose=0.001ms
[labev] t=455543.077 ev.verify=12.111ms
[labev] t=455543.079 ev.finalize=1.528ms
[labev] t=455543.079 ev.propose=0.002ms
[labev] t=455543.091 ev.verify=12.147ms
[labev] t=455543.092 ev.finalize=1.531ms
[labev] t=455543.092 ev.propose=0.002ms
[labev] t=455543.105 ev.verify=12.027ms
[labev] t=455543.106 ev.finalize=1.593ms
[labev] t=455543.106 ev.propose=0.002ms
[labev] t=455543.119 ev.verify=12.385ms
[labev] t=455543.121 ev.finalize=2.089ms
[labev] t=455543.121 ev.propose=0.002ms
[labev] t=455543.133 ev.verify=12.111ms
[labev] t=455543.135 ev.finalize=1.664ms
[labev] t=455543.135 ev.propose=0.002ms
[labev] t=455543.147 ev.verify=12.357ms
[labev] t=455543.149 ev.finalize=1.649ms
[labev] t=455543.149 ev.propose=0.002ms
[labev] t=455543.161 ev.verify=12.048ms
[labev] t=455543.163 ev.finalize=1.543ms
[labev] t=455543.163 ev.propose=0.002ms
[labev] t=455543.175 ev.verify=12.252ms
[labev] t=455543.177 ev.finalize=1.547ms
[labev] t=455543.177 ev.propose=0.001ms
[labev] t=455543.189 ev.verify=12.389ms
[labev] t=455543.191 ev.finalize=1.660ms
[labev] t=455543.191 ev.propose=0.001ms
[labev] t=455543.203 ev.verify=12.267ms
[labev] t=455543.205 ev.finalize=1.657ms
[labev] t=455543.205 ev.propose=0.001ms
[labev] t=455543.217 ev.verify=12.169ms
[labev] t=455543.219 ev.finalize=1.640ms
[labev] t=455543.219 ev.propose=0.001ms
[labev] t=455543.231 ev.verify=12.088ms
[labev] t=455543.233 ev.finalize=1.648ms
[labev] t=455543.233 ev.propose=0.002ms
[labev] t=455543.245 ev.verify=12.443ms
[labev] t=455543.247 ev.finalize=1.674ms
[labev] t=455543.247 ev.propose=0.002ms
[labev] t=455543.259 ev.verify=12.292ms
[labev] t=455543.261 ev.finalize=1.609ms
[labev] t=455543.261 ev.propose=0.002ms
[labev] t=455543.273 ev.verify=12.056ms
[labev] t=455543.275 ev.finalize=1.647ms
[labev] t=455543.275 ev.propose=0.002ms
[labev] t=455543.287 ev.verify=12.051ms
[labev] t=455543.289 ev.finalize=1.651ms
[labev] t=455543.289 ev.propose=0.002ms
[labev] t=455543.301 ev.verify=12.124ms
[labev] t=455543.303 ev.finalize=1.623ms
[labev] t=455543.303 ev.propose=0.002ms
[labev] t=455543.315 ev.verify=12.289ms
[labev] t=455543.317 ev.finalize=1.639ms
[labev] t=455543.317 ev.propose=0.002ms
[labev] t=455543.329 ev.verify=12.122ms
[labev] t=455543.331 ev.finalize=1.631ms
[labev] t=455543.331 ev.propose=0.002ms
[labev] t=455543.343 ev.verify=12.175ms
[labev] t=455543.344 ev.finalize=1.647ms
[labev] t=455543.345 ev.propose=0.002ms
[labev] t=455543.357 ev.verify=12.335ms
[labev] t=455543.359 ev.finalize=2.324ms
[labev] t=455543.359 ev.propose=0.002ms
[labev] t=455543.372 ev.verify=12.422ms
[labev] t=455543.374 ev.finalize=1.656ms
[labev] t=455543.374 ev.propose=0.002ms
[labev] t=455543.386 ev.verify=12.567ms
[labev] t=455543.388 ev.finalize=1.643ms
[labev] t=455543.388 ev.propose=0.002ms
[labev] t=455543.400 ev.verify=12.150ms
[labev] t=455543.402 ev.finalize=1.651ms
[labev] t=455543.402 ev.propose=0.002ms
[labev] t=455543.414 ev.verify=12.181ms
[labev] t=455543.416 ev.finalize=1.623ms
[labev] t=455543.416 ev.propose=0.001ms
[labev] t=455543.428 ev.verify=12.144ms
[labev] t=455543.430 ev.finalize=1.664ms
[labev] t=455543.430 ev.propose=0.001ms
[labev] t=455543.442 ev.verify=12.315ms
[labev] t=455543.444 ev.finalize=1.638ms
[labev] t=455543.444 ev.propose=0.002ms
[labev] t=455543.456 ev.verify=12.279ms
[labev] t=455543.458 ev.finalize=1.655ms
[labev] t=455543.458 ev.propose=0.002ms
[labev] t=455543.470 ev.verify=12.401ms
[labev] t=455543.472 ev.finalize=1.537ms
[labev] t=455543.472 ev.propose=0.001ms
[labev] t=455543.484 ev.verify=12.235ms
[labev] t=455543.486 ev.finalize=1.645ms
[labev] t=455543.486 ev.propose=0.001ms
[labev] t=455543.498 ev.verify=12.369ms
[labev] t=455543.500 ev.finalize=1.630ms
[labev] t=455543.500 ev.propose=0.001ms
[labev] t=455543.512 ev.verify=12.119ms
[labev] t=455543.514 ev.finalize=1.702ms
[labev] t=455543.514 ev.propose=0.002ms
[labev] t=455543.526 ev.verify=12.070ms
[labev] t=455543.528 ev.finalize=1.680ms
[labev] t=455543.528 ev.propose=0.002ms
[labev] t=455543.540 ev.verify=12.322ms
[labev] t=455543.542 ev.finalize=1.641ms
[labev] t=455543.542 ev.propose=0.002ms
[labev] t=455543.555 ev.verify=12.424ms
[labev] t=455543.556 ev.finalize=1.528ms
[labev] t=455543.556 ev.propose=0.002ms
[labev] t=455543.569 ev.verify=12.383ms
[labev] t=455543.570 ev.finalize=1.636ms
[labev] t=455543.570 ev.propose=0.002ms
[labev] t=455543.583 ev.verify=12.139ms
[labev] t=455543.584 ev.finalize=1.676ms
[labev] t=455543.584 ev.propose=0.002ms
[labev] t=455543.597 ev.verify=12.387ms
[labev] t=455543.599 ev.finalize=2.324ms
[labev] t=455543.599 ev.propose=0.002ms
[labev] t=455543.612 ev.verify=12.294ms
[labev] t=455543.613 ev.finalize=1.658ms
[labev] t=455543.613 ev.propose=0.002ms
[labev] t=455543.626 ev.verify=12.147ms
[labev] t=455543.627 ev.finalize=1.699ms
[labev] t=455543.627 ev.propose=0.002ms
[labev] t=455543.640 ev.verify=12.356ms
[labev] t=455543.641 ev.finalize=1.632ms
[labev] t=455543.642 ev.propose=0.002ms
[labev] t=455543.654 ev.verify=12.333ms
[labev] t=455543.656 ev.finalize=1.632ms
[labev] t=455543.656 ev.propose=0.002ms
[labev] t=455543.668 ev.verify=12.333ms
[labev] t=455543.670 ev.finalize=1.666ms
[labev] t=455543.670 ev.propose=0.002ms
[labev] t=455543.682 ev.verify=12.403ms
[labev] t=455543.684 ev.finalize=1.667ms
[labev] t=455543.684 ev.propose=0.002ms
[labev] t=455543.696 ev.verify=12.245ms
[labev] t=455543.698 ev.finalize=1.655ms
[labev] t=455543.698 ev.propose=0.002ms
[labev] t=455543.710 ev.verify=12.382ms
[labev] t=455543.712 ev.finalize=1.634ms
[labev] t=455543.712 ev.propose=0.002ms
[labev] t=455543.725 ev.verify=12.335ms
[labev] t=455543.726 ev.finalize=1.628ms
[labev] t=455543.726 ev.propose=0.002ms
[labev] t=455543.739 ev.verify=12.191ms
[labev] t=455543.740 ev.finalize=1.679ms
[labev] t=455543.740 ev.propose=0.002ms
[labev] t=455543.753 ev.verify=12.211ms
[labev] t=455543.754 ev.finalize=1.672ms
[labev] t=455543.754 ev.propose=0.001ms
[labev] t=455543.767 ev.verify=12.260ms
[labev] t=455543.768 ev.finalize=1.622ms
[labev] t=455543.768 ev.propose=0.002ms
[labev] t=455543.781 ev.verify=12.247ms
[labev] t=455543.782 ev.finalize=1.592ms
[labev] t=455543.782 ev.propose=0.001ms
[labev] t=455543.795 ev.verify=12.246ms
[labev] t=455543.796 ev.finalize=1.662ms
[labev] t=455543.797 ev.propose=0.002ms
[labev] t=455543.809 ev.verify=12.239ms
[labev] t=455543.810 ev.finalize=1.630ms
[labev] t=455543.811 ev.propose=0.001ms
[labev] t=455543.823 ev.verify=12.329ms
[labev] t=455543.824 ev.finalize=1.547ms
[labev] t=455543.825 ev.propose=0.002ms
[labev] t=455543.837 ev.verify=12.317ms
[labev] t=455543.838 ev.finalize=1.575ms
[labev] t=455543.839 ev.propose=0.002ms
[labev] t=455543.851 ev.verify=12.170ms
[labev] t=455543.853 ev.finalize=2.115ms
[labev] t=455543.853 ev.propose=0.002ms
[labev] t=455543.865 ev.verify=12.081ms
[labev] t=455543.867 ev.finalize=1.658ms
[labev] t=455543.867 ev.propose=0.002ms
[labev] t=455543.879 ev.verify=12.200ms
[labev] t=455543.881 ev.finalize=1.672ms
[labev] t=455543.881 ev.propose=0.002ms
[labev] t=455543.893 ev.verify=12.347ms
[labev] t=455543.895 ev.finalize=1.657ms
[labev] t=455543.895 ev.propose=0.001ms
[labev] t=455543.907 ev.verify=12.339ms
[labev] t=455543.909 ev.finalize=1.681ms
[labev] t=455543.909 ev.propose=0.002ms
[labev] t=455543.921 ev.verify=12.160ms
[labev] t=455543.923 ev.finalize=1.635ms
[labev] t=455543.923 ev.propose=0.002ms
[labev] t=455543.935 ev.verify=12.127ms
[labev] t=455543.937 ev.finalize=1.645ms
[labev] t=455543.937 ev.propose=0.002ms
[labev] t=455543.950 ev.verify=12.411ms
[labev] t=455543.951 ev.finalize=1.664ms
[labev] t=455543.951 ev.propose=0.002ms
[labev] t=455543.964 ev.verify=12.224ms
[labev] t=455543.965 ev.finalize=1.684ms
[labev] t=455543.965 ev.propose=0.002ms
[labev] t=455543.978 ev.verify=12.194ms
[labev] t=455543.979 ev.finalize=1.672ms
[labev] t=455543.979 ev.propose=0.002ms
[labev] t=455543.992 ev.verify=12.090ms
[labev] t=455543.993 ev.finalize=1.668ms
[labev] t=455543.993 ev.propose=0.002ms
[labev] t=455544.005 ev.verify=12.082ms
[labev] t=455544.007 ev.finalize=1.670ms
[labev] t=455544.007 ev.propose=0.002ms
[labev] t=455544.019 ev.verify=12.032ms
[labev] t=455544.021 ev.finalize=1.651ms
[labev] t=455544.021 ev.propose=0.002ms
[labev] t=455544.033 ev.verify=12.331ms
[labev] t=455544.035 ev.finalize=1.633ms
[labev] t=455544.035 ev.propose=0.002ms
[labev] t=455544.047 ev.verify=12.244ms
[labev] t=455544.049 ev.finalize=1.663ms
[labev] t=455544.049 ev.propose=0.002ms
[labev] t=455544.062 ev.verify=12.335ms
[labev] t=455544.063 ev.finalize=1.641ms
[labev] t=455544.063 ev.propose=0.002ms
[labev] t=455544.076 ev.verify=12.202ms
[labev] t=455544.078 ev.finalize=2.334ms
[labev] t=455544.078 ev.propose=0.002ms
[labev] t=455544.091 ev.verify=12.490ms
[labev] t=455544.092 ev.finalize=1.671ms
[labev] t=455544.092 ev.propose=0.002ms
[labev] t=455544.105 ev.verify=12.272ms
[labev] t=455544.106 ev.finalize=1.659ms
[labev] t=455544.106 ev.propose=0.002ms
[labev] t=455544.119 ev.verify=12.412ms
[labev] t=455544.120 ev.finalize=1.534ms
[labev] t=455544.121 ev.propose=0.002ms
[labev] t=455544.133 ev.verify=12.351ms
[labev] t=455544.135 ev.finalize=1.654ms
[labev] t=455544.135 ev.propose=0.001ms
[labev] t=455544.147 ev.verify=12.312ms
[labev] t=455544.149 ev.finalize=1.631ms
[labev] t=455544.149 ev.propose=0.001ms
[labev] t=455544.161 ev.verify=12.324ms
[labev] t=455544.163 ev.finalize=1.535ms
[labev] t=455544.163 ev.propose=0.002ms
[labev] t=455544.175 ev.verify=12.348ms
[labev] t=455544.177 ev.finalize=1.752ms
[labev] t=455544.177 ev.propose=0.002ms
[labev] t=455544.189 ev.verify=12.361ms
[labev] t=455544.191 ev.finalize=1.578ms
[labev] t=455544.191 ev.propose=0.002ms
[labev] t=455544.204 ev.verify=12.466ms
[labev] t=455544.205 ev.finalize=1.550ms
[labev] t=455544.205 ev.propose=0.002ms
[labev] t=455544.218 ev.verify=12.299ms
[labev] t=455544.219 ev.finalize=1.687ms
[labev] t=455544.219 ev.propose=0.002ms
[labev] t=455544.232 ev.verify=12.112ms
[labev] t=455544.233 ev.finalize=1.625ms
[labev] t=455544.233 ev.propose=0.002ms
[labev] t=455544.246 ev.verify=12.255ms
[labev] t=455544.247 ev.finalize=1.560ms
[labev] t=455544.247 ev.propose=0.002ms
[labev] t=455544.260 ev.verify=12.477ms
[labev] t=455544.261 ev.finalize=1.661ms
[labev] t=455544.262 ev.propose=0.002ms
[labev] t=455544.274 ev.verify=12.237ms
[labev] t=455544.275 ev.finalize=1.662ms
[labev] t=455544.276 ev.propose=0.002ms
[labev] t=455544.288 ev.verify=12.373ms
[labev] t=455544.290 ev.finalize=1.672ms
[labev] t=455544.290 ev.propose=0.002ms
[labev] t=455544.302 ev.verify=12.278ms
[labev] t=455544.304 ev.finalize=1.685ms
[labev] t=455544.304 ev.propose=0.002ms
[labev] t=455544.316 ev.verify=12.109ms
[labev] t=455544.318 ev.finalize=1.650ms
[labev] t=455544.318 ev.propose=0.002ms
[labev] t=455544.330 ev.verify=12.196ms
[labev] t=455544.332 ev.finalize=1.674ms
[labev] t=455544.332 ev.propose=0.001ms
[labev] t=455544.344 ev.verify=12.195ms
[labev] t=455544.346 ev.finalize=1.556ms
[labev] t=455544.346 ev.propose=0.002ms
[labev] t=455544.358 ev.verify=12.234ms
[labev] t=455544.360 ev.finalize=2.211ms
[labev] t=455544.360 ev.propose=0.002ms
[labev] t=455544.373 ev.verify=12.444ms
[labev] t=455544.375 ev.finalize=1.673ms
[labev] t=455544.375 ev.propose=0.001ms
[labev] t=455544.387 ev.verify=12.403ms
[labev] t=455544.389 ev.finalize=1.650ms
[labev] t=455544.389 ev.propose=0.002ms
[labev] t=455544.401 ev.verify=12.208ms
[labev] t=455544.403 ev.finalize=1.633ms
[labev] t=455544.403 ev.propose=0.002ms
[labev] t=455544.415 ev.verify=12.269ms
[labev] t=455544.417 ev.finalize=1.920ms
[labev] t=455544.417 ev.propose=0.001ms
[labev] t=455544.429 ev.verify=12.220ms
[labev] t=455544.431 ev.finalize=1.676ms
[labev] t=455544.431 ev.propose=0.002ms
[labev] t=455544.443 ev.verify=12.296ms
[labev] t=455544.445 ev.finalize=1.692ms
[labev] t=455544.445 ev.propose=0.002ms
[labev] t=455544.458 ev.verify=12.380ms
[labev] t=455544.460 ev.finalize=1.881ms
[labev] t=455544.460 ev.propose=0.003ms
[labev] t=455544.473 ev.verify=12.696ms
[labev] t=455544.474 ev.finalize=1.667ms
[labev] t=455544.474 ev.propose=0.002ms
[labev] t=455544.487 ev.verify=12.325ms
[labev] t=455544.488 ev.finalize=1.588ms
[labev] t=455544.488 ev.propose=0.002ms
[labev] t=455544.501 ev.verify=12.394ms
[labev] t=455544.503 ev.finalize=1.681ms
[labev] t=455544.503 ev.propose=0.002ms
[labev] t=455544.515 ev.verify=12.127ms
[labev] t=455544.517 ev.finalize=1.703ms
[labev] t=455544.517 ev.propose=0.002ms
[labev] t=455544.529 ev.verify=12.399ms
[labev] t=455544.531 ev.finalize=1.575ms
[labev] t=455544.531 ev.propose=0.002ms
[labev] t=455544.543 ev.verify=12.287ms
[labev] t=455544.545 ev.finalize=1.667ms
[labev] t=455544.545 ev.propose=0.002ms
[labev] t=455544.557 ev.verify=12.290ms
[labev] t=455544.559 ev.finalize=1.715ms
[labev] t=455544.559 ev.propose=0.002ms
[labev] t=455544.572 ev.verify=12.504ms
[labev] t=455544.573 ev.finalize=1.671ms
[labev] t=455544.573 ev.propose=0.002ms
[labev] t=455544.586 ev.verify=12.411ms
[labev] t=455544.588 ev.finalize=1.754ms
[labev] t=455544.588 ev.propose=0.002ms
[labev] t=455544.600 ev.verify=12.378ms
[labev] t=455544.602 ev.finalize=2.321ms
[labev] t=455544.603 ev.propose=0.002ms
[labev] t=455544.615 ev.verify=12.381ms
[labev] t=455544.617 ev.finalize=1.706ms
[labev] t=455544.617 ev.propose=0.002ms
[labev] t=455544.629 ev.verify=12.352ms
[labev] t=455544.631 ev.finalize=1.704ms
[labev] t=455544.631 ev.propose=0.002ms
[labev] t=455544.643 ev.verify=12.254ms
[labev] t=455544.645 ev.finalize=1.576ms
[labev] t=455544.645 ev.propose=0.002ms
[labev] t=455544.657 ev.verify=12.161ms
[labev] t=455544.659 ev.finalize=1.660ms
[labev] t=455544.659 ev.propose=0.002ms
[labev] t=455544.671 ev.verify=12.215ms
[labev] t=455544.673 ev.finalize=1.713ms
[labev] t=455544.673 ev.propose=0.002ms
[labev] t=455544.685 ev.verify=12.146ms
[labev] t=455544.687 ev.finalize=1.723ms
[labev] t=455544.687 ev.propose=0.002ms
[labev] t=455544.699 ev.verify=12.227ms
[labev] t=455544.701 ev.finalize=1.725ms
[labev] t=455544.701 ev.propose=0.002ms
[labev] t=455544.714 ev.verify=12.306ms
[labev] t=455544.715 ev.finalize=1.657ms
[labev] t=455544.715 ev.propose=0.002ms
[labev] t=455544.728 ev.verify=12.212ms
[labev] t=455544.729 ev.finalize=1.704ms
[labev] t=455544.729 ev.propose=0.002ms
[labev] t=455544.742 ev.verify=12.152ms
[labev] t=455544.743 ev.finalize=1.587ms
[labev] t=455544.743 ev.propose=0.002ms
[labev] t=455544.755 ev.verify=12.220ms
[labev] t=455544.757 ev.finalize=1.710ms
[labev] t=455544.757 ev.propose=0.002ms
[labev] t=455544.770 ev.verify=12.311ms
[labev] t=455544.771 ev.finalize=1.588ms
[labev] t=455544.771 ev.propose=0.002ms
[labev] t=455544.784 ev.verify=12.128ms
[labev] t=455544.785 ev.finalize=1.692ms
[labev] t=455544.785 ev.propose=0.002ms
[labev] t=455544.798 ev.verify=12.433ms
[labev] t=455544.800 ev.finalize=1.701ms
[labev] t=455544.800 ev.propose=0.002ms
[labev] t=455544.812 ev.verify=12.370ms
[labev] t=455544.814 ev.finalize=1.687ms
[labev] t=455544.814 ev.propose=0.001ms
[labev] t=455544.826 ev.verify=12.424ms
[labev] t=455544.828 ev.finalize=1.568ms
[labev] t=455544.828 ev.propose=0.002ms
[labev] t=455544.840 ev.verify=12.112ms
[labev] t=455544.842 ev.finalize=1.676ms
[labev] t=455544.842 ev.propose=0.002ms
[labev] t=455544.854 ev.verify=12.172ms
[labev] t=455544.856 ev.finalize=2.385ms
[labev] t=455544.857 ev.propose=0.002ms
[labev] t=455544.869 ev.verify=12.123ms
[labev] t=455544.871 ev.finalize=1.718ms
[labev] t=455544.871 ev.propose=0.002ms
[labev] t=455544.883 ev.verify=12.281ms
[labev] t=455544.885 ev.finalize=1.578ms
[labev] t=455544.885 ev.propose=0.002ms
[labev] t=455544.897 ev.verify=12.243ms
[labev] t=455544.899 ev.finalize=1.563ms
[labev] t=455544.899 ev.propose=0.002ms
[labev] t=455544.911 ev.verify=12.424ms
[labev] t=455544.913 ev.finalize=1.684ms
[labev] t=455544.913 ev.propose=0.001ms
[labev] t=455544.925 ev.verify=12.389ms
[labev] t=455544.927 ev.finalize=1.685ms
[labev] t=455544.927 ev.propose=0.001ms
[labev] t=455544.939 ev.verify=12.411ms
[labev] t=455544.941 ev.finalize=1.683ms
[labev] t=455544.941 ev.propose=0.002ms
[labev] t=455544.954 ev.verify=12.380ms
[labev] t=455544.955 ev.finalize=1.667ms
[labev] t=455544.956 ev.propose=0.002ms
[labev] t=455544.968 ev.verify=12.249ms
[labev] t=455544.970 ev.finalize=1.696ms
[labev] t=455544.970 ev.propose=0.002ms
[labev] t=455544.982 ev.verify=12.275ms
[labev] t=455544.984 ev.finalize=1.694ms
[labev] t=455544.984 ev.propose=0.002ms
[labev] t=455544.996 ev.verify=12.270ms
[labev] t=455544.998 ev.finalize=1.708ms
[labev] t=455544.998 ev.propose=0.002ms
[labev] t=455545.010 ev.verify=12.332ms
[labev] t=455545.012 ev.finalize=1.653ms
[labev] t=455545.012 ev.propose=0.002ms
[labev] t=455545.024 ev.verify=12.406ms
[labev] t=455545.026 ev.finalize=1.712ms
[labev] t=455545.026 ev.propose=0.002ms
[labev] t=455545.039 ev.verify=12.324ms
[labev] t=455545.040 ev.finalize=1.662ms
[labev] t=455545.041 ev.propose=0.002ms
[labev] t=455545.053 ev.verify=12.324ms
[labev] t=455545.055 ev.finalize=1.684ms
[labev] t=455545.055 ev.propose=0.001ms
[labev] t=455545.067 ev.verify=12.269ms
[labev] t=455545.069 ev.finalize=1.693ms
[labev] t=455545.069 ev.propose=0.002ms
[labev] t=455545.081 ev.verify=12.250ms
[labev] t=455545.083 ev.finalize=1.692ms
[labev] t=455545.083 ev.propose=0.002ms
[labev] t=455545.095 ev.verify=12.256ms
[labev] t=455545.098 ev.finalize=2.311ms
[labev] t=455545.098 ev.propose=0.002ms
[labev] t=455545.110 ev.verify=12.355ms
[labev] t=455545.112 ev.finalize=1.688ms
[labev] t=455545.112 ev.propose=0.002ms
[labev] t=455545.124 ev.verify=12.239ms
[labev] t=455545.126 ev.finalize=1.709ms
[labev] t=455545.126 ev.propose=0.002ms
[labev] t=455545.138 ev.verify=12.106ms
[labev] t=455545.140 ev.finalize=1.701ms
[labev] t=455545.140 ev.propose=0.002ms
[labev] t=455545.152 ev.verify=12.219ms
[labev] t=455545.154 ev.finalize=1.679ms
[labev] t=455545.154 ev.propose=0.002ms
[labev] t=455545.166 ev.verify=12.271ms
[labev] t=455545.168 ev.finalize=1.694ms
[labev] t=455545.168 ev.propose=0.002ms
[labev] t=455545.180 ev.verify=12.346ms
[labev] t=455545.182 ev.finalize=1.696ms
[labev] t=455545.182 ev.propose=0.002ms
[labev] t=455545.195 ev.verify=12.427ms
[labev] t=455545.196 ev.finalize=1.552ms
[labev] t=455545.196 ev.propose=0.002ms
[labev] t=455545.216 ev.verify=19.710ms
[labev] t=455545.218 ev.finalize=1.555ms
[labev] t=455549.070 req.start s1-p4096-o512-b0-r0=0.001ms
[labev] t=455549.070 req.handle=0.068ms
[labev] t=455549.092 tok.prepare=22.210ms
event=batching_admitted action=scheduler_admitted
[labev] t=455549.400 chunk.ord.total=307.028ms
[labev] t=455549.653 chunk.ord.total=253.521ms
[labev] t=455549.909 chunk.ord.total=255.886ms
[labev] t=455550.168 chunk.ord.total=258.512ms
[labev] t=455550.430 chunk.ord.total=261.561ms
[labev] t=455550.693 chunk.ord.total=263.124ms
[labev] t=455550.959 chunk.ord.total=266.165ms
[labev] t=455551.267 chunk.ord.total=307.640ms
[labev] t=455551.267 req.firsttoken s1-p4096-o512-b0-r0=2196.853ms
[labev] t=455551.406 ev.decode.rows1.cap0=139.301ms
[labev] t=455551.542 ev.decode.rows1.cap0=135.503ms
[labev] t=455551.677 ev.decode.rows1.cap0=135.539ms
[labev] t=455551.813 ev.decode.rows1.cap0=135.524ms
[labev] t=455551.949 ev.decode.rows1.cap0=135.515ms
[labev] t=455552.084 ev.decode.rows1.cap0=135.341ms
[labev] t=455552.220 ev.decode.rows1.cap0=135.666ms
[labev] t=455552.355 ev.decode.rows1.cap0=135.418ms
[labev] t=455552.491 ev.decode.rows1.cap0=135.429ms
[labev] t=455552.626 ev.decode.rows1.cap0=135.335ms
[labev] t=455552.762 ev.decode.rows1.cap0=135.354ms
[labev] t=455552.897 ev.decode.rows1.cap0=135.020ms
[labev] t=455553.033 ev.decode.rows1.cap0=135.587ms
[labev] t=455553.168 ev.decode.rows1.cap0=135.446ms
[labev] t=455553.304 ev.decode.rows1.cap0=135.571ms
[labev] t=455553.440 ev.decode.rows1.cap0=135.726ms
[labev] t=455553.575 ev.decode.rows1.cap0=135.589ms
[labev] t=455553.711 ev.decode.rows1.cap0=135.766ms
[labev] t=455553.847 ev.decode.rows1.cap0=135.453ms
[labev] t=455553.982 ev.decode.rows1.cap0=135.213ms
[labev] t=455554.118 ev.decode.rows1.cap0=135.845ms
[labev] t=455554.254 ev.decode.rows1.cap0=135.775ms
[labev] t=455554.390 ev.decode.rows1.cap0=135.808ms
[labev] t=455554.526 ev.decode.rows1.cap0=135.784ms
[labev] t=455554.661 ev.decode.rows1.cap0=135.694ms
[labev] t=455554.797 ev.decode.rows1.cap0=135.520ms
[labev] t=455554.933 ev.decode.rows1.cap0=135.809ms
[labev] t=455555.069 ev.decode.rows1.cap0=135.656ms
[labev] t=455555.205 ev.decode.rows1.cap0=135.771ms
[labev] t=455555.340 ev.decode.rows1.cap0=135.765ms
[labev] t=455555.476 ev.decode.rows1.cap0=135.539ms
[labev] t=455555.603 ev.decode.rows1.cap0=127.104ms
[labev] t=455555.604 req.start s1-p4096-o512-b0-r0=0.000ms
[labev] t=455555.604 req.handle=0.021ms
[labev] t=455555.627 tok.prepare=22.819ms
event=batching_admitted action=scheduler_admitted
[labev] t=455555.893 chunk.native.total=265.796ms
[labev] t=455556.159 chunk.native.total=265.385ms
[labev] t=455556.428 chunk.native.total=269.551ms
[labev] t=455556.700 chunk.native.total=271.954ms
[labev] t=455556.976 chunk.native.total=275.450ms
[labev] t=455557.255 chunk.native.total=279.192ms
[labev] t=455557.537 chunk.native.total=282.002ms
[labev] t=455557.854 chunk.native.total=316.610ms
[labev] t=455557.854 req.firsttoken s1-p4096-o512-b0-r0=2249.728ms
[labev] t=455557.854 ev.propose=0.003ms
[labev] t=455557.866 ev.verify=12.155ms
[labev] t=455557.868 ev.finalize=1.715ms
[labev] t=455557.868 ev.propose=0.078ms
[labev] t=455557.881 ev.verify=12.401ms
[labev] t=455557.882 ev.finalize=1.623ms
[labev] t=455557.882 ev.propose=0.073ms
[labev] t=455557.895 ev.verify=12.178ms
[labev] t=455557.896 ev.finalize=1.645ms
[labev] t=455557.896 ev.propose=0.058ms
[labev] t=455557.909 ev.verify=12.044ms
[labev] t=455557.910 ev.finalize=1.661ms
[labev] t=455557.910 ev.propose=0.053ms
[labev] t=455557.923 ev.verify=12.131ms
[labev] t=455557.924 ev.finalize=1.620ms
[labev] t=455557.924 ev.propose=0.063ms
[labev] t=455557.937 ev.verify=12.206ms
[labev] t=455557.938 ev.finalize=1.693ms
[labev] t=455557.940 ev.propose=0.052ms
[labev] t=455557.953 ev.verify=12.926ms
[labev] t=455557.955 ev.finalize=1.628ms
[labev] t=455557.955 ev.propose=0.044ms
[labev] t=455557.967 ev.verify=12.260ms
[labev] t=455557.969 ev.finalize=1.699ms
[labev] t=455557.969 ev.propose=0.068ms
[labev] t=455557.981 ev.verify=11.996ms
[labev] t=455557.984 ev.finalize=2.274ms
[labev] t=455557.984 ev.propose=0.062ms
[labev] t=455557.996 ev.verify=12.332ms
[labev] t=455557.998 ev.finalize=1.681ms
[labev] t=455557.998 ev.propose=0.071ms
[labev] t=455558.010 ev.verify=12.124ms
[labev] t=455558.012 ev.finalize=1.655ms
[labev] t=455558.012 ev.propose=0.061ms
[labev] t=455558.024 ev.verify=12.129ms
[labev] t=455558.026 ev.finalize=1.786ms
[labev] t=455558.026 ev.propose=0.069ms
[labev] t=455558.038 ev.verify=12.094ms
[labev] t=455558.040 ev.finalize=1.642ms
[labev] t=455558.040 ev.propose=0.002ms
[labev] t=455558.052 ev.verify=12.336ms
[labev] t=455558.054 ev.finalize=1.765ms
[labev] t=455558.054 ev.propose=0.062ms
[labev] t=455558.067 ev.verify=12.152ms
[labev] t=455558.068 ev.finalize=1.626ms
[labev] t=455558.068 ev.propose=0.002ms
[labev] t=455558.080 ev.verify=12.214ms
[labev] t=455558.082 ev.finalize=1.718ms
[labev] t=455558.082 ev.propose=0.072ms
[labev] t=455558.095 ev.verify=12.092ms
[labev] t=455558.096 ev.finalize=1.628ms
[labev] t=455558.096 ev.propose=0.002ms
[labev] t=455558.108 ev.verify=12.115ms
[labev] t=455558.110 ev.finalize=1.630ms
[labev] t=455558.110 ev.propose=0.002ms
[labev] t=455558.122 ev.verify=12.094ms
[labev] t=455558.124 ev.finalize=1.655ms
[labev] t=455558.124 ev.propose=0.067ms
[labev] t=455558.136 ev.verify=12.074ms
[labev] t=455558.138 ev.finalize=1.666ms
[labev] t=455558.138 ev.propose=0.002ms
[labev] t=455558.150 ev.verify=12.110ms
[labev] t=455558.152 ev.finalize=1.631ms
[labev] t=455558.152 ev.propose=0.002ms
[labev] t=455558.164 ev.verify=12.181ms
[labev] t=455558.166 ev.finalize=1.667ms
[labev] t=455558.166 ev.propose=0.002ms
[labev] t=455558.178 ev.verify=12.238ms
[labev] t=455558.180 ev.finalize=1.619ms
[labev] t=455558.180 ev.propose=0.002ms
[labev] t=455558.192 ev.verify=12.103ms
[labev] t=455558.194 ev.finalize=1.646ms
[labev] t=455558.194 ev.propose=0.002ms
[labev] t=455558.206 ev.verify=12.153ms
[labev] t=455558.208 ev.finalize=1.661ms
[labev] t=455558.208 ev.propose=0.002ms
[labev] t=455558.220 ev.verify=12.235ms
[labev] t=455558.222 ev.finalize=2.275ms
[labev] t=455558.223 ev.propose=0.002ms
[labev] t=455558.235 ev.verify=12.300ms
[labev] t=455558.237 ev.finalize=1.647ms
[labev] t=455558.237 ev.propose=0.002ms
[labev] t=455558.249 ev.verify=12.198ms
[labev] t=455558.251 ev.finalize=1.632ms
[labev] t=455558.251 ev.propose=0.002ms
[labev] t=455558.263 ev.verify=12.250ms
[labev] t=455558.265 ev.finalize=1.647ms
[labev] t=455558.265 ev.propose=0.002ms
[labev] t=455558.277 ev.verify=12.225ms
[labev] t=455558.279 ev.finalize=1.645ms
[labev] t=455558.279 ev.propose=0.002ms
[labev] t=455558.291 ev.verify=12.156ms
[labev] t=455558.293 ev.finalize=1.633ms
[labev] t=455558.293 ev.propose=0.002ms
[labev] t=455558.305 ev.verify=12.138ms
[labev] t=455558.306 ev.finalize=1.586ms
[labev] t=455558.307 ev.propose=0.002ms
[labev] t=455558.319 ev.verify=12.140ms
[labev] t=455558.320 ev.finalize=1.631ms
[labev] t=455558.320 ev.propose=0.002ms
[labev] t=455558.333 ev.verify=12.203ms
[labev] t=455558.334 ev.finalize=1.652ms
[labev] t=455558.334 ev.propose=0.002ms
[labev] t=455558.347 ev.verify=12.113ms
[labev] t=455558.348 ev.finalize=1.618ms
[labev] t=455558.348 ev.propose=0.002ms
[labev] t=455558.361 ev.verify=12.154ms
[labev] t=455558.362 ev.finalize=1.632ms
[labev] t=455558.362 ev.propose=0.002ms
[labev] t=455558.375 ev.verify=12.435ms
[labev] t=455558.377 ev.finalize=1.841ms
[labev] t=455558.377 ev.propose=0.002ms
[labev] t=455558.389 ev.verify=12.341ms
[labev] t=455558.391 ev.finalize=1.617ms
[labev] t=455558.391 ev.propose=0.002ms
[labev] t=455558.403 ev.verify=12.146ms
[labev] t=455558.405 ev.finalize=1.645ms
[labev] t=455558.405 ev.propose=0.002ms
[labev] t=455558.417 ev.verify=12.011ms
[labev] t=455558.419 ev.finalize=1.649ms
[labev] t=455558.419 ev.propose=0.002ms
[labev] t=455558.431 ev.verify=12.196ms
[labev] t=455558.433 ev.finalize=1.659ms
[labev] t=455558.433 ev.propose=0.002ms
[labev] t=455558.445 ev.verify=12.276ms
[labev] t=455558.447 ev.finalize=2.279ms
[labev] t=455558.447 ev.propose=0.002ms
[labev] t=455558.460 ev.verify=12.460ms
[labev] t=455558.461 ev.finalize=1.614ms
[labev] t=455558.462 ev.propose=0.002ms
[labev] t=455558.474 ev.verify=12.256ms
[labev] t=455558.476 ev.finalize=1.640ms
[labev] t=455558.476 ev.propose=0.002ms
[labev] t=455558.488 ev.verify=12.138ms
[labev] t=455558.490 ev.finalize=1.669ms
[labev] t=455558.490 ev.propose=0.002ms
[labev] t=455558.502 ev.verify=12.145ms
[labev] t=455558.503 ev.finalize=1.622ms
[labev] t=455558.504 ev.propose=0.002ms
[labev] t=455558.516 ev.verify=12.318ms
[labev] t=455558.517 ev.finalize=1.611ms
[labev] t=455558.518 ev.propose=0.002ms
[labev] t=455558.530 ev.verify=12.185ms
[labev] t=455558.531 ev.finalize=1.618ms
[labev] t=455558.532 ev.propose=0.002ms
[labev] t=455558.544 ev.verify=12.305ms
[labev] t=455558.546 ev.finalize=1.661ms
[labev] t=455558.546 ev.propose=0.002ms
[labev] t=455558.558 ev.verify=12.246ms
[labev] t=455558.560 ev.finalize=1.651ms
[labev] t=455558.560 ev.propose=0.002ms
[labev] t=455558.572 ev.verify=12.196ms
[labev] t=455558.573 ev.finalize=1.554ms
[labev] t=455558.574 ev.propose=0.002ms
[labev] t=455558.586 ev.verify=12.206ms
[labev] t=455558.587 ev.finalize=1.634ms
[labev] t=455558.588 ev.propose=0.002ms
[labev] t=455558.600 ev.verify=12.270ms
[labev] t=455558.602 ev.finalize=1.642ms
[labev] t=455558.602 ev.propose=0.002ms
[labev] t=455558.614 ev.verify=12.233ms
[labev] t=455558.616 ev.finalize=1.623ms
[labev] t=455558.616 ev.propose=0.002ms
[labev] t=455558.628 ev.verify=12.231ms
[labev] t=455558.630 ev.finalize=1.620ms
[labev] t=455558.630 ev.propose=0.002ms
[labev] t=455558.642 ev.verify=12.263ms
[labev] t=455558.644 ev.finalize=1.647ms
[labev] t=455558.644 ev.propose=0.002ms
[labev] t=455558.656 ev.verify=12.187ms
[labev] t=455558.658 ev.finalize=1.642ms
[labev] t=455558.658 ev.propose=0.002ms
[labev] t=455558.670 ev.verify=12.044ms
[labev] t=455558.671 ev.finalize=1.634ms
[labev] t=455558.672 ev.propose=0.002ms
[labev] t=455558.684 ev.verify=12.258ms
[labev] t=455558.686 ev.finalize=2.258ms
[labev] t=455558.686 ev.propose=0.002ms
[labev] t=455558.698 ev.verify=12.235ms
[labev] t=455558.700 ev.finalize=1.660ms
[labev] t=455558.700 ev.propose=0.002ms
[labev] t=455558.712 ev.verify=12.140ms
[labev] t=455558.714 ev.finalize=1.687ms
[labev] t=455558.714 ev.propose=0.002ms
[labev] t=455558.726 ev.verify=12.011ms
[labev] t=455558.728 ev.finalize=1.560ms
[labev] t=455558.728 ev.propose=0.002ms
[labev] t=455558.740 ev.verify=12.195ms
[labev] t=455558.742 ev.finalize=1.642ms
[labev] t=455558.742 ev.propose=0.002ms
[labev] t=455558.754 ev.verify=12.097ms
[labev] t=455558.756 ev.finalize=1.656ms
[labev] t=455558.756 ev.propose=0.002ms
[labev] t=455558.768 ev.verify=12.287ms
[labev] t=455558.770 ev.finalize=1.642ms
[labev] t=455558.770 ev.propose=0.002ms
[labev] t=455558.782 ev.verify=12.241ms
[labev] t=455558.784 ev.finalize=1.597ms
[labev] t=455558.784 ev.propose=0.002ms
[labev] t=455558.796 ev.verify=12.199ms
[labev] t=455558.798 ev.finalize=1.641ms
[labev] t=455558.798 ev.propose=0.002ms
[labev] t=455558.810 ev.verify=12.142ms
[labev] t=455558.812 ev.finalize=1.624ms
[labev] t=455558.812 ev.propose=0.002ms
[labev] t=455558.824 ev.verify=12.201ms
[labev] t=455558.826 ev.finalize=1.668ms
[labev] t=455558.826 ev.propose=0.002ms
[labev] t=455558.838 ev.verify=12.188ms
[labev] t=455558.840 ev.finalize=1.633ms
[labev] t=455558.840 ev.propose=0.002ms
[labev] t=455558.852 ev.verify=12.187ms
[labev] t=455558.854 ev.finalize=1.666ms
[labev] t=455558.854 ev.propose=0.002ms
[labev] t=455558.866 ev.verify=12.410ms
[labev] t=455558.868 ev.finalize=1.546ms
[labev] t=455558.868 ev.propose=0.002ms
[labev] t=455558.880 ev.verify=12.262ms
[labev] t=455558.882 ev.finalize=1.615ms
[labev] t=455558.882 ev.propose=0.002ms
[labev] t=455558.894 ev.verify=12.132ms
[labev] t=455558.896 ev.finalize=1.675ms
[labev] t=455558.896 ev.propose=0.002ms
[labev] t=455558.908 ev.verify=12.296ms
[labev] t=455558.910 ev.finalize=1.682ms
[labev] t=455558.910 ev.propose=0.002ms
[labev] t=455558.922 ev.verify=12.201ms
[labev] t=455558.925 ev.finalize=2.256ms
[labev] t=455558.925 ev.propose=0.002ms
[labev] t=455558.937 ev.verify=12.477ms
[labev] t=455558.939 ev.finalize=1.633ms
[labev] t=455558.939 ev.propose=0.002ms
[labev] t=455558.951 ev.verify=12.118ms
[labev] t=455558.953 ev.finalize=1.741ms
[labev] t=455558.953 ev.propose=0.002ms
[labev] t=455558.965 ev.verify=12.255ms
[labev] t=455558.967 ev.finalize=1.743ms
[labev] t=455558.967 ev.propose=0.002ms
[labev] t=455558.979 ev.verify=12.150ms
[labev] t=455558.981 ev.finalize=1.748ms
[labev] t=455558.981 ev.propose=0.002ms
[labev] t=455558.994 ev.verify=12.327ms
[labev] t=455558.995 ev.finalize=1.734ms
[labev] t=455558.995 ev.propose=0.002ms
[labev] t=455559.008 ev.verify=12.198ms
[labev] t=455559.009 ev.finalize=1.659ms
[labev] t=455559.009 ev.propose=0.002ms
[labev] t=455559.022 ev.verify=12.143ms
[labev] t=455559.023 ev.finalize=1.661ms
[labev] t=455559.023 ev.propose=0.002ms
[labev] t=455559.035 ev.verify=12.102ms
[labev] t=455559.037 ev.finalize=1.552ms
[labev] t=455559.037 ev.propose=0.002ms
[labev] t=455559.049 ev.verify=12.147ms
[labev] t=455559.051 ev.finalize=1.636ms
[labev] t=455559.051 ev.propose=0.002ms
[labev] t=455559.063 ev.verify=12.190ms
[labev] t=455559.065 ev.finalize=1.643ms
[labev] t=455559.065 ev.propose=0.002ms
[labev] t=455559.077 ev.verify=12.289ms
[labev] t=455559.079 ev.finalize=1.532ms
[labev] t=455559.079 ev.propose=0.002ms
[labev] t=455559.091 ev.verify=12.168ms
[labev] t=455559.093 ev.finalize=1.649ms
[labev] t=455559.093 ev.propose=0.002ms
[labev] t=455559.105 ev.verify=12.218ms
[labev] t=455559.107 ev.finalize=1.632ms
[labev] t=455559.107 ev.propose=0.002ms
[labev] t=455559.119 ev.verify=12.320ms
[labev] t=455559.121 ev.finalize=1.568ms
[labev] t=455559.121 ev.propose=0.002ms
[labev] t=455559.133 ev.verify=12.157ms
[labev] t=455559.135 ev.finalize=1.635ms
[labev] t=455559.135 ev.propose=0.002ms
[labev] t=455559.147 ev.verify=12.298ms
[labev] t=455559.149 ev.finalize=1.651ms
[labev] t=455559.149 ev.propose=0.002ms
[labev] t=455559.162 ev.verify=12.300ms
[labev] t=455559.163 ev.finalize=1.771ms
[labev] t=455559.163 ev.propose=0.002ms
[labev] t=455559.176 ev.verify=12.346ms
[labev] t=455559.178 ev.finalize=2.276ms
[labev] t=455559.178 ev.propose=0.002ms
[labev] t=455559.190 ev.verify=12.222ms
[labev] t=455559.192 ev.finalize=1.612ms
[labev] t=455559.192 ev.propose=0.002ms
[labev] t=455559.205 ev.verify=12.431ms
[labev] t=455559.206 ev.finalize=1.657ms
[labev] t=455559.206 ev.propose=0.002ms
[labev] t=455559.219 ev.verify=12.059ms
[labev] t=455559.220 ev.finalize=1.651ms
[labev] t=455559.220 ev.propose=0.002ms
[labev] t=455559.232 ev.verify=12.165ms
[labev] t=455559.234 ev.finalize=1.649ms
[labev] t=455559.234 ev.propose=0.002ms
[labev] t=455559.246 ev.verify=12.200ms
[labev] t=455559.248 ev.finalize=1.646ms
[labev] t=455559.248 ev.propose=0.002ms
[labev] t=455559.260 ev.verify=12.151ms
[labev] t=455559.262 ev.finalize=1.655ms
[labev] t=455559.262 ev.propose=0.002ms
[labev] t=455559.274 ev.verify=11.985ms
[labev] t=455559.276 ev.finalize=1.668ms
[labev] t=455559.276 ev.propose=0.002ms
[labev] t=455559.288 ev.verify=12.212ms
[labev] t=455559.290 ev.finalize=1.552ms
[labev] t=455559.290 ev.propose=0.002ms
[labev] t=455559.302 ev.verify=12.233ms
[labev] t=455559.304 ev.finalize=1.661ms
[labev] t=455559.304 ev.propose=0.002ms
[labev] t=455559.316 ev.verify=12.342ms
[labev] t=455559.318 ev.finalize=1.690ms
[labev] t=455559.318 ev.propose=0.002ms
[labev] t=455559.330 ev.verify=12.076ms
[labev] t=455559.332 ev.finalize=1.719ms
[labev] t=455559.332 ev.propose=0.002ms
[labev] t=455559.344 ev.verify=12.137ms
[labev] t=455559.346 ev.finalize=1.677ms
[labev] t=455559.346 ev.propose=0.002ms
[labev] t=455559.358 ev.verify=12.138ms
[labev] t=455559.360 ev.finalize=1.667ms
[labev] t=455559.360 ev.propose=0.002ms
[labev] t=455559.373 ev.verify=12.550ms
[labev] t=455559.374 ev.finalize=1.696ms
[labev] t=455559.374 ev.propose=0.002ms
[labev] t=455559.387 ev.verify=12.311ms
[labev] t=455559.388 ev.finalize=1.653ms
[labev] t=455559.388 ev.propose=0.002ms
[labev] t=455559.401 ev.verify=12.375ms
[labev] t=455559.403 ev.finalize=2.303ms
[labev] t=455559.403 ev.propose=0.002ms
[labev] t=455559.416 ev.verify=12.283ms
[labev] t=455559.417 ev.finalize=1.681ms
[labev] t=455559.417 ev.propose=0.002ms
[labev] t=455559.430 ev.verify=12.185ms
[labev] t=455559.431 ev.finalize=1.686ms
[labev] t=455559.431 ev.propose=0.002ms
[labev] t=455559.444 ev.verify=12.250ms
[labev] t=455559.445 ev.finalize=1.667ms
[labev] t=455559.446 ev.propose=0.002ms
[labev] t=455559.458 ev.verify=12.197ms
[labev] t=455559.459 ev.finalize=1.639ms
[labev] t=455559.459 ev.propose=0.002ms
[labev] t=455559.472 ev.verify=12.382ms
[labev] t=455559.474 ev.finalize=1.653ms
[labev] t=455559.474 ev.propose=0.002ms
[labev] t=455559.486 ev.verify=12.174ms
[labev] t=455559.488 ev.finalize=1.663ms
[labev] t=455559.488 ev.propose=0.002ms
[labev] t=455559.500 ev.verify=12.349ms
[labev] t=455559.502 ev.finalize=1.665ms
[labev] t=455559.502 ev.propose=0.002ms
[labev] t=455559.514 ev.verify=12.075ms
[labev] t=455559.516 ev.finalize=1.641ms
[labev] t=455559.516 ev.propose=0.002ms
[labev] t=455559.528 ev.verify=12.236ms
[labev] t=455559.530 ev.finalize=1.676ms
[labev] t=455559.530 ev.propose=0.002ms
[labev] t=455559.542 ev.verify=12.286ms
[labev] t=455559.544 ev.finalize=1.674ms
[labev] t=455559.544 ev.propose=0.002ms
[labev] t=455559.556 ev.verify=12.333ms
[labev] t=455559.558 ev.finalize=1.639ms
[labev] t=455559.558 ev.propose=0.002ms
[labev] t=455559.570 ev.verify=12.118ms
[labev] t=455559.572 ev.finalize=1.655ms
[labev] t=455559.572 ev.propose=0.002ms
[labev] t=455559.584 ev.verify=12.380ms
[labev] t=455559.586 ev.finalize=1.673ms
[labev] t=455559.586 ev.propose=0.002ms
[labev] t=455559.599 ev.verify=12.372ms
[labev] t=455559.600 ev.finalize=1.652ms
[labev] t=455559.600 ev.propose=0.002ms
[labev] t=455559.613 ev.verify=12.244ms
[labev] t=455559.614 ev.finalize=1.658ms
[labev] t=455559.614 ev.propose=0.002ms
[labev] t=455559.627 ev.verify=12.228ms
[labev] t=455559.628 ev.finalize=1.579ms
[labev] t=455559.628 ev.propose=0.002ms
[labev] t=455559.641 ev.verify=12.309ms
[labev] t=455559.643 ev.finalize=2.131ms
[labev] t=455559.643 ev.propose=0.002ms
[labev] t=455559.655 ev.verify=12.235ms
[labev] t=455559.657 ev.finalize=1.565ms
[labev] t=455559.657 ev.propose=0.002ms
[labev] t=455559.669 ev.verify=12.164ms
[labev] t=455559.671 ev.finalize=1.661ms
[labev] t=455559.671 ev.propose=0.002ms
[labev] t=455559.683 ev.verify=12.216ms
[labev] t=455559.685 ev.finalize=1.550ms
[labev] t=455559.685 ev.propose=0.002ms
[labev] t=455559.697 ev.verify=12.089ms
[labev] t=455559.699 ev.finalize=1.547ms
[labev] t=455559.699 ev.propose=0.002ms
[labev] t=455559.711 ev.verify=12.149ms
[labev] t=455559.712 ev.finalize=1.545ms
[labev] t=455559.712 ev.propose=0.002ms
[labev] t=455559.725 ev.verify=12.353ms
[labev] t=455559.727 ev.finalize=1.660ms
[labev] t=455559.727 ev.propose=0.002ms
[labev] t=455559.739 ev.verify=12.235ms
[labev] t=455559.741 ev.finalize=1.656ms
[labev] t=455559.741 ev.propose=0.002ms
[labev] t=455559.753 ev.verify=12.387ms
[labev] t=455559.755 ev.finalize=1.666ms
[labev] t=455559.755 ev.propose=0.002ms
[labev] t=455559.767 ev.verify=12.331ms
[labev] t=455559.769 ev.finalize=1.660ms
[labev] t=455559.769 ev.propose=0.002ms
[labev] t=455559.781 ev.verify=12.399ms
[labev] t=455559.783 ev.finalize=1.658ms
[labev] t=455559.783 ev.propose=0.002ms
[labev] t=455559.795 ev.verify=12.227ms
[labev] t=455559.797 ev.finalize=1.651ms
[labev] t=455559.797 ev.propose=0.002ms
[labev] t=455559.809 ev.verify=12.224ms
[labev] t=455559.811 ev.finalize=1.675ms
[labev] t=455559.811 ev.propose=0.002ms
[labev] t=455559.824 ev.verify=12.334ms
[labev] t=455559.825 ev.finalize=1.704ms
[labev] t=455559.825 ev.propose=0.002ms
[labev] t=455559.838 ev.verify=12.180ms
[labev] t=455559.839 ev.finalize=1.697ms
[labev] t=455559.839 ev.propose=0.002ms
[labev] t=455559.852 ev.verify=12.297ms
[labev] t=455559.854 ev.finalize=1.672ms
[labev] t=455559.854 ev.propose=0.002ms
[labev] t=455559.866 ev.verify=12.054ms
[labev] t=455559.867 ev.finalize=1.683ms
[labev] t=455559.868 ev.propose=0.002ms
[labev] t=455559.880 ev.verify=12.420ms
[labev] t=455559.882 ev.finalize=1.619ms
[labev] t=455559.882 ev.propose=0.002ms
[labev] t=455559.894 ev.verify=12.238ms
[labev] t=455559.896 ev.finalize=2.330ms
[labev] t=455559.896 ev.propose=0.002ms
[labev] t=455559.909 ev.verify=12.210ms
[labev] t=455559.910 ev.finalize=1.681ms
[labev] t=455559.911 ev.propose=0.002ms
[labev] t=455559.923 ev.verify=12.366ms
[labev] t=455559.925 ev.finalize=1.676ms
[labev] t=455559.925 ev.propose=0.002ms
[labev] t=455559.937 ev.verify=12.148ms
[labev] t=455559.939 ev.finalize=1.691ms
[labev] t=455559.939 ev.propose=0.002ms
[labev] t=455559.951 ev.verify=12.242ms
[labev] t=455559.953 ev.finalize=1.671ms
[labev] t=455559.953 ev.propose=0.002ms
[labev] t=455559.965 ev.verify=12.343ms
[labev] t=455559.967 ev.finalize=1.552ms
[labev] t=455559.967 ev.propose=0.002ms
[labev] t=455559.979 ev.verify=12.323ms
[labev] t=455559.981 ev.finalize=1.651ms
[labev] t=455559.981 ev.propose=0.002ms
[labev] t=455559.993 ev.verify=12.295ms
[labev] t=455559.995 ev.finalize=1.647ms
[labev] t=455559.995 ev.propose=0.002ms
[labev] t=455560.007 ev.verify=12.372ms
[labev] t=455560.009 ev.finalize=1.685ms
[labev] t=455560.009 ev.propose=0.002ms
[labev] t=455560.021 ev.verify=12.170ms
[labev] t=455560.023 ev.finalize=1.645ms
[labev] t=455560.023 ev.propose=0.002ms
[labev] t=455560.036 ev.verify=12.403ms
[labev] t=455560.037 ev.finalize=1.680ms
[labev] t=455560.037 ev.propose=0.002ms
[labev] t=455560.050 ev.verify=12.092ms
[labev] t=455560.051 ev.finalize=1.644ms
[labev] t=455560.051 ev.propose=0.002ms
[labev] t=455560.063 ev.verify=12.064ms
[labev] t=455560.065 ev.finalize=1.675ms
[labev] t=455560.065 ev.propose=0.002ms
[labev] t=455560.078 ev.verify=12.313ms
[labev] t=455560.079 ev.finalize=1.580ms
[labev] t=455560.079 ev.propose=0.002ms
[labev] t=455560.091 ev.verify=12.199ms
[labev] t=455560.093 ev.finalize=1.690ms
[labev] t=455560.093 ev.propose=0.002ms
[labev] t=455560.106 ev.verify=12.429ms
[labev] t=455560.107 ev.finalize=1.661ms
[labev] t=455560.108 ev.propose=0.002ms
[labev] t=455560.120 ev.verify=12.277ms
[labev] t=455560.122 ev.finalize=1.662ms
[labev] t=455560.122 ev.propose=0.002ms
[labev] t=455560.134 ev.verify=12.291ms
[labev] t=455560.136 ev.finalize=2.286ms
[labev] t=455560.136 ev.propose=0.002ms
[labev] t=455560.149 ev.verify=12.287ms
[labev] t=455560.150 ev.finalize=1.694ms
[labev] t=455560.150 ev.propose=0.002ms
[labev] t=455560.163 ev.verify=12.267ms
[labev] t=455560.164 ev.finalize=1.639ms
[labev] t=455560.165 ev.propose=0.002ms
[labev] t=455560.177 ev.verify=12.408ms
[labev] t=455560.179 ev.finalize=1.669ms
[labev] t=455560.179 ev.propose=0.002ms
[labev] t=455560.191 ev.verify=12.487ms
[labev] t=455560.193 ev.finalize=1.648ms
[labev] t=455560.193 ev.propose=0.002ms
[labev] t=455560.205 ev.verify=12.233ms
[labev] t=455560.207 ev.finalize=1.689ms
[labev] t=455560.207 ev.propose=0.002ms
[labev] t=455560.219 ev.verify=12.309ms
[labev] t=455560.221 ev.finalize=1.669ms
[labev] t=455560.221 ev.propose=0.002ms
[labev] t=455560.234 ev.verify=12.427ms
[labev] t=455560.235 ev.finalize=1.566ms
[labev] t=455560.235 ev.propose=0.002ms
[labev] t=455560.248 ev.verify=12.317ms
[labev] t=455560.250 ev.finalize=1.668ms
[labev] t=455560.250 ev.propose=0.002ms
[labev] t=455560.262 ev.verify=12.341ms
[labev] t=455560.264 ev.finalize=1.555ms
[labev] t=455560.264 ev.propose=0.002ms
[labev] t=455560.276 ev.verify=12.256ms
[labev] t=455560.278 ev.finalize=1.674ms
[labev] t=455560.278 ev.propose=0.002ms
[labev] t=455560.290 ev.verify=12.313ms
[labev] t=455560.292 ev.finalize=1.566ms
[labev] t=455560.292 ev.propose=0.002ms
[labev] t=455560.304 ev.verify=12.315ms
[labev] t=455560.306 ev.finalize=1.581ms
[labev] t=455560.306 ev.propose=0.002ms
[labev] t=455560.318 ev.verify=12.282ms
[labev] t=455560.320 ev.finalize=1.661ms
[labev] t=455560.320 ev.propose=0.002ms
[labev] t=455560.332 ev.verify=12.342ms
[labev] t=455560.334 ev.finalize=1.652ms
[labev] t=455560.334 ev.propose=0.002ms
[labev] t=455560.346 ev.verify=12.189ms
[labev] t=455560.348 ev.finalize=1.681ms
[labev] t=455560.348 ev.propose=0.002ms
[labev] t=455560.360 ev.verify=12.331ms
[labev] t=455560.362 ev.finalize=1.554ms
[labev] t=455560.362 ev.propose=0.002ms
[labev] t=455560.374 ev.verify=12.176ms
[labev] t=455560.376 ev.finalize=1.667ms
[labev] t=455560.376 ev.propose=0.002ms
[labev] t=455560.388 ev.verify=12.188ms
[labev] t=455560.390 ev.finalize=1.749ms
[labev] t=455560.390 ev.propose=0.002ms
[labev] t=455560.403 ev.verify=12.345ms
[labev] t=455560.405 ev.finalize=2.335ms
[labev] t=455560.405 ev.propose=0.002ms
[labev] t=455560.418 ev.verify=12.496ms
[labev] t=455560.419 ev.finalize=1.687ms
[labev] t=455560.419 ev.propose=0.002ms
[labev] t=455560.432 ev.verify=12.186ms
[labev] t=455560.433 ev.finalize=1.652ms
[labev] t=455560.433 ev.propose=0.002ms
[labev] t=455560.445 ev.verify=12.102ms
[labev] t=455560.447 ev.finalize=1.679ms
[labev] t=455560.447 ev.propose=0.002ms
[labev] t=455560.460 ev.verify=12.476ms
[labev] t=455560.461 ev.finalize=1.651ms
[labev] t=455560.462 ev.propose=0.002ms
[labev] t=455560.474 ev.verify=12.241ms
[labev] t=455560.476 ev.finalize=1.673ms
[labev] t=455560.476 ev.propose=0.002ms
[labev] t=455560.488 ev.verify=12.230ms
[labev] t=455560.490 ev.finalize=1.671ms
[labev] t=455560.490 ev.propose=0.002ms
[labev] t=455560.502 ev.verify=12.110ms
[labev] t=455560.504 ev.finalize=1.693ms
[labev] t=455560.504 ev.propose=0.002ms
[labev] t=455560.516 ev.verify=12.158ms
[labev] t=455560.518 ev.finalize=1.692ms
[labev] t=455560.518 ev.propose=0.002ms
[labev] t=455560.530 ev.verify=12.077ms
[labev] t=455560.531 ev.finalize=1.697ms
[labev] t=455560.532 ev.propose=0.002ms
[labev] t=455560.544 ev.verify=12.343ms
[labev] t=455560.546 ev.finalize=1.651ms
[labev] t=455560.546 ev.propose=0.002ms
[labev] t=455560.558 ev.verify=12.251ms
[labev] t=455560.560 ev.finalize=1.660ms
[labev] t=455560.560 ev.propose=0.002ms
[labev] t=455560.572 ev.verify=12.374ms
[labev] t=455560.574 ev.finalize=1.660ms
[labev] t=455560.574 ev.propose=0.002ms
[labev] t=455560.586 ev.verify=12.274ms
[labev] t=455560.588 ev.finalize=1.675ms
[labev] t=455560.588 ev.propose=0.002ms
[labev] t=455560.601 ev.verify=12.441ms
[labev] t=455560.602 ev.finalize=1.636ms
[labev] t=455560.602 ev.propose=0.002ms
[labev] t=455560.615 ev.verify=12.297ms
[labev] t=455560.617 ev.finalize=1.877ms
[labev] t=455560.617 ev.propose=0.002ms
[labev] t=455560.629 ev.verify=12.250ms
[labev] t=455560.631 ev.finalize=2.345ms
[labev] t=455560.631 ev.propose=0.002ms
[labev] t=455560.644 ev.verify=12.379ms
[labev] t=455560.646 ev.finalize=1.685ms
[labev] t=455560.646 ev.propose=0.002ms
[labev] t=455560.658 ev.verify=12.207ms
[labev] t=455560.660 ev.finalize=1.652ms
[labev] t=455560.660 ev.propose=0.002ms
[labev] t=455560.672 ev.verify=12.408ms
[labev] t=455560.674 ev.finalize=1.672ms
[labev] t=455560.674 ev.propose=0.002ms
[labprof] d0.performDecode.call=135.410ms/n32 f0.finalize.total=1.686ms/n479 f1.finalize.build=0.471ms/n479 f2.finalize.eval=1.157ms/n479 fc.finalize.call=1.690ms/n479 o1.ord.build=1.152ms/n511 o2.ord.eval=7.301ms/n511 p0.propose=0.002ms/n480 r0.round.interval=14.096ms/n478 s1.native.prefill.target=63.044ms/n10 s1.ord.prefill.target=40.541ms/n8 s2.native.prefill.drafter+eval=219.400ms/n10 s2.ord.prefill.eval=231.136ms/n8 s9.native.prefill.chunk.total=281.965ms/n11 s9.ord.prefill.chunk.total=271.714ms/n8 v0.verify.call=12.261ms/n479 v1.verify.build=1.605ms/n480 v2.verify.eval=10.549ms/n480
[labev] t=455560.686 ev.verify=12.407ms
[labev] t=455560.688 ev.finalize=1.581ms
[labev] t=455560.688 ev.propose=0.002ms
[labev] t=455560.700 ev.verify=12.381ms
[labev] t=455560.702 ev.finalize=1.637ms
[labev] t=455560.702 ev.propose=0.002ms
[labev] t=455560.714 ev.verify=12.256ms
[labev] t=455560.716 ev.finalize=1.697ms
[labev] t=455560.716 ev.propose=0.002ms
[labev] t=455560.729 ev.verify=12.378ms
[labev] t=455560.730 ev.finalize=1.682ms
[labev] t=455560.731 ev.propose=0.002ms
[labev] t=455560.743 ev.verify=12.304ms
[labev] t=455560.745 ev.finalize=1.674ms
[labev] t=455560.745 ev.propose=0.002ms
[labev] t=455560.757 ev.verify=12.240ms
[labev] t=455560.759 ev.finalize=1.617ms
[labev] t=455560.759 ev.propose=0.002ms
[labev] t=455560.771 ev.verify=12.102ms
[labev] t=455560.772 ev.finalize=1.640ms
[labev] t=455560.773 ev.propose=0.002ms
[labev] t=455560.785 ev.verify=12.239ms
[labev] t=455560.787 ev.finalize=1.679ms
[labev] t=455560.787 ev.propose=0.002ms
[labev] t=455560.799 ev.verify=12.270ms
[labev] t=455560.801 ev.finalize=1.663ms
[labev] t=455560.801 ev.propose=0.002ms
[labev] t=455560.813 ev.verify=12.447ms
[labev] t=455560.815 ev.finalize=1.657ms
[labev] t=455560.815 ev.propose=0.002ms
[labev] t=455560.827 ev.verify=12.399ms
[labev] t=455560.829 ev.finalize=1.687ms
[labev] t=455560.829 ev.propose=0.002ms
[labev] t=455560.841 ev.verify=12.264ms
[labev] t=455560.843 ev.finalize=1.811ms
[labev] t=455560.843 ev.propose=0.002ms
[labev] t=455560.856 ev.verify=12.337ms
[labev] t=455560.857 ev.finalize=1.567ms
[labev] t=455560.857 ev.propose=0.002ms
[labev] t=455560.870 ev.verify=12.334ms
[labev] t=455560.872 ev.finalize=2.218ms
[labev] t=455560.872 ev.propose=0.002ms
[labev] t=455560.885 ev.verify=12.365ms
[labev] t=455560.886 ev.finalize=1.695ms
[labev] t=455560.886 ev.propose=0.002ms
[labev] t=455560.899 ev.verify=12.502ms
[labev] t=455560.901 ev.finalize=1.666ms
[labev] t=455560.901 ev.propose=0.002ms
[labev] t=455560.913 ev.verify=12.283ms
[labev] t=455560.915 ev.finalize=1.681ms
[labev] t=455560.915 ev.propose=0.002ms
[labev] t=455560.927 ev.verify=12.301ms
[labev] t=455560.929 ev.finalize=1.665ms
[labev] t=455560.929 ev.propose=0.002ms
[labev] t=455560.941 ev.verify=12.330ms
[labev] t=455560.943 ev.finalize=1.692ms
[labev] t=455560.943 ev.propose=0.002ms
[labev] t=455560.955 ev.verify=12.274ms
[labev] t=455560.957 ev.finalize=1.668ms
[labev] t=455560.957 ev.propose=0.002ms
[labev] t=455560.970 ev.verify=12.388ms
[labev] t=455560.971 ev.finalize=1.696ms
[labev] t=455560.971 ev.propose=0.002ms
[labev] t=455560.984 ev.verify=12.547ms
[labev] t=455560.986 ev.finalize=1.661ms
[labev] t=455560.986 ev.propose=0.002ms
[labev] t=455560.998 ev.verify=12.313ms
[labev] t=455561.000 ev.finalize=1.639ms
[labev] t=455561.000 ev.propose=0.002ms
[labev] t=455561.012 ev.verify=12.431ms
[labev] t=455561.014 ev.finalize=1.678ms
[labev] t=455561.014 ev.propose=0.002ms
[labev] t=455561.026 ev.verify=12.172ms
[labev] t=455561.028 ev.finalize=1.731ms
[labev] t=455561.028 ev.propose=0.002ms
[labev] t=455561.041 ev.verify=12.410ms
[labev] t=455561.042 ev.finalize=1.756ms
[labev] t=455561.043 ev.propose=0.002ms
[labev] t=455561.055 ev.verify=12.323ms
[labev] t=455561.057 ev.finalize=1.711ms
[labev] t=455561.057 ev.propose=0.002ms
[labev] t=455561.069 ev.verify=12.183ms
[labev] t=455561.071 ev.finalize=1.681ms
[labev] t=455561.071 ev.propose=0.002ms
[labev] t=455561.083 ev.verify=12.433ms
[labev] t=455561.085 ev.finalize=1.665ms
[labev] t=455561.085 ev.propose=0.002ms
[labev] t=455561.097 ev.verify=12.299ms
[labev] t=455561.100 ev.finalize=2.341ms
[labev] t=455561.100 ev.propose=0.002ms
[labev] t=455561.112 ev.verify=12.381ms
[labev] t=455561.114 ev.finalize=1.698ms
[labev] t=455561.114 ev.propose=0.002ms
[labev] t=455561.126 ev.verify=12.288ms
[labev] t=455561.128 ev.finalize=1.711ms
[labev] t=455561.128 ev.propose=0.002ms
[labev] t=455561.140 ev.verify=12.220ms
[labev] t=455561.142 ev.finalize=1.566ms
[labev] t=455561.142 ev.propose=0.002ms
[labev] t=455561.154 ev.verify=12.062ms
[labev] t=455561.156 ev.finalize=1.673ms
[labev] t=455561.156 ev.propose=0.002ms
[labev] t=455561.168 ev.verify=12.231ms
[labev] t=455561.170 ev.finalize=1.718ms
[labev] t=455561.170 ev.propose=0.002ms
[labev] t=455561.182 ev.verify=12.250ms
[labev] t=455561.184 ev.finalize=1.579ms
[labev] t=455561.184 ev.propose=0.002ms
[labev] t=455561.196 ev.verify=12.251ms
[labev] t=455561.198 ev.finalize=1.727ms
[labev] t=455561.198 ev.propose=0.002ms
[labev] t=455561.210 ev.verify=12.247ms
[labev] t=455561.212 ev.finalize=1.645ms
[labev] t=455561.212 ev.propose=0.002ms
[labev] t=455561.225 ev.verify=12.430ms
[labev] t=455561.226 ev.finalize=1.684ms
[labev] t=455561.227 ev.propose=0.002ms
[labev] t=455561.239 ev.verify=12.393ms
[labev] t=455561.241 ev.finalize=1.684ms
[labev] t=455561.241 ev.propose=0.002ms
[labev] t=455561.253 ev.verify=12.285ms
[labev] t=455561.255 ev.finalize=1.686ms
[labev] t=455561.255 ev.propose=0.002ms
[labev] t=455561.267 ev.verify=12.199ms
[labev] t=455561.269 ev.finalize=1.574ms
[labev] t=455561.269 ev.propose=0.002ms
[labev] t=455561.281 ev.verify=12.327ms
[labev] t=455561.283 ev.finalize=1.674ms
[labev] t=455561.283 ev.propose=0.002ms
[labev] t=455561.295 ev.verify=12.165ms
[labev] t=455561.297 ev.finalize=1.683ms
[labev] t=455561.297 ev.propose=0.002ms
[labev] t=455561.309 ev.verify=12.483ms
[labev] t=455561.311 ev.finalize=1.707ms
[labev] t=455561.311 ev.propose=0.002ms
[labev] t=455561.324 ev.verify=12.367ms
[labev] t=455561.325 ev.finalize=1.650ms
[labev] t=455561.326 ev.propose=0.002ms
[labev] t=455561.338 ev.verify=12.288ms
[labev] t=455561.340 ev.finalize=2.344ms
[labev] t=455561.340 ev.propose=0.002ms
[labev] t=455561.353 ev.verify=12.414ms
[labev] t=455561.354 ev.finalize=1.699ms
[labev] t=455561.355 ev.propose=0.002ms
[labev] t=455561.367 ev.verify=12.355ms
[labev] t=455561.369 ev.finalize=1.688ms
[labev] t=455561.369 ev.propose=0.002ms
[labev] t=455561.381 ev.verify=12.421ms
[labev] t=455561.383 ev.finalize=1.588ms
[labev] t=455561.383 ev.propose=0.002ms
[labev] t=455561.395 ev.verify=12.374ms
[labev] t=455561.397 ev.finalize=1.683ms
[labev] t=455561.397 ev.propose=0.002ms
[labev] t=455561.409 ev.verify=12.241ms
[labev] t=455561.411 ev.finalize=1.688ms
[labev] t=455561.411 ev.propose=0.002ms
[labev] t=455561.424 ev.verify=12.454ms
[labev] t=455561.425 ev.finalize=1.739ms
[labev] t=455561.426 ev.propose=0.002ms
[labev] t=455561.438 ev.verify=12.433ms
[labev] t=455561.440 ev.finalize=1.702ms
[labev] t=455561.440 ev.propose=0.002ms
[labev] t=455561.452 ev.verify=12.194ms
[labev] t=455561.454 ev.finalize=1.683ms
[labev] t=455561.454 ev.propose=0.002ms
[labev] t=455561.466 ev.verify=12.169ms
[labev] t=455561.468 ev.finalize=1.724ms
[labev] t=455561.468 ev.propose=0.002ms
[labev] t=455561.480 ev.verify=12.167ms
[labev] t=455561.482 ev.finalize=1.710ms
[labev] t=455561.482 ev.propose=0.002ms
[labev] t=455561.494 ev.verify=12.371ms
[labev] t=455561.496 ev.finalize=1.686ms
[labev] t=455561.496 ev.propose=0.002ms
[labev] t=455561.509 ev.verify=12.414ms
[labev] t=455561.510 ev.finalize=1.692ms
[labev] t=455561.510 ev.propose=0.002ms
[labev] t=455561.523 ev.verify=12.312ms
[labev] t=455561.524 ev.finalize=1.704ms
[labev] t=455561.525 ev.propose=0.002ms
[labev] t=455561.537 ev.verify=12.306ms
[labev] t=455561.539 ev.finalize=1.585ms
[labev] t=455561.539 ev.propose=0.002ms
[labev] t=455561.551 ev.verify=12.331ms
[labev] t=455561.553 ev.finalize=1.541ms
[labev] t=455561.553 ev.propose=0.002ms
[labev] t=455561.565 ev.verify=12.491ms
[labev] t=455561.567 ev.finalize=1.669ms
[labev] t=455561.567 ev.propose=0.002ms
[labev] t=455561.579 ev.verify=12.391ms
[labev] t=455561.581 ev.finalize=1.695ms
[labev] t=455561.581 ev.propose=0.002ms
[labev] t=455561.594 ev.verify=12.407ms
[labev] t=455561.596 ev.finalize=2.225ms
[labev] t=455561.596 ev.propose=0.002ms
[labev] t=455561.608 ev.verify=12.425ms
[labev] t=455561.610 ev.finalize=1.711ms
[labev] t=455561.610 ev.propose=0.002ms
[labev] t=455561.623 ev.verify=12.426ms
[labev] t=455561.624 ev.finalize=1.552ms
[labev] t=455561.624 ev.propose=0.002ms
[labev] t=455561.637 ev.verify=12.548ms
[labev] t=455561.639 ev.finalize=1.667ms
[labev] t=455561.639 ev.propose=0.002ms
[labev] t=455561.651 ev.verify=12.151ms
[labev] t=455561.653 ev.finalize=1.667ms
[labev] t=455561.653 ev.propose=0.002ms
[labev] t=455561.665 ev.verify=12.465ms
[labev] t=455561.667 ev.finalize=1.660ms
[labev] t=455561.667 ev.propose=0.002ms
[labev] t=455561.679 ev.verify=12.321ms
[labev] t=455561.681 ev.finalize=1.570ms
[labev] t=455561.681 ev.propose=0.002ms
[labev] t=455561.693 ev.verify=12.302ms
[labev] t=455561.695 ev.finalize=1.688ms
[labev] t=455561.695 ev.propose=0.002ms
[labev] t=455561.710 ev.verify=15.077ms
[labev] t=455561.712 ev.finalize=1.520ms
[labev] t=455565.578 req.start s1-p4096-o512-b1-r0=0.001ms
[labev] t=455565.578 req.handle=0.110ms
[labev] t=455565.600 tok.prepare=22.189ms
event=batching_admitted action=scheduler_admitted
[labev] t=455565.878 chunk.ord.total=277.068ms
[labev] t=455566.132 chunk.ord.total=254.214ms
[labev] t=455566.388 chunk.ord.total=255.724ms
[labev] t=455566.646 chunk.ord.total=257.707ms
[labev] t=455566.907 chunk.ord.total=261.523ms
[labev] t=455567.171 chunk.ord.total=263.694ms
[labev] t=455567.438 chunk.ord.total=267.254ms
[labev] t=455567.745 chunk.ord.total=307.105ms
[labev] t=455567.745 req.firsttoken s1-p4096-o512-b1-r0=2167.766ms
[labev] t=455567.882 ev.decode.rows1.cap0=136.778ms
[labev] t=455568.017 ev.decode.rows1.cap0=135.078ms
[labev] t=455568.152 ev.decode.rows1.cap0=134.478ms
[labev] t=455568.287 ev.decode.rows1.cap0=134.594ms
[labev] t=455568.421 ev.decode.rows1.cap0=134.435ms
[labev] t=455568.556 ev.decode.rows1.cap0=134.558ms
[labev] t=455568.690 ev.decode.rows1.cap0=134.406ms
[labev] t=455568.826 ev.decode.rows1.cap0=135.101ms
[labev] t=455568.960 ev.decode.rows1.cap0=134.781ms
[labev] t=455569.095 ev.decode.rows1.cap0=134.462ms
[labev] t=455569.230 ev.decode.rows1.cap0=134.603ms
[labev] t=455569.365 ev.decode.rows1.cap0=134.770ms
[labev] t=455569.499 ev.decode.rows1.cap0=134.829ms
[labev] t=455569.635 ev.decode.rows1.cap0=134.934ms
[labev] t=455569.781 ev.decode.rows1.cap0=146.540ms
[labev] t=455569.922 ev.decode.rows1.cap0=141.040ms
[labev] t=455570.058 ev.decode.rows1.cap0=135.772ms
[labev] t=455570.194 ev.decode.rows1.cap0=135.276ms
[labev] t=455570.329 ev.decode.rows1.cap0=134.931ms
[labev] t=455570.464 ev.decode.rows1.cap0=134.982ms
[labev] t=455570.599 ev.decode.rows1.cap0=135.023ms
[labev] t=455570.734 ev.decode.rows1.cap0=135.152ms
[labev] t=455570.869 ev.decode.rows1.cap0=135.269ms
[labev] t=455571.007 ev.decode.rows1.cap0=137.355ms
[labev] t=455571.143 ev.decode.rows1.cap0=135.486ms
[labev] t=455571.278 ev.decode.rows1.cap0=135.290ms
[labev] t=455571.413 ev.decode.rows1.cap0=135.310ms
[labev] t=455571.549 ev.decode.rows1.cap0=135.898ms
[labev] t=455571.685 ev.decode.rows1.cap0=135.088ms
[labev] t=455571.820 ev.decode.rows1.cap0=135.303ms
[labev] t=455571.956 ev.decode.rows1.cap0=135.609ms
[labev] t=455572.083 ev.decode.rows1.cap0=127.035ms
[labev] t=455572.084 req.start s1-p4096-o512-b1-r0=0.000ms
[labev] t=455572.084 req.handle=0.021ms
[labev] t=455572.106 tok.prepare=22.496ms
event=batching_admitted action=scheduler_admitted
[labev] t=455572.373 chunk.native.total=266.212ms
[labev] t=455572.639 chunk.native.total=265.863ms
[labev] t=455572.908 chunk.native.total=269.503ms
[labev] t=455573.181 chunk.native.total=272.077ms
[labev] t=455573.457 chunk.native.total=276.245ms
[labev] t=455573.736 chunk.native.total=278.671ms
[labev] t=455574.018 chunk.native.total=282.181ms
[labev] t=455574.334 chunk.native.total=316.274ms
[labev] t=455574.334 req.firsttoken s1-p4096-o512-b1-r0=2250.464ms
[labev] t=455574.334 ev.propose=0.003ms
[labev] t=455574.347 ev.verify=12.226ms
[labev] t=455574.348 ev.finalize=1.664ms
[labev] t=455574.348 ev.propose=0.075ms
[labev] t=455574.361 ev.verify=12.420ms
[labev] t=455574.363 ev.finalize=1.646ms
[labev] t=455574.363 ev.propose=0.052ms
[labev] t=455574.375 ev.verify=12.212ms
[labev] t=455574.377 ev.finalize=1.629ms
[labev] t=455574.377 ev.propose=0.034ms
[labev] t=455574.389 ev.verify=12.095ms
[labev] t=455574.391 ev.finalize=1.657ms
[labev] t=455574.391 ev.propose=0.050ms
[labev] t=455574.403 ev.verify=12.162ms
[labev] t=455574.405 ev.finalize=1.643ms
[labev] t=455574.405 ev.propose=0.049ms
[labev] t=455574.417 ev.verify=12.189ms
[labev] t=455574.419 ev.finalize=1.650ms
[labev] t=455574.419 ev.propose=0.060ms
[labev] t=455574.431 ev.verify=12.271ms
[labev] t=455574.433 ev.finalize=1.632ms
[labev] t=455574.433 ev.propose=0.043ms
[labev] t=455574.445 ev.verify=12.236ms
[labev] t=455574.447 ev.finalize=1.631ms
[labev] t=455574.447 ev.propose=0.050ms
[labev] t=455574.459 ev.verify=11.991ms
[labev] t=455574.461 ev.finalize=2.249ms
[labev] t=455574.461 ev.propose=0.045ms
[labev] t=455574.474 ev.verify=12.365ms
[labev] t=455574.476 ev.finalize=1.640ms
[labev] t=455574.476 ev.propose=0.065ms
[labev] t=455574.488 ev.verify=12.152ms
[labev] t=455574.490 ev.finalize=1.643ms
[labev] t=455574.490 ev.propose=0.053ms
[labev] t=455574.502 ev.verify=12.167ms
[labev] t=455574.504 ev.finalize=1.559ms
[labev] t=455574.504 ev.propose=0.059ms
[labev] t=455574.516 ev.verify=12.114ms
[labev] t=455574.517 ev.finalize=1.530ms
[labev] t=455574.518 ev.propose=0.061ms
[labev] t=455574.530 ev.verify=12.194ms
[labev] t=455574.531 ev.finalize=1.643ms
[labev] t=455574.532 ev.propose=0.002ms
[labev] t=455574.544 ev.verify=12.304ms
[labev] t=455574.545 ev.finalize=1.551ms
[labev] t=455574.546 ev.propose=0.049ms
[labev] t=455574.558 ev.verify=12.174ms
[labev] t=455574.559 ev.finalize=1.641ms
[labev] t=455574.560 ev.propose=0.060ms
[labev] t=455574.572 ev.verify=12.359ms
[labev] t=455574.574 ev.finalize=1.638ms
[labev] t=455574.574 ev.propose=0.058ms
[labev] t=455574.586 ev.verify=12.086ms
[labev] t=455574.588 ev.finalize=1.623ms
[labev] t=455574.588 ev.propose=0.003ms
[labev] t=455574.600 ev.verify=12.097ms
[labev] t=455574.602 ev.finalize=1.654ms
[labev] t=455574.602 ev.propose=0.052ms
[labev] t=455574.614 ev.verify=12.220ms
[labev] t=455574.616 ev.finalize=1.631ms
[labev] t=455574.616 ev.propose=0.068ms
[labev] t=455574.628 ev.verify=12.103ms
[labev] t=455574.630 ev.finalize=1.677ms
[labev] t=455574.630 ev.propose=0.002ms
[labev] t=455574.642 ev.verify=12.273ms
[labev] t=455574.644 ev.finalize=1.644ms
[labev] t=455574.644 ev.propose=0.002ms
[labev] t=455574.656 ev.verify=12.253ms
[labev] t=455574.658 ev.finalize=1.634ms
[labev] t=455574.658 ev.propose=0.002ms
[labev] t=455574.670 ev.verify=12.196ms
[labev] t=455574.672 ev.finalize=1.670ms
[labev] t=455574.672 ev.propose=0.058ms
[labev] t=455574.684 ev.verify=12.161ms
[labev] t=455574.686 ev.finalize=1.647ms
[labev] t=455574.686 ev.propose=0.002ms
[labev] t=455574.698 ev.verify=12.246ms
[labev] t=455574.700 ev.finalize=2.239ms
[labev] t=455574.701 ev.propose=0.002ms
[labev] t=455574.713 ev.verify=12.252ms
[labev] t=455574.714 ev.finalize=1.627ms
[labev] t=455574.715 ev.propose=0.002ms
[labev] t=455574.727 ev.verify=12.174ms
[labev] t=455574.728 ev.finalize=1.595ms
[labev] t=455574.728 ev.propose=0.002ms
[labev] t=455574.741 ev.verify=12.234ms
[labev] t=455574.742 ev.finalize=1.646ms
[labev] t=455574.743 ev.propose=0.002ms
[labev] t=455574.755 ev.verify=12.200ms
[labev] t=455574.756 ev.finalize=1.608ms
[labev] t=455574.757 ev.propose=0.002ms
[labev] t=455574.769 ev.verify=12.168ms
[labev] t=455574.770 ev.finalize=1.685ms
[labev] t=455574.771 ev.propose=0.002ms
[labev] t=455574.783 ev.verify=12.139ms
[labev] t=455574.784 ev.finalize=1.621ms
[labev] t=455574.784 ev.propose=0.002ms
[labev] t=455574.797 ev.verify=12.111ms
[labev] t=455574.798 ev.finalize=1.644ms
[labev] t=455574.798 ev.propose=0.002ms
[labev] t=455574.811 ev.verify=12.264ms
[labev] t=455574.812 ev.finalize=1.648ms
[labev] t=455574.812 ev.propose=0.002ms
[labev] t=455574.825 ev.verify=12.115ms
[labev] t=455574.826 ev.finalize=1.662ms
[labev] t=455574.826 ev.propose=0.002ms
[labev] t=455574.839 ev.verify=12.248ms
[labev] t=455574.840 ev.finalize=1.647ms
[labev] t=455574.840 ev.propose=0.002ms
[labev] t=455574.853 ev.verify=12.450ms
[labev] t=455574.855 ev.finalize=1.635ms
[labev] t=455574.855 ev.propose=0.002ms
[labev] t=455574.867 ev.verify=12.330ms
[labev] t=455574.869 ev.finalize=1.618ms
[labev] t=455574.869 ev.propose=0.002ms
[labev] t=455574.881 ev.verify=12.156ms
[labev] t=455574.883 ev.finalize=1.662ms
[labev] t=455574.883 ev.propose=0.002ms
[labev] t=455574.895 ev.verify=12.086ms
[labev] t=455574.897 ev.finalize=1.680ms
[labev] t=455574.897 ev.propose=0.002ms
[labev] t=455574.909 ev.verify=12.165ms
[labev] t=455574.911 ev.finalize=1.625ms
[labev] t=455574.911 ev.propose=0.002ms
[labev] t=455574.923 ev.verify=12.263ms
[labev] t=455574.925 ev.finalize=2.278ms
[labev] t=455574.925 ev.propose=0.002ms
[labev] t=455574.938 ev.verify=12.359ms
[labev] t=455574.939 ev.finalize=1.651ms
[labev] t=455574.940 ev.propose=0.002ms
[labev] t=455574.952 ev.verify=12.212ms
[labev] t=455574.953 ev.finalize=1.665ms
[labev] t=455574.954 ev.propose=0.002ms
[labev] t=455574.966 ev.verify=11.978ms
[labev] t=455574.967 ev.finalize=1.673ms
[labev] t=455574.967 ev.propose=0.002ms
[labev] t=455574.979 ev.verify=12.054ms
[labev] t=455574.981 ev.finalize=1.603ms
[labev] t=455574.981 ev.propose=0.002ms
[labev] t=455574.993 ev.verify=12.234ms
[labev] t=455574.995 ev.finalize=1.741ms
[labev] t=455574.995 ev.propose=0.002ms
[labev] t=455575.007 ev.verify=12.105ms
[labev] t=455575.009 ev.finalize=1.718ms
[labev] t=455575.009 ev.propose=0.002ms
[labev] t=455575.022 ev.verify=12.277ms
[labev] t=455575.023 ev.finalize=1.709ms
[labev] t=455575.023 ev.propose=0.002ms
[labev] t=455575.036 ev.verify=12.155ms
[labev] t=455575.037 ev.finalize=1.730ms
[labev] t=455575.037 ev.propose=0.001ms
[labev] t=455575.050 ev.verify=12.187ms
[labev] t=455575.051 ev.finalize=1.647ms
[labev] t=455575.051 ev.propose=0.002ms
[labev] t=455575.063 ev.verify=12.121ms
[labev] t=455575.065 ev.finalize=1.643ms
[labev] t=455575.065 ev.propose=0.002ms
[labev] t=455575.077 ev.verify=12.101ms
[labev] t=455575.079 ev.finalize=1.622ms
[labev] t=455575.079 ev.propose=0.002ms
[labev] t=455575.091 ev.verify=12.194ms
[labev] t=455575.093 ev.finalize=1.651ms
[labev] t=455575.093 ev.propose=0.002ms
[labev] t=455575.105 ev.verify=12.202ms
[labev] t=455575.107 ev.finalize=1.614ms
[labev] t=455575.107 ev.propose=0.002ms
[labev] t=455575.119 ev.verify=12.111ms
[labev] t=455575.121 ev.finalize=1.630ms
[labev] t=455575.121 ev.propose=0.002ms
[labev] t=455575.133 ev.verify=12.211ms
[labev] t=455575.135 ev.finalize=1.623ms
[labev] t=455575.135 ev.propose=0.002ms
[labev] t=455575.147 ev.verify=12.259ms
[labev] t=455575.150 ev.finalize=2.276ms
[labev] t=455575.150 ev.propose=0.002ms
[labev] t=455575.162 ev.verify=12.231ms
[labev] t=455575.164 ev.finalize=1.666ms
[labev] t=455575.164 ev.propose=0.002ms
[labev] t=455575.176 ev.verify=12.190ms
[labev] t=455575.178 ev.finalize=1.627ms
[labev] t=455575.178 ev.propose=0.002ms
[labev] t=455575.190 ev.verify=12.420ms
[labev] t=455575.192 ev.finalize=1.652ms
[labev] t=455575.192 ev.propose=0.002ms
[labev] t=455575.204 ev.verify=12.007ms
[labev] t=455575.206 ev.finalize=1.684ms
[labev] t=455575.206 ev.propose=0.002ms
[labev] t=455575.218 ev.verify=12.359ms
[labev] t=455575.220 ev.finalize=1.646ms
[labev] t=455575.220 ev.propose=0.002ms
[labev] t=455575.232 ev.verify=12.136ms
[labev] t=455575.234 ev.finalize=1.643ms
[labev] t=455575.234 ev.propose=0.002ms
[labev] t=455575.246 ev.verify=12.234ms
[labev] t=455575.248 ev.finalize=1.665ms
[labev] t=455575.248 ev.propose=0.002ms
[labev] t=455575.260 ev.verify=12.004ms
[labev] t=455575.262 ev.finalize=1.700ms
[labev] t=455575.262 ev.propose=0.002ms
[labev] t=455575.274 ev.verify=12.269ms
[labev] t=455575.276 ev.finalize=1.666ms
[labev] t=455575.276 ev.propose=0.002ms
[labev] t=455575.288 ev.verify=12.273ms
[labev] t=455575.290 ev.finalize=1.652ms
[labev] t=455575.290 ev.propose=0.002ms
[labev] t=455575.302 ev.verify=12.200ms
[labev] t=455575.304 ev.finalize=1.677ms
[labev] t=455575.304 ev.propose=0.002ms
[labev] t=455575.316 ev.verify=12.307ms
[labev] t=455575.318 ev.finalize=1.668ms
[labev] t=455575.318 ev.propose=0.002ms
[labev] t=455575.330 ev.verify=12.091ms
[labev] t=455575.332 ev.finalize=1.639ms
[labev] t=455575.332 ev.propose=0.002ms
[labev] t=455575.344 ev.verify=12.118ms
[labev] t=455575.346 ev.finalize=1.662ms
[labev] t=455575.346 ev.propose=0.002ms
[labev] t=455575.358 ev.verify=12.142ms
[labev] t=455575.360 ev.finalize=1.644ms
[labev] t=455575.360 ev.propose=0.002ms
[labev] t=455575.372 ev.verify=12.268ms
[labev] t=455575.374 ev.finalize=2.260ms
[labev] t=455575.375 ev.propose=0.002ms
[labev] t=455575.387 ev.verify=12.422ms
[labev] t=455575.389 ev.finalize=1.623ms
[labev] t=455575.389 ev.propose=0.002ms
[labev] t=455575.401 ev.verify=12.326ms
[labev] t=455575.403 ev.finalize=1.790ms
[labev] t=455575.403 ev.propose=0.002ms
[labev] t=455575.415 ev.verify=12.420ms
[labev] t=455575.417 ev.finalize=1.663ms
[labev] t=455575.417 ev.propose=0.002ms
[labev] t=455575.429 ev.verify=12.209ms
[labev] t=455575.431 ev.finalize=1.635ms
[labev] t=455575.431 ev.propose=0.002ms
[labev] t=455575.444 ev.verify=12.380ms
[labev] t=455575.445 ev.finalize=1.650ms
[labev] t=455575.445 ev.propose=0.002ms
[labev] t=455575.458 ev.verify=12.230ms
[labev] t=455575.459 ev.finalize=1.663ms
[labev] t=455575.460 ev.propose=0.002ms
[labev] t=455575.472 ev.verify=12.327ms
[labev] t=455575.474 ev.finalize=1.653ms
[labev] t=455575.474 ev.propose=0.001ms
[labev] t=455575.486 ev.verify=12.231ms
[labev] t=455575.488 ev.finalize=1.640ms
[labev] t=455575.488 ev.propose=0.002ms
[labev] t=455575.500 ev.verify=12.271ms
[labev] t=455575.502 ev.finalize=1.652ms
[labev] t=455575.502 ev.propose=0.002ms
[labev] t=455575.514 ev.verify=12.324ms
[labev] t=455575.516 ev.finalize=1.628ms
[labev] t=455575.516 ev.propose=0.002ms
[labev] t=455575.528 ev.verify=12.231ms
[labev] t=455575.530 ev.finalize=1.643ms
[labev] t=455575.530 ev.propose=0.002ms
[labev] t=455575.542 ev.verify=12.164ms
[labev] t=455575.544 ev.finalize=1.540ms
[labev] t=455575.544 ev.propose=0.002ms
[labev] t=455575.556 ev.verify=12.251ms
[labev] t=455575.558 ev.finalize=1.580ms
[labev] t=455575.558 ev.propose=0.002ms
[labev] t=455575.570 ev.verify=12.409ms
[labev] t=455575.572 ev.finalize=1.517ms
[labev] t=455575.572 ev.propose=0.002ms
[labev] t=455575.584 ev.verify=12.205ms
[labev] t=455575.586 ev.finalize=1.633ms
[labev] t=455575.586 ev.propose=0.002ms
[labev] t=455575.598 ev.verify=12.091ms
[labev] t=455575.600 ev.finalize=1.634ms
[labev] t=455575.600 ev.propose=0.002ms
[labev] t=455575.612 ev.verify=12.376ms
[labev] t=455575.614 ev.finalize=1.668ms
[labev] t=455575.614 ev.propose=0.002ms
[labev] t=455575.626 ev.verify=12.281ms
[labev] t=455575.629 ev.finalize=2.268ms
[labev] t=455575.629 ev.propose=0.002ms
[labev] t=455575.641 ev.verify=12.244ms
[labev] t=455575.642 ev.finalize=1.570ms
[labev] t=455575.643 ev.propose=0.002ms
[labev] t=455575.655 ev.verify=12.340ms
[labev] t=455575.657 ev.finalize=1.656ms
[labev] t=455575.657 ev.propose=0.002ms
[labev] t=455575.669 ev.verify=12.332ms
[labev] t=455575.671 ev.finalize=1.534ms
[labev] t=455575.671 ev.propose=0.002ms
[labev] t=455575.683 ev.verify=12.192ms
[labev] t=455575.685 ev.finalize=1.660ms
[labev] t=455575.685 ev.propose=0.001ms
[labev] t=455575.697 ev.verify=12.119ms
[labev] t=455575.699 ev.finalize=1.667ms
[labev] t=455575.699 ev.propose=0.002ms
[labev] t=455575.711 ev.verify=12.243ms
[labev] t=455575.713 ev.finalize=1.672ms
[labev] t=455575.713 ev.propose=0.002ms
[labev] t=455575.725 ev.verify=12.125ms
[labev] t=455575.727 ev.finalize=1.655ms
[labev] t=455575.727 ev.propose=0.002ms
[labev] t=455575.739 ev.verify=12.263ms
[labev] t=455575.741 ev.finalize=1.637ms
[labev] t=455575.741 ev.propose=0.002ms
[labev] t=455575.753 ev.verify=12.276ms
[labev] t=455575.755 ev.finalize=1.652ms
[labev] t=455575.755 ev.propose=0.002ms
[labev] t=455575.767 ev.verify=12.285ms
[labev] t=455575.769 ev.finalize=1.603ms
[labev] t=455575.769 ev.propose=0.002ms
[labev] t=455575.781 ev.verify=12.337ms
[labev] t=455575.783 ev.finalize=1.639ms
[labev] t=455575.783 ev.propose=0.002ms
[labev] t=455575.795 ev.verify=12.246ms
[labev] t=455575.797 ev.finalize=1.644ms
[labev] t=455575.797 ev.propose=0.002ms
[labev] t=455575.809 ev.verify=12.188ms
[labev] t=455575.811 ev.finalize=1.685ms
[labev] t=455575.811 ev.propose=0.002ms
[labev] t=455575.823 ev.verify=12.356ms
[labev] t=455575.825 ev.finalize=1.637ms
[labev] t=455575.825 ev.propose=0.002ms
[labev] t=455575.837 ev.verify=12.187ms
[labev] t=455575.839 ev.finalize=1.623ms
[labev] t=455575.839 ev.propose=0.002ms
[labev] t=455575.851 ev.verify=12.088ms
[labev] t=455575.853 ev.finalize=1.647ms
[labev] t=455575.853 ev.propose=0.002ms
[labev] t=455575.865 ev.verify=12.270ms
[labev] t=455575.868 ev.finalize=2.294ms
[labev] t=455575.868 ev.propose=0.002ms
[labev] t=455575.880 ev.verify=12.329ms
[labev] t=455575.882 ev.finalize=1.624ms
[labev] t=455575.882 ev.propose=0.002ms
[labev] t=455575.894 ev.verify=12.412ms
[labev] t=455575.896 ev.finalize=1.884ms
[labev] t=455575.896 ev.propose=0.002ms
[labev] t=455575.909 ev.verify=12.126ms
[labev] t=455575.910 ev.finalize=1.629ms
[labev] t=455575.910 ev.propose=0.002ms
[labev] t=455575.922 ev.verify=12.091ms
[labev] t=455575.924 ev.finalize=1.651ms
[labev] t=455575.924 ev.propose=0.002ms
[labev] t=455575.937 ev.verify=12.332ms
[labev] t=455575.938 ev.finalize=1.660ms
[labev] t=455575.938 ev.propose=0.002ms
[labev] t=455575.951 ev.verify=12.354ms
[labev] t=455575.952 ev.finalize=1.680ms
[labev] t=455575.953 ev.propose=0.002ms
[labev] t=455575.965 ev.verify=12.294ms
[labev] t=455575.967 ev.finalize=1.667ms
[labev] t=455575.967 ev.propose=0.002ms
[labev] t=455575.979 ev.verify=11.980ms
[labev] t=455575.980 ev.finalize=1.672ms
[labev] t=455575.980 ev.propose=0.002ms
[labev] t=455575.993 ev.verify=12.286ms
[labev] t=455575.994 ev.finalize=1.633ms
[labev] t=455575.994 ev.propose=0.002ms
[labev] t=455576.007 ev.verify=12.255ms
[labev] t=455576.008 ev.finalize=1.672ms
[labev] t=455576.009 ev.propose=0.002ms
[labev] t=455576.021 ev.verify=12.109ms
[labev] t=455576.022 ev.finalize=1.643ms
[labev] t=455576.022 ev.propose=0.002ms
[labev] t=455576.035 ev.verify=12.330ms
[labev] t=455576.037 ev.finalize=1.685ms
[labev] t=455576.037 ev.propose=0.002ms
[labev] t=455576.049 ev.verify=12.360ms
[labev] t=455576.051 ev.finalize=1.677ms
[labev] t=455576.051 ev.propose=0.002ms
[labev] t=455576.063 ev.verify=12.252ms
[labev] t=455576.065 ev.finalize=1.683ms
[labev] t=455576.065 ev.propose=0.001ms
[labev] t=455576.077 ev.verify=12.422ms
[labev] t=455576.079 ev.finalize=1.652ms
[labev] t=455576.079 ev.propose=0.002ms
[labev] t=455576.091 ev.verify=12.242ms
[labev] t=455576.094 ev.finalize=2.299ms
[labev] t=455576.094 ev.propose=0.002ms
[labev] t=455576.106 ev.verify=12.415ms
[labev] t=455576.108 ev.finalize=1.642ms
[labev] t=455576.108 ev.propose=0.002ms
[labev] t=455576.120 ev.verify=12.197ms
[labev] t=455576.122 ev.finalize=1.630ms
[labev] t=455576.122 ev.propose=0.002ms
[labev] t=455576.134 ev.verify=12.365ms
[labev] t=455576.136 ev.finalize=1.869ms
[labev] t=455576.136 ev.propose=0.002ms
[labev] t=455576.149 ev.verify=12.290ms
[labev] t=455576.150 ev.finalize=1.662ms
[labev] t=455576.151 ev.propose=0.002ms
[labev] t=455576.163 ev.verify=12.364ms
[labev] t=455576.165 ev.finalize=1.628ms
[labev] t=455576.165 ev.propose=0.002ms
[labev] t=455576.177 ev.verify=12.144ms
[labev] t=455576.179 ev.finalize=1.646ms
[labev] t=455576.179 ev.propose=0.002ms
[labev] t=455576.191 ev.verify=12.395ms
[labev] t=455576.193 ev.finalize=1.649ms
[labev] t=455576.193 ev.propose=0.002ms
[labev] t=455576.205 ev.verify=12.324ms
[labev] t=455576.207 ev.finalize=1.632ms
[labev] t=455576.207 ev.propose=0.002ms
[labev] t=455576.219 ev.verify=12.353ms
[labev] t=455576.221 ev.finalize=1.650ms
[labev] t=455576.221 ev.propose=0.002ms
[labev] t=455576.233 ev.verify=12.246ms
[labev] t=455576.235 ev.finalize=1.634ms
[labev] t=455576.235 ev.propose=0.002ms
[labev] t=455576.247 ev.verify=12.318ms
[labev] t=455576.249 ev.finalize=1.642ms
[labev] t=455576.249 ev.propose=0.002ms
[labev] t=455576.262 ev.verify=12.305ms
[labev] t=455576.263 ev.finalize=1.631ms
[labev] t=455576.263 ev.propose=0.002ms
[labev] t=455576.276 ev.verify=12.308ms
[labev] t=455576.277 ev.finalize=1.637ms
[labev] t=455576.277 ev.propose=0.002ms
[labev] t=455576.290 ev.verify=12.265ms
[labev] t=455576.291 ev.finalize=1.653ms
[labev] t=455576.292 ev.propose=0.002ms
[labev] t=455576.304 ev.verify=12.104ms
[labev] t=455576.305 ev.finalize=1.558ms
[labev] t=455576.305 ev.propose=0.002ms
[labev] t=455576.318 ev.verify=12.286ms
[labev] t=455576.320 ev.finalize=2.275ms
[labev] t=455576.320 ev.propose=0.002ms
[labev] t=455576.332 ev.verify=12.373ms
[labev] t=455576.334 ev.finalize=1.551ms
[labev] t=455576.334 ev.propose=0.002ms
[labev] t=455576.346 ev.verify=12.278ms
[labev] t=455576.348 ev.finalize=1.645ms
[labev] t=455576.348 ev.propose=0.002ms
[labev] t=455576.360 ev.verify=12.206ms
[labev] t=455576.362 ev.finalize=1.688ms
[labev] t=455576.362 ev.propose=0.002ms
[labev] t=455576.374 ev.verify=12.066ms
[labev] t=455576.376 ev.finalize=1.824ms
[labev] t=455576.376 ev.propose=0.002ms
[labev] t=455576.389 ev.verify=12.306ms
[labev] t=455576.390 ev.finalize=1.658ms
[labev] t=455576.390 ev.propose=0.002ms
[labev] t=455576.403 ev.verify=12.267ms
[labev] t=455576.404 ev.finalize=1.728ms
[labev] t=455576.405 ev.propose=0.002ms
[labev] t=455576.417 ev.verify=12.281ms
[labev] t=455576.419 ev.finalize=1.732ms
[labev] t=455576.419 ev.propose=0.002ms
[labev] t=455576.431 ev.verify=12.246ms
[labev] t=455576.433 ev.finalize=1.646ms
[labev] t=455576.433 ev.propose=0.002ms
[labev] t=455576.445 ev.verify=12.310ms
[labev] t=455576.447 ev.finalize=1.632ms
[labev] t=455576.447 ev.propose=0.002ms
[labev] t=455576.459 ev.verify=12.168ms
[labev] t=455576.461 ev.finalize=1.717ms
[labev] t=455576.461 ev.propose=0.002ms
[labev] t=455576.473 ev.verify=12.368ms
[labev] t=455576.475 ev.finalize=1.681ms
[labev] t=455576.475 ev.propose=0.002ms
[labev] t=455576.487 ev.verify=12.097ms
[labev] t=455576.489 ev.finalize=1.655ms
[labev] t=455576.489 ev.propose=0.002ms
[labev] t=455576.501 ev.verify=12.185ms
[labev] t=455576.503 ev.finalize=1.661ms
[labev] t=455576.503 ev.propose=0.002ms
[labev] t=455576.515 ev.verify=12.281ms
[labev] t=455576.517 ev.finalize=1.609ms
[labev] t=455576.517 ev.propose=0.002ms
[labev] t=455576.529 ev.verify=12.223ms
[labev] t=455576.531 ev.finalize=1.663ms
[labev] t=455576.531 ev.propose=0.002ms
[labev] t=455576.543 ev.verify=12.311ms
[labev] t=455576.545 ev.finalize=1.736ms
[labev] t=455576.545 ev.propose=0.002ms
[labev] t=455576.557 ev.verify=12.246ms
[labev] t=455576.559 ev.finalize=1.639ms
[labev] t=455576.559 ev.propose=0.002ms
[labev] t=455576.572 ev.verify=12.282ms
[labev] t=455576.574 ev.finalize=2.343ms
[labev] t=455576.574 ev.propose=0.002ms
[labev] t=455576.586 ev.verify=12.381ms
[labev] t=455576.588 ev.finalize=1.661ms
[labev] t=455576.588 ev.propose=0.002ms
[labev] t=455576.600 ev.verify=12.204ms
[labev] t=455576.602 ev.finalize=1.720ms
[labev] t=455576.602 ev.propose=0.002ms
[labev] t=455576.614 ev.verify=12.105ms
[labev] t=455576.616 ev.finalize=1.781ms
[labev] t=455576.616 ev.propose=0.002ms
[labev] t=455576.629 ev.verify=12.263ms
[labev] t=455576.630 ev.finalize=1.660ms
[labev] t=455576.630 ev.propose=0.002ms
[labev] t=455576.643 ev.verify=12.334ms
[labev] t=455576.644 ev.finalize=1.530ms
[labev] t=455576.644 ev.propose=0.002ms
[labev] t=455576.657 ev.verify=12.334ms
[labev] t=455576.659 ev.finalize=1.672ms
[labev] t=455576.659 ev.propose=0.002ms
[labev] t=455576.671 ev.verify=12.178ms
[labev] t=455576.672 ev.finalize=1.626ms
[labev] t=455576.673 ev.propose=0.002ms
[labev] t=455576.685 ev.verify=12.239ms
[labev] t=455576.687 ev.finalize=1.676ms
[labev] t=455576.687 ev.propose=0.002ms
[labev] t=455576.699 ev.verify=12.299ms
[labev] t=455576.701 ev.finalize=1.654ms
[labev] t=455576.701 ev.propose=0.002ms
[labev] t=455576.713 ev.verify=12.298ms
[labev] t=455576.715 ev.finalize=1.653ms
[labev] t=455576.715 ev.propose=0.002ms
[labev] t=455576.727 ev.verify=12.376ms
[labev] t=455576.729 ev.finalize=1.664ms
[labev] t=455576.729 ev.propose=0.002ms
[labev] t=455576.741 ev.verify=12.270ms
[labev] t=455576.743 ev.finalize=1.547ms
[labev] t=455576.743 ev.propose=0.002ms
[labev] t=455576.755 ev.verify=12.238ms
[labev] t=455576.757 ev.finalize=1.551ms
[labev] t=455576.757 ev.propose=0.002ms
[labev] t=455576.769 ev.verify=12.188ms
[labev] t=455576.771 ev.finalize=1.688ms
[labev] t=455576.771 ev.propose=0.002ms
[labev] t=455576.783 ev.verify=12.328ms
[labev] t=455576.785 ev.finalize=1.645ms
[labev] t=455576.785 ev.propose=0.002ms
[labev] t=455576.797 ev.verify=12.146ms
[labev] t=455576.799 ev.finalize=1.677ms
[labev] t=455576.799 ev.propose=0.002ms
[labev] t=455576.811 ev.verify=12.138ms
[labev] t=455576.813 ev.finalize=1.666ms
[labev] t=455576.813 ev.propose=0.002ms
[labev] t=455576.825 ev.verify=12.198ms
[labev] t=455576.828 ev.finalize=2.331ms
[labev] t=455576.828 ev.propose=0.002ms
[labev] t=455576.840 ev.verify=12.377ms
[labev] t=455576.842 ev.finalize=1.643ms
[labev] t=455576.842 ev.propose=0.002ms
[labev] t=455576.855 ev.verify=12.460ms
[labev] t=455576.856 ev.finalize=1.706ms
[labev] t=455576.856 ev.propose=0.002ms
[labev] t=455576.869 ev.verify=12.210ms
[labev] t=455576.870 ev.finalize=1.682ms
[labev] t=455576.870 ev.propose=0.002ms
[labev] t=455576.883 ev.verify=12.333ms
[labev] t=455576.884 ev.finalize=1.522ms
[labev] t=455576.884 ev.propose=0.002ms
[labev] t=455576.897 ev.verify=12.152ms
[labev] t=455576.898 ev.finalize=1.556ms
[labev] t=455576.898 ev.propose=0.002ms
[labev] t=455576.910 ev.verify=12.046ms
[labev] t=455576.912 ev.finalize=1.664ms
[labev] t=455576.912 ev.propose=0.002ms
[labev] t=455576.924 ev.verify=12.215ms
[labev] t=455576.926 ev.finalize=1.661ms
[labev] t=455576.926 ev.propose=0.002ms
[labev] t=455576.939 ev.verify=12.491ms
[labev] t=455576.940 ev.finalize=1.575ms
[labev] t=455576.940 ev.propose=0.002ms
[labev] t=455576.953 ev.verify=12.256ms
[labev] t=455576.954 ev.finalize=1.552ms
[labev] t=455576.954 ev.propose=0.002ms
[labev] t=455576.967 ev.verify=12.473ms
[labev] t=455576.969 ev.finalize=1.685ms
[labev] t=455576.969 ev.propose=0.002ms
[labev] t=455576.981 ev.verify=12.339ms
[labev] t=455576.983 ev.finalize=1.664ms
[labev] t=455576.983 ev.propose=0.002ms
[labev] t=455576.995 ev.verify=12.443ms
[labev] t=455576.997 ev.finalize=1.692ms
[labev] t=455576.997 ev.propose=0.002ms
[labev] t=455577.009 ev.verify=12.239ms
[labev] t=455577.011 ev.finalize=1.655ms
[labev] t=455577.011 ev.propose=0.002ms
[labev] t=455577.024 ev.verify=12.454ms
[labev] t=455577.025 ev.finalize=1.655ms
[labev] t=455577.025 ev.propose=0.002ms
[labev] t=455577.038 ev.verify=12.298ms
[labev] t=455577.040 ev.finalize=1.643ms
[labev] t=455577.040 ev.propose=0.002ms
[labev] t=455577.052 ev.verify=12.525ms
[labev] t=455577.054 ev.finalize=1.651ms
[labev] t=455577.054 ev.propose=0.002ms
[labev] t=455577.066 ev.verify=12.143ms
[labev] t=455577.068 ev.finalize=1.670ms
[labev] t=455577.068 ev.propose=0.002ms
[labev] t=455577.080 ev.verify=12.330ms
[labev] t=455577.083 ev.finalize=2.326ms
[labev] t=455577.083 ev.propose=0.002ms
[labev] t=455577.095 ev.verify=12.304ms
[labev] t=455577.097 ev.finalize=1.695ms
[labev] t=455577.097 ev.propose=0.002ms
[labev] t=455577.109 ev.verify=12.131ms
[labev] t=455577.111 ev.finalize=1.664ms
[labev] t=455577.111 ev.propose=0.002ms
[labev] t=455577.123 ev.verify=12.176ms
[labev] t=455577.125 ev.finalize=1.608ms
[labev] t=455577.125 ev.propose=0.002ms
[labev] t=455577.137 ev.verify=12.224ms
[labev] t=455577.139 ev.finalize=1.662ms
[labev] t=455577.139 ev.propose=0.002ms
[labev] t=455577.151 ev.verify=12.217ms
[labev] t=455577.153 ev.finalize=1.676ms
[labev] t=455577.153 ev.propose=0.002ms
[labev] t=455577.165 ev.verify=12.440ms
[labev] t=455577.167 ev.finalize=1.657ms
[labev] t=455577.167 ev.propose=0.002ms
[labev] t=455577.179 ev.verify=12.298ms
[labev] t=455577.181 ev.finalize=1.565ms
[labev] t=455577.181 ev.propose=0.002ms
[labev] t=455577.193 ev.verify=12.074ms
[labev] t=455577.195 ev.finalize=1.651ms
[labev] t=455577.195 ev.propose=0.002ms
[labev] t=455577.207 ev.verify=12.456ms
[labev] t=455577.209 ev.finalize=1.675ms
[labev] t=455577.209 ev.propose=0.002ms
[labev] t=455577.222 ev.verify=12.220ms
[labev] t=455577.223 ev.finalize=1.677ms
[labev] t=455577.223 ev.propose=0.002ms
[labev] t=455577.236 ev.verify=12.411ms
[labev] t=455577.237 ev.finalize=1.666ms
[labev] t=455577.238 ev.propose=0.002ms
[labev] t=455577.250 ev.verify=12.126ms
[labev] t=455577.251 ev.finalize=1.672ms
[labev] t=455577.252 ev.propose=0.002ms
[labev] t=455577.264 ev.verify=12.311ms
[labev] t=455577.266 ev.finalize=1.672ms
[labev] t=455577.266 ev.propose=0.002ms
[labev] t=455577.278 ev.verify=12.463ms
[labev] t=455577.280 ev.finalize=1.675ms
[labev] t=455577.280 ev.propose=0.002ms
[labev] t=455577.292 ev.verify=12.130ms
[labev] t=455577.294 ev.finalize=1.677ms
[labev] t=455577.294 ev.propose=0.002ms
[labev] t=455577.306 ev.verify=12.190ms
[labev] t=455577.308 ev.finalize=1.694ms
[labev] t=455577.308 ev.propose=0.002ms
[labev] t=455577.320 ev.verify=12.144ms
[labev] t=455577.323 ev.finalize=2.337ms
[labev] t=455577.323 ev.propose=0.002ms
[labev] t=455577.335 ev.verify=12.266ms
[labev] t=455577.337 ev.finalize=1.731ms
[labev] t=455577.337 ev.propose=0.002ms
[labev] t=455577.349 ev.verify=12.314ms
[labev] t=455577.351 ev.finalize=1.668ms
[labev] t=455577.351 ev.propose=0.002ms
[labev] t=455577.363 ev.verify=12.350ms
[labev] t=455577.365 ev.finalize=1.678ms
[labev] t=455577.365 ev.propose=0.002ms
[labev] t=455577.377 ev.verify=12.367ms
[labev] t=455577.379 ev.finalize=1.675ms
[labev] t=455577.379 ev.propose=0.002ms
[labev] t=455577.392 ev.verify=12.238ms
[labev] t=455577.393 ev.finalize=1.709ms
[labev] t=455577.393 ev.propose=0.002ms
[labev] t=455577.406 ev.verify=12.401ms
[labev] t=455577.408 ev.finalize=1.683ms
[labev] t=455577.408 ev.propose=0.002ms
[labev] t=455577.420 ev.verify=12.397ms
[labev] t=455577.422 ev.finalize=1.682ms
[labev] t=455577.422 ev.propose=0.002ms
[labev] t=455577.434 ev.verify=12.320ms
[labev] t=455577.436 ev.finalize=1.582ms
[labev] t=455577.436 ev.propose=0.002ms
[labev] t=455577.448 ev.verify=12.254ms
[labev] t=455577.450 ev.finalize=1.731ms
[labev] t=455577.450 ev.propose=0.002ms
[labev] t=455577.462 ev.verify=12.445ms
[labev] t=455577.464 ev.finalize=1.671ms
[labev] t=455577.464 ev.propose=0.002ms
[labev] t=455577.476 ev.verify=12.157ms
[labev] t=455577.478 ev.finalize=1.702ms
[labev] t=455577.478 ev.propose=0.002ms
[labev] t=455577.491 ev.verify=12.388ms
[labev] t=455577.492 ev.finalize=1.674ms
[labev] t=455577.493 ev.propose=0.002ms
[labev] t=455577.505 ev.verify=12.348ms
[labev] t=455577.507 ev.finalize=1.694ms
[labev] t=455577.507 ev.propose=0.001ms
[labev] t=455577.519 ev.verify=12.436ms
[labev] t=455577.521 ev.finalize=1.655ms
[labev] t=455577.521 ev.propose=0.002ms
[labev] t=455577.533 ev.verify=12.378ms
[labev] t=455577.535 ev.finalize=1.664ms
[labev] t=455577.535 ev.propose=0.002ms
[labev] t=455577.547 ev.verify=12.129ms
[labev] t=455577.550 ev.finalize=2.347ms
[labev] t=455577.550 ev.propose=0.002ms
[labev] t=455577.562 ev.verify=12.258ms
[labev] t=455577.564 ev.finalize=1.698ms
[labev] t=455577.564 ev.propose=0.002ms
[labev] t=455577.576 ev.verify=12.325ms
[labev] t=455577.578 ev.finalize=1.664ms
[labev] t=455577.578 ev.propose=0.002ms
[labev] t=455577.590 ev.verify=12.290ms
[labev] t=455577.592 ev.finalize=1.703ms
[labev] t=455577.592 ev.propose=0.002ms
[labev] t=455577.604 ev.verify=12.119ms
[labev] t=455577.606 ev.finalize=1.693ms
[labev] t=455577.606 ev.propose=0.002ms
[labev] t=455577.619 ev.verify=12.299ms
[labev] t=455577.620 ev.finalize=1.561ms
[labev] t=455577.620 ev.propose=0.002ms
[labev] t=455577.633 ev.verify=12.309ms
[labev] t=455577.634 ev.finalize=1.684ms
[labev] t=455577.634 ev.propose=0.002ms
[labev] t=455577.647 ev.verify=12.383ms
[labev] t=455577.649 ev.finalize=1.670ms
[labev] t=455577.649 ev.propose=0.002ms
[labev] t=455577.661 ev.verify=12.162ms
[labev] t=455577.663 ev.finalize=1.731ms
[labev] t=455577.663 ev.propose=0.002ms
[labev] t=455577.675 ev.verify=12.330ms
[labev] t=455577.677 ev.finalize=1.694ms
[labev] t=455577.677 ev.propose=0.002ms
[labev] t=455577.689 ev.verify=12.056ms
[labev] t=455577.691 ev.finalize=1.673ms
[labev] t=455577.691 ev.propose=0.002ms
[labev] t=455577.703 ev.verify=12.385ms
[labev] t=455577.705 ev.finalize=1.632ms
[labev] t=455577.705 ev.propose=0.002ms
[labev] t=455577.717 ev.verify=12.306ms
[labev] t=455577.719 ev.finalize=1.691ms
[labev] t=455577.719 ev.propose=0.002ms
[labev] t=455577.731 ev.verify=12.270ms
[labev] t=455577.733 ev.finalize=1.690ms
[labev] t=455577.733 ev.propose=0.002ms
[labev] t=455577.746 ev.verify=12.265ms
[labev] t=455577.747 ev.finalize=1.584ms
[labev] t=455577.747 ev.propose=0.002ms
[labev] t=455577.760 ev.verify=12.485ms
[labev] t=455577.762 ev.finalize=1.685ms
[labev] t=455577.762 ev.propose=0.002ms
[labev] t=455577.774 ev.verify=12.242ms
[labev] t=455577.776 ev.finalize=1.700ms
[labev] t=455577.776 ev.propose=0.002ms
[labev] t=455577.788 ev.verify=12.415ms
[labev] t=455577.791 ev.finalize=2.340ms
[labev] t=455577.791 ev.propose=0.002ms
[labev] t=455577.803 ev.verify=12.484ms
[labev] t=455577.805 ev.finalize=1.789ms
[labev] t=455577.805 ev.propose=0.002ms
[labev] t=455577.817 ev.verify=12.373ms
[labev] t=455577.819 ev.finalize=1.805ms
[labev] t=455577.819 ev.propose=0.002ms
[labev] t=455577.832 ev.verify=12.237ms
[labev] t=455577.833 ev.finalize=1.693ms
[labev] t=455577.833 ev.propose=0.002ms
[labev] t=455577.846 ev.verify=12.261ms
[labev] t=455577.847 ev.finalize=1.701ms
[labev] t=455577.848 ev.propose=0.002ms
[labev] t=455577.860 ev.verify=12.215ms
[labev] t=455577.862 ev.finalize=1.702ms
[labev] t=455577.862 ev.propose=0.002ms
[labev] t=455577.874 ev.verify=12.271ms
[labev] t=455577.876 ev.finalize=1.683ms
[labev] t=455577.876 ev.propose=0.002ms
[labev] t=455577.888 ev.verify=12.437ms
[labev] t=455577.890 ev.finalize=1.666ms
[labev] t=455577.890 ev.propose=0.002ms
[labev] t=455577.902 ev.verify=12.128ms
[labev] t=455577.904 ev.finalize=1.688ms
[labev] t=455577.904 ev.propose=0.002ms
[labev] t=455577.916 ev.verify=12.259ms
[labev] t=455577.918 ev.finalize=1.585ms
[labev] t=455577.918 ev.propose=0.002ms
[labev] t=455577.930 ev.verify=12.234ms
[labev] t=455577.932 ev.finalize=1.705ms
[labev] t=455577.932 ev.propose=0.002ms
[labev] t=455577.944 ev.verify=12.327ms
[labev] t=455577.946 ev.finalize=1.701ms
[labev] t=455577.946 ev.propose=0.002ms
[labev] t=455577.959 ev.verify=12.282ms
[labev] t=455577.960 ev.finalize=1.682ms
[labev] t=455577.960 ev.propose=0.002ms
[labev] t=455577.972 ev.verify=12.120ms
[labev] t=455577.974 ev.finalize=1.712ms
[labev] t=455577.974 ev.propose=0.002ms
[labev] t=455577.987 ev.verify=12.277ms
[labev] t=455577.988 ev.finalize=1.707ms
[labev] t=455577.988 ev.propose=0.002ms
[labev] t=455578.001 ev.verify=12.471ms
[labev] t=455578.003 ev.finalize=1.907ms
[labev] t=455578.003 ev.propose=0.001ms
[labev] t=455578.015 ev.verify=12.097ms
[labev] t=455578.017 ev.finalize=1.675ms
[labev] t=455578.017 ev.propose=0.002ms
[labev] t=455578.029 ev.verify=12.267ms
[labev] t=455578.031 ev.finalize=2.244ms
[labev] t=455578.032 ev.propose=0.002ms
[labev] t=455578.044 ev.verify=12.348ms
[labev] t=455578.046 ev.finalize=1.568ms
[labev] t=455578.046 ev.propose=0.002ms
[labev] t=455578.058 ev.verify=12.396ms
[labev] t=455578.060 ev.finalize=1.672ms
[labev] t=455578.060 ev.propose=0.002ms
[labev] t=455578.072 ev.verify=12.293ms
[labev] t=455578.074 ev.finalize=1.577ms
[labev] t=455578.074 ev.propose=0.002ms
[labev] t=455578.087 ev.verify=12.516ms
[labev] t=455578.088 ev.finalize=1.698ms
[labev] t=455578.088 ev.propose=0.002ms
[labev] t=455578.101 ev.verify=12.443ms
[labev] t=455578.102 ev.finalize=1.543ms
[labev] t=455578.102 ev.propose=0.002ms
[labev] t=455578.115 ev.verify=12.439ms
[labev] t=455578.117 ev.finalize=1.562ms
[labev] t=455578.117 ev.propose=0.002ms
[labev] t=455578.129 ev.verify=12.339ms
[labev] t=455578.131 ev.finalize=1.710ms
[labev] t=455578.131 ev.propose=0.002ms
[labev] t=455578.143 ev.verify=12.440ms
[labev] t=455578.145 ev.finalize=1.703ms
[labev] t=455578.145 ev.propose=0.002ms
[labev] t=455578.154 ev.verify=8.602ms
[labev] t=455578.155 ev.finalize=1.511ms
[labev] t=455582.042 req.start s1-p4096-o512-b2-r0=0.001ms
[labev] t=455582.042 req.handle=0.073ms
[labev] t=455582.064 tok.prepare=22.253ms
event=batching_admitted action=scheduler_admitted
[labprof] d0.performDecode.call=135.431ms/n32 f0.finalize.total=1.691ms/n344 f1.finalize.build=0.473ms/n344 f2.finalize.eval=1.160ms/n344 fc.finalize.call=1.695ms/n344 o1.ord.build=1.157ms/n511 o2.ord.eval=7.296ms/n511 p0.propose=0.002ms/n343 r0.round.interval=14.129ms/n342 s1.native.prefill.target=40.115ms/n8 s1.ord.prefill.target=36.213ms/n9 s2.native.prefill.drafter+eval=238.262ms/n8 s2.ord.prefill.eval=227.609ms/n8 s9.native.prefill.chunk.total=278.413ms/n8 s9.ord.prefill.chunk.total=268.072ms/n8 v0.verify.call=12.271ms/n344 v1.verify.build=1.593ms/n343 v2.verify.eval=10.573ms/n343
[labev] t=455582.370 chunk.ord.total=305.019ms
[labev] t=455582.622 chunk.ord.total=252.426ms
[labev] t=455582.878 chunk.ord.total=255.432ms
[labev] t=455583.137 chunk.ord.total=258.751ms
[labev] t=455583.399 chunk.ord.total=262.312ms
[labev] t=455583.662 chunk.ord.total=262.549ms
[labev] t=455583.928 chunk.ord.total=266.529ms
[labev] t=455584.234 chunk.ord.total=305.426ms
[labev] t=455584.234 req.firsttoken s1-p4096-o512-b2-r0=2192.058ms
[labev] t=455584.370 ev.decode.rows1.cap0=135.859ms
[labev] t=455584.505 ev.decode.rows1.cap0=135.042ms
[labev] t=455584.640 ev.decode.rows1.cap0=135.234ms
[labev] t=455584.776 ev.decode.rows1.cap0=135.172ms
[labev] t=455584.911 ev.decode.rows1.cap0=135.148ms
[labev] t=455585.046 ev.decode.rows1.cap0=135.074ms
[labev] t=455585.182 ev.decode.rows1.cap0=135.386ms
[labev] t=455585.317 ev.decode.rows1.cap0=135.232ms
[labev] t=455585.452 ev.decode.rows1.cap0=135.095ms
[labev] t=455585.588 ev.decode.rows1.cap0=135.549ms
[labev] t=455585.723 ev.decode.rows1.cap0=135.351ms
[labev] t=455585.859 ev.decode.rows1.cap0=135.543ms
[labev] t=455585.995 ev.decode.rows1.cap0=135.595ms
[labev] t=455586.130 ev.decode.rows1.cap0=135.564ms
[labev] t=455586.266 ev.decode.rows1.cap0=135.544ms
[labev] t=455586.401 ev.decode.rows1.cap0=135.496ms
[labev] t=455586.537 ev.decode.rows1.cap0=135.541ms
[labev] t=455586.673 ev.decode.rows1.cap0=135.409ms
[labev] t=455586.809 ev.decode.rows1.cap0=136.399ms
[labev] t=455586.945 ev.decode.rows1.cap0=135.754ms
[labev] t=455587.081 ev.decode.rows1.cap0=135.876ms
[labev] t=455587.217 ev.decode.rows1.cap0=135.595ms
[labev] t=455587.353 ev.decode.rows1.cap0=135.799ms
[labev] t=455587.488 ev.decode.rows1.cap0=135.576ms
[labev] t=455587.624 ev.decode.rows1.cap0=135.688ms
[labev] t=455587.760 ev.decode.rows1.cap0=135.621ms
[labev] t=455587.895 ev.decode.rows1.cap0=135.488ms
[labev] t=455588.032 ev.decode.rows1.cap0=136.267ms
[labev] t=455588.168 ev.decode.rows1.cap0=135.755ms
[labev] t=455588.303 ev.decode.rows1.cap0=135.712ms
[labev] t=455588.440 ev.decode.rows1.cap0=136.041ms
[labev] t=455588.572 ev.decode.rows1.cap0=132.340ms
[labev] t=455588.573 req.start s1-p4096-o512-b2-r0=0.000ms
[labev] t=455588.573 req.handle=0.021ms
[labev] t=455588.596 tok.prepare=22.823ms
event=batching_admitted action=scheduler_admitted
[labev] t=455588.863 chunk.native.total=266.431ms
[labev] t=455589.127 chunk.native.total=264.719ms
[labev] t=455589.397 chunk.native.total=269.394ms
[labev] t=455589.670 chunk.native.total=272.978ms
[labev] t=455589.946 chunk.native.total=275.557ms
[labev] t=455590.223 chunk.native.total=277.374ms
[labev] t=455590.506 chunk.native.total=282.795ms
[labev] t=455590.823 chunk.native.total=316.620ms
[labev] t=455590.823 req.firsttoken s1-p4096-o512-b2-r0=2249.681ms
[labev] t=455590.823 ev.propose=0.003ms
[labev] t=455590.835 ev.verify=12.333ms
[labev] t=455590.837 ev.finalize=1.722ms
[labev] t=455590.837 ev.propose=0.087ms
[labev] t=455590.850 ev.verify=12.473ms
[labev] t=455590.851 ev.finalize=1.618ms
[labev] t=455590.851 ev.propose=0.056ms
[labev] t=455590.864 ev.verify=12.298ms
[labev] t=455590.865 ev.finalize=1.624ms
[labev] t=455590.865 ev.propose=0.046ms
[labev] t=455590.878 ev.verify=12.131ms
[labev] t=455590.879 ev.finalize=1.647ms
[labev] t=455590.879 ev.propose=0.059ms
[labev] t=455590.892 ev.verify=12.195ms
[labev] t=455590.893 ev.finalize=1.658ms
[labev] t=455590.894 ev.propose=0.077ms
[labev] t=455590.906 ev.verify=12.267ms
[labev] t=455590.908 ev.finalize=1.619ms
[labev] t=455590.908 ev.propose=0.057ms
[labev] t=455590.920 ev.verify=12.409ms
[labev] t=455590.922 ev.finalize=1.643ms
[labev] t=455590.922 ev.propose=0.073ms
[labev] t=455590.934 ev.verify=12.306ms
[labev] t=455590.936 ev.finalize=1.654ms
[labev] t=455590.936 ev.propose=0.041ms
[labev] t=455590.948 ev.verify=12.000ms
[labev] t=455590.951 ev.finalize=2.302ms
[labev] t=455590.951 ev.propose=0.072ms
[labev] t=455590.963 ev.verify=12.343ms
[labev] t=455590.965 ev.finalize=1.616ms
[labev] t=455590.965 ev.propose=0.063ms
[labev] t=455590.977 ev.verify=12.150ms
[labev] t=455590.979 ev.finalize=1.642ms
[labev] t=455590.979 ev.propose=0.064ms
[labev] t=455590.991 ev.verify=12.123ms
[labev] t=455590.993 ev.finalize=1.690ms
[labev] t=455590.993 ev.propose=0.060ms
[labev] t=455591.005 ev.verify=12.107ms
[labev] t=455591.007 ev.finalize=1.546ms
[labev] t=455591.007 ev.propose=0.077ms
[labev] t=455591.019 ev.verify=12.155ms
[labev] t=455591.021 ev.finalize=1.630ms
[labev] t=455591.021 ev.propose=0.075ms
[labev] t=455591.033 ev.verify=12.147ms
[labev] t=455591.035 ev.finalize=1.516ms
[labev] t=455591.035 ev.propose=0.068ms
[labev] t=455591.047 ev.verify=12.128ms
[labev] t=455591.049 ev.finalize=1.654ms
[labev] t=455591.049 ev.propose=0.067ms
[labev] t=455591.061 ev.verify=12.092ms
[labev] t=455591.063 ev.finalize=1.611ms
[labev] t=455591.063 ev.propose=0.002ms
[labev] t=455591.075 ev.verify=12.145ms
[labev] t=455591.077 ev.finalize=1.664ms
[labev] t=455591.077 ev.propose=0.002ms
[labev] t=455591.089 ev.verify=12.154ms
[labev] t=455591.090 ev.finalize=1.641ms
[labev] t=455591.091 ev.propose=0.002ms
[labev] t=455591.103 ev.verify=12.255ms
[labev] t=455591.105 ev.finalize=1.650ms
[labev] t=455591.105 ev.propose=0.066ms
[labev] t=455591.117 ev.verify=12.052ms
[labev] t=455591.118 ev.finalize=1.636ms
[labev] t=455591.119 ev.propose=0.002ms
[labev] t=455591.131 ev.verify=12.208ms
[labev] t=455591.132 ev.finalize=1.618ms
[labev] t=455591.133 ev.propose=0.002ms
[labev] t=455591.145 ev.verify=12.493ms
[labev] t=455591.147 ev.finalize=1.620ms
[labev] t=455591.147 ev.propose=0.002ms
[labev] t=455591.159 ev.verify=12.094ms
[labev] t=455591.161 ev.finalize=1.648ms
[labev] t=455591.161 ev.propose=0.002ms
[labev] t=455591.173 ev.verify=12.180ms
[labev] t=455591.175 ev.finalize=1.633ms
[labev] t=455591.175 ev.propose=0.002ms
[labev] t=455591.187 ev.verify=12.239ms
[labev] t=455591.189 ev.finalize=2.280ms
[labev] t=455591.189 ev.propose=0.002ms
[labev] t=455591.202 ev.verify=12.286ms
[labev] t=455591.203 ev.finalize=1.661ms
[labev] t=455591.203 ev.propose=0.002ms
[labev] t=455591.216 ev.verify=12.132ms
[labev] t=455591.217 ev.finalize=1.651ms
[labev] t=455591.217 ev.propose=0.002ms
[labev] t=455591.230 ev.verify=12.202ms
[labev] t=455591.231 ev.finalize=1.663ms
[labev] t=455591.231 ev.propose=0.002ms
[labev] t=455591.244 ev.verify=12.134ms
[labev] t=455591.245 ev.finalize=1.671ms
[labev] t=455591.245 ev.propose=0.002ms
[labev] t=455591.258 ev.verify=12.152ms
[labev] t=455591.259 ev.finalize=1.637ms
[labev] t=455591.259 ev.propose=0.002ms
[labev] t=455591.272 ev.verify=12.156ms
[labev] t=455591.273 ev.finalize=1.657ms
[labev] t=455591.273 ev.propose=0.002ms
[labev] t=455591.285 ev.verify=12.149ms
[labev] t=455591.287 ev.finalize=1.633ms
[labev] t=455591.287 ev.propose=0.002ms
[labev] t=455591.300 ev.verify=12.309ms
[labev] t=455591.301 ev.finalize=1.639ms
[labev] t=455591.301 ev.propose=0.002ms
[labev] t=455591.313 ev.verify=12.132ms
[labev] t=455591.315 ev.finalize=1.638ms
[labev] t=455591.315 ev.propose=0.002ms
[labev] t=455591.327 ev.verify=12.157ms
[labev] t=455591.329 ev.finalize=1.614ms
[labev] t=455591.329 ev.propose=0.002ms
[labev] t=455591.342 ev.verify=12.417ms
[labev] t=455591.343 ev.finalize=1.622ms
[labev] t=455591.343 ev.propose=0.002ms
[labev] t=455591.356 ev.verify=12.302ms
[labev] t=455591.357 ev.finalize=1.656ms
[labev] t=455591.357 ev.propose=0.002ms
[labev] t=455591.370 ev.verify=12.083ms
[labev] t=455591.371 ev.finalize=1.668ms
[labev] t=455591.371 ev.propose=0.002ms
[labev] t=455591.383 ev.verify=11.961ms
[labev] t=455591.385 ev.finalize=1.645ms
[labev] t=455591.385 ev.propose=0.002ms
[labev] t=455591.397 ev.verify=12.152ms
[labev] t=455591.399 ev.finalize=1.634ms
[labev] t=455591.399 ev.propose=0.002ms
[labev] t=455591.411 ev.verify=12.279ms
[labev] t=455591.414 ev.finalize=2.289ms
[labev] t=455591.414 ev.propose=0.002ms
[labev] t=455591.426 ev.verify=12.290ms
[labev] t=455591.428 ev.finalize=1.651ms
[labev] t=455591.428 ev.propose=0.002ms
[labev] t=455591.440 ev.verify=12.182ms
[labev] t=455591.442 ev.finalize=1.670ms
[labev] t=455591.442 ev.propose=0.002ms
[labev] t=455591.454 ev.verify=11.983ms
[labev] t=455591.456 ev.finalize=1.633ms
[labev] t=455591.456 ev.propose=0.002ms
[labev] t=455591.468 ev.verify=12.028ms
[labev] t=455591.470 ev.finalize=1.719ms
[labev] t=455591.470 ev.propose=0.002ms
[labev] t=455591.482 ev.verify=12.248ms
[labev] t=455591.484 ev.finalize=1.698ms
[labev] t=455591.484 ev.propose=0.002ms
[labev] t=455591.496 ev.verify=12.085ms
[labev] t=455591.498 ev.finalize=1.723ms
[labev] t=455591.498 ev.propose=0.002ms
[labev] t=455591.510 ev.verify=12.200ms
[labev] t=455591.512 ev.finalize=1.726ms
[labev] t=455591.512 ev.propose=0.002ms
[labev] t=455591.524 ev.verify=12.099ms
[labev] t=455591.526 ev.finalize=1.739ms
[labev] t=455591.526 ev.propose=0.002ms
[labev] t=455591.538 ev.verify=12.142ms
[labev] t=455591.540 ev.finalize=1.630ms
[labev] t=455591.540 ev.propose=0.002ms
[labev] t=455591.552 ev.verify=12.143ms
[labev] t=455591.553 ev.finalize=1.637ms
[labev] t=455591.554 ev.propose=0.002ms
[labev] t=455591.566 ev.verify=12.229ms
[labev] t=455591.567 ev.finalize=1.650ms
[labev] t=455591.568 ev.propose=0.002ms
[labev] t=455591.580 ev.verify=12.120ms
[labev] t=455591.581 ev.finalize=1.639ms
[labev] t=455591.581 ev.propose=0.002ms
[labev] t=455591.594 ev.verify=12.192ms
[labev] t=455591.595 ev.finalize=1.653ms
[labev] t=455591.595 ev.propose=0.002ms
[labev] t=455591.608 ev.verify=12.211ms
[labev] t=455591.609 ev.finalize=1.630ms
[labev] t=455591.609 ev.propose=0.002ms
[labev] t=455591.622 ev.verify=12.134ms
[labev] t=455591.623 ev.finalize=1.615ms
[labev] t=455591.623 ev.propose=0.002ms
[labev] t=455591.635 ev.verify=11.995ms
[labev] t=455591.637 ev.finalize=1.663ms
[labev] t=455591.637 ev.propose=0.002ms
[labev] t=455591.649 ev.verify=12.232ms
[labev] t=455591.652 ev.finalize=2.305ms
[labev] t=455591.652 ev.propose=0.002ms
[labev] t=455591.664 ev.verify=12.220ms
[labev] t=455591.666 ev.finalize=1.636ms
[labev] t=455591.666 ev.propose=0.002ms
[labev] t=455591.678 ev.verify=12.284ms
[labev] t=455591.680 ev.finalize=1.669ms
[labev] t=455591.680 ev.propose=0.002ms
[labev] t=455591.692 ev.verify=11.906ms
[labev] t=455591.694 ev.finalize=1.544ms
[labev] t=455591.694 ev.propose=0.002ms
[labev] t=455591.706 ev.verify=12.183ms
[labev] t=455591.707 ev.finalize=1.640ms
[labev] t=455591.708 ev.propose=0.002ms
[labev] t=455591.720 ev.verify=12.077ms
[labev] t=455591.721 ev.finalize=1.607ms
[labev] t=455591.721 ev.propose=0.002ms
[labev] t=455591.734 ev.verify=12.257ms
[labev] t=455591.735 ev.finalize=1.663ms
[labev] t=455591.736 ev.propose=0.002ms
[labev] t=455591.748 ev.verify=12.224ms
[labev] t=455591.749 ev.finalize=1.538ms
[labev] t=455591.749 ev.propose=0.002ms
[labev] t=455591.762 ev.verify=12.252ms
[labev] t=455591.763 ev.finalize=1.649ms
[labev] t=455591.763 ev.propose=0.002ms
[labev] t=455591.776 ev.verify=12.282ms
[labev] t=455591.777 ev.finalize=1.670ms
[labev] t=455591.778 ev.propose=0.002ms
[labev] t=455591.790 ev.verify=12.157ms
[labev] t=455591.791 ev.finalize=1.626ms
[labev] t=455591.792 ev.propose=0.002ms
[labev] t=455591.804 ev.verify=12.126ms
[labev] t=455591.805 ev.finalize=1.647ms
[labev] t=455591.805 ev.propose=0.002ms
[labev] t=455591.818 ev.verify=12.167ms
[labev] t=455591.819 ev.finalize=1.662ms
[labev] t=455591.819 ev.propose=0.002ms
[labev] t=455591.832 ev.verify=12.178ms
[labev] t=455591.833 ev.finalize=1.628ms
[labev] t=455591.833 ev.propose=0.002ms
[labev] t=455591.846 ev.verify=12.173ms
[labev] t=455591.847 ev.finalize=1.626ms
[labev] t=455591.847 ev.propose=0.002ms
[labev] t=455591.860 ev.verify=12.299ms
[labev] t=455591.861 ev.finalize=1.528ms
[labev] t=455591.861 ev.propose=0.002ms
[labev] t=455591.873 ev.verify=12.156ms
[labev] t=455591.875 ev.finalize=1.645ms
[labev] t=455591.875 ev.propose=0.002ms
[labev] t=455591.887 ev.verify=12.043ms
[labev] t=455591.890 ev.finalize=2.330ms
[labev] t=455591.890 ev.propose=0.002ms
[labev] t=455591.902 ev.verify=12.314ms
[labev] t=455591.904 ev.finalize=1.612ms
[labev] t=455591.904 ev.propose=0.002ms
[labev] t=455591.916 ev.verify=12.147ms
[labev] t=455591.918 ev.finalize=1.641ms
[labev] t=455591.918 ev.propose=0.002ms
[labev] t=455591.930 ev.verify=12.443ms
[labev] t=455591.932 ev.finalize=1.600ms
[labev] t=455591.932 ev.propose=0.002ms
[labev] t=455591.944 ev.verify=12.174ms
[labev] t=455591.946 ev.finalize=1.665ms
[labev] t=455591.946 ev.propose=0.002ms
[labev] t=455591.958 ev.verify=12.420ms
[labev] t=455591.960 ev.finalize=1.622ms
[labev] t=455591.960 ev.propose=0.002ms
[labev] t=455591.972 ev.verify=12.168ms
[labev] t=455591.974 ev.finalize=1.649ms
[labev] t=455591.974 ev.propose=0.002ms
[labev] t=455591.986 ev.verify=12.271ms
[labev] t=455591.988 ev.finalize=1.613ms
[labev] t=455591.988 ev.propose=0.002ms
[labev] t=455592.001 ev.verify=12.315ms
[labev] t=455592.002 ev.finalize=1.626ms
[labev] t=455592.002 ev.propose=0.002ms
[labev] t=455592.014 ev.verify=12.195ms
[labev] t=455592.016 ev.finalize=1.642ms
[labev] t=455592.016 ev.propose=0.002ms
[labev] t=455592.028 ev.verify=12.089ms
[labev] t=455592.030 ev.finalize=1.612ms
[labev] t=455592.030 ev.propose=0.002ms
[labev] t=455592.042 ev.verify=12.277ms
[labev] t=455592.044 ev.finalize=1.613ms
[labev] t=455592.044 ev.propose=0.002ms
[labev] t=455592.057 ev.verify=12.365ms
[labev] t=455592.058 ev.finalize=1.646ms
[labev] t=455592.058 ev.propose=0.002ms
[labev] t=455592.070 ev.verify=12.139ms
[labev] t=455592.072 ev.finalize=1.641ms
[labev] t=455592.072 ev.propose=0.002ms
[labev] t=455592.084 ev.verify=12.225ms
[labev] t=455592.086 ev.finalize=1.614ms
[labev] t=455592.086 ev.propose=0.002ms
[labev] t=455592.099 ev.verify=12.275ms
[labev] t=455592.100 ev.finalize=1.543ms
[labev] t=455592.100 ev.propose=0.002ms
[labev] t=455592.112 ev.verify=12.203ms
[labev] t=455592.114 ev.finalize=1.631ms
[labev] t=455592.114 ev.propose=0.002ms
[labev] t=455592.126 ev.verify=12.271ms
[labev] t=455592.129 ev.finalize=2.314ms
[labev] t=455592.129 ev.propose=0.002ms
[labev] t=455592.141 ev.verify=12.407ms
[labev] t=455592.143 ev.finalize=1.644ms
[labev] t=455592.143 ev.propose=0.002ms
[labev] t=455592.155 ev.verify=12.276ms
[labev] t=455592.157 ev.finalize=1.626ms
[labev] t=455592.157 ev.propose=0.002ms
[labev] t=455592.169 ev.verify=12.189ms
[labev] t=455592.171 ev.finalize=1.637ms
[labev] t=455592.171 ev.propose=0.002ms
[labev] t=455592.184 ev.verify=12.377ms
[labev] t=455592.185 ev.finalize=1.639ms
[labev] t=455592.185 ev.propose=0.002ms
[labev] t=455592.197 ev.verify=12.027ms
[labev] t=455592.199 ev.finalize=1.636ms
[labev] t=455592.199 ev.propose=0.002ms
[labev] t=455592.211 ev.verify=12.109ms
[labev] t=455592.213 ev.finalize=1.635ms
[labev] t=455592.213 ev.propose=0.002ms
[labev] t=455592.225 ev.verify=12.200ms
[labev] t=455592.227 ev.finalize=1.651ms
[labev] t=455592.227 ev.propose=0.002ms
[labev] t=455592.239 ev.verify=12.079ms
[labev] t=455592.241 ev.finalize=1.650ms
[labev] t=455592.241 ev.propose=0.002ms
[labev] t=455592.253 ev.verify=12.010ms
[labev] t=455592.255 ev.finalize=1.559ms
[labev] t=455592.255 ev.propose=0.002ms
[labev] t=455592.267 ev.verify=12.229ms
[labev] t=455592.269 ev.finalize=1.643ms
[labev] t=455592.269 ev.propose=0.002ms
[labev] t=455592.281 ev.verify=12.324ms
[labev] t=455592.283 ev.finalize=1.646ms
[labev] t=455592.283 ev.propose=0.002ms
[labev] t=455592.295 ev.verify=12.334ms
[labev] t=455592.297 ev.finalize=1.651ms
[labev] t=455592.297 ev.propose=0.002ms
[labev] t=455592.309 ev.verify=12.063ms
[labev] t=455592.311 ev.finalize=1.659ms
[labev] t=455592.311 ev.propose=0.002ms
[labev] t=455592.323 ev.verify=12.199ms
[labev] t=455592.325 ev.finalize=1.647ms
[labev] t=455592.325 ev.propose=0.002ms
[labev] t=455592.337 ev.verify=12.254ms
[labev] t=455592.339 ev.finalize=1.655ms
[labev] t=455592.339 ev.propose=0.002ms
[labev] t=455592.351 ev.verify=12.346ms
[labev] t=455592.354 ev.finalize=2.285ms
[labev] t=455592.354 ev.propose=0.002ms
[labev] t=455592.366 ev.verify=12.383ms
[labev] t=455592.368 ev.finalize=1.670ms
[labev] t=455592.368 ev.propose=0.002ms
[labev] t=455592.380 ev.verify=12.337ms
[labev] t=455592.382 ev.finalize=1.665ms
[labev] t=455592.382 ev.propose=0.002ms
[labev] t=455592.394 ev.verify=12.259ms
[labev] t=455592.396 ev.finalize=1.655ms
[labev] t=455592.396 ev.propose=0.002ms
[labev] t=455592.408 ev.verify=12.170ms
[labev] t=455592.410 ev.finalize=1.656ms
[labev] t=455592.410 ev.propose=0.002ms
[labev] t=455592.422 ev.verify=12.299ms
[labev] t=455592.424 ev.finalize=1.650ms
[labev] t=455592.424 ev.propose=0.002ms
[labev] t=455592.436 ev.verify=12.200ms
[labev] t=455592.438 ev.finalize=1.656ms
[labev] t=455592.438 ev.propose=0.002ms
[labev] t=455592.450 ev.verify=12.236ms
[labev] t=455592.452 ev.finalize=1.623ms
[labev] t=455592.452 ev.propose=0.002ms
[labev] t=455592.464 ev.verify=12.268ms
[labev] t=455592.466 ev.finalize=1.668ms
[labev] t=455592.466 ev.propose=0.002ms
[labev] t=455592.479 ev.verify=12.348ms
[labev] t=455592.480 ev.finalize=1.662ms
[labev] t=455592.480 ev.propose=0.002ms
[labev] t=455592.493 ev.verify=12.335ms
[labev] t=455592.494 ev.finalize=1.624ms
[labev] t=455592.495 ev.propose=0.002ms
[labev] t=455592.507 ev.verify=12.274ms
[labev] t=455592.508 ev.finalize=1.650ms
[labev] t=455592.509 ev.propose=0.002ms
[labev] t=455592.521 ev.verify=12.278ms
[labev] t=455592.523 ev.finalize=1.618ms
[labev] t=455592.523 ev.propose=0.002ms
[labev] t=455592.535 ev.verify=12.005ms
[labev] t=455592.536 ev.finalize=1.679ms
[labev] t=455592.536 ev.propose=0.002ms
[labev] t=455592.549 ev.verify=12.122ms
[labev] t=455592.550 ev.finalize=1.688ms
[labev] t=455592.550 ev.propose=0.002ms
[labev] t=455592.563 ev.verify=12.122ms
[labev] t=455592.564 ev.finalize=1.654ms
[labev] t=455592.564 ev.propose=0.002ms
[labev] t=455592.577 ev.verify=12.148ms
[labev] t=455592.578 ev.finalize=1.677ms
[labev] t=455592.578 ev.propose=0.002ms
[labev] t=455592.591 ev.verify=12.137ms
[labev] t=455592.593 ev.finalize=2.291ms
[labev] t=455592.593 ev.propose=0.002ms
[labev] t=455592.605 ev.verify=12.157ms
[labev] t=455592.607 ev.finalize=1.643ms
[labev] t=455592.607 ev.propose=0.002ms
[labev] t=455592.619 ev.verify=12.097ms
[labev] t=455592.621 ev.finalize=1.722ms
[labev] t=455592.621 ev.propose=0.002ms
[labev] t=455592.633 ev.verify=12.276ms
[labev] t=455592.635 ev.finalize=1.673ms
[labev] t=455592.635 ev.propose=0.002ms
[labev] t=455592.647 ev.verify=12.270ms
[labev] t=455592.649 ev.finalize=1.652ms
[labev] t=455592.649 ev.propose=0.002ms
[labev] t=455592.661 ev.verify=12.103ms
[labev] t=455592.663 ev.finalize=1.680ms
[labev] t=455592.663 ev.propose=0.002ms
[labev] t=455592.675 ev.verify=12.267ms
[labev] t=455592.677 ev.finalize=1.658ms
[labev] t=455592.677 ev.propose=0.002ms
[labev] t=455592.689 ev.verify=12.048ms
[labev] t=455592.691 ev.finalize=1.677ms
[labev] t=455592.691 ev.propose=0.002ms
[labev] t=455592.703 ev.verify=12.329ms
[labev] t=455592.705 ev.finalize=1.664ms
[labev] t=455592.705 ev.propose=0.002ms
[labev] t=455592.717 ev.verify=12.122ms
[labev] t=455592.719 ev.finalize=1.680ms
[labev] t=455592.719 ev.propose=0.002ms
[labev] t=455592.731 ev.verify=12.122ms
[labev] t=455592.733 ev.finalize=1.692ms
[labev] t=455592.733 ev.propose=0.002ms
[labev] t=455592.745 ev.verify=12.213ms
[labev] t=455592.747 ev.finalize=1.710ms
[labev] t=455592.747 ev.propose=0.002ms
[labev] t=455592.759 ev.verify=12.146ms
[labev] t=455592.761 ev.finalize=1.746ms
[labev] t=455592.761 ev.propose=0.002ms
[labev] t=455592.773 ev.verify=12.305ms
[labev] t=455592.775 ev.finalize=1.651ms
[labev] t=455592.775 ev.propose=0.002ms
[labev] t=455592.787 ev.verify=12.159ms
[labev] t=455592.789 ev.finalize=1.897ms
[labev] t=455592.789 ev.propose=0.002ms
[labev] t=455592.802 ev.verify=12.212ms
[labev] t=455592.803 ev.finalize=1.660ms
[labev] t=455592.803 ev.propose=0.002ms
[labev] t=455592.816 ev.verify=12.343ms
[labev] t=455592.818 ev.finalize=2.318ms
[labev] t=455592.818 ev.propose=0.002ms
[labev] t=455592.830 ev.verify=12.262ms
[labev] t=455592.832 ev.finalize=1.682ms
[labev] t=455592.832 ev.propose=0.002ms
[labev] t=455592.844 ev.verify=12.183ms
[labev] t=455592.846 ev.finalize=1.654ms
[labev] t=455592.846 ev.propose=0.002ms
[labev] t=455592.859 ev.verify=12.202ms
[labev] t=455592.860 ev.finalize=1.687ms
[labev] t=455592.860 ev.propose=0.002ms
[labev] t=455592.872 ev.verify=12.155ms
[labev] t=455592.874 ev.finalize=1.639ms
[labev] t=455592.874 ev.propose=0.002ms
[labev] t=455592.886 ev.verify=12.107ms
[labev] t=455592.888 ev.finalize=1.696ms
[labev] t=455592.888 ev.propose=0.002ms
[labev] t=455592.900 ev.verify=12.205ms
[labev] t=455592.902 ev.finalize=1.639ms
[labev] t=455592.902 ev.propose=0.002ms
[labev] t=455592.915 ev.verify=12.366ms
[labev] t=455592.916 ev.finalize=1.638ms
[labev] t=455592.916 ev.propose=0.002ms
[labev] t=455592.929 ev.verify=12.335ms
[labev] t=455592.930 ev.finalize=1.629ms
[labev] t=455592.931 ev.propose=0.002ms
[labev] t=455592.943 ev.verify=12.275ms
[labev] t=455592.944 ev.finalize=1.661ms
[labev] t=455592.945 ev.propose=0.002ms
[labev] t=455592.957 ev.verify=12.197ms
[labev] t=455592.959 ev.finalize=1.657ms
[labev] t=455592.959 ev.propose=0.002ms
[labev] t=455592.971 ev.verify=12.159ms
[labev] t=455592.972 ev.finalize=1.550ms
[labev] t=455592.972 ev.propose=0.002ms
[labev] t=455592.985 ev.verify=12.211ms
[labev] t=455592.986 ev.finalize=1.556ms
[labev] t=455592.986 ev.propose=0.002ms
[labev] t=455592.999 ev.verify=12.126ms
[labev] t=455593.000 ev.finalize=1.542ms
[labev] t=455593.000 ev.propose=0.002ms
[labev] t=455593.012 ev.verify=12.132ms
[labev] t=455593.014 ev.finalize=1.673ms
[labev] t=455593.014 ev.propose=0.002ms
[labev] t=455593.026 ev.verify=12.158ms
[labev] t=455593.028 ev.finalize=1.660ms
[labev] t=455593.028 ev.propose=0.002ms
[labev] t=455593.040 ev.verify=12.069ms
[labev] t=455593.042 ev.finalize=1.525ms
[labev] t=455593.042 ev.propose=0.002ms
[labev] t=455593.054 ev.verify=12.154ms
[labev] t=455593.056 ev.finalize=1.644ms
[labev] t=455593.056 ev.propose=0.002ms
[labev] t=455593.068 ev.verify=12.293ms
[labev] t=455593.071 ev.finalize=2.317ms
[labev] t=455593.071 ev.propose=0.002ms
[labev] t=455593.083 ev.verify=12.437ms
[labev] t=455593.085 ev.finalize=1.579ms
[labev] t=455593.085 ev.propose=0.002ms
[labev] t=455593.097 ev.verify=12.049ms
[labev] t=455593.099 ev.finalize=1.671ms
[labev] t=455593.099 ev.propose=0.002ms
[labev] t=455593.111 ev.verify=12.389ms
[labev] t=455593.113 ev.finalize=1.656ms
[labev] t=455593.113 ev.propose=0.002ms
[labev] t=455593.125 ev.verify=12.183ms
[labev] t=455593.127 ev.finalize=1.668ms
[labev] t=455593.127 ev.propose=0.002ms
[labev] t=455593.139 ev.verify=12.231ms
[labev] t=455593.141 ev.finalize=1.638ms
[labev] t=455593.141 ev.propose=0.002ms
[labev] t=455593.153 ev.verify=12.064ms
[labev] t=455593.155 ev.finalize=1.587ms
[labev] t=455593.155 ev.propose=0.002ms
[labev] t=455593.167 ev.verify=12.476ms
[labev] t=455593.169 ev.finalize=1.613ms
[labev] t=455593.169 ev.propose=0.002ms
[labev] t=455593.181 ev.verify=12.275ms
[labev] t=455593.183 ev.finalize=1.639ms
[labev] t=455593.183 ev.propose=0.002ms
[labev] t=455593.196 ev.verify=12.431ms
[labev] t=455593.197 ev.finalize=1.702ms
[labev] t=455593.197 ev.propose=0.002ms
[labev] t=455593.210 ev.verify=12.181ms
[labev] t=455593.211 ev.finalize=1.650ms
[labev] t=455593.211 ev.propose=0.002ms
[labev] t=455593.224 ev.verify=12.213ms
[labev] t=455593.225 ev.finalize=1.682ms
[labev] t=455593.225 ev.propose=0.002ms
[labev] t=455593.238 ev.verify=12.153ms
[labev] t=455593.239 ev.finalize=1.679ms
[labev] t=455593.239 ev.propose=0.002ms
[labev] t=455593.252 ev.verify=12.399ms
[labev] t=455593.254 ev.finalize=1.657ms
[labev] t=455593.254 ev.propose=0.002ms
[labev] t=455593.266 ev.verify=12.296ms
[labev] t=455593.268 ev.finalize=1.652ms
[labev] t=455593.268 ev.propose=0.002ms
[labev] t=455593.280 ev.verify=12.373ms
[labev] t=455593.282 ev.finalize=1.676ms
[labev] t=455593.282 ev.propose=0.002ms
[labev] t=455593.294 ev.verify=12.261ms
[labev] t=455593.296 ev.finalize=1.716ms
[labev] t=455593.296 ev.propose=0.002ms
[labev] t=455593.308 ev.verify=12.282ms
[labev] t=455593.311 ev.finalize=2.340ms
[labev] t=455593.311 ev.propose=0.002ms
[labev] t=455593.323 ev.verify=12.377ms
[labev] t=455593.325 ev.finalize=1.626ms
[labev] t=455593.325 ev.propose=0.002ms
[labev] t=455593.337 ev.verify=12.402ms
[labev] t=455593.339 ev.finalize=1.569ms
[labev] t=455593.339 ev.propose=0.002ms
[labev] t=455593.351 ev.verify=12.163ms
[labev] t=455593.353 ev.finalize=1.666ms
[labev] t=455593.353 ev.propose=0.002ms
[labev] t=455593.365 ev.verify=12.175ms
[labev] t=455593.367 ev.finalize=1.651ms
[labev] t=455593.367 ev.propose=0.002ms
[labev] t=455593.379 ev.verify=12.290ms
[labev] t=455593.381 ev.finalize=1.580ms
[labev] t=455593.381 ev.propose=0.002ms
[labev] t=455593.393 ev.verify=12.279ms
[labev] t=455593.395 ev.finalize=1.690ms
[labev] t=455593.395 ev.propose=0.002ms
[labev] t=455593.407 ev.verify=11.980ms
[labev] t=455593.409 ev.finalize=1.624ms
[labev] t=455593.409 ev.propose=0.002ms
[labev] t=455593.421 ev.verify=12.046ms
[labev] t=455593.423 ev.finalize=1.672ms
[labev] t=455593.423 ev.propose=0.002ms
[labev] t=455593.435 ev.verify=12.275ms
[labev] t=455593.437 ev.finalize=1.721ms
[labev] t=455593.437 ev.propose=0.002ms
[labev] t=455593.449 ev.verify=12.291ms
[labev] t=455593.451 ev.finalize=1.732ms
[labev] t=455593.451 ev.propose=0.002ms
[labev] t=455593.463 ev.verify=12.083ms
[labev] t=455593.465 ev.finalize=1.744ms
[labev] t=455593.465 ev.propose=0.002ms
[labev] t=455593.477 ev.verify=12.123ms
[labev] t=455593.479 ev.finalize=1.758ms
[labev] t=455593.479 ev.propose=0.002ms
[labev] t=455593.492 ev.verify=12.410ms
[labev] t=455593.493 ev.finalize=1.670ms
[labev] t=455593.493 ev.propose=0.002ms
[labev] t=455593.506 ev.verify=12.346ms
[labev] t=455593.507 ev.finalize=1.664ms
[labev] t=455593.508 ev.propose=0.002ms
[labev] t=455593.520 ev.verify=12.144ms
[labev] t=455593.521 ev.finalize=1.688ms
[labev] t=455593.522 ev.propose=0.002ms
[labev] t=455593.534 ev.verify=12.304ms
[labev] t=455593.536 ev.finalize=1.683ms
[labev] t=455593.536 ev.propose=0.002ms
[labev] t=455593.548 ev.verify=12.287ms
[labev] t=455593.550 ev.finalize=2.340ms
[labev] t=455593.550 ev.propose=0.002ms
[labev] t=455593.563 ev.verify=12.386ms
[labev] t=455593.564 ev.finalize=1.568ms
[labev] t=455593.565 ev.propose=0.002ms
[labev] t=455593.577 ev.verify=12.185ms
[labev] t=455593.578 ev.finalize=1.672ms
[labev] t=455593.579 ev.propose=0.002ms
[labev] t=455593.591 ev.verify=12.194ms
[labev] t=455593.592 ev.finalize=1.658ms
[labev] t=455593.593 ev.propose=0.002ms
[labev] t=455593.605 ev.verify=12.364ms
[labev] t=455593.607 ev.finalize=1.642ms
[labev] t=455593.607 ev.propose=0.002ms
[labev] t=455593.619 ev.verify=12.251ms
[labev] t=455593.621 ev.finalize=1.574ms
[labev] t=455593.621 ev.propose=0.002ms
[labev] t=455593.633 ev.verify=12.170ms
[labev] t=455593.635 ev.finalize=1.551ms
[labev] t=455593.635 ev.propose=0.002ms
[labev] t=455593.647 ev.verify=12.266ms
[labev] t=455593.649 ev.finalize=1.561ms
[labev] t=455593.649 ev.propose=0.002ms
[labev] t=455593.661 ev.verify=12.349ms
[labev] t=455593.663 ev.finalize=1.563ms
[labev] t=455593.663 ev.propose=0.002ms
[labev] t=455593.675 ev.verify=12.440ms
[labev] t=455593.677 ev.finalize=1.665ms
[labev] t=455593.677 ev.propose=0.002ms
[labev] t=455593.689 ev.verify=12.216ms
[labev] t=455593.691 ev.finalize=1.678ms
[labev] t=455593.691 ev.propose=0.002ms
[labev] t=455593.703 ev.verify=12.364ms
[labev] t=455593.705 ev.finalize=1.663ms
[labev] t=455593.705 ev.propose=0.002ms
[labev] t=455593.718 ev.verify=12.355ms
[labev] t=455593.719 ev.finalize=1.561ms
[labev] t=455593.719 ev.propose=0.002ms
[labev] t=455593.731 ev.verify=12.263ms
[labev] t=455593.733 ev.finalize=1.681ms
[labev] t=455593.733 ev.propose=0.002ms
[labev] t=455593.746 ev.verify=12.211ms
[labev] t=455593.747 ev.finalize=1.679ms
[labev] t=455593.747 ev.propose=0.002ms
[labev] t=455593.760 ev.verify=12.232ms
[labev] t=455593.761 ev.finalize=1.657ms
[labev] t=455593.761 ev.propose=0.002ms
[labev] t=455593.774 ev.verify=12.169ms
[labev] t=455593.775 ev.finalize=1.696ms
[labev] t=455593.775 ev.propose=0.002ms
[labev] t=455593.788 ev.verify=12.434ms
[labev] t=455593.790 ev.finalize=1.686ms
[labev] t=455593.790 ev.propose=0.002ms
[labev] t=455593.802 ev.verify=12.173ms
[labev] t=455593.804 ev.finalize=1.688ms
[labev] t=455593.804 ev.propose=0.002ms
[labev] t=455593.816 ev.verify=12.382ms
[labev] t=455593.818 ev.finalize=1.580ms
[labev] t=455593.818 ev.propose=0.002ms
[labev] t=455593.830 ev.verify=12.402ms
[labev] t=455593.832 ev.finalize=2.125ms
[labev] t=455593.832 ev.propose=0.002ms
[labev] t=455593.845 ev.verify=12.312ms
[labev] t=455593.847 ev.finalize=1.662ms
[labev] t=455593.847 ev.propose=0.002ms
[labev] t=455593.859 ev.verify=12.297ms
[labev] t=455593.861 ev.finalize=1.659ms
[labev] t=455593.861 ev.propose=0.002ms
[labev] t=455593.873 ev.verify=12.349ms
[labev] t=455593.875 ev.finalize=1.545ms
[labev] t=455593.875 ev.propose=0.002ms
[labev] t=455593.887 ev.verify=12.273ms
[labev] t=455593.889 ev.finalize=1.688ms
[labev] t=455593.889 ev.propose=0.002ms
[labev] t=455593.901 ev.verify=12.328ms
[labev] t=455593.903 ev.finalize=1.665ms
[labev] t=455593.903 ev.propose=0.002ms
[labev] t=455593.915 ev.verify=12.348ms
[labev] t=455593.917 ev.finalize=1.594ms
[labev] t=455593.917 ev.propose=0.002ms
[labev] t=455593.929 ev.verify=12.302ms
[labev] t=455593.931 ev.finalize=1.639ms
[labev] t=455593.931 ev.propose=0.002ms
[labev] t=455593.944 ev.verify=12.354ms
[labev] t=455593.945 ev.finalize=1.554ms
[labev] t=455593.945 ev.propose=0.002ms
[labev] t=455593.958 ev.verify=12.399ms
[labev] t=455593.959 ev.finalize=1.690ms
[labev] t=455593.960 ev.propose=0.002ms
[labev] t=455593.972 ev.verify=12.287ms
[labev] t=455593.974 ev.finalize=1.677ms
[labev] t=455593.974 ev.propose=0.002ms
[labev] t=455593.986 ev.verify=12.315ms
[labev] t=455593.988 ev.finalize=1.663ms
[labev] t=455593.988 ev.propose=0.002ms
[labev] t=455594.000 ev.verify=12.440ms
[labev] t=455594.002 ev.finalize=1.684ms
[labev] t=455594.002 ev.propose=0.002ms
[labev] t=455594.014 ev.verify=12.284ms
[labev] t=455594.016 ev.finalize=1.690ms
[labev] t=455594.016 ev.propose=0.002ms
[labev] t=455594.029 ev.verify=12.342ms
[labev] t=455594.030 ev.finalize=1.687ms
[labev] t=455594.030 ev.propose=0.002ms
[labev] t=455594.043 ev.verify=12.426ms
[labev] t=455594.045 ev.finalize=1.675ms
[labev] t=455594.045 ev.propose=0.002ms
[labev] t=455594.057 ev.verify=12.266ms
[labev] t=455594.059 ev.finalize=1.571ms
[labev] t=455594.059 ev.propose=0.002ms
[labev] t=455594.071 ev.verify=12.285ms
[labev] t=455594.073 ev.finalize=1.667ms
[labev] t=455594.073 ev.propose=0.002ms
[labev] t=455594.085 ev.verify=12.069ms
[labev] t=455594.087 ev.finalize=2.341ms
[labev] t=455594.087 ev.propose=0.002ms
[labev] t=455594.100 ev.verify=12.335ms
[labev] t=455594.101 ev.finalize=1.554ms
[labev] t=455594.101 ev.propose=0.002ms
[labev] t=455594.114 ev.verify=12.161ms
[labev] t=455594.115 ev.finalize=1.555ms
[labev] t=455594.115 ev.propose=0.002ms
[labev] t=455594.128 ev.verify=12.411ms
[labev] t=455594.129 ev.finalize=1.682ms
[labev] t=455594.129 ev.propose=0.002ms
[labev] t=455594.142 ev.verify=12.221ms
[labev] t=455594.143 ev.finalize=1.701ms
[labev] t=455594.144 ev.propose=0.002ms
[labev] t=455594.156 ev.verify=12.136ms
[labev] t=455594.157 ev.finalize=1.590ms
[labev] t=455594.157 ev.propose=0.002ms
[labev] t=455594.170 ev.verify=12.121ms
[labev] t=455594.171 ev.finalize=1.587ms
[labev] t=455594.171 ev.propose=0.002ms
[labev] t=455594.183 ev.verify=12.135ms
[labev] t=455594.185 ev.finalize=1.561ms
[labev] t=455594.185 ev.propose=0.002ms
[labev] t=455594.197 ev.verify=12.216ms
[labev] t=455594.199 ev.finalize=1.588ms
[labev] t=455594.199 ev.propose=0.002ms
[labev] t=455594.211 ev.verify=12.203ms
[labev] t=455594.213 ev.finalize=1.674ms
[labev] t=455594.213 ev.propose=0.002ms
[labev] t=455594.226 ev.verify=12.385ms
[labev] t=455594.227 ev.finalize=1.663ms
[labev] t=455594.227 ev.propose=0.002ms
[labev] t=455594.240 ev.verify=12.266ms
[labev] t=455594.241 ev.finalize=1.560ms
[labev] t=455594.241 ev.propose=0.002ms
[labev] t=455594.254 ev.verify=12.399ms
[labev] t=455594.255 ev.finalize=1.565ms
[labev] t=455594.255 ev.propose=0.002ms
[labev] t=455594.268 ev.verify=12.262ms
[labev] t=455594.269 ev.finalize=1.703ms
[labev] t=455594.270 ev.propose=0.002ms
[labev] t=455594.282 ev.verify=12.125ms
[labev] t=455594.283 ev.finalize=1.667ms
[labev] t=455594.284 ev.propose=0.002ms
[labev] t=455594.296 ev.verify=12.314ms
[labev] t=455594.297 ev.finalize=1.557ms
[labev] t=455594.298 ev.propose=0.002ms
[labev] t=455594.310 ev.verify=12.400ms
[labev] t=455594.312 ev.finalize=1.665ms
[labev] t=455594.312 ev.propose=0.002ms
[labev] t=455594.324 ev.verify=12.181ms
[labev] t=455594.326 ev.finalize=1.687ms
[labev] t=455594.326 ev.propose=0.001ms
[labev] t=455594.338 ev.verify=12.403ms
[labev] t=455594.340 ev.finalize=1.554ms
[labev] t=455594.340 ev.propose=0.002ms
[labev] t=455594.352 ev.verify=12.278ms
[labev] t=455594.354 ev.finalize=1.513ms
[labev] t=455594.354 ev.propose=0.002ms
[labev] t=455594.366 ev.verify=12.170ms
[labev] t=455594.368 ev.finalize=1.653ms
[labev] t=455594.368 ev.propose=0.002ms
[labev] t=455594.380 ev.verify=12.212ms
[labev] t=455594.382 ev.finalize=1.628ms
[labev] t=455594.382 ev.propose=0.002ms
[labev] t=455594.394 ev.verify=12.397ms
[labev] t=455594.397 ev.finalize=2.321ms
[labev] t=455594.397 ev.propose=0.002ms
[labev] t=455594.409 ev.verify=12.157ms
[labev] t=455594.411 ev.finalize=1.656ms
[labev] t=455594.411 ev.propose=0.002ms
[labev] t=455594.423 ev.verify=12.297ms
[labev] t=455594.425 ev.finalize=1.577ms
[labev] t=455594.425 ev.propose=0.002ms
[labev] t=455594.437 ev.verify=12.385ms
[labev] t=455594.439 ev.finalize=1.573ms
[labev] t=455594.439 ev.propose=0.002ms
[labev] t=455594.451 ev.verify=12.249ms
[labev] t=455594.453 ev.finalize=1.688ms
[labev] t=455594.453 ev.propose=0.002ms
[labev] t=455594.465 ev.verify=12.406ms
[labev] t=455594.467 ev.finalize=1.562ms
[labev] t=455594.467 ev.propose=0.002ms
[labev] t=455594.479 ev.verify=12.253ms
[labev] t=455594.481 ev.finalize=1.687ms
[labev] t=455594.481 ev.propose=0.002ms
[labev] t=455594.494 ev.verify=12.426ms
[labev] t=455594.495 ev.finalize=1.718ms
[labev] t=455594.495 ev.propose=0.002ms
[labev] t=455594.508 ev.verify=12.360ms
[labev] t=455594.510 ev.finalize=1.690ms
[labev] t=455594.510 ev.propose=0.002ms
[labev] t=455594.522 ev.verify=12.335ms
[labev] t=455594.524 ev.finalize=1.553ms
[labev] t=455594.524 ev.propose=0.002ms
[labev] t=455594.536 ev.verify=11.997ms
[labev] t=455594.537 ev.finalize=1.680ms
[labev] t=455594.538 ev.propose=0.002ms
[labev] t=455594.550 ev.verify=12.350ms
[labev] t=455594.552 ev.finalize=1.580ms
[labev] t=455594.552 ev.propose=0.002ms
[labev] t=455594.564 ev.verify=12.226ms
[labev] t=455594.566 ev.finalize=1.576ms
[labev] t=455594.566 ev.propose=0.002ms
[labev] t=455594.578 ev.verify=12.308ms
[labev] t=455594.580 ev.finalize=1.555ms
[labev] t=455594.580 ev.propose=0.002ms
[labev] t=455594.592 ev.verify=12.483ms
[labev] t=455594.594 ev.finalize=1.555ms
[labev] t=455594.594 ev.propose=0.002ms
[labev] t=455594.606 ev.verify=12.303ms
[labev] t=455594.608 ev.finalize=1.694ms
[labev] t=455594.608 ev.propose=0.002ms
[labev] t=455594.620 ev.verify=12.453ms
[labev] t=455594.622 ev.finalize=1.676ms
[labev] t=455594.622 ev.propose=0.002ms
[labev] t=455594.634 ev.verify=12.108ms
[labev] t=455594.636 ev.finalize=1.670ms
[labev] t=455594.636 ev.propose=0.002ms
[labev] t=455594.649 ev.verify=12.380ms
[labev] t=455594.650 ev.finalize=1.699ms
[labev] t=455594.650 ev.propose=0.002ms
[labev] t=455594.663 ev.verify=12.049ms
[labev] t=455594.664 ev.finalize=1.669ms
[labev] t=455594.664 ev.propose=0.002ms
[labev] t=455594.677 ev.verify=12.244ms
[labev] t=455594.679 ev.finalize=2.225ms
[labev] t=455594.679 ev.propose=0.002ms
[labev] t=455594.691 ev.verify=12.238ms
[labev] t=455594.693 ev.finalize=1.685ms
[labev] t=455594.693 ev.propose=0.002ms
[labev] t=455594.705 ev.verify=12.330ms
[labev] t=455594.707 ev.finalize=1.603ms
[labev] t=455594.707 ev.propose=0.002ms
[labev] t=455594.719 ev.verify=12.205ms
[labev] t=455594.721 ev.finalize=1.700ms
[labev] t=455594.721 ev.propose=0.002ms
[labev] t=455594.733 ev.verify=12.173ms
[labev] t=455594.735 ev.finalize=1.698ms
[labev] t=455594.735 ev.propose=0.002ms
[labev] t=455594.748 ev.verify=12.394ms
[labev] t=455594.749 ev.finalize=1.676ms
[labev] t=455594.749 ev.propose=0.002ms
[labev] t=455594.762 ev.verify=12.162ms
[labev] t=455594.763 ev.finalize=1.660ms
[labev] t=455594.763 ev.propose=0.002ms
[labev] t=455594.776 ev.verify=12.200ms
[labev] t=455594.777 ev.finalize=1.684ms
[labev] t=455598.639 req.start s1-p4096-o512-b3-r0=0.001ms
[labev] t=455598.639 req.handle=0.065ms
[labev] t=455598.661 tok.prepare=22.650ms
event=batching_admitted action=scheduler_admitted
[labev] t=455598.970 chunk.ord.total=308.195ms
[labev] t=455599.224 chunk.ord.total=253.721ms
[labev] t=455599.480 chunk.ord.total=256.167ms
[labev] t=455599.737 chunk.ord.total=257.352ms
[labev] t=455599.998 chunk.ord.total=260.835ms
[labev] t=455600.263 chunk.ord.total=264.836ms
[labev] t=455600.542 chunk.ord.total=278.841ms
[labev] t=455600.850 chunk.ord.total=307.264ms
[labev] t=455600.850 req.firsttoken s1-p4096-o512-b3-r0=2211.196ms
[labev] t=455600.990 ev.decode.rows1.cap0=139.837ms
[labev] t=455601.125 ev.decode.rows1.cap0=135.738ms
[labev] t=455601.261 ev.decode.rows1.cap0=135.559ms
[labev] t=455601.397 ev.decode.rows1.cap0=135.393ms
[labev] t=455601.534 ev.decode.rows1.cap0=137.313ms
[labev] t=455601.670 ev.decode.rows1.cap0=135.821ms
[labev] t=455601.806 ev.decode.rows1.cap0=135.543ms
[labev] t=455601.941 ev.decode.rows1.cap0=135.603ms
[labprof] d0.performDecode.call=135.627ms/n40 f0.finalize.total=1.676ms/n281 f1.finalize.build=0.472ms/n281 f2.finalize.eval=1.148ms/n281 fc.finalize.call=1.681ms/n281 o1.ord.build=1.168ms/n654 o2.ord.eval=7.294ms/n654 p0.propose=0.002ms/n281 r0.round.interval=14.074ms/n280 s1.native.prefill.target=40.206ms/n8 s1.ord.prefill.target=42.792ms/n15 s2.native.prefill.drafter+eval=238.026ms/n8 s2.ord.prefill.eval=231.950ms/n16 s9.native.prefill.chunk.total=278.271ms/n8 s9.ord.prefill.chunk.total=272.269ms/n16 v0.verify.call=12.233ms/n281 v1.verify.build=1.588ms/n281 v2.verify.eval=10.539ms/n281
[labev] t=455602.077 ev.decode.rows1.cap0=136.004ms
[labev] t=455602.213 ev.decode.rows1.cap0=135.548ms
[labev] t=455602.349 ev.decode.rows1.cap0=135.594ms
[labev] t=455602.484 ev.decode.rows1.cap0=135.500ms
[labev] t=455602.620 ev.decode.rows1.cap0=136.014ms
[labev] t=455602.756 ev.decode.rows1.cap0=135.627ms
[labev] t=455602.893 ev.decode.rows1.cap0=136.411ms
[labev] t=455603.029 ev.decode.rows1.cap0=136.606ms
[labev] t=455603.166 ev.decode.rows1.cap0=136.701ms
[labev] t=455603.303 ev.decode.rows1.cap0=136.369ms
[labev] t=455603.439 ev.decode.rows1.cap0=136.159ms
[labev] t=455603.575 ev.decode.rows1.cap0=136.527ms
[labev] t=455603.712 ev.decode.rows1.cap0=136.340ms
[labev] t=455603.848 ev.decode.rows1.cap0=136.375ms
[labev] t=455603.985 ev.decode.rows1.cap0=136.323ms
[labev] t=455604.121 ev.decode.rows1.cap0=136.482ms
[labev] t=455604.258 ev.decode.rows1.cap0=136.363ms
[labev] t=455604.394 ev.decode.rows1.cap0=136.489ms
[labev] t=455604.531 ev.decode.rows1.cap0=136.379ms
[labev] t=455604.668 ev.decode.rows1.cap0=136.550ms
[labev] t=455604.804 ev.decode.rows1.cap0=136.235ms
[labev] t=455604.941 ev.decode.rows1.cap0=136.564ms
[labev] t=455605.077 ev.decode.rows1.cap0=136.660ms
[labev] t=455605.206 ev.decode.rows1.cap0=128.581ms
[labev] t=455605.207 req.start s1-p4096-o512-b3-r0=0.000ms
[labev] t=455605.207 req.handle=0.018ms
[labev] t=455605.230 tok.prepare=22.562ms
event=batching_admitted action=scheduler_admitted
[labev] t=455605.496 chunk.native.total=266.245ms
[labev] t=455605.762 chunk.native.total=265.827ms
[labev] t=455606.032 chunk.native.total=269.570ms
[labev] t=455606.304 chunk.native.total=272.612ms
[labev] t=455606.580 chunk.native.total=275.437ms
[labev] t=455606.859 chunk.native.total=279.050ms
[labev] t=455607.142 chunk.native.total=282.962ms
[labev] t=455607.459 chunk.native.total=316.619ms
[labev] t=455607.459 req.firsttoken s1-p4096-o512-b3-r0=2251.826ms
[labev] t=455607.459 ev.propose=0.004ms
[labev] t=455607.471 ev.verify=12.415ms
[labev] t=455607.473 ev.finalize=1.674ms
[labev] t=455607.473 ev.propose=0.056ms
[labev] t=455607.486 ev.verify=12.534ms
[labev] t=455607.487 ev.finalize=1.659ms
[labev] t=455607.488 ev.propose=0.041ms
[labev] t=455607.500 ev.verify=12.258ms
[labev] t=455607.502 ev.finalize=1.669ms
[labev] t=455607.502 ev.propose=0.057ms
[labev] t=455607.514 ev.verify=12.174ms
[labev] t=455607.516 ev.finalize=1.651ms
[labev] t=455607.516 ev.propose=0.050ms
[labev] t=455607.528 ev.verify=12.267ms
[labev] t=455607.530 ev.finalize=1.640ms
[labev] t=455607.530 ev.propose=0.061ms
[labev] t=455607.542 ev.verify=12.290ms
[labev] t=455607.544 ev.finalize=1.657ms
[labev] t=455607.544 ev.propose=0.055ms
[labev] t=455607.557 ev.verify=12.445ms
[labev] t=455607.558 ev.finalize=1.613ms
[labev] t=455607.558 ev.propose=0.067ms
[labev] t=455607.571 ev.verify=12.370ms
[labev] t=455607.572 ev.finalize=1.613ms
[labev] t=455607.573 ev.propose=0.049ms
[labev] t=455607.585 ev.verify=12.104ms
[labev] t=455607.587 ev.finalize=2.280ms
[labev] t=455607.587 ev.propose=0.070ms
[labev] t=455607.600 ev.verify=12.330ms
[labev] t=455607.601 ev.finalize=1.612ms
[labev] t=455607.601 ev.propose=0.072ms
[labev] t=455607.614 ev.verify=12.208ms
[labev] t=455607.615 ev.finalize=1.605ms
[labev] t=455607.615 ev.propose=0.064ms
[labev] t=455607.628 ev.verify=12.144ms
[labev] t=455607.629 ev.finalize=1.573ms
[labev] t=455607.629 ev.propose=0.060ms
[labev] t=455607.642 ev.verify=12.177ms
[labev] t=455607.643 ev.finalize=1.585ms
[labev] t=455607.643 ev.propose=0.066ms
[labev] t=455607.656 ev.verify=12.212ms
[labev] t=455607.657 ev.finalize=1.658ms
[labev] t=455607.657 ev.propose=0.002ms
[labev] t=455607.670 ev.verify=12.368ms
[labev] t=455607.671 ev.finalize=1.553ms
[labev] t=455607.671 ev.propose=0.002ms
[labev] t=455607.684 ev.verify=12.266ms
[labev] t=455607.685 ev.finalize=1.649ms
[labev] t=455607.686 ev.propose=0.065ms
[labev] t=455607.698 ev.verify=12.167ms
[labev] t=455607.699 ev.finalize=1.615ms
[labev] t=455607.700 ev.propose=0.067ms
[labev] t=455607.712 ev.verify=12.099ms
[labev] t=455607.713 ev.finalize=1.690ms
[labev] t=455607.714 ev.propose=0.073ms
[labev] t=455607.726 ev.verify=12.162ms
[labev] t=455607.727 ev.finalize=1.614ms
[labev] t=455607.728 ev.propose=0.069ms
[labev] t=455607.740 ev.verify=12.152ms
[labev] t=455607.741 ev.finalize=1.714ms
[labev] t=455607.742 ev.propose=0.002ms
[labev] t=455607.754 ev.verify=12.171ms
[labev] t=455607.755 ev.finalize=1.627ms
[labev] t=455607.756 ev.propose=0.062ms
[labev] t=455607.768 ev.verify=12.226ms
[labev] t=455607.770 ev.finalize=1.670ms
[labev] t=455607.770 ev.propose=0.002ms
[labev] t=455607.782 ev.verify=12.339ms
[labev] t=455607.784 ev.finalize=1.657ms
[labev] t=455607.784 ev.propose=0.002ms
[labev] t=455607.796 ev.verify=12.183ms
[labev] t=455607.798 ev.finalize=1.640ms
[labev] t=455607.798 ev.propose=0.001ms
[labev] t=455607.810 ev.verify=12.200ms
[labev] t=455607.812 ev.finalize=1.626ms
[labev] t=455607.812 ev.propose=0.002ms
[labev] t=455607.824 ev.verify=12.310ms
[labev] t=455607.826 ev.finalize=2.256ms
[labev] t=455607.826 ev.propose=0.002ms
[labev] t=455607.839 ev.verify=12.318ms
[labev] t=455607.840 ev.finalize=1.653ms
[labev] t=455607.841 ev.propose=0.002ms
[labev] t=455607.853 ev.verify=12.261ms
[labev] t=455607.855 ev.finalize=1.603ms
[labev] t=455607.855 ev.propose=0.002ms
[labev] t=455607.867 ev.verify=12.243ms
[labev] t=455607.869 ev.finalize=1.637ms
[labev] t=455607.869 ev.propose=0.002ms
[labev] t=455607.881 ev.verify=12.208ms
[labev] t=455607.883 ev.finalize=1.672ms
[labev] t=455607.883 ev.propose=0.002ms
[labev] t=455607.895 ev.verify=12.190ms
[labev] t=455607.897 ev.finalize=1.679ms
[labev] t=455607.897 ev.propose=0.002ms
[labev] t=455607.909 ev.verify=12.161ms
[labev] t=455607.911 ev.finalize=1.655ms
[labev] t=455607.911 ev.propose=0.002ms
[labev] t=455607.923 ev.verify=12.183ms
[labev] t=455607.924 ev.finalize=1.623ms
[labev] t=455607.925 ev.propose=0.002ms
[labev] t=455607.937 ev.verify=12.331ms
[labev] t=455607.939 ev.finalize=1.606ms
[labev] t=455607.939 ev.propose=0.002ms
[labev] t=455607.951 ev.verify=12.126ms
[labev] t=455607.952 ev.finalize=1.606ms
[labev] t=455607.953 ev.propose=0.002ms
[labev] t=455607.965 ev.verify=12.144ms
[labev] t=455607.966 ev.finalize=1.667ms
[labev] t=455607.967 ev.propose=0.002ms
[labev] t=455607.979 ev.verify=12.401ms
[labev] t=455607.981 ev.finalize=1.643ms
[labev] t=455607.981 ev.propose=0.002ms
[labev] t=455607.993 ev.verify=12.359ms
[labev] t=455607.995 ev.finalize=1.627ms
[labev] t=455607.995 ev.propose=0.002ms
[labev] t=455608.007 ev.verify=12.124ms
[labev] t=455608.009 ev.finalize=1.593ms
[labev] t=455608.009 ev.propose=0.002ms
[labev] t=455608.021 ev.verify=12.019ms
[labev] t=455608.022 ev.finalize=1.651ms
[labev] t=455608.023 ev.propose=0.001ms
[labev] t=455608.035 ev.verify=12.182ms
[labev] t=455608.036 ev.finalize=1.632ms
[labev] t=455608.037 ev.propose=0.002ms
[labev] t=455608.049 ev.verify=12.324ms
[labev] t=455608.051 ev.finalize=2.289ms
[labev] t=455608.051 ev.propose=0.002ms
[labev] t=455608.064 ev.verify=12.459ms
[labev] t=455608.065 ev.finalize=1.659ms
[labev] t=455608.066 ev.propose=0.002ms
[labev] t=455608.078 ev.verify=12.463ms
[labev] t=455608.080 ev.finalize=1.659ms
[labev] t=455608.080 ev.propose=0.002ms
[labev] t=455608.092 ev.verify=12.136ms
[labev] t=455608.094 ev.finalize=1.644ms
[labev] t=455608.094 ev.propose=0.002ms
[labev] t=455608.106 ev.verify=12.151ms
[labev] t=455608.108 ev.finalize=1.639ms
[labev] t=455608.108 ev.propose=0.002ms
[labev] t=455608.120 ev.verify=12.323ms
[labev] t=455608.122 ev.finalize=1.641ms
[labev] t=455608.122 ev.propose=0.002ms
[labev] t=455608.134 ev.verify=12.168ms
[labev] t=455608.136 ev.finalize=1.632ms
[labev] t=455608.136 ev.propose=0.002ms
[labev] t=455608.148 ev.verify=12.263ms
[labev] t=455608.150 ev.finalize=1.640ms
[labev] t=455608.150 ev.propose=0.002ms
[labev] t=455608.162 ev.verify=12.207ms
[labev] t=455608.164 ev.finalize=1.644ms
[labev] t=455608.164 ev.propose=0.002ms
[labev] t=455608.176 ev.verify=12.275ms
[labev] t=455608.178 ev.finalize=1.548ms
[labev] t=455608.178 ev.propose=0.002ms
[labev] t=455608.190 ev.verify=12.211ms
[labev] t=455608.192 ev.finalize=1.606ms
[labev] t=455608.192 ev.propose=0.002ms
[labev] t=455608.204 ev.verify=12.351ms
[labev] t=455608.206 ev.finalize=1.613ms
[labev] t=455608.206 ev.propose=0.002ms
[labev] t=455608.218 ev.verify=12.304ms
[labev] t=455608.220 ev.finalize=1.619ms
[labev] t=455608.220 ev.propose=0.002ms
[labev] t=455608.232 ev.verify=12.355ms
[labev] t=455608.234 ev.finalize=1.635ms
[labev] t=455608.234 ev.propose=0.002ms
[labev] t=455608.246 ev.verify=12.224ms
[labev] t=455608.248 ev.finalize=1.648ms
[labev] t=455608.248 ev.propose=0.002ms
[labev] t=455608.260 ev.verify=12.227ms
[labev] t=455608.262 ev.finalize=1.540ms
[labev] t=455608.262 ev.propose=0.002ms
[labev] t=455608.274 ev.verify=12.190ms
[labev] t=455608.276 ev.finalize=1.537ms
[labev] t=455608.276 ev.propose=0.002ms
[labev] t=455608.288 ev.verify=12.371ms
[labev] t=455608.290 ev.finalize=1.630ms
[labev] t=455608.290 ev.propose=0.002ms
[labev] t=455608.302 ev.verify=12.171ms
[labev] t=455608.305 ev.finalize=2.302ms
[labev] t=455608.305 ev.propose=0.002ms
[labev] t=455608.317 ev.verify=12.369ms
[labev] t=455608.319 ev.finalize=1.534ms
[labev] t=455608.319 ev.propose=0.002ms
[labev] t=455608.331 ev.verify=12.104ms
[labev] t=455608.333 ev.finalize=1.666ms
[labev] t=455608.333 ev.propose=0.002ms
[labev] t=455608.345 ev.verify=12.340ms
[labev] t=455608.347 ev.finalize=1.542ms
[labev] t=455608.347 ev.propose=0.002ms
[labev] t=455608.359 ev.verify=12.151ms
[labev] t=455608.361 ev.finalize=1.654ms
[labev] t=455608.361 ev.propose=0.002ms
[labev] t=455608.373 ev.verify=12.078ms
[labev] t=455608.374 ev.finalize=1.543ms
[labev] t=455608.374 ev.propose=0.002ms
[labev] t=455608.386 ev.verify=12.061ms
[labev] t=455608.388 ev.finalize=1.679ms
[labev] t=455608.388 ev.propose=0.002ms
[labev] t=455608.401 ev.verify=12.231ms
[labev] t=455608.402 ev.finalize=1.696ms
[labev] t=455608.402 ev.propose=0.002ms
[labev] t=455608.414 ev.verify=11.972ms
[labev] t=455608.416 ev.finalize=1.557ms
[labev] t=455608.416 ev.propose=0.002ms
[labev] t=455608.428 ev.verify=12.285ms
[labev] t=455608.430 ev.finalize=1.568ms
[labev] t=455608.430 ev.propose=0.002ms
[labev] t=455608.442 ev.verify=12.352ms
[labev] t=455608.444 ev.finalize=1.507ms
[labev] t=455608.444 ev.propose=0.002ms
[labev] t=455608.456 ev.verify=12.271ms
[labev] t=455608.458 ev.finalize=1.539ms
[labev] t=455608.458 ev.propose=0.002ms
[labev] t=455608.470 ev.verify=12.150ms
[labev] t=455608.472 ev.finalize=1.541ms
[labev] t=455608.472 ev.propose=0.002ms
[labev] t=455608.484 ev.verify=11.979ms
[labev] t=455608.486 ev.finalize=1.675ms
[labev] t=455608.486 ev.propose=0.002ms
[labev] t=455608.498 ev.verify=12.290ms
[labev] t=455608.500 ev.finalize=1.645ms
[labev] t=455608.500 ev.propose=0.002ms
[labev] t=455608.512 ev.verify=12.148ms
[labev] t=455608.514 ev.finalize=1.619ms
[labev] t=455608.514 ev.propose=0.002ms
[labev] t=455608.526 ev.verify=12.267ms
[labev] t=455608.528 ev.finalize=1.644ms
[labev] t=455608.528 ev.propose=0.002ms
[labev] t=455608.540 ev.verify=12.485ms
[labev] t=455608.542 ev.finalize=1.655ms
[labev] t=455608.542 ev.propose=0.002ms
[labev] t=455608.554 ev.verify=12.193ms
[labev] t=455608.556 ev.finalize=1.664ms
[labev] t=455608.556 ev.propose=0.002ms
[labev] t=455608.568 ev.verify=12.401ms
[labev] t=455608.570 ev.finalize=1.662ms
[labev] t=455608.570 ev.propose=0.002ms
[labev] t=455608.583 ev.verify=12.322ms
[labev] t=455608.585 ev.finalize=2.286ms
[labev] t=455608.585 ev.propose=0.002ms
[labev] t=455608.597 ev.verify=12.329ms
[labev] t=455608.599 ev.finalize=1.655ms
[labev] t=455608.599 ev.propose=0.002ms
[labev] t=455608.611 ev.verify=12.247ms
[labev] t=455608.613 ev.finalize=1.641ms
[labev] t=455608.613 ev.propose=0.002ms
[labev] t=455608.625 ev.verify=12.204ms
[labev] t=455608.627 ev.finalize=1.638ms
[labev] t=455608.627 ev.propose=0.002ms
[labev] t=455608.639 ev.verify=12.170ms
[labev] t=455608.641 ev.finalize=1.620ms
[labev] t=455608.641 ev.propose=0.002ms
[labev] t=455608.653 ev.verify=12.024ms
[labev] t=455608.655 ev.finalize=1.644ms
[labev] t=455608.655 ev.propose=0.002ms
[labev] t=455608.667 ev.verify=12.252ms
[labev] t=455608.669 ev.finalize=1.729ms
[labev] t=455608.669 ev.propose=0.002ms
[labev] t=455608.681 ev.verify=12.410ms
[labev] t=455608.683 ev.finalize=1.633ms
[labev] t=455608.683 ev.propose=0.002ms
[labev] t=455608.696 ev.verify=12.245ms
[labev] t=455608.697 ev.finalize=1.670ms
[labev] t=455608.697 ev.propose=0.002ms
[labev] t=455608.710 ev.verify=12.322ms
[labev] t=455608.711 ev.finalize=1.616ms
[labev] t=455608.711 ev.propose=0.002ms
[labev] t=455608.724 ev.verify=12.234ms
[labev] t=455608.725 ev.finalize=1.662ms
[labev] t=455608.725 ev.propose=0.002ms
[labev] t=455608.738 ev.verify=12.053ms
[labev] t=455608.739 ev.finalize=1.651ms
[labev] t=455608.739 ev.propose=0.002ms
[labev] t=455608.752 ev.verify=12.253ms
[labev] t=455608.753 ev.finalize=1.641ms
[labev] t=455608.753 ev.propose=0.002ms
[labev] t=455608.765 ev.verify=12.027ms
[labev] t=455608.767 ev.finalize=1.717ms
[labev] t=455608.767 ev.propose=0.002ms
[labev] t=455608.780 ev.verify=12.344ms
[labev] t=455608.781 ev.finalize=1.684ms
[labev] t=455608.781 ev.propose=0.002ms
[labev] t=455608.794 ev.verify=12.161ms
[labev] t=455608.795 ev.finalize=1.670ms
[labev] t=455608.795 ev.propose=0.002ms
[labev] t=455608.808 ev.verify=12.297ms
[labev] t=455608.810 ev.finalize=2.311ms
[labev] t=455608.810 ev.propose=0.002ms
[labev] t=455608.823 ev.verify=12.393ms
[labev] t=455608.824 ev.finalize=1.661ms
[labev] t=455608.824 ev.propose=0.002ms
[labev] t=455608.837 ev.verify=12.315ms
[labev] t=455608.838 ev.finalize=1.639ms
[labev] t=455608.838 ev.propose=0.002ms
[labev] t=455608.851 ev.verify=12.199ms
[labev] t=455608.852 ev.finalize=1.653ms
[labev] t=455608.852 ev.propose=0.002ms
[labev] t=455608.865 ev.verify=12.253ms
[labev] t=455608.866 ev.finalize=1.660ms
[labev] t=455608.866 ev.propose=0.002ms
[labev] t=455608.879 ev.verify=12.347ms
[labev] t=455608.880 ev.finalize=1.536ms
[labev] t=455608.881 ev.propose=0.002ms
[labev] t=455608.893 ev.verify=12.253ms
[labev] t=455608.894 ev.finalize=1.632ms
[labev] t=455608.895 ev.propose=0.002ms
[labev] t=455608.907 ev.verify=12.297ms
[labev] t=455608.909 ev.finalize=1.654ms
[labev] t=455608.909 ev.propose=0.002ms
[labev] t=455608.921 ev.verify=12.129ms
[labev] t=455608.922 ev.finalize=1.649ms
[labev] t=455608.923 ev.propose=0.002ms
[labev] t=455608.935 ev.verify=12.255ms
[labev] t=455608.937 ev.finalize=1.671ms
[labev] t=455608.937 ev.propose=0.002ms
[labev] t=455608.949 ev.verify=12.356ms
[labev] t=455608.951 ev.finalize=1.635ms
[labev] t=455608.951 ev.propose=0.002ms
[labev] t=455608.963 ev.verify=12.114ms
[labev] t=455608.965 ev.finalize=1.625ms
[labev] t=455608.965 ev.propose=0.002ms
[labev] t=455608.977 ev.verify=12.164ms
[labev] t=455608.979 ev.finalize=1.634ms
[labev] t=455608.979 ev.propose=0.002ms
[labev] t=455608.991 ev.verify=12.416ms
[labev] t=455608.993 ev.finalize=1.532ms
[labev] t=455608.993 ev.propose=0.002ms
[labev] t=455609.005 ev.verify=12.189ms
[labev] t=455609.007 ev.finalize=1.649ms
[labev] t=455609.007 ev.propose=0.002ms
[labev] t=455609.019 ev.verify=12.387ms
[labev] t=455609.021 ev.finalize=1.624ms
[labev] t=455609.021 ev.propose=0.002ms
[labev] t=455609.033 ev.verify=12.398ms
[labev] t=455609.035 ev.finalize=1.657ms
[labev] t=455609.035 ev.propose=0.002ms
[labev] t=455609.047 ev.verify=12.301ms
[labev] t=455609.050 ev.finalize=2.233ms
[labev] t=455609.050 ev.propose=0.002ms
[labev] t=455609.062 ev.verify=12.275ms
[labev] t=455609.064 ev.finalize=1.671ms
[labev] t=455609.064 ev.propose=0.002ms
[labev] t=455609.076 ev.verify=12.452ms
[labev] t=455609.078 ev.finalize=1.641ms
[labev] t=455609.078 ev.propose=0.002ms
[labev] t=455609.090 ev.verify=12.043ms
[labev] t=455609.092 ev.finalize=1.631ms
[labev] t=455609.092 ev.propose=0.002ms
[labev] t=455609.104 ev.verify=12.198ms
[labev] t=455609.106 ev.finalize=1.656ms
[labev] t=455609.106 ev.propose=0.001ms
[labev] t=455609.118 ev.verify=12.244ms
[labev] t=455609.120 ev.finalize=1.676ms
[labev] t=455609.120 ev.propose=0.002ms
[labev] t=455609.132 ev.verify=12.323ms
[labev] t=455609.134 ev.finalize=1.547ms
[labev] t=455609.134 ev.propose=0.002ms
[labev] t=455609.146 ev.verify=12.212ms
[labev] t=455609.148 ev.finalize=1.595ms
[labev] t=455609.148 ev.propose=0.002ms
[labev] t=455609.160 ev.verify=12.258ms
[labev] t=455609.162 ev.finalize=1.864ms
[labev] t=455609.162 ev.propose=0.002ms
[labev] t=455609.174 ev.verify=12.230ms
[labev] t=455609.176 ev.finalize=1.684ms
[labev] t=455609.176 ev.propose=0.002ms
[labev] t=455609.188 ev.verify=12.134ms
[labev] t=455609.190 ev.finalize=1.582ms
[labev] t=455609.190 ev.propose=0.002ms
[labev] t=455609.202 ev.verify=12.187ms
[labev] t=455609.204 ev.finalize=1.648ms
[labev] t=455609.204 ev.propose=0.002ms
[labev] t=455609.216 ev.verify=12.300ms
[labev] t=455609.218 ev.finalize=1.531ms
[labev] t=455609.218 ev.propose=0.002ms
[labev] t=455609.231 ev.verify=12.366ms
[labev] t=455609.232 ev.finalize=1.618ms
[labev] t=455609.232 ev.propose=0.002ms
[labev] t=455609.245 ev.verify=12.227ms
[labev] t=455609.246 ev.finalize=1.666ms
[labev] t=455609.246 ev.propose=0.002ms
[labev] t=455609.259 ev.verify=12.194ms
[labev] t=455609.260 ev.finalize=1.627ms
[labev] t=455609.260 ev.propose=0.002ms
[labev] t=455609.273 ev.verify=12.331ms
[labev] t=455609.274 ev.finalize=1.617ms
[labev] t=455609.274 ev.propose=0.002ms
[labev] t=455609.287 ev.verify=12.334ms
[labev] t=455609.288 ev.finalize=1.545ms
[labev] t=455609.288 ev.propose=0.002ms
[labev] t=455609.301 ev.verify=12.220ms
[labev] t=455609.303 ev.finalize=2.317ms
[labev] t=455609.303 ev.propose=0.002ms
[labev] t=455609.315 ev.verify=12.276ms
[labev] t=455609.317 ev.finalize=1.707ms
[labev] t=455609.317 ev.propose=0.002ms
[labev] t=455609.330 ev.verify=12.322ms
[labev] t=455609.331 ev.finalize=1.662ms
[labev] t=455609.331 ev.propose=0.002ms
[labev] t=455609.344 ev.verify=12.221ms
[labev] t=455609.345 ev.finalize=1.641ms
[labev] t=455609.345 ev.propose=0.002ms
[labev] t=455609.358 ev.verify=12.157ms
[labev] t=455609.359 ev.finalize=1.680ms
[labev] t=455609.359 ev.propose=0.002ms
[labev] t=455609.372 ev.verify=12.237ms
[labev] t=455609.373 ev.finalize=1.661ms
[labev] t=455609.373 ev.propose=0.002ms
[labev] t=455609.386 ev.verify=12.332ms
[labev] t=455609.388 ev.finalize=1.667ms
[labev] t=455609.388 ev.propose=0.002ms
[labev] t=455609.400 ev.verify=12.150ms
[labev] t=455609.401 ev.finalize=1.553ms
[labev] t=455609.401 ev.propose=0.002ms
[labev] t=455609.414 ev.verify=12.034ms
[labev] t=455609.415 ev.finalize=1.754ms
[labev] t=455609.415 ev.propose=0.002ms
[labev] t=455609.428 ev.verify=12.344ms
[labev] t=455609.430 ev.finalize=1.735ms
[labev] t=455609.430 ev.propose=0.002ms
[labev] t=455609.442 ev.verify=12.278ms
[labev] t=455609.444 ev.finalize=1.668ms
[labev] t=455609.444 ev.propose=0.002ms
[labev] t=455609.456 ev.verify=12.295ms
[labev] t=455609.458 ev.finalize=1.654ms
[labev] t=455609.458 ev.propose=0.002ms
[labev] t=455609.470 ev.verify=12.240ms
[labev] t=455609.472 ev.finalize=1.565ms
[labev] t=455609.472 ev.propose=0.002ms
[labev] t=455609.484 ev.verify=12.337ms
[labev] t=455609.486 ev.finalize=1.635ms
[labev] t=455609.486 ev.propose=0.002ms
[labev] t=455609.498 ev.verify=12.270ms
[labev] t=455609.500 ev.finalize=1.642ms
[labev] t=455609.500 ev.propose=0.002ms
[labev] t=455609.512 ev.verify=12.340ms
[labev] t=455609.514 ev.finalize=1.639ms
[labev] t=455609.514 ev.propose=0.002ms
[labev] t=455609.526 ev.verify=12.425ms
[labev] t=455609.528 ev.finalize=1.656ms
[labev] t=455609.528 ev.propose=0.002ms
[labev] t=455609.541 ev.verify=12.462ms
[labev] t=455609.543 ev.finalize=2.288ms
[labev] t=455609.543 ev.propose=0.002ms
[labev] t=455609.555 ev.verify=12.231ms
[labev] t=455609.557 ev.finalize=1.654ms
[labev] t=455609.557 ev.propose=0.002ms
[labev] t=455609.569 ev.verify=12.165ms
[labev] t=455609.571 ev.finalize=1.664ms
[labev] t=455609.571 ev.propose=0.002ms
[labev] t=455609.584 ev.verify=12.337ms
[labev] t=455609.585 ev.finalize=1.645ms
[labev] t=455609.585 ev.propose=0.002ms
[labev] t=455609.598 ev.verify=12.200ms
[labev] t=455609.599 ev.finalize=1.632ms
[labev] t=455609.599 ev.propose=0.002ms
[labev] t=455609.612 ev.verify=12.348ms
[labev] t=455609.613 ev.finalize=1.623ms
[labev] t=455609.613 ev.propose=0.002ms
[labev] t=455609.626 ev.verify=12.428ms
[labev] t=455609.628 ev.finalize=1.662ms
[labev] t=455609.628 ev.propose=0.002ms
[labev] t=455609.640 ev.verify=12.565ms
[labev] t=455609.642 ev.finalize=1.861ms
[labev] t=455609.642 ev.propose=0.002ms
[labev] t=455609.655 ev.verify=12.283ms
[labev] t=455609.656 ev.finalize=1.667ms
[labev] t=455609.656 ev.propose=0.002ms
[labev] t=455609.669 ev.verify=12.155ms
[labev] t=455609.670 ev.finalize=1.649ms
[labev] t=455609.670 ev.propose=0.002ms
[labev] t=455609.683 ev.verify=12.369ms
[labev] t=455609.684 ev.finalize=1.671ms
[labev] t=455609.685 ev.propose=0.002ms
[labev] t=455609.697 ev.verify=12.268ms
[labev] t=455609.699 ev.finalize=1.654ms
[labev] t=455609.699 ev.propose=0.002ms
[labev] t=455609.711 ev.verify=12.374ms
[labev] t=455609.713 ev.finalize=1.670ms
[labev] t=455609.713 ev.propose=0.002ms
[labev] t=455609.725 ev.verify=12.116ms
[labev] t=455609.727 ev.finalize=1.663ms
[labev] t=455609.727 ev.propose=0.002ms
[labev] t=455609.739 ev.verify=12.488ms
[labev] t=455609.741 ev.finalize=1.667ms
[labev] t=455609.741 ev.propose=0.002ms
[labev] t=455609.753 ev.verify=12.326ms
[labev] t=455609.755 ev.finalize=1.681ms
[labev] t=455609.755 ev.propose=0.002ms
[labev] t=455609.768 ev.verify=12.276ms
[labev] t=455609.770 ev.finalize=2.346ms
[labev] t=455609.770 ev.propose=0.003ms
[labev] t=455609.782 ev.verify=12.281ms
[labev] t=455609.784 ev.finalize=1.679ms
[labev] t=455609.784 ev.propose=0.002ms
[labev] t=455609.796 ev.verify=12.309ms
[labev] t=455609.798 ev.finalize=1.682ms
[labev] t=455609.798 ev.propose=0.002ms
[labev] t=455609.811 ev.verify=12.506ms
[labev] t=455609.812 ev.finalize=1.676ms
[labev] t=455609.813 ev.propose=0.002ms
[labev] t=455609.825 ev.verify=12.120ms
[labev] t=455609.826 ev.finalize=1.642ms
[labev] t=455609.826 ev.propose=0.002ms
[labev] t=455609.839 ev.verify=12.352ms
[labev] t=455609.840 ev.finalize=1.548ms
[labev] t=455609.841 ev.propose=0.002ms
[labev] t=455609.853 ev.verify=12.117ms
[labev] t=455609.854 ev.finalize=1.654ms
[labev] t=455609.854 ev.propose=0.002ms
[labev] t=455609.867 ev.verify=12.354ms
[labev] t=455609.868 ev.finalize=1.638ms
[labev] t=455609.869 ev.propose=0.002ms
[labev] t=455609.881 ev.verify=12.320ms
[labev] t=455609.883 ev.finalize=1.649ms
[labev] t=455609.883 ev.propose=0.002ms
[labev] t=455609.895 ev.verify=12.313ms
[labev] t=455609.897 ev.finalize=1.605ms
[labev] t=455609.897 ev.propose=0.002ms
[labev] t=455609.909 ev.verify=12.361ms
[labev] t=455609.911 ev.finalize=1.647ms
[labev] t=455609.911 ev.propose=0.002ms
[labev] t=455609.923 ev.verify=12.205ms
[labev] t=455609.925 ev.finalize=1.648ms
[labev] t=455609.925 ev.propose=0.002ms
[labev] t=455609.937 ev.verify=12.147ms
[labev] t=455609.939 ev.finalize=1.629ms
[labev] t=455609.939 ev.propose=0.002ms
[labev] t=455609.951 ev.verify=12.396ms
[labev] t=455609.953 ev.finalize=1.636ms
[labev] t=455609.953 ev.propose=0.002ms
[labev] t=455609.965 ev.verify=12.288ms
[labev] t=455609.967 ev.finalize=1.545ms
[labev] t=455609.967 ev.propose=0.002ms
[labev] t=455609.979 ev.verify=12.222ms
[labev] t=455609.981 ev.finalize=1.531ms
[labev] t=455609.981 ev.propose=0.002ms
[labev] t=455609.993 ev.verify=12.258ms
[labev] t=455609.995 ev.finalize=1.653ms
[labev] t=455609.995 ev.propose=0.002ms
[labev] t=455610.007 ev.verify=12.270ms
[labev] t=455610.009 ev.finalize=1.637ms
[labev] t=455610.009 ev.propose=0.002ms
[labev] t=455610.022 ev.verify=12.549ms
[labev] t=455610.024 ev.finalize=2.297ms
[labev] t=455610.024 ev.propose=0.002ms
[labev] t=455610.036 ev.verify=12.275ms
[labev] t=455610.038 ev.finalize=1.667ms
[labev] t=455610.038 ev.propose=0.002ms
[labev] t=455610.050 ev.verify=12.340ms
[labev] t=455610.052 ev.finalize=1.565ms
[labev] t=455610.052 ev.propose=0.002ms
[labev] t=455610.065 ev.verify=12.393ms
[labev] t=455610.066 ev.finalize=1.638ms
[labev] t=455610.066 ev.propose=0.002ms
[labev] t=455610.079 ev.verify=12.413ms
[labev] t=455610.081 ev.finalize=1.710ms
[labev] t=455610.081 ev.propose=0.002ms
[labev] t=455610.093 ev.verify=12.320ms
[labev] t=455610.095 ev.finalize=1.653ms
[labev] t=455610.095 ev.propose=0.002ms
[labev] t=455610.107 ev.verify=12.347ms
[labev] t=455610.109 ev.finalize=1.688ms
[labev] t=455610.109 ev.propose=0.002ms
[labev] t=455610.121 ev.verify=12.340ms
[labev] t=455610.123 ev.finalize=1.675ms
[labev] t=455610.123 ev.propose=0.002ms
[labev] t=455610.136 ev.verify=12.392ms
[labev] t=455610.137 ev.finalize=1.659ms
[labev] t=455610.137 ev.propose=0.002ms
[labev] t=455610.150 ev.verify=12.283ms
[labev] t=455610.151 ev.finalize=1.673ms
[labev] t=455610.151 ev.propose=0.002ms
[labev] t=455610.164 ev.verify=12.394ms
[labev] t=455610.166 ev.finalize=1.679ms
[labev] t=455610.166 ev.propose=0.002ms
[labev] t=455610.178 ev.verify=12.360ms
[labev] t=455610.180 ev.finalize=1.663ms
[labev] t=455610.180 ev.propose=0.002ms
[labev] t=455610.192 ev.verify=12.512ms
[labev] t=455610.194 ev.finalize=1.672ms
[labev] t=455610.194 ev.propose=0.002ms
[labev] t=455610.207 ev.verify=12.471ms
[labev] t=455610.208 ev.finalize=1.661ms
[labev] t=455610.208 ev.propose=0.002ms
[labev] t=455610.221 ev.verify=12.489ms
[labev] t=455610.223 ev.finalize=1.637ms
[labev] t=455610.223 ev.propose=0.002ms
[labev] t=455610.235 ev.verify=12.367ms
[labev] t=455610.237 ev.finalize=1.662ms
[labev] t=455610.237 ev.propose=0.002ms
[labev] t=455610.249 ev.verify=12.226ms
[labev] t=455610.251 ev.finalize=1.657ms
[labev] t=455610.251 ev.propose=0.002ms
[labev] t=455610.263 ev.verify=12.309ms
[labev] t=455610.266 ev.finalize=2.292ms
[labev] t=455610.266 ev.propose=0.002ms
[labev] t=455610.278 ev.verify=12.390ms
[labev] t=455610.280 ev.finalize=1.654ms
[labev] t=455610.280 ev.propose=0.002ms
[labev] t=455610.292 ev.verify=12.479ms
[labev] t=455610.294 ev.finalize=1.660ms
[labev] t=455610.294 ev.propose=0.002ms
[labev] t=455610.306 ev.verify=12.165ms
[labev] t=455610.308 ev.finalize=1.696ms
[labev] t=455610.308 ev.propose=0.002ms
[labev] t=455610.320 ev.verify=12.295ms
[labev] t=455610.322 ev.finalize=1.661ms
[labev] t=455610.322 ev.propose=0.002ms
[labev] t=455610.334 ev.verify=12.186ms
[labev] t=455610.336 ev.finalize=1.649ms
[labev] t=455610.336 ev.propose=0.002ms
[labev] t=455610.349 ev.verify=12.374ms
[labev] t=455610.350 ev.finalize=1.544ms
[labev] t=455610.350 ev.propose=0.002ms
[labev] t=455610.363 ev.verify=12.293ms
[labev] t=455610.364 ev.finalize=1.565ms
[labev] t=455610.364 ev.propose=0.002ms
[labev] t=455610.377 ev.verify=12.358ms
[labev] t=455610.378 ev.finalize=1.659ms
[labev] t=455610.379 ev.propose=0.002ms
[labev] t=455610.391 ev.verify=12.179ms
[labev] t=455610.392 ev.finalize=1.675ms
[labev] t=455610.393 ev.propose=0.002ms
[labev] t=455610.405 ev.verify=12.309ms
[labev] t=455610.406 ev.finalize=1.572ms
[labev] t=455610.407 ev.propose=0.002ms
[labev] t=455610.419 ev.verify=12.340ms
[labev] t=455610.421 ev.finalize=1.673ms
[labev] t=455610.421 ev.propose=0.002ms
[labev] t=455610.433 ev.verify=12.352ms
[labev] t=455610.435 ev.finalize=1.663ms
[labev] t=455610.435 ev.propose=0.002ms
[labev] t=455610.447 ev.verify=12.232ms
[labev] t=455610.449 ev.finalize=1.678ms
[labev] t=455610.449 ev.propose=0.002ms
[labev] t=455610.461 ev.verify=12.117ms
[labev] t=455610.463 ev.finalize=1.560ms
[labev] t=455610.463 ev.propose=0.002ms
[labev] t=455610.475 ev.verify=12.415ms
[labev] t=455610.477 ev.finalize=1.647ms
[labev] t=455610.477 ev.propose=0.002ms
[labev] t=455610.489 ev.verify=12.260ms
[labev] t=455610.491 ev.finalize=1.693ms
[labev] t=455610.491 ev.propose=0.002ms
[labev] t=455610.504 ev.verify=12.518ms
[labev] t=455610.505 ev.finalize=1.559ms
[labev] t=455610.505 ev.propose=0.002ms
[labev] t=455610.518 ev.verify=12.257ms
[labev] t=455610.519 ev.finalize=1.550ms
[labev] t=455610.519 ev.propose=0.002ms
[labev] t=455610.532 ev.verify=12.165ms
[labev] t=455610.534 ev.finalize=2.219ms
[labev] t=455610.534 ev.propose=0.002ms
[labev] t=455610.546 ev.verify=12.271ms
[labev] t=455610.548 ev.finalize=1.637ms
[labev] t=455610.548 ev.propose=0.002ms
[labev] t=455610.560 ev.verify=12.256ms
[labev] t=455610.562 ev.finalize=1.895ms
[labev] t=455610.562 ev.propose=0.002ms
[labev] t=455610.574 ev.verify=12.133ms
[labev] t=455610.576 ev.finalize=1.705ms
[labev] t=455610.576 ev.propose=0.002ms
[labev] t=455610.589 ev.verify=12.413ms
[labev] t=455610.590 ev.finalize=1.551ms
[labev] t=455610.590 ev.propose=0.002ms
[labev] t=455610.603 ev.verify=12.174ms
[labev] t=455610.604 ev.finalize=1.701ms
[labev] t=455610.604 ev.propose=0.002ms
[labev] t=455610.617 ev.verify=12.265ms
[labev] t=455610.618 ev.finalize=1.558ms
[labev] t=455610.618 ev.propose=0.001ms
[labev] t=455610.631 ev.verify=12.194ms
[labev] t=455610.632 ev.finalize=1.572ms
[labev] t=455610.632 ev.propose=0.002ms
[labev] t=455610.645 ev.verify=12.404ms
[labev] t=455610.646 ev.finalize=1.692ms
[labev] t=455610.646 ev.propose=0.001ms
[labev] t=455610.659 ev.verify=12.325ms
[labev] t=455610.660 ev.finalize=1.569ms
[labev] t=455610.661 ev.propose=0.002ms
[labev] t=455610.673 ev.verify=12.251ms
[labev] t=455610.674 ev.finalize=1.574ms
[labev] t=455610.675 ev.propose=0.002ms
[labev] t=455610.687 ev.verify=12.290ms
[labev] t=455610.689 ev.finalize=1.694ms
[labev] t=455610.689 ev.propose=0.002ms
[labev] t=455610.701 ev.verify=12.489ms
[labev] t=455610.703 ev.finalize=1.684ms
[labev] t=455610.703 ev.propose=0.002ms
[labev] t=455610.715 ev.verify=12.438ms
[labev] t=455610.717 ev.finalize=1.674ms
[labev] t=455610.717 ev.propose=0.002ms
[labev] t=455610.730 ev.verify=12.461ms
[labev] t=455610.731 ev.finalize=1.661ms
[labev] t=455610.731 ev.propose=0.002ms
[labev] t=455610.744 ev.verify=12.285ms
[labev] t=455610.745 ev.finalize=1.660ms
[labev] t=455610.746 ev.propose=0.002ms
[labev] t=455610.758 ev.verify=12.510ms
[labev] t=455610.760 ev.finalize=1.655ms
[labev] t=455610.760 ev.propose=0.002ms
[labev] t=455610.772 ev.verify=12.432ms
[labev] t=455610.774 ev.finalize=1.570ms
[labev] t=455610.774 ev.propose=0.002ms
[labev] t=455610.787 ev.verify=12.437ms
[labev] t=455610.788 ev.finalize=1.662ms
[labev] t=455610.788 ev.propose=0.002ms
[labev] t=455610.801 ev.verify=12.226ms
[labev] t=455610.803 ev.finalize=2.306ms
[labev] t=455610.803 ev.propose=0.002ms
[labev] t=455610.815 ev.verify=12.376ms
[labev] t=455610.817 ev.finalize=1.668ms
[labev] t=455610.817 ev.propose=0.002ms
[labev] t=455610.829 ev.verify=12.225ms
[labev] t=455610.831 ev.finalize=1.659ms
[labev] t=455610.831 ev.propose=0.002ms
[labev] t=455610.844 ev.verify=12.511ms
[labev] t=455610.845 ev.finalize=1.604ms
[labev] t=455610.846 ev.propose=0.002ms
[labev] t=455610.858 ev.verify=12.600ms
[labev] t=455610.860 ev.finalize=1.590ms
[labev] t=455610.860 ev.propose=0.002ms
[labev] t=455610.872 ev.verify=12.360ms
[labev] t=455610.874 ev.finalize=1.605ms
[labev] t=455610.874 ev.propose=0.002ms
[labev] t=455610.886 ev.verify=12.354ms
[labev] t=455610.888 ev.finalize=1.700ms
[labev] t=455610.888 ev.propose=0.002ms
[labev] t=455610.900 ev.verify=12.285ms
[labev] t=455610.902 ev.finalize=1.701ms
[labev] t=455610.902 ev.propose=0.002ms
[labev] t=455610.914 ev.verify=12.133ms
[labev] t=455610.916 ev.finalize=1.681ms
[labev] t=455610.916 ev.propose=0.002ms
[labev] t=455610.929 ev.verify=12.273ms
[labev] t=455610.930 ev.finalize=1.672ms
[labev] t=455610.930 ev.propose=0.002ms
[labev] t=455610.943 ev.verify=12.488ms
[labev] t=455610.945 ev.finalize=1.667ms
[labev] t=455610.945 ev.propose=0.002ms
[labev] t=455610.957 ev.verify=12.475ms
[labev] t=455610.959 ev.finalize=1.714ms
[labev] t=455610.959 ev.propose=0.002ms
[labev] t=455610.971 ev.verify=12.230ms
[labev] t=455610.973 ev.finalize=1.696ms
[labev] t=455610.973 ev.propose=0.002ms
[labev] t=455610.985 ev.verify=12.382ms
[labev] t=455610.987 ev.finalize=1.709ms
[labev] t=455610.987 ev.propose=0.002ms
[labev] t=455611.000 ev.verify=12.256ms
[labev] t=455611.001 ev.finalize=1.681ms
[labev] t=455611.001 ev.propose=0.001ms
[labev] t=455611.014 ev.verify=12.298ms
[labev] t=455611.016 ev.finalize=1.806ms
[labev] t=455611.016 ev.propose=0.002ms
[labev] t=455611.028 ev.verify=12.447ms
[labev] t=455611.030 ev.finalize=1.664ms
[labev] t=455611.030 ev.propose=0.001ms
[labev] t=455611.042 ev.verify=12.421ms
[labev] t=455611.045 ev.finalize=2.358ms
[labev] t=455611.045 ev.propose=0.002ms
[labev] t=455611.057 ev.verify=12.439ms
[labev] t=455611.059 ev.finalize=1.561ms
[labev] t=455611.059 ev.propose=0.002ms
[labev] t=455611.071 ev.verify=12.436ms
[labev] t=455611.073 ev.finalize=1.672ms
[labev] t=455611.073 ev.propose=0.002ms
[labev] t=455611.086 ev.verify=12.378ms
[labev] t=455611.087 ev.finalize=1.718ms
[labev] t=455611.088 ev.propose=0.002ms
[labev] t=455611.100 ev.verify=12.313ms
[labev] t=455611.102 ev.finalize=1.697ms
[labev] t=455611.102 ev.propose=0.002ms
[labev] t=455611.114 ev.verify=12.433ms
[labev] t=455611.116 ev.finalize=1.567ms
[labev] t=455611.116 ev.propose=0.002ms
[labev] t=455611.128 ev.verify=12.492ms
[labev] t=455611.130 ev.finalize=1.702ms
[labev] t=455611.130 ev.propose=0.002ms
[labev] t=455611.143 ev.verify=12.375ms
[labev] t=455611.144 ev.finalize=1.660ms
[labev] t=455611.144 ev.propose=0.002ms
[labev] t=455611.157 ev.verify=12.331ms
[labev] t=455611.158 ev.finalize=1.672ms
[labev] t=455611.159 ev.propose=0.002ms
[labev] t=455611.171 ev.verify=12.537ms
[labev] t=455611.173 ev.finalize=1.683ms
[labev] t=455611.173 ev.propose=0.002ms
[labev] t=455611.185 ev.verify=12.377ms
[labev] t=455611.187 ev.finalize=1.566ms
[labev] t=455611.187 ev.propose=0.002ms
[labev] t=455611.199 ev.verify=12.230ms
[labev] t=455611.201 ev.finalize=1.667ms
[labev] t=455611.201 ev.propose=0.002ms
[labev] t=455611.213 ev.verify=12.143ms
[labev] t=455611.215 ev.finalize=1.652ms
[labev] t=455611.215 ev.propose=0.002ms
[labev] t=455611.227 ev.verify=12.346ms
[labev] t=455611.229 ev.finalize=1.586ms
[labev] t=455611.229 ev.propose=0.002ms
[labev] t=455611.242 ev.verify=12.435ms
[labev] t=455611.243 ev.finalize=1.561ms
[labev] t=455611.243 ev.propose=0.002ms
[labev] t=455611.256 ev.verify=12.457ms
[labev] t=455611.257 ev.finalize=1.699ms
[labev] t=455611.258 ev.propose=0.002ms
[labev] t=455611.270 ev.verify=12.583ms
[labev] t=455611.272 ev.finalize=1.692ms
[labev] t=455611.272 ev.propose=0.002ms
[labev] t=455611.284 ev.verify=12.340ms
[labev] t=455611.286 ev.finalize=1.701ms
[labev] t=455611.286 ev.propose=0.002ms
[labev] t=455611.298 ev.verify=12.159ms
[labev] t=455611.300 ev.finalize=1.673ms
[labev] t=455611.300 ev.propose=0.002ms
[labev] t=455611.313 ev.verify=12.390ms
[labev] t=455611.315 ev.finalize=2.234ms
[labev] t=455611.315 ev.propose=0.002ms
[labev] t=455611.327 ev.verify=12.443ms
[labev] t=455611.329 ev.finalize=1.692ms
[labev] t=455611.329 ev.propose=0.002ms
[labev] t=455611.342 ev.verify=12.504ms
[labev] t=455611.343 ev.finalize=1.668ms
[labev] t=455611.344 ev.propose=0.002ms
[labev] t=455611.356 ev.verify=12.333ms
[labev] t=455611.358 ev.finalize=1.690ms
[labev] t=455611.358 ev.propose=0.002ms
[labev] t=455611.370 ev.verify=12.465ms
[labev] t=455611.372 ev.finalize=1.688ms
[labev] t=455611.372 ev.propose=0.002ms
[labev] t=455611.385 ev.verify=12.437ms
[labev] t=455611.386 ev.finalize=1.666ms
[labev] t=455611.386 ev.propose=0.002ms
[labev] t=455611.399 ev.verify=12.256ms
[labev] t=455611.400 ev.finalize=1.685ms
[labev] t=455611.400 ev.propose=0.002ms
[labev] t=455611.413 ev.verify=12.245ms
[labev] t=455611.414 ev.finalize=1.669ms
[labev] t=455615.298 req.start s1-p4096-o512-b4-r0=0.001ms
[labev] t=455615.298 req.handle=0.042ms
[labev] t=455615.320 tok.prepare=22.620ms
event=batching_admitted action=scheduler_admitted
[labev] t=455615.640 chunk.native.total=319.692ms
[labev] t=455615.907 chunk.native.total=266.846ms
[labev] t=455616.177 chunk.native.total=269.443ms
[labev] t=455616.450 chunk.native.total=272.658ms
[labev] t=455616.727 chunk.native.total=277.200ms
[labev] t=455617.006 chunk.native.total=279.041ms
[labev] t=455617.289 chunk.native.total=282.440ms
[labev] t=455617.605 chunk.native.total=316.176ms
[labev] t=455617.605 req.firsttoken s1-p4096-o512-b4-r0=2307.167ms
[labev] t=455617.605 ev.propose=0.003ms
[labev] t=455617.617 ev.verify=12.334ms
[labev] t=455617.619 ev.finalize=1.737ms
[labev] t=455617.619 ev.propose=0.082ms
[labev] t=455617.632 ev.verify=12.506ms
[labev] t=455617.634 ev.finalize=1.663ms
[labev] t=455617.634 ev.propose=0.065ms
[labev] t=455617.646 ev.verify=12.373ms
[labev] t=455617.648 ev.finalize=1.680ms
[labev] t=455617.648 ev.propose=0.053ms
[labev] t=455617.660 ev.verify=12.146ms
[labev] t=455617.662 ev.finalize=1.660ms
[labev] t=455617.662 ev.propose=0.046ms
[labev] t=455617.674 ev.verify=12.283ms
[labev] t=455617.676 ev.finalize=1.597ms
[labev] t=455617.676 ev.propose=0.002ms
[labev] t=455617.688 ev.verify=12.248ms
[labev] t=455617.690 ev.finalize=1.625ms
[labev] t=455617.690 ev.propose=0.062ms
[labev] t=455617.702 ev.verify=12.337ms
[labev] t=455617.704 ev.finalize=1.597ms
[labev] t=455617.704 ev.propose=0.044ms
[labev] t=455617.717 ev.verify=12.267ms
[labev] t=455617.718 ev.finalize=1.621ms
[labev] t=455617.718 ev.propose=0.062ms
[labev] t=455617.730 ev.verify=11.939ms
[labev] t=455617.733 ev.finalize=2.282ms
[labev] t=455617.733 ev.propose=0.060ms
[labev] t=455617.745 ev.verify=12.242ms
[labev] t=455617.747 ev.finalize=1.641ms
[labev] t=455617.747 ev.propose=0.064ms
[labev] t=455617.759 ev.verify=12.123ms
[labev] t=455617.761 ev.finalize=1.615ms
[labev] t=455617.761 ev.propose=0.072ms
[labev] t=455617.773 ev.verify=12.071ms
[labev] t=455617.775 ev.finalize=1.715ms
[labev] t=455617.775 ev.propose=0.066ms
[labev] t=455617.787 ev.verify=12.130ms
[labev] t=455617.789 ev.finalize=1.533ms
[labev] t=455617.789 ev.propose=0.073ms
[labev] t=455617.801 ev.verify=12.126ms
[labev] t=455617.803 ev.finalize=1.659ms
[labev] t=455617.803 ev.propose=0.002ms
[labev] t=455617.815 ev.verify=12.213ms
[labev] t=455617.817 ev.finalize=1.531ms
[labev] t=455617.817 ev.propose=0.002ms
[labev] t=455617.829 ev.verify=12.249ms
[labev] t=455617.831 ev.finalize=1.639ms
[labev] t=455617.831 ev.propose=0.002ms
[labev] t=455617.843 ev.verify=12.260ms
[labev] t=455617.845 ev.finalize=1.658ms
[labev] t=455617.845 ev.propose=0.003ms
[labev] t=455617.857 ev.verify=12.283ms
[labev] t=455617.859 ev.finalize=1.625ms
[labev] t=455617.859 ev.propose=0.002ms
[labev] t=455617.871 ev.verify=12.178ms
[labev] t=455617.873 ev.finalize=1.620ms
[labev] t=455617.873 ev.propose=0.065ms
[labev] t=455617.885 ev.verify=12.196ms
[labev] t=455617.887 ev.finalize=1.634ms
[labev] t=455617.887 ev.propose=0.002ms
[labev] t=455617.899 ev.verify=12.152ms
[labev] t=455617.901 ev.finalize=1.685ms
[labev] t=455617.901 ev.propose=0.002ms
[labev] t=455617.913 ev.verify=12.257ms
[labev] t=455617.915 ev.finalize=1.621ms
[labev] t=455617.915 ev.propose=0.002ms
[labev] t=455617.927 ev.verify=12.308ms
[labev] t=455617.929 ev.finalize=1.620ms
[labev] t=455617.929 ev.propose=0.002ms
[labev] t=455617.941 ev.verify=12.154ms
[labev] t=455617.943 ev.finalize=1.604ms
[labev] t=455617.943 ev.propose=0.002ms
[labev] t=455617.955 ev.verify=12.213ms
[labev] t=455617.957 ev.finalize=1.657ms
[labev] t=455617.957 ev.propose=0.002ms
[labev] t=455617.969 ev.verify=12.292ms
[labev] t=455617.972 ev.finalize=2.262ms
[labev] t=455617.972 ev.propose=0.003ms
[labev] t=455617.984 ev.verify=12.313ms
[labev] t=455617.986 ev.finalize=1.651ms
[labev] t=455617.986 ev.propose=0.002ms
[labev] t=455617.998 ev.verify=12.328ms
[labev] t=455618.000 ev.finalize=1.660ms
[labev] t=455618.000 ev.propose=0.002ms
[labev] t=455618.012 ev.verify=12.240ms
[labev] t=455618.014 ev.finalize=1.636ms
[labev] t=455618.014 ev.propose=0.002ms
[labev] t=455618.026 ev.verify=12.203ms
[labev] t=455618.028 ev.finalize=1.648ms
[labev] t=455618.028 ev.propose=0.002ms
[labev] t=455618.040 ev.verify=12.145ms
[labev] t=455618.042 ev.finalize=1.894ms
[labev] t=455618.042 ev.propose=0.002ms
[labev] t=455618.054 ev.verify=12.194ms
[labev] t=455618.056 ev.finalize=1.657ms
[labev] t=455618.056 ev.propose=0.002ms
[labev] t=455618.068 ev.verify=12.206ms
[labev] t=455618.070 ev.finalize=1.630ms
[labev] t=455618.070 ev.propose=0.002ms
[labev] t=455618.082 ev.verify=12.314ms
[labev] t=455618.084 ev.finalize=1.618ms
[labev] t=455618.084 ev.propose=0.002ms
[labev] t=455618.096 ev.verify=12.107ms
[labev] t=455618.098 ev.finalize=1.631ms
[labev] t=455618.098 ev.propose=0.002ms
[labev] t=455618.110 ev.verify=12.052ms
[labev] t=455618.112 ev.finalize=1.649ms
[labev] t=455618.112 ev.propose=0.002ms
[labev] t=455618.124 ev.verify=12.455ms
[labev] t=455618.126 ev.finalize=1.662ms
[labev] t=455618.126 ev.propose=0.002ms
[labev] t=455618.139 ev.verify=12.358ms
[labev] t=455618.140 ev.finalize=1.664ms
[labev] t=455618.140 ev.propose=0.002ms
[labev] t=455618.153 ev.verify=12.141ms
[labev] t=455618.154 ev.finalize=1.627ms
[labev] t=455618.154 ev.propose=0.002ms
[labev] t=455618.166 ev.verify=12.010ms
[labev] t=455618.168 ev.finalize=1.657ms
[labev] t=455618.168 ev.propose=0.002ms
[labev] t=455618.180 ev.verify=12.155ms
[labev] t=455618.182 ev.finalize=1.633ms
[labev] t=455618.182 ev.propose=0.002ms
[labev] t=455618.194 ev.verify=12.278ms
[labev] t=455618.197 ev.finalize=2.280ms
[labev] t=455618.197 ev.propose=0.002ms
[labev] t=455618.209 ev.verify=12.406ms
[labev] t=455618.211 ev.finalize=1.622ms
[labev] t=455618.211 ev.propose=0.002ms
[labev] t=455618.223 ev.verify=12.250ms
[labev] t=455618.225 ev.finalize=1.663ms
[labev] t=455618.225 ev.propose=0.002ms
[labev] t=455618.237 ev.verify=12.065ms
[labev] t=455618.239 ev.finalize=1.617ms
[labev] t=455618.239 ev.propose=0.002ms
[labev] t=455618.251 ev.verify=12.078ms
[labev] t=455618.253 ev.finalize=1.653ms
[labev] t=455618.253 ev.propose=0.002ms
[labev] t=455618.265 ev.verify=12.271ms
[labev] t=455618.267 ev.finalize=1.678ms
[labev] t=455618.267 ev.propose=0.002ms
[labev] t=455618.279 ev.verify=12.155ms
[labev] t=455618.281 ev.finalize=1.621ms
[labev] t=455618.281 ev.propose=0.002ms
[labev] t=455618.293 ev.verify=12.207ms
[labev] t=455618.295 ev.finalize=1.658ms
[labev] t=455618.295 ev.propose=0.001ms
[labev] t=455618.307 ev.verify=12.221ms
[labev] t=455618.309 ev.finalize=1.671ms
[labev] t=455618.309 ev.propose=0.002ms
[labev] t=455618.321 ev.verify=12.237ms
[labev] t=455618.323 ev.finalize=1.532ms
[labev] t=455618.323 ev.propose=0.002ms
[labev] t=455618.335 ev.verify=12.129ms
[labev] t=455618.337 ev.finalize=1.648ms
[labev] t=455618.337 ev.propose=0.002ms
[labev] t=455618.349 ev.verify=12.245ms
[labev] t=455618.351 ev.finalize=1.530ms
[labev] t=455618.351 ev.propose=0.002ms
[labev] t=455618.363 ev.verify=12.066ms
[labev] t=455618.364 ev.finalize=1.524ms
[labev] t=455618.364 ev.propose=0.002ms
[labev] t=455618.377 ev.verify=12.263ms
[labev] t=455618.378 ev.finalize=1.629ms
[labev] t=455618.379 ev.propose=0.002ms
[labev] t=455618.391 ev.verify=12.237ms
[labev] t=455618.392 ev.finalize=1.630ms
[labev] t=455618.393 ev.propose=0.002ms
[labev] t=455618.405 ev.verify=12.102ms
[labev] t=455618.406 ev.finalize=1.633ms
[labev] t=455618.406 ev.propose=0.002ms
[labev] t=455618.419 ev.verify=12.283ms
[labev] t=455618.420 ev.finalize=1.656ms
[labev] t=455618.421 ev.propose=0.002ms
[labev] t=455618.433 ev.verify=12.189ms
[labev] t=455618.434 ev.finalize=1.611ms
[labev] t=455618.434 ev.propose=0.002ms
[labev] t=455618.447 ev.verify=12.257ms
[labev] t=455618.449 ev.finalize=2.287ms
[labev] t=455618.449 ev.propose=0.002ms
[labev] t=455618.462 ev.verify=12.304ms
[labev] t=455618.463 ev.finalize=1.542ms
[labev] t=455618.463 ev.propose=0.002ms
[labev] t=455618.475 ev.verify=12.203ms
[labev] t=455618.477 ev.finalize=1.668ms
[labev] t=455618.477 ev.propose=0.002ms
[labev] t=455618.489 ev.verify=12.152ms
[labev] t=455618.491 ev.finalize=1.653ms
[labev] t=455618.491 ev.propose=0.002ms
[labev] t=455618.504 ev.verify=12.318ms
[labev] t=455618.505 ev.finalize=1.653ms
[labev] t=455618.505 ev.propose=0.002ms
[labev] t=455618.518 ev.verify=12.286ms
[labev] t=455618.519 ev.finalize=1.530ms
[labev] t=455618.519 ev.propose=0.002ms
[labev] t=455618.532 ev.verify=12.304ms
[labev] t=455618.533 ev.finalize=1.654ms
[labev] t=455618.533 ev.propose=0.002ms
[labev] t=455618.546 ev.verify=12.330ms
[labev] t=455618.547 ev.finalize=1.646ms
[labev] t=455618.547 ev.propose=0.002ms
[labev] t=455618.560 ev.verify=12.264ms
[labev] t=455618.561 ev.finalize=1.647ms
[labev] t=455618.562 ev.propose=0.002ms
[labev] t=455618.574 ev.verify=12.197ms
[labev] t=455618.575 ev.finalize=1.629ms
[labev] t=455618.576 ev.propose=0.002ms
[labev] t=455618.588 ev.verify=12.192ms
[labev] t=455618.589 ev.finalize=1.687ms
[labev] t=455618.590 ev.propose=0.002ms
[labev] t=455618.602 ev.verify=12.233ms
[labev] t=455618.603 ev.finalize=1.632ms
[labev] t=455618.604 ev.propose=0.002ms
[labev] t=455618.616 ev.verify=12.171ms
[labev] t=455618.617 ev.finalize=1.619ms
[labev] t=455618.618 ev.propose=0.002ms
[labev] t=455618.630 ev.verify=12.323ms
[labev] t=455618.631 ev.finalize=1.531ms
[labev] t=455618.632 ev.propose=0.002ms
[labev] t=455618.644 ev.verify=12.277ms
[labev] t=455618.645 ev.finalize=1.652ms
[labev] t=455618.646 ev.propose=0.002ms
[labev] t=455618.658 ev.verify=12.169ms
[labev] t=455618.659 ev.finalize=1.628ms
[labev] t=455618.660 ev.propose=0.002ms
[labev] t=455618.672 ev.verify=12.244ms
[labev] t=455618.673 ev.finalize=1.636ms
[labev] t=455618.674 ev.propose=0.002ms
[labev] t=455618.686 ev.verify=12.218ms
[labev] t=455618.688 ev.finalize=2.269ms
[labev] t=455618.688 ev.propose=0.002ms
[labev] t=455618.701 ev.verify=12.462ms
[labev] t=455618.702 ev.finalize=1.672ms
[labev] t=455618.703 ev.propose=0.002ms
[labev] t=455618.715 ev.verify=12.221ms
[labev] t=455618.716 ev.finalize=1.657ms
[labev] t=455618.717 ev.propose=0.002ms
[labev] t=455618.729 ev.verify=12.286ms
[labev] t=455618.731 ev.finalize=1.635ms
[labev] t=455618.731 ev.propose=0.002ms
[labev] t=455618.743 ev.verify=12.155ms
[labev] t=455618.745 ev.finalize=1.688ms
[labev] t=455618.745 ev.propose=0.002ms
[labev] t=455618.757 ev.verify=12.349ms
[labev] t=455618.759 ev.finalize=1.609ms
[labev] t=455618.759 ev.propose=0.002ms
[labev] t=455618.771 ev.verify=12.477ms
[labev] t=455618.773 ev.finalize=1.657ms
[labev] t=455618.773 ev.propose=0.002ms
[labev] t=455618.785 ev.verify=12.219ms
[labev] t=455618.787 ev.finalize=1.676ms
[labev] t=455618.787 ev.propose=0.002ms
[labev] t=455618.799 ev.verify=12.107ms
[labev] t=455618.801 ev.finalize=1.622ms
[labev] t=455618.801 ev.propose=0.002ms
[labev] t=455618.813 ev.verify=12.270ms
[labev] t=455618.815 ev.finalize=1.660ms
[labev] t=455618.815 ev.propose=0.002ms
[labev] t=455618.827 ev.verify=12.386ms
[labev] t=455618.829 ev.finalize=1.627ms
[labev] t=455618.829 ev.propose=0.002ms
[labev] t=455618.841 ev.verify=12.134ms
[labev] t=455618.843 ev.finalize=1.638ms
[labev] t=455618.843 ev.propose=0.002ms
[labev] t=455618.855 ev.verify=12.205ms
[labev] t=455618.857 ev.finalize=1.661ms
[labev] t=455618.857 ev.propose=0.002ms
[labev] t=455618.869 ev.verify=12.168ms
[labev] t=455618.871 ev.finalize=1.553ms
[labev] t=455618.871 ev.propose=0.002ms
[labev] t=455618.883 ev.verify=12.133ms
[labev] t=455618.885 ev.finalize=1.646ms
[labev] t=455618.885 ev.propose=0.002ms
[labev] t=455618.897 ev.verify=12.176ms
[labev] t=455618.899 ev.finalize=1.664ms
[labev] t=455618.899 ev.propose=0.002ms
[labev] t=455618.911 ev.verify=12.315ms
[labev] t=455618.913 ev.finalize=1.641ms
[labev] t=455618.913 ev.propose=0.002ms
[labev] t=455618.925 ev.verify=12.282ms
[labev] t=455618.928 ev.finalize=2.311ms
[labev] t=455618.928 ev.propose=0.002ms
[labev] t=455618.940 ev.verify=12.352ms
[labev] t=455618.942 ev.finalize=1.688ms
[labev] t=455618.942 ev.propose=0.002ms
[labev] t=455618.954 ev.verify=12.193ms
[labev] t=455618.956 ev.finalize=1.660ms
[labev] t=455618.956 ev.propose=0.002ms
[labev] t=455618.968 ev.verify=12.393ms
[labev] t=455618.970 ev.finalize=1.662ms
[labev] t=455618.970 ev.propose=0.002ms
[labev] t=455618.982 ev.verify=12.007ms
[labev] t=455618.984 ev.finalize=1.654ms
[labev] t=455618.984 ev.propose=0.002ms
[labev] t=455618.996 ev.verify=12.151ms
[labev] t=455618.998 ev.finalize=1.676ms
[labev] t=455618.998 ev.propose=0.002ms
[labev] t=455619.010 ev.verify=12.191ms
[labev] t=455619.012 ev.finalize=1.654ms
[labev] t=455619.012 ev.propose=0.002ms
[labev] t=455619.024 ev.verify=12.198ms
[labev] t=455619.026 ev.finalize=1.640ms
[labev] t=455619.026 ev.propose=0.002ms
[labev] t=455619.038 ev.verify=12.181ms
[labev] t=455619.040 ev.finalize=1.671ms
[labev] t=455619.040 ev.propose=0.002ms
[labev] t=455619.052 ev.verify=12.236ms
[labev] t=455619.054 ev.finalize=1.637ms
[labev] t=455619.054 ev.propose=0.002ms
[labev] t=455619.066 ev.verify=12.255ms
[labev] t=455619.068 ev.finalize=1.644ms
[labev] t=455619.068 ev.propose=0.002ms
[labev] t=455619.080 ev.verify=12.107ms
[labev] t=455619.082 ev.finalize=1.789ms
[labev] t=455619.082 ev.propose=0.002ms
[labev] t=455619.094 ev.verify=12.197ms
[labev] t=455619.096 ev.finalize=1.705ms
[labev] t=455619.096 ev.propose=0.002ms
[labev] t=455619.108 ev.verify=12.158ms
[labev] t=455619.110 ev.finalize=1.619ms
[labev] t=455619.110 ev.propose=0.002ms
[labev] t=455619.123 ev.verify=12.402ms
[labev] t=455619.124 ev.finalize=1.663ms
[labev] t=455619.124 ev.propose=0.002ms
[labev] t=455619.137 ev.verify=12.189ms
[labev] t=455619.138 ev.finalize=1.643ms
[labev] t=455619.138 ev.propose=0.002ms
[labev] t=455619.151 ev.verify=12.202ms
[labev] t=455619.153 ev.finalize=2.332ms
[labev] t=455619.153 ev.propose=0.002ms
[labev] t=455619.165 ev.verify=12.356ms
[labev] t=455619.167 ev.finalize=1.645ms
[labev] t=455619.167 ev.propose=0.002ms
[labev] t=455619.179 ev.verify=12.284ms
[labev] t=455619.181 ev.finalize=1.578ms
[labev] t=455619.181 ev.propose=0.002ms
[labev] t=455619.193 ev.verify=12.175ms
[labev] t=455619.195 ev.finalize=1.547ms
[labev] t=455619.195 ev.propose=0.002ms
[labev] t=455619.207 ev.verify=12.268ms
[labev] t=455619.209 ev.finalize=1.639ms
[labev] t=455619.209 ev.propose=0.002ms
[labev] t=455619.221 ev.verify=12.298ms
[labev] t=455619.223 ev.finalize=1.646ms
[labev] t=455619.223 ev.propose=0.002ms
[labev] t=455619.236 ev.verify=12.394ms
[labev] t=455619.237 ev.finalize=1.654ms
[labev] t=455619.237 ev.propose=0.002ms
[labev] t=455619.250 ev.verify=12.287ms
[labev] t=455619.251 ev.finalize=1.664ms
[labev] t=455619.252 ev.propose=0.002ms
[labev] t=455619.264 ev.verify=12.135ms
[labev] t=455619.265 ev.finalize=1.643ms
[labev] t=455619.265 ev.propose=0.002ms
[labev] t=455619.278 ev.verify=12.355ms
[labev] t=455619.279 ev.finalize=1.538ms
[labev] t=455619.280 ev.propose=0.002ms
[labev] t=455619.292 ev.verify=12.251ms
[labev] t=455619.293 ev.finalize=1.664ms
[labev] t=455619.294 ev.propose=0.001ms
[labev] t=455619.306 ev.verify=12.247ms
[labev] t=455619.307 ev.finalize=1.619ms
[labev] t=455619.308 ev.propose=0.002ms
[labev] t=455619.320 ev.verify=12.264ms
[labev] t=455619.322 ev.finalize=1.678ms
[labev] t=455619.322 ev.propose=0.002ms
[labev] t=455619.334 ev.verify=12.326ms
[labev] t=455619.336 ev.finalize=1.646ms
[labev] t=455619.336 ev.propose=0.002ms
[labev] t=455619.348 ev.verify=12.050ms
[labev] t=455619.350 ev.finalize=1.655ms
[labev] t=455619.350 ev.propose=0.002ms
[labev] t=455619.362 ev.verify=12.152ms
[labev] t=455619.364 ev.finalize=1.671ms
[labev] t=455619.364 ev.propose=0.002ms
[labev] t=455619.376 ev.verify=12.342ms
[labev] t=455619.378 ev.finalize=1.562ms
[labev] t=455619.378 ev.propose=0.002ms
[labev] t=455619.390 ev.verify=12.344ms
[labev] t=455619.392 ev.finalize=1.548ms
[labev] t=455619.392 ev.propose=0.002ms
[labev] t=455619.404 ev.verify=12.171ms
[labev] t=455619.406 ev.finalize=1.650ms
[labev] t=455619.406 ev.propose=0.002ms
[labev] t=455619.418 ev.verify=12.274ms
[labev] t=455619.420 ev.finalize=2.302ms
[labev] t=455619.421 ev.propose=0.002ms
[labev] t=455619.433 ev.verify=12.506ms
[labev] t=455619.435 ev.finalize=1.662ms
[labev] t=455619.435 ev.propose=0.002ms
[labev] t=455619.447 ev.verify=12.154ms
[labev] t=455619.449 ev.finalize=1.653ms
[labev] t=455619.449 ev.propose=0.002ms
[labev] t=455619.461 ev.verify=12.273ms
[labev] t=455619.463 ev.finalize=1.653ms
[labev] t=455619.463 ev.propose=0.002ms
[labev] t=455619.475 ev.verify=12.282ms
[labev] t=455619.477 ev.finalize=1.676ms
[labev] t=455619.477 ev.propose=0.002ms
[labev] t=455619.489 ev.verify=12.251ms
[labev] t=455619.491 ev.finalize=1.661ms
[labev] t=455619.491 ev.propose=0.002ms
[labev] t=455619.503 ev.verify=12.314ms
[labev] t=455619.505 ev.finalize=1.665ms
[labev] t=455619.505 ev.propose=0.002ms
[labev] t=455619.517 ev.verify=12.216ms
[labev] t=455619.519 ev.finalize=1.637ms
[labev] t=455619.519 ev.propose=0.002ms
[labev] t=455619.532 ev.verify=12.373ms
[labev] t=455619.533 ev.finalize=1.655ms
[labev] t=455619.533 ev.propose=0.002ms
[labev] t=455619.546 ev.verify=12.324ms
[labev] t=455619.547 ev.finalize=1.663ms
[labev] t=455619.548 ev.propose=0.002ms
[labev] t=455619.560 ev.verify=12.097ms
[labev] t=455619.561 ev.finalize=1.662ms
[labev] t=455619.561 ev.propose=0.002ms
[labev] t=455619.574 ev.verify=12.137ms
[labev] t=455619.575 ev.finalize=1.666ms
[labev] t=455619.575 ev.propose=0.002ms
[labev] t=455619.588 ev.verify=12.174ms
[labev] t=455619.589 ev.finalize=1.697ms
[labev] t=455619.589 ev.propose=0.002ms
[labev] t=455619.602 ev.verify=12.355ms
[labev] t=455619.604 ev.finalize=1.617ms
[labev] t=455619.604 ev.propose=0.002ms
[labev] t=455619.616 ev.verify=12.370ms
[labev] t=455619.618 ev.finalize=1.650ms
[labev] t=455619.618 ev.propose=0.002ms
[labev] t=455619.630 ev.verify=12.258ms
[labev] t=455619.632 ev.finalize=1.654ms
[labev] t=455619.632 ev.propose=0.002ms
[labev] t=455619.644 ev.verify=12.422ms
[labev] t=455619.647 ev.finalize=2.326ms
[labev] t=455619.647 ev.propose=0.002ms
[labev] t=455619.659 ev.verify=12.369ms
[labev] t=455619.661 ev.finalize=1.644ms
[labev] t=455619.661 ev.propose=0.002ms
[labev] t=455619.673 ev.verify=12.223ms
[labev] t=455619.675 ev.finalize=1.675ms
[labev] t=455619.675 ev.propose=0.002ms
[labev] t=455619.687 ev.verify=12.129ms
[labev] t=455619.689 ev.finalize=1.637ms
[labev] t=455619.689 ev.propose=0.002ms
[labev] t=455619.701 ev.verify=12.133ms
[labev] t=455619.703 ev.finalize=1.575ms
[labev] t=455619.703 ev.propose=0.002ms
[labev] t=455619.715 ev.verify=12.300ms
[labev] t=455619.717 ev.finalize=1.656ms
[labev] t=455619.717 ev.propose=0.002ms
[labev] t=455619.729 ev.verify=12.313ms
[labev] t=455619.731 ev.finalize=1.674ms
[labev] t=455619.731 ev.propose=0.002ms
[labev] t=455619.743 ev.verify=12.184ms
[labev] t=455619.745 ev.finalize=1.552ms
[labev] t=455619.745 ev.propose=0.002ms
[labev] t=455619.757 ev.verify=12.197ms
[labev] t=455619.759 ev.finalize=1.565ms
[labev] t=455619.759 ev.propose=0.002ms
[labev] t=455619.771 ev.verify=12.264ms
[labev] t=455619.773 ev.finalize=1.568ms
[labev] t=455619.773 ev.propose=0.002ms
[labev] t=455619.785 ev.verify=12.285ms
[labev] t=455619.787 ev.finalize=1.654ms
[labev] t=455619.787 ev.propose=0.002ms
[labev] t=455619.799 ev.verify=12.290ms
[labev] t=455619.801 ev.finalize=1.639ms
[labev] t=455619.801 ev.propose=0.002ms
[labev] t=455619.813 ev.verify=12.242ms
[labev] t=455619.815 ev.finalize=1.669ms
[labev] t=455619.815 ev.propose=0.002ms
[labev] t=455619.827 ev.verify=12.032ms
[labev] t=455619.829 ev.finalize=1.664ms
[labev] t=455619.829 ev.propose=0.002ms
[labev] t=455619.841 ev.verify=12.013ms
[labev] t=455619.843 ev.finalize=1.680ms
[labev] t=455619.843 ev.propose=0.002ms
[labev] t=455619.855 ev.verify=12.446ms
[labev] t=455619.857 ev.finalize=1.698ms
[labev] t=455619.857 ev.propose=0.002ms
[labev] t=455619.869 ev.verify=12.222ms
[labev] t=455619.871 ev.finalize=1.696ms
[labev] t=455619.871 ev.propose=0.002ms
[labev] t=455619.883 ev.verify=12.349ms
[labev] t=455619.885 ev.finalize=1.677ms
[labev] t=455619.885 ev.propose=0.002ms
[labev] t=455619.898 ev.verify=12.207ms
[labev] t=455619.900 ev.finalize=2.304ms
[labev] t=455619.900 ev.propose=0.002ms
[labev] t=455619.912 ev.verify=12.223ms
[labev] t=455619.914 ev.finalize=1.664ms
[labev] t=455619.914 ev.propose=0.002ms
[labev] t=455619.926 ev.verify=12.240ms
[labev] t=455619.928 ev.finalize=1.647ms
[labev] t=455619.928 ev.propose=0.002ms
[labev] t=455619.940 ev.verify=12.371ms
[labev] t=455619.942 ev.finalize=1.643ms
[labev] t=455619.942 ev.propose=0.002ms
[labev] t=455619.955 ev.verify=12.303ms
[labev] t=455619.956 ev.finalize=1.565ms
[labev] t=455619.956 ev.propose=0.001ms
[labev] t=455619.969 ev.verify=12.267ms
[labev] t=455619.970 ev.finalize=1.662ms
[labev] t=455619.970 ev.propose=0.002ms
[labev] t=455619.983 ev.verify=12.224ms
[labev] t=455619.984 ev.finalize=1.551ms
[labev] t=455619.984 ev.propose=0.002ms
[labev] t=455619.997 ev.verify=12.290ms
[labev] t=455619.998 ev.finalize=1.535ms
[labev] t=455619.998 ev.propose=0.002ms
[labev] t=455620.010 ev.verify=12.158ms
[labev] t=455620.012 ev.finalize=1.682ms
[labev] t=455620.012 ev.propose=0.002ms
[labev] t=455620.024 ev.verify=12.206ms
[labev] t=455620.026 ev.finalize=1.653ms
[labev] t=455620.026 ev.propose=0.002ms
[labev] t=455620.039 ev.verify=12.377ms
[labev] t=455620.040 ev.finalize=1.656ms
[labev] t=455620.040 ev.propose=0.002ms
[labev] t=455620.053 ev.verify=12.464ms
[labev] t=455620.055 ev.finalize=1.666ms
[labev] t=455620.055 ev.propose=0.002ms
[labev] t=455620.067 ev.verify=12.287ms
[labev] t=455620.069 ev.finalize=1.658ms
[labev] t=455620.069 ev.propose=0.002ms
[labev] t=455620.081 ev.verify=12.391ms
[labev] t=455620.083 ev.finalize=1.660ms
[labev] t=455620.083 ev.propose=0.002ms
[labev] t=455620.095 ev.verify=12.277ms
[labev] t=455620.097 ev.finalize=1.640ms
[labev] t=455620.097 ev.propose=0.002ms
[labev] t=455620.110 ev.verify=12.337ms
[labev] t=455620.111 ev.finalize=1.635ms
[labev] t=455620.111 ev.propose=0.002ms
[labev] t=455620.124 ev.verify=12.245ms
[labev] t=455620.125 ev.finalize=1.644ms
[labev] t=455620.125 ev.propose=0.002ms
[labev] t=455620.138 ev.verify=12.361ms
[labev] t=455620.139 ev.finalize=1.663ms
[labev] t=455620.140 ev.propose=0.002ms
[labev] t=455620.152 ev.verify=12.169ms
[labev] t=455620.154 ev.finalize=2.362ms
[labev] t=455620.154 ev.propose=0.002ms
[labev] t=455620.166 ev.verify=12.216ms
[labev] t=455620.168 ev.finalize=1.577ms
[labev] t=455620.168 ev.propose=0.002ms
[labev] t=455620.181 ev.verify=12.329ms
[labev] t=455620.182 ev.finalize=1.545ms
[labev] t=455620.182 ev.propose=0.002ms
[labev] t=455620.194 ev.verify=12.216ms
[labev] t=455620.196 ev.finalize=1.673ms
[labev] t=455620.196 ev.propose=0.002ms
[labev] t=455620.209 ev.verify=12.333ms
[labev] t=455620.210 ev.finalize=1.665ms
[labev] t=455620.210 ev.propose=0.002ms
[labev] t=455620.223 ev.verify=12.376ms
[labev] t=455620.225 ev.finalize=1.671ms
[labev] t=455620.225 ev.propose=0.002ms
[labev] t=455620.237 ev.verify=12.309ms
[labev] t=455620.239 ev.finalize=1.682ms
[labev] t=455620.239 ev.propose=0.002ms
[labev] t=455620.251 ev.verify=12.221ms
[labev] t=455620.253 ev.finalize=1.561ms
[labev] t=455620.253 ev.propose=0.002ms
[labev] t=455620.265 ev.verify=12.328ms
[labev] t=455620.267 ev.finalize=1.667ms
[labev] t=455620.267 ev.propose=0.002ms
[labev] t=455620.279 ev.verify=12.079ms
[labev] t=455620.281 ev.finalize=1.674ms
[labev] t=455620.281 ev.propose=0.002ms
[labev] t=455620.293 ev.verify=12.485ms
[labev] t=455620.295 ev.finalize=1.667ms
[labev] t=455620.295 ev.propose=0.002ms
[labev] t=455620.307 ev.verify=12.256ms
[labev] t=455620.309 ev.finalize=1.637ms
[labev] t=455620.309 ev.propose=0.002ms
[labev] t=455620.322 ev.verify=12.368ms
[labev] t=455620.323 ev.finalize=1.645ms
[labev] t=455620.323 ev.propose=0.001ms
[labev] t=455620.336 ev.verify=12.345ms
[labev] t=455620.337 ev.finalize=1.553ms
[labev] t=455620.337 ev.propose=0.002ms
[labev] t=455620.349 ev.verify=12.078ms
[labev] t=455620.351 ev.finalize=1.656ms
[labev] t=455620.351 ev.propose=0.002ms
[labev] t=455620.363 ev.verify=12.109ms
[labev] t=455620.365 ev.finalize=1.648ms
[labev] t=455620.365 ev.propose=0.002ms
[labev] t=455620.377 ev.verify=12.047ms
[labev] t=455620.379 ev.finalize=1.662ms
[labev] t=455620.379 ev.propose=0.002ms
[labev] t=455620.391 ev.verify=12.357ms
[labev] t=455620.393 ev.finalize=1.562ms
[labev] t=455620.393 ev.propose=0.002ms
[labev] t=455620.405 ev.verify=12.260ms
[labev] t=455620.408 ev.finalize=2.316ms
[labev] t=455620.408 ev.propose=0.002ms
[labev] t=455620.420 ev.verify=12.322ms
[labev] t=455620.422 ev.finalize=1.665ms
[labev] t=455620.422 ev.propose=0.002ms
[labev] t=455620.434 ev.verify=12.191ms
[labev] t=455620.436 ev.finalize=1.707ms
[labev] t=455620.436 ev.propose=0.001ms
[labev] t=455620.448 ev.verify=12.174ms
[labev] t=455620.450 ev.finalize=1.550ms
[labev] t=455620.450 ev.propose=0.002ms
[labev] t=455620.462 ev.verify=12.434ms
[labev] t=455620.464 ev.finalize=1.649ms
[labev] t=455620.464 ev.propose=0.002ms
[labev] t=455620.476 ev.verify=12.200ms
[labev] t=455620.478 ev.finalize=1.674ms
[labev] t=455620.478 ev.propose=0.002ms
[labev] t=455620.491 ev.verify=12.433ms
[labev] t=455620.492 ev.finalize=1.661ms
[labev] t=455620.493 ev.propose=0.002ms
[labev] t=455620.505 ev.verify=12.333ms
[labev] t=455620.507 ev.finalize=1.676ms
[labev] t=455620.507 ev.propose=0.002ms
[labev] t=455620.519 ev.verify=12.223ms
[labev] t=455620.521 ev.finalize=1.696ms
[labev] t=455620.521 ev.propose=0.002ms
[labev] t=455620.533 ev.verify=12.304ms
[labev] t=455620.535 ev.finalize=1.678ms
[labev] t=455620.535 ev.propose=0.002ms
[labev] t=455620.547 ev.verify=12.244ms
[labev] t=455620.549 ev.finalize=1.677ms
[labev] t=455620.549 ev.propose=0.002ms
[labev] t=455620.561 ev.verify=12.213ms
[labev] t=455620.563 ev.finalize=1.687ms
[labev] t=455620.563 ev.propose=0.002ms
[labev] t=455620.576 ev.verify=12.417ms
[labev] t=455620.577 ev.finalize=1.602ms
[labev] t=455620.577 ev.propose=0.002ms
[labev] t=455620.589 ev.verify=12.186ms
[labev] t=455620.591 ev.finalize=1.700ms
[labev] t=455620.591 ev.propose=0.002ms
[labev] t=455620.603 ev.verify=12.140ms
[labev] t=455620.605 ev.finalize=1.708ms
[labev] t=455620.605 ev.propose=0.002ms
[labev] t=455620.618 ev.verify=12.198ms
[labev] t=455620.619 ev.finalize=1.663ms
[labev] t=455620.619 ev.propose=0.002ms
[labev] t=455620.632 ev.verify=12.437ms
[labev] t=455620.634 ev.finalize=1.677ms
[labev] t=455620.634 ev.propose=0.002ms
[labev] t=455620.646 ev.verify=12.220ms
[labev] t=455620.648 ev.finalize=2.349ms
[labev] t=455620.648 ev.propose=0.002ms
[labev] t=455620.661 ev.verify=12.268ms
[labev] t=455620.662 ev.finalize=1.659ms
[labev] t=455620.662 ev.propose=0.002ms
[labev] t=455620.675 ev.verify=12.266ms
[labev] t=455620.676 ev.finalize=1.572ms
[labev] t=455620.676 ev.propose=0.002ms
[labev] t=455620.689 ev.verify=12.183ms
[labev] t=455620.690 ev.finalize=1.585ms
[labev] t=455620.690 ev.propose=0.002ms
[labev] t=455620.703 ev.verify=12.274ms
[labev] t=455620.704 ev.finalize=1.657ms
[labev] t=455620.705 ev.propose=0.002ms
[labev] t=455620.717 ev.verify=12.254ms
[labev] t=455620.718 ev.finalize=1.571ms
[labev] t=455620.719 ev.propose=0.002ms
[labev] t=455620.731 ev.verify=12.335ms
[labev] t=455620.733 ev.finalize=1.672ms
[labev] t=455620.733 ev.propose=0.002ms
[labev] t=455620.745 ev.verify=12.274ms
[labev] t=455620.747 ev.finalize=1.684ms
[labev] t=455620.747 ev.propose=0.002ms
[labev] t=455620.759 ev.verify=12.367ms
[labev] t=455620.761 ev.finalize=1.548ms
[labev] t=455620.761 ev.propose=0.002ms
[labev] t=455620.773 ev.verify=12.268ms
[labev] t=455620.775 ev.finalize=1.560ms
[labev] t=455620.775 ev.propose=0.002ms
[labev] t=455620.787 ev.verify=12.377ms
[labev] t=455620.789 ev.finalize=1.674ms
[labev] t=455620.789 ev.propose=0.002ms
[labev] t=455620.802 ev.verify=12.456ms
[labev] t=455620.803 ev.finalize=1.667ms
[labev] t=455620.803 ev.propose=0.002ms
[labev] t=455620.816 ev.verify=12.341ms
[labev] t=455620.817 ev.finalize=1.684ms
[labev] t=455620.818 ev.propose=0.002ms
[labev] t=455620.830 ev.verify=12.390ms
[labev] t=455620.832 ev.finalize=1.678ms
[labev] t=455620.832 ev.propose=0.002ms
[labev] t=455620.844 ev.verify=12.232ms
[labev] t=455620.846 ev.finalize=1.681ms
[labev] t=455620.846 ev.propose=0.002ms
[labev] t=455620.858 ev.verify=12.271ms
[labev] t=455620.860 ev.finalize=1.698ms
[labev] t=455620.860 ev.propose=0.002ms
[labev] t=455620.872 ev.verify=12.333ms
[labev] t=455620.874 ev.finalize=1.659ms
[labev] t=455620.874 ev.propose=0.002ms
[labev] t=455620.886 ev.verify=12.308ms
[labev] t=455620.888 ev.finalize=1.656ms
[labev] t=455620.888 ev.propose=0.002ms
[labev] t=455620.900 ev.verify=12.243ms
[labev] t=455620.902 ev.finalize=1.698ms
[labev] t=455620.902 ev.propose=0.002ms
[labev] t=455620.915 ev.verify=12.247ms
[labev] t=455620.917 ev.finalize=2.318ms
[labev] t=455620.917 ev.propose=0.002ms
[labev] t=455620.930 ev.verify=12.540ms
[labev] t=455620.931 ev.finalize=1.650ms
[labev] t=455620.931 ev.propose=0.002ms
[labev] t=455620.944 ev.verify=12.263ms
[labev] t=455620.945 ev.finalize=1.681ms
[labev] t=455620.946 ev.propose=0.002ms
[labev] t=455620.958 ev.verify=12.394ms
[labev] t=455620.960 ev.finalize=1.677ms
[labev] t=455620.960 ev.propose=0.001ms
[labev] t=455620.972 ev.verify=12.411ms
[labev] t=455620.974 ev.finalize=1.678ms
[labev] t=455620.974 ev.propose=0.002ms
[labev] t=455620.986 ev.verify=12.240ms
[labev] t=455620.988 ev.finalize=1.600ms
[labev] t=455620.988 ev.propose=0.002ms
[labev] t=455621.000 ev.verify=12.242ms
[labev] t=455621.002 ev.finalize=1.571ms
[labev] t=455621.002 ev.propose=0.002ms
[labev] t=455621.014 ev.verify=12.241ms
[labev] t=455621.016 ev.finalize=1.658ms
[labev] t=455621.016 ev.propose=0.002ms
[labev] t=455621.028 ev.verify=12.241ms
[labev] t=455621.030 ev.finalize=1.687ms
[labev] t=455621.030 ev.propose=0.002ms
[labev] t=455621.043 ev.verify=12.472ms
[labev] t=455621.044 ev.finalize=1.677ms
[labev] t=455621.044 ev.propose=0.002ms
[labev] t=455621.057 ev.verify=12.154ms
[labev] t=455621.058 ev.finalize=1.655ms
[labev] t=455621.058 ev.propose=0.002ms
[labev] t=455621.071 ev.verify=12.258ms
[labev] t=455621.072 ev.finalize=1.682ms
[labev] t=455621.073 ev.propose=0.002ms
[labev] t=455621.085 ev.verify=12.274ms
[labev] t=455621.087 ev.finalize=1.689ms
[labev] t=455621.087 ev.propose=0.002ms
[labev] t=455621.099 ev.verify=12.450ms
[labev] t=455621.101 ev.finalize=1.641ms
[labev] t=455621.101 ev.propose=0.002ms
[labev] t=455621.113 ev.verify=12.138ms
[labev] t=455621.115 ev.finalize=1.688ms
[labev] t=455621.115 ev.propose=0.002ms
[labev] t=455621.127 ev.verify=12.273ms
[labev] t=455621.129 ev.finalize=1.705ms
[labev] t=455621.129 ev.propose=0.002ms
[labev] t=455621.141 ev.verify=12.235ms
[labev] t=455621.143 ev.finalize=1.694ms
[labev] t=455621.143 ev.propose=0.002ms
[labev] t=455621.155 ev.verify=12.322ms
[labev] t=455621.158 ev.finalize=2.369ms
[labev] t=455621.158 ev.propose=0.002ms
[labev] t=455621.170 ev.verify=12.438ms
[labev] t=455621.172 ev.finalize=1.725ms
[labev] t=455621.172 ev.propose=0.002ms
[labev] t=455621.185 ev.verify=12.319ms
[labev] t=455621.186 ev.finalize=1.684ms
[labev] t=455621.186 ev.propose=0.002ms
[labev] t=455621.199 ev.verify=12.441ms
[labev] t=455621.201 ev.finalize=1.700ms
[labev] t=455621.201 ev.propose=0.002ms
[labev] t=455621.213 ev.verify=12.452ms
[labev] t=455621.215 ev.finalize=1.676ms
[labev] t=455621.215 ev.propose=0.002ms
[labev] t=455621.227 ev.verify=12.397ms
[labev] t=455621.229 ev.finalize=1.683ms
[labev] t=455621.229 ev.propose=0.002ms
[labev] t=455621.242 ev.verify=12.258ms
[labev] t=455621.243 ev.finalize=1.654ms
[labev] t=455621.243 ev.propose=0.002ms
[labev] t=455621.256 ev.verify=12.224ms
[labev] t=455621.257 ev.finalize=1.596ms
[labev] t=455621.257 ev.propose=0.002ms
[labev] t=455621.270 ev.verify=12.412ms
[labev] t=455621.271 ev.finalize=1.667ms
[labev] t=455621.272 ev.propose=0.002ms
[labev] t=455621.284 ev.verify=12.183ms
[labev] t=455621.286 ev.finalize=1.680ms
[labev] t=455621.286 ev.propose=0.002ms
[labev] t=455621.298 ev.verify=12.322ms
[labev] t=455621.300 ev.finalize=1.673ms
[labev] t=455621.300 ev.propose=0.002ms
[labev] t=455621.312 ev.verify=12.394ms
[labev] t=455621.314 ev.finalize=1.685ms
[labev] t=455621.314 ev.propose=0.002ms
[labev] t=455621.326 ev.verify=12.309ms
[labev] t=455621.328 ev.finalize=1.696ms
[labev] t=455621.328 ev.propose=0.002ms
[labev] t=455621.341 ev.verify=12.336ms
[labev] t=455621.342 ev.finalize=1.584ms
[labev] t=455621.342 ev.propose=0.002ms
[labev] t=455621.355 ev.verify=12.339ms
[labev] t=455621.356 ev.finalize=1.564ms
[labev] t=455621.356 ev.propose=0.002ms
[labev] t=455621.369 ev.verify=12.232ms
[labev] t=455621.370 ev.finalize=1.644ms
[labev] t=455621.370 ev.propose=0.002ms
[labev] t=455621.383 ev.verify=12.290ms
[labev] t=455621.384 ev.finalize=1.686ms
[labev] t=455621.385 ev.propose=0.002ms
[labev] t=455621.397 ev.verify=12.097ms
[labev] t=455621.399 ev.finalize=2.251ms
[labev] t=455621.399 ev.propose=0.002ms
[labev] t=455621.411 ev.verify=12.182ms
[labev] t=455621.413 ev.finalize=1.722ms
[labev] t=455621.413 ev.propose=0.002ms
[labev] t=455621.425 ev.verify=12.296ms
[labev] t=455621.427 ev.finalize=1.617ms
[labev] t=455621.427 ev.propose=0.002ms
[labev] t=455621.439 ev.verify=12.249ms
[labev] t=455621.441 ev.finalize=1.698ms
[labev] t=455621.441 ev.propose=0.002ms
[labev] t=455621.453 ev.verify=12.208ms
[labev] t=455621.455 ev.finalize=1.759ms
[labev] t=455621.455 ev.propose=0.002ms
[labev] t=455621.468 ev.verify=12.356ms
[labev] t=455621.469 ev.finalize=1.690ms
[labev] t=455621.470 ev.propose=0.002ms
[labev] t=455621.482 ev.verify=12.228ms
[labev] t=455621.483 ev.finalize=1.585ms
[labev] t=455621.484 ev.propose=0.002ms
[labev] t=455621.496 ev.verify=12.191ms
[labev] t=455621.497 ev.finalize=1.668ms
[labev] t=455621.498 ev.propose=0.002ms
[labev] t=455621.510 ev.verify=12.235ms
[labev] t=455621.512 ev.finalize=1.688ms
[labev] t=455621.513 req.start s1-p4096-o512-b4-r0=0.000ms
[labev] t=455621.513 req.handle=0.013ms
[labev] t=455621.535 tok.prepare=22.355ms
event=batching_admitted action=scheduler_admitted
[labev] t=455621.789 chunk.ord.total=253.261ms
[labev] t=455622.042 chunk.ord.total=252.631ms
[labprof] d0.performDecode.call=135.932ms/n24 f0.finalize.total=1.677ms/n557 f1.finalize.build=0.475ms/n557 f2.finalize.eval=1.147ms/n557 fc.finalize.call=1.682ms/n557 o1.ord.build=1.146ms/n368 o2.ord.eval=7.346ms/n368 p0.propose=0.002ms/n557 r0.round.interval=14.116ms/n555 s1.native.prefill.target=40.255ms/n16 s1.ord.prefill.target=2.367ms/n3 s2.native.prefill.drafter+eval=241.732ms/n16 s2.ord.prefill.eval=251.675ms/n3 s9.native.prefill.chunk.total=282.024ms/n16 s9.ord.prefill.chunk.total=252.982ms/n2 v0.verify.call=12.274ms/n557 v1.verify.build=1.603ms/n557 v2.verify.eval=10.565ms/n557
[labev] t=455622.298 chunk.ord.total=256.297ms
[labev] t=455622.556 chunk.ord.total=257.935ms
[labev] t=455622.817 chunk.ord.total=260.612ms
[labev] t=455623.078 chunk.ord.total=261.404ms
[labev] t=455623.345 chunk.ord.total=266.971ms
[labev] t=455623.652 chunk.ord.total=306.282ms
[labev] t=455623.652 req.firsttoken s1-p4096-o512-b4-r0=2138.787ms
[labev] t=455623.791 ev.decode.rows1.cap0=139.630ms
[labev] t=455623.928 ev.decode.rows1.cap0=136.647ms
[labev] t=455624.065 ev.decode.rows1.cap0=136.464ms
[labev] t=455624.202 ev.decode.rows1.cap0=136.893ms
[labev] t=455624.338 ev.decode.rows1.cap0=135.798ms
[labev] t=455624.474 ev.decode.rows1.cap0=136.333ms
[labev] t=455624.610 ev.decode.rows1.cap0=136.113ms
[labev] t=455624.746 ev.decode.rows1.cap0=135.964ms
[labev] t=455624.883 ev.decode.rows1.cap0=136.872ms
[labev] t=455625.019 ev.decode.rows1.cap0=135.911ms
[labev] t=455625.155 ev.decode.rows1.cap0=135.936ms
[labev] t=455625.291 ev.decode.rows1.cap0=135.989ms
[labev] t=455625.427 ev.decode.rows1.cap0=135.637ms
[labev] t=455625.563 ev.decode.rows1.cap0=135.766ms
[labev] t=455625.699 ev.decode.rows1.cap0=135.688ms
[labev] t=455625.835 ev.decode.rows1.cap0=135.982ms
[labev] t=455625.971 ev.decode.rows1.cap0=135.947ms
[labev] t=455626.107 ev.decode.rows1.cap0=135.825ms
[labev] t=455626.243 ev.decode.rows1.cap0=135.958ms
[labev] t=455626.379 ev.decode.rows1.cap0=135.717ms
[labev] t=455626.515 ev.decode.rows1.cap0=135.983ms
[labev] t=455626.651 ev.decode.rows1.cap0=136.201ms
[labev] t=455626.787 ev.decode.rows1.cap0=136.000ms
[labev] t=455626.924 ev.decode.rows1.cap0=136.425ms
[labev] t=455627.060 ev.decode.rows1.cap0=136.264ms
[labev] t=455627.197 ev.decode.rows1.cap0=136.606ms
[labev] t=455627.333 ev.decode.rows1.cap0=136.349ms
[labev] t=455627.470 ev.decode.rows1.cap0=136.431ms
[labev] t=455627.606 ev.decode.rows1.cap0=136.378ms
[labev] t=455627.743 ev.decode.rows1.cap0=136.709ms
[labev] t=455627.880 ev.decode.rows1.cap0=136.366ms
[labev] t=455628.007 ev.decode.rows1.cap0=127.658ms
[labev] t=455631.902 req.start s1-p4096-o512-b5-r0=0.001ms
[labev] t=455631.902 req.handle=0.065ms
[labev] t=455631.924 tok.prepare=22.221ms
event=batching_admitted action=scheduler_admitted
[labev] t=455632.215 chunk.native.total=290.526ms
[labev] t=455632.482 chunk.native.total=266.943ms
[labev] t=455632.752 chunk.native.total=269.896ms
[labev] t=455633.025 chunk.native.total=272.549ms
[labev] t=455633.302 chunk.native.total=276.832ms
[labev] t=455633.580 chunk.native.total=278.424ms
[labev] t=455633.862 chunk.native.total=282.151ms
[labev] t=455634.178 chunk.native.total=315.854ms
[labev] t=455634.178 req.firsttoken s1-p4096-o512-b5-r0=2276.510ms
[labev] t=455634.178 ev.propose=0.003ms
[labev] t=455634.191 ev.verify=12.368ms
[labev] t=455634.193 ev.finalize=1.802ms
[labev] t=455634.193 ev.propose=0.088ms
[labev] t=455634.205 ev.verify=12.449ms
[labev] t=455634.207 ev.finalize=1.677ms
[labev] t=455634.207 ev.propose=0.079ms
[labev] t=455634.220 ev.verify=12.226ms
[labev] t=455634.221 ev.finalize=1.684ms
[labev] t=455634.221 ev.propose=0.049ms
[labev] t=455634.233 ev.verify=12.034ms
[labev] t=455634.235 ev.finalize=1.660ms
[labev] t=455634.235 ev.propose=0.039ms
[labev] t=455634.247 ev.verify=12.127ms
[labev] t=455634.249 ev.finalize=1.671ms
[labev] t=455634.249 ev.propose=0.056ms
[labev] t=455634.262 ev.verify=12.162ms
[labev] t=455634.263 ev.finalize=1.666ms
[labev] t=455634.263 ev.propose=0.050ms
[labev] t=455634.276 ev.verify=12.339ms
[labev] t=455634.277 ev.finalize=1.663ms
[labev] t=455634.278 ev.propose=0.049ms
[labev] t=455634.290 ev.verify=12.247ms
[labev] t=455634.292 ev.finalize=1.661ms
[labev] t=455634.292 ev.propose=0.053ms
[labev] t=455634.304 ev.verify=12.171ms
[labev] t=455634.306 ev.finalize=2.279ms
[labev] t=455634.306 ev.propose=0.065ms
[labev] t=455634.319 ev.verify=12.337ms
[labev] t=455634.320 ev.finalize=1.653ms
[labev] t=455634.321 ev.propose=0.077ms
[labev] t=455634.333 ev.verify=12.100ms
[labev] t=455634.334 ev.finalize=1.641ms
[labev] t=455634.335 ev.propose=0.059ms
[labev] t=455634.347 ev.verify=12.093ms
[labev] t=455634.348 ev.finalize=1.674ms
[labev] t=455634.348 ev.propose=0.002ms
[labev] t=455634.361 ev.verify=12.159ms
[labev] t=455634.362 ev.finalize=1.530ms
[labev] t=455634.362 ev.propose=0.071ms
[labev] t=455634.375 ev.verify=12.180ms
[labev] t=455634.376 ev.finalize=1.640ms
[labev] t=455634.376 ev.propose=0.002ms
[labev] t=455634.389 ev.verify=12.298ms
[labev] t=455634.390 ev.finalize=1.528ms
[labev] t=455634.390 ev.propose=0.055ms
[labev] t=455634.403 ev.verify=12.137ms
[labev] t=455634.404 ev.finalize=1.632ms
[labev] t=455634.404 ev.propose=0.056ms
[labev] t=455634.417 ev.verify=12.126ms
[labev] t=455634.418 ev.finalize=1.655ms
[labev] t=455634.418 ev.propose=0.063ms
[labev] t=455634.430 ev.verify=12.057ms
[labev] t=455634.432 ev.finalize=1.631ms
[labev] t=455634.432 ev.propose=0.063ms
[labev] t=455634.444 ev.verify=11.973ms
[labev] t=455634.446 ev.finalize=1.622ms
[labev] t=455634.446 ev.propose=0.002ms
[labev] t=455634.458 ev.verify=12.190ms
[labev] t=455634.460 ev.finalize=1.611ms
[labev] t=455634.460 ev.propose=0.002ms
[labev] t=455634.472 ev.verify=12.121ms
[labev] t=455634.474 ev.finalize=1.639ms
[labev] t=455634.474 ev.propose=0.065ms
[labev] t=455634.486 ev.verify=12.189ms
[labev] t=455634.488 ev.finalize=1.653ms
[labev] t=455634.488 ev.propose=0.002ms
[labev] t=455634.500 ev.verify=12.311ms
[labev] t=455634.502 ev.finalize=1.649ms
[labev] t=455634.502 ev.propose=0.002ms
[labev] t=455634.514 ev.verify=12.163ms
[labev] t=455634.516 ev.finalize=1.664ms
[labev] t=455634.516 ev.propose=0.002ms
[labev] t=455634.528 ev.verify=12.248ms
[labev] t=455634.530 ev.finalize=1.616ms
[labev] t=455634.530 ev.propose=0.002ms
[labev] t=455634.542 ev.verify=12.296ms
[labev] t=455634.545 ev.finalize=2.286ms
[labev] t=455634.545 ev.propose=0.002ms
[labev] t=455634.557 ev.verify=12.312ms
[labev] t=455634.559 ev.finalize=1.660ms
[labev] t=455634.559 ev.propose=0.002ms
[labev] t=455634.571 ev.verify=12.251ms
[labev] t=455634.573 ev.finalize=1.642ms
[labev] t=455634.573 ev.propose=0.002ms
[labev] t=455634.585 ev.verify=12.311ms
[labev] t=455634.587 ev.finalize=1.644ms
[labev] t=455634.587 ev.propose=0.002ms
[labev] t=455634.599 ev.verify=12.216ms
[labev] t=455634.601 ev.finalize=1.611ms
[labev] t=455634.601 ev.propose=0.002ms
[labev] t=455634.613 ev.verify=12.225ms
[labev] t=455634.615 ev.finalize=1.639ms
[labev] t=455634.615 ev.propose=0.002ms
[labev] t=455634.627 ev.verify=12.133ms
[labev] t=455634.629 ev.finalize=1.639ms
[labev] t=455634.629 ev.propose=0.002ms
[labev] t=455634.641 ev.verify=12.167ms
[labev] t=455634.643 ev.finalize=1.639ms
[labev] t=455634.643 ev.propose=0.002ms
[labev] t=455634.655 ev.verify=12.352ms
[labev] t=455634.657 ev.finalize=1.639ms
[labev] t=455634.657 ev.propose=0.002ms
[labev] t=455634.669 ev.verify=12.127ms
[labev] t=455634.671 ev.finalize=1.660ms
[labev] t=455634.671 ev.propose=0.002ms
[labev] t=455634.683 ev.verify=12.110ms
[labev] t=455634.685 ev.finalize=1.642ms
[labev] t=455634.685 ev.propose=0.002ms
[labev] t=455634.697 ev.verify=12.434ms
[labev] t=455634.699 ev.finalize=1.628ms
[labev] t=455634.699 ev.propose=0.002ms
[labev] t=455634.712 ev.verify=12.377ms
[labev] t=455634.713 ev.finalize=1.642ms
[labev] t=455634.713 ev.propose=0.002ms
[labev] t=455634.726 ev.verify=12.150ms
[labev] t=455634.727 ev.finalize=1.648ms
[labev] t=455634.727 ev.propose=0.002ms
[labev] t=455634.739 ev.verify=12.062ms
[labev] t=455634.741 ev.finalize=1.631ms
[labev] t=455634.741 ev.propose=0.002ms
[labev] t=455634.754 ev.verify=12.257ms
[labev] t=455634.755 ev.finalize=1.652ms
[labev] t=455634.755 ev.propose=0.002ms
[labev] t=455634.768 ev.verify=12.356ms
[labev] t=455634.770 ev.finalize=2.284ms
[labev] t=455634.770 ev.propose=0.002ms
[labev] t=455634.783 ev.verify=12.447ms
[labev] t=455634.784 ev.finalize=1.661ms
[labev] t=455634.784 ev.propose=0.002ms
[labev] t=455634.797 ev.verify=12.270ms
[labev] t=455634.798 ev.finalize=1.629ms
[labev] t=455634.798 ev.propose=0.002ms
[labev] t=455634.811 ev.verify=12.171ms
[labev] t=455634.812 ev.finalize=1.637ms
[labev] t=455634.812 ev.propose=0.002ms
[labev] t=455634.825 ev.verify=12.129ms
[labev] t=455634.826 ev.finalize=1.645ms
[labev] t=455634.826 ev.propose=0.002ms
[labev] t=455634.839 ev.verify=12.282ms
[labev] t=455634.840 ev.finalize=1.624ms
[labev] t=455634.840 ev.propose=0.002ms
[labev] t=455634.853 ev.verify=12.183ms
[labev] t=455634.854 ev.finalize=1.630ms
[labev] t=455634.854 ev.propose=0.002ms
[labev] t=455634.867 ev.verify=12.289ms
[labev] t=455634.868 ev.finalize=1.629ms
[labev] t=455634.868 ev.propose=0.002ms
[labev] t=455634.881 ev.verify=12.185ms
[labev] t=455634.882 ev.finalize=1.645ms
[labev] t=455634.882 ev.propose=0.002ms
[labev] t=455634.895 ev.verify=12.240ms
[labev] t=455634.896 ev.finalize=1.560ms
[labev] t=455634.896 ev.propose=0.002ms
[labev] t=455634.909 ev.verify=12.220ms
[labev] t=455634.910 ev.finalize=1.745ms
[labev] t=455634.911 ev.propose=0.002ms
[labev] t=455634.923 ev.verify=12.235ms
[labev] t=455634.925 ev.finalize=1.687ms
[labev] t=455634.925 ev.propose=0.002ms
[labev] t=455634.937 ev.verify=12.145ms
[labev] t=455634.938 ev.finalize=1.644ms
[labev] t=455634.939 ev.propose=0.002ms
[labev] t=455634.951 ev.verify=12.252ms
[labev] t=455634.953 ev.finalize=1.622ms
[labev] t=455634.953 ev.propose=0.002ms
[labev] t=455634.965 ev.verify=12.293ms
[labev] t=455634.967 ev.finalize=1.716ms
[labev] t=455634.967 ev.propose=0.002ms
[labev] t=455634.979 ev.verify=12.167ms
[labev] t=455634.981 ev.finalize=1.622ms
[labev] t=455634.981 ev.propose=0.002ms
[labev] t=455634.993 ev.verify=12.199ms
[labev] t=455634.995 ev.finalize=1.656ms
[labev] t=455634.995 ev.propose=0.002ms
[labev] t=455635.007 ev.verify=12.192ms
[labev] t=455635.009 ev.finalize=2.275ms
[labev] t=455635.009 ev.propose=0.002ms
[labev] t=455635.022 ev.verify=12.132ms
[labev] t=455635.023 ev.finalize=1.674ms
[labev] t=455635.023 ev.propose=0.002ms
[labev] t=455635.036 ev.verify=12.219ms
[labev] t=455635.037 ev.finalize=1.557ms
[labev] t=455635.037 ev.propose=0.002ms
[labev] t=455635.049 ev.verify=11.941ms
[labev] t=455635.051 ev.finalize=1.671ms
[labev] t=455635.051 ev.propose=0.002ms
[labev] t=455635.063 ev.verify=12.373ms
[labev] t=455635.065 ev.finalize=1.675ms
[labev] t=455635.065 ev.propose=0.002ms
[labev] t=455635.077 ev.verify=12.111ms
[labev] t=455635.079 ev.finalize=1.663ms
[labev] t=455635.079 ev.propose=0.002ms
[labev] t=455635.091 ev.verify=12.145ms
[labev] t=455635.093 ev.finalize=1.659ms
[labev] t=455635.093 ev.propose=0.002ms
[labev] t=455635.105 ev.verify=12.146ms
[labev] t=455635.107 ev.finalize=1.706ms
[labev] t=455635.107 ev.propose=0.002ms
[labev] t=455635.119 ev.verify=12.139ms
[labev] t=455635.121 ev.finalize=1.582ms
[labev] t=455635.121 ev.propose=0.002ms
[labev] t=455635.133 ev.verify=12.247ms
[labev] t=455635.135 ev.finalize=1.762ms
[labev] t=455635.135 ev.propose=0.002ms
[labev] t=455635.147 ev.verify=12.183ms
[labev] t=455635.149 ev.finalize=1.545ms
[labev] t=455635.149 ev.propose=0.002ms
[labev] t=455635.161 ev.verify=12.095ms
[labev] t=455635.163 ev.finalize=1.757ms
[labev] t=455635.163 ev.propose=0.002ms
[labev] t=455635.175 ev.verify=12.323ms
[labev] t=455635.177 ev.finalize=1.723ms
[labev] t=455635.177 ev.propose=0.002ms
[labev] t=455635.189 ev.verify=12.117ms
[labev] t=455635.191 ev.finalize=1.734ms
[labev] t=455635.191 ev.propose=0.002ms
[labev] t=455635.203 ev.verify=12.160ms
[labev] t=455635.205 ev.finalize=1.675ms
[labev] t=455635.205 ev.propose=0.002ms
[labev] t=455635.218 ev.verify=12.373ms
[labev] t=455635.219 ev.finalize=1.648ms
[labev] t=455635.219 ev.propose=0.002ms
[labev] t=455635.232 ev.verify=12.256ms
[labev] t=455635.233 ev.finalize=1.527ms
[labev] t=455635.233 ev.propose=0.002ms
[labev] t=455635.246 ev.verify=12.248ms
[labev] t=455635.247 ev.finalize=1.669ms
[labev] t=455635.247 ev.propose=0.001ms
[labev] t=455635.259 ev.verify=12.115ms
[labev] t=455635.262 ev.finalize=2.326ms
[labev] t=455635.262 ev.propose=0.002ms
[labev] t=455635.274 ev.verify=12.380ms
[labev] t=455635.276 ev.finalize=1.658ms
[labev] t=455635.276 ev.propose=0.002ms
[labev] t=455635.288 ev.verify=12.220ms
[labev] t=455635.290 ev.finalize=1.668ms
[labev] t=455635.290 ev.propose=0.002ms
[labev] t=455635.302 ev.verify=12.223ms
[labev] t=455635.304 ev.finalize=1.666ms
[labev] t=455635.304 ev.propose=0.002ms
[labev] t=455635.316 ev.verify=12.165ms
[labev] t=455635.318 ev.finalize=1.640ms
[labev] t=455635.318 ev.propose=0.002ms
[labev] t=455635.330 ev.verify=12.089ms
[labev] t=455635.332 ev.finalize=1.643ms
[labev] t=455635.332 ev.propose=0.002ms
[labev] t=455635.344 ev.verify=12.255ms
[labev] t=455635.346 ev.finalize=1.678ms
[labev] t=455635.346 ev.propose=0.002ms
[labev] t=455635.358 ev.verify=12.364ms
[labev] t=455635.360 ev.finalize=1.625ms
[labev] t=455635.360 ev.propose=0.002ms
[labev] t=455635.372 ev.verify=12.193ms
[labev] t=455635.374 ev.finalize=1.545ms
[labev] t=455635.374 ev.propose=0.002ms
[labev] t=455635.386 ev.verify=12.172ms
[labev] t=455635.388 ev.finalize=1.669ms
[labev] t=455635.388 ev.propose=0.002ms
[labev] t=455635.400 ev.verify=12.156ms
[labev] t=455635.402 ev.finalize=1.666ms
[labev] t=455635.402 ev.propose=0.002ms
[labev] t=455635.414 ev.verify=12.206ms
[labev] t=455635.416 ev.finalize=1.673ms
[labev] t=455635.416 ev.propose=0.002ms
[labev] t=455635.428 ev.verify=12.171ms
[labev] t=455635.430 ev.finalize=1.635ms
[labev] t=455635.430 ev.propose=0.002ms
[labev] t=455635.442 ev.verify=12.112ms
[labev] t=455635.444 ev.finalize=1.634ms
[labev] t=455635.444 ev.propose=0.002ms
[labev] t=455635.456 ev.verify=12.243ms
[labev] t=455635.458 ev.finalize=1.657ms
[labev] t=455635.458 ev.propose=0.002ms
[labev] t=455635.470 ev.verify=12.299ms
[labev] t=455635.472 ev.finalize=1.640ms
[labev] t=455635.472 ev.propose=0.002ms
[labev] t=455635.484 ev.verify=12.132ms
[labev] t=455635.487 ev.finalize=2.319ms
[labev] t=455635.487 ev.propose=0.002ms
[labev] t=455635.499 ev.verify=12.327ms
[labev] t=455635.501 ev.finalize=1.643ms
[labev] t=455635.501 ev.propose=0.002ms
[labev] t=455635.513 ev.verify=12.416ms
[labev] t=455635.515 ev.finalize=1.667ms
[labev] t=455635.515 ev.propose=0.002ms
[labev] t=455635.527 ev.verify=12.225ms
[labev] t=455635.529 ev.finalize=1.633ms
[labev] t=455635.529 ev.propose=0.002ms
[labev] t=455635.542 ev.verify=12.358ms
[labev] t=455635.543 ev.finalize=1.640ms
[labev] t=455635.543 ev.propose=0.002ms
[labev] t=455635.556 ev.verify=12.269ms
[labev] t=455635.557 ev.finalize=1.635ms
[labev] t=455635.557 ev.propose=0.002ms
[labev] t=455635.570 ev.verify=12.358ms
[labev] t=455635.571 ev.finalize=1.663ms
[labev] t=455635.572 ev.propose=0.002ms
[labev] t=455635.584 ev.verify=12.213ms
[labev] t=455635.585 ev.finalize=1.623ms
[labev] t=455635.586 ev.propose=0.002ms
[labev] t=455635.598 ev.verify=12.251ms
[labev] t=455635.599 ev.finalize=1.641ms
[labev] t=455635.600 ev.propose=0.001ms
[labev] t=455635.612 ev.verify=12.286ms
[labev] t=455635.614 ev.finalize=1.631ms
[labev] t=455635.614 ev.propose=0.002ms
[labev] t=455635.626 ev.verify=12.305ms
[labev] t=455635.628 ev.finalize=1.645ms
[labev] t=455635.628 ev.propose=0.002ms
[labev] t=455635.640 ev.verify=12.004ms
[labev] t=455635.642 ev.finalize=1.853ms
[labev] t=455635.642 ev.propose=0.002ms
[labev] t=455635.654 ev.verify=12.162ms
[labev] t=455635.656 ev.finalize=1.639ms
[labev] t=455635.656 ev.propose=0.002ms
[labev] t=455635.668 ev.verify=12.131ms
[labev] t=455635.670 ev.finalize=1.649ms
[labev] t=455635.670 ev.propose=0.002ms
[labev] t=455635.682 ev.verify=12.266ms
[labev] t=455635.684 ev.finalize=1.636ms
[labev] t=455635.684 ev.propose=0.001ms
[labev] t=455635.696 ev.verify=12.319ms
[labev] t=455635.698 ev.finalize=1.617ms
[labev] t=455635.698 ev.propose=0.002ms
[labev] t=455635.710 ev.verify=12.356ms
[labev] t=455635.712 ev.finalize=2.250ms
[labev] t=455635.713 ev.propose=0.002ms
[labev] t=455635.725 ev.verify=12.297ms
[labev] t=455635.727 ev.finalize=1.640ms
[labev] t=455635.727 ev.propose=0.002ms
[labev] t=455635.739 ev.verify=12.274ms
[labev] t=455635.741 ev.finalize=1.660ms
[labev] t=455635.741 ev.propose=0.002ms
[labev] t=455635.753 ev.verify=12.430ms
[labev] t=455635.755 ev.finalize=1.661ms
[labev] t=455635.755 ev.propose=0.002ms
[labev] t=455635.767 ev.verify=12.214ms
[labev] t=455635.769 ev.finalize=1.623ms
[labev] t=455635.769 ev.propose=0.002ms
[labev] t=455635.781 ev.verify=12.162ms
[labev] t=455635.783 ev.finalize=1.683ms
[labev] t=455635.783 ev.propose=0.002ms
[labev] t=455635.795 ev.verify=12.243ms
[labev] t=455635.797 ev.finalize=1.657ms
[labev] t=455635.797 ev.propose=0.002ms
[labev] t=455635.809 ev.verify=12.244ms
[labev] t=455635.811 ev.finalize=1.589ms
[labev] t=455635.811 ev.propose=0.002ms
[labev] t=455635.823 ev.verify=12.422ms
[labev] t=455635.825 ev.finalize=1.662ms
[labev] t=455635.825 ev.propose=0.002ms
[labev] t=455635.837 ev.verify=12.127ms
[labev] t=455635.839 ev.finalize=1.666ms
[labev] t=455635.839 ev.propose=0.002ms
[labev] t=455635.851 ev.verify=12.264ms
[labev] t=455635.853 ev.finalize=1.651ms
[labev] t=455635.853 ev.propose=0.002ms
[labev] t=455635.865 ev.verify=12.196ms
[labev] t=455635.867 ev.finalize=1.642ms
[labev] t=455635.867 ev.propose=0.002ms
[labev] t=455635.880 ev.verify=12.271ms
[labev] t=455635.881 ev.finalize=1.649ms
[labev] t=455635.881 ev.propose=0.002ms
[labev] t=455635.894 ev.verify=12.253ms
[labev] t=455635.895 ev.finalize=1.649ms
[labev] t=455635.895 ev.propose=0.002ms
[labev] t=455635.908 ev.verify=12.390ms
[labev] t=455635.910 ev.finalize=1.664ms
[labev] t=455635.910 ev.propose=0.002ms
[labev] t=455635.922 ev.verify=12.331ms
[labev] t=455635.924 ev.finalize=1.645ms
[labev] t=455635.924 ev.propose=0.002ms
[labev] t=455635.936 ev.verify=12.204ms
[labev] t=455635.938 ev.finalize=2.283ms
[labev] t=455635.938 ev.propose=0.002ms
[labev] t=455635.951 ev.verify=12.255ms
[labev] t=455635.952 ev.finalize=1.647ms
[labev] t=455635.953 ev.propose=0.002ms
[labev] t=455635.965 ev.verify=12.241ms
[labev] t=455635.966 ev.finalize=1.640ms
[labev] t=455635.967 ev.propose=0.002ms
[labev] t=455635.979 ev.verify=12.410ms
[labev] t=455635.981 ev.finalize=1.654ms
[labev] t=455635.981 ev.propose=0.002ms
[labev] t=455635.993 ev.verify=12.383ms
[labev] t=455635.995 ev.finalize=1.677ms
[labev] t=455635.995 ev.propose=0.002ms
[labev] t=455636.007 ev.verify=12.224ms
[labev] t=455636.009 ev.finalize=1.660ms
[labev] t=455636.009 ev.propose=0.002ms
[labev] t=455636.022 ev.verify=12.455ms
[labev] t=455636.023 ev.finalize=1.686ms
[labev] t=455636.023 ev.propose=0.002ms
[labev] t=455636.036 ev.verify=12.301ms
[labev] t=455636.037 ev.finalize=1.672ms
[labev] t=455636.037 ev.propose=0.002ms
[labev] t=455636.050 ev.verify=12.373ms
[labev] t=455636.052 ev.finalize=1.664ms
[labev] t=455636.052 ev.propose=0.002ms
[labev] t=455636.064 ev.verify=12.548ms
[labev] t=455636.066 ev.finalize=1.665ms
[labev] t=455636.066 ev.propose=0.002ms
[labev] t=455636.078 ev.verify=12.379ms
[labev] t=455636.080 ev.finalize=1.638ms
[labev] t=455636.080 ev.propose=0.002ms
[labev] t=455636.093 ev.verify=12.343ms
[labev] t=455636.094 ev.finalize=1.643ms
[labev] t=455636.094 ev.propose=0.002ms
[labev] t=455636.107 ev.verify=12.393ms
[labev] t=455636.108 ev.finalize=1.671ms
[labev] t=455636.109 ev.propose=0.002ms
[labev] t=455636.121 ev.verify=12.199ms
[labev] t=455636.123 ev.finalize=1.647ms
[labev] t=455636.123 ev.propose=0.002ms
[labev] t=455636.135 ev.verify=12.457ms
[labev] t=455636.137 ev.finalize=1.645ms
[labev] t=455636.137 ev.propose=0.002ms
[labev] t=455636.149 ev.verify=12.342ms
[labev] t=455636.151 ev.finalize=1.638ms
[labev] t=455636.151 ev.propose=0.002ms
[labev] t=455636.163 ev.verify=12.360ms
[labev] t=455636.166 ev.finalize=2.278ms
[labev] t=455636.166 ev.propose=0.002ms
[labev] t=455636.178 ev.verify=12.235ms
[labev] t=455636.180 ev.finalize=1.667ms
[labev] t=455636.180 ev.propose=0.002ms
[labev] t=455636.192 ev.verify=12.469ms
[labev] t=455636.194 ev.finalize=1.679ms
[labev] t=455636.194 ev.propose=0.002ms
[labev] t=455636.207 ev.verify=12.336ms
[labev] t=455636.208 ev.finalize=1.645ms
[labev] t=455636.208 ev.propose=0.002ms
[labev] t=455636.221 ev.verify=12.356ms
[labev] t=455636.222 ev.finalize=1.616ms
[labev] t=455636.222 ev.propose=0.002ms
[labev] t=455636.235 ev.verify=12.276ms
[labev] t=455636.236 ev.finalize=1.583ms
[labev] t=455636.236 ev.propose=0.002ms
[labev] t=455636.249 ev.verify=12.229ms
[labev] t=455636.250 ev.finalize=1.585ms
[labev] t=455636.250 ev.propose=0.002ms
[labev] t=455636.263 ev.verify=12.312ms
[labev] t=455636.264 ev.finalize=1.655ms
[labev] t=455636.265 ev.propose=0.002ms
[labev] t=455636.277 ev.verify=12.323ms
[labev] t=455636.279 ev.finalize=1.663ms
[labev] t=455636.279 ev.propose=0.002ms
[labev] t=455636.291 ev.verify=12.346ms
[labev] t=455636.293 ev.finalize=1.687ms
[labev] t=455636.293 ev.propose=0.002ms
[labev] t=455636.305 ev.verify=12.352ms
[labev] t=455636.307 ev.finalize=1.669ms
[labev] t=455636.307 ev.propose=0.002ms
[labev] t=455636.319 ev.verify=12.313ms
[labev] t=455636.321 ev.finalize=1.554ms
[labev] t=455636.321 ev.propose=0.002ms
[labev] t=455636.333 ev.verify=12.257ms
[labev] t=455636.335 ev.finalize=1.757ms
[labev] t=455636.335 ev.propose=0.002ms
[labev] t=455636.348 ev.verify=12.250ms
[labev] t=455636.349 ev.finalize=1.734ms
[labev] t=455636.349 ev.propose=0.002ms
[labev] t=455636.362 ev.verify=12.406ms
[labev] t=455636.363 ev.finalize=1.538ms
[labev] t=455636.363 ev.propose=0.002ms
[labev] t=455636.376 ev.verify=12.240ms
[labev] t=455636.377 ev.finalize=1.694ms
[labev] t=455636.378 ev.propose=0.002ms
[labev] t=455636.390 ev.verify=12.220ms
[labev] t=455636.392 ev.finalize=1.701ms
[labev] t=455636.392 ev.propose=0.002ms
[labev] t=455636.404 ev.verify=12.293ms
[labev] t=455636.406 ev.finalize=1.657ms
[labev] t=455636.406 ev.propose=0.002ms
[labev] t=455636.418 ev.verify=12.431ms
[labev] t=455636.421 ev.finalize=2.326ms
[labev] t=455636.421 ev.propose=0.002ms
[labev] t=455636.433 ev.verify=12.418ms
[labev] t=455636.435 ev.finalize=1.680ms
[labev] t=455636.435 ev.propose=0.002ms
[labev] t=455636.447 ev.verify=12.165ms
[labev] t=455636.449 ev.finalize=1.664ms
[labev] t=455636.449 ev.propose=0.002ms
[labev] t=455636.461 ev.verify=12.240ms
[labev] t=455636.463 ev.finalize=1.680ms
[labev] t=455636.463 ev.propose=0.002ms
[labev] t=455636.475 ev.verify=12.203ms
[labev] t=455636.477 ev.finalize=1.659ms
[labev] t=455636.477 ev.propose=0.002ms
[labev] t=455636.489 ev.verify=12.334ms
[labev] t=455636.491 ev.finalize=1.655ms
[labev] t=455636.491 ev.propose=0.002ms
[labev] t=455636.504 ev.verify=12.339ms
[labev] t=455636.505 ev.finalize=1.670ms
[labev] t=455636.505 ev.propose=0.002ms
[labev] t=455636.517 ev.verify=12.139ms
[labev] t=455636.519 ev.finalize=1.643ms
[labev] t=455636.519 ev.propose=0.002ms
[labev] t=455636.532 ev.verify=12.296ms
[labev] t=455636.533 ev.finalize=1.538ms
[labev] t=455636.533 ev.propose=0.002ms
[labev] t=455636.545 ev.verify=12.066ms
[labev] t=455636.547 ev.finalize=1.542ms
[labev] t=455636.547 ev.propose=0.002ms
[labev] t=455636.560 ev.verify=12.474ms
[labev] t=455636.561 ev.finalize=1.651ms
[labev] t=455636.561 ev.propose=0.002ms
[labev] t=455636.574 ev.verify=12.478ms
[labev] t=455636.576 ev.finalize=1.681ms
[labev] t=455636.576 ev.propose=0.002ms
[labev] t=455636.588 ev.verify=12.496ms
[labev] t=455636.590 ev.finalize=1.656ms
[labev] t=455636.590 ev.propose=0.001ms
[labev] t=455636.602 ev.verify=12.391ms
[labev] t=455636.604 ev.finalize=1.670ms
[labev] t=455636.604 ev.propose=0.002ms
[labev] t=455636.616 ev.verify=12.267ms
[labev] t=455636.618 ev.finalize=1.663ms
[labev] t=455636.618 ev.propose=0.001ms
[labev] t=455636.631 ev.verify=12.357ms
[labev] t=455636.632 ev.finalize=1.654ms
[labev] t=455636.632 ev.propose=0.002ms
[labev] t=455636.645 ev.verify=12.409ms
[labev] t=455636.647 ev.finalize=1.655ms
[labev] t=455636.647 ev.propose=0.002ms
[labev] t=455636.659 ev.verify=12.311ms
[labev] t=455636.661 ev.finalize=2.296ms
[labev] t=455636.661 ev.propose=0.002ms
[labev] t=455636.674 ev.verify=12.270ms
[labev] t=455636.675 ev.finalize=1.674ms
[labev] t=455636.676 ev.propose=0.002ms
[labev] t=455636.688 ev.verify=12.377ms
[labev] t=455636.690 ev.finalize=1.681ms
[labev] t=455636.690 ev.propose=0.002ms
[labev] t=455636.702 ev.verify=12.357ms
[labev] t=455636.704 ev.finalize=1.670ms
[labev] t=455636.704 ev.propose=0.002ms
[labev] t=455636.716 ev.verify=12.083ms
[labev] t=455636.718 ev.finalize=1.689ms
[labev] t=455636.718 ev.propose=0.002ms
[labev] t=455636.730 ev.verify=12.403ms
[labev] t=455636.732 ev.finalize=1.644ms
[labev] t=455636.732 ev.propose=0.002ms
[labev] t=455636.744 ev.verify=12.240ms
[labev] t=455636.746 ev.finalize=1.686ms
[labev] t=455636.746 ev.propose=0.002ms
[labev] t=455636.759 ev.verify=12.389ms
[labev] t=455636.760 ev.finalize=1.660ms
[labev] t=455636.760 ev.propose=0.002ms
[labev] t=455636.773 ev.verify=12.372ms
[labev] t=455636.774 ev.finalize=1.683ms
[labev] t=455636.775 ev.propose=0.002ms
[labev] t=455636.787 ev.verify=12.238ms
[labev] t=455636.788 ev.finalize=1.612ms
[labev] t=455636.789 ev.propose=0.002ms
[labev] t=455636.801 ev.verify=12.136ms
[labev] t=455636.802 ev.finalize=1.700ms
[labev] t=455636.803 ev.propose=0.002ms
[labev] t=455636.815 ev.verify=12.329ms
[labev] t=455636.816 ev.finalize=1.567ms
[labev] t=455636.817 ev.propose=0.002ms
[labev] t=455636.829 ev.verify=12.292ms
[labev] t=455636.831 ev.finalize=1.655ms
[labev] t=455636.831 ev.propose=0.002ms
[labev] t=455636.843 ev.verify=12.346ms
[labev] t=455636.845 ev.finalize=1.534ms
[labev] t=455636.845 ev.propose=0.002ms
[labev] t=455636.857 ev.verify=12.416ms
[labev] t=455636.859 ev.finalize=1.684ms
[labev] t=455636.859 ev.propose=0.002ms
[labev] t=455636.871 ev.verify=12.362ms
[labev] t=455636.873 ev.finalize=1.668ms
[labev] t=455636.873 ev.propose=0.002ms
[labev] t=455636.886 ev.verify=12.302ms
[labev] t=455636.887 ev.finalize=1.550ms
[labev] t=455636.887 ev.propose=0.002ms
[labev] t=455636.899 ev.verify=12.164ms
[labev] t=455636.901 ev.finalize=1.675ms
[labev] t=455636.901 ev.propose=0.001ms
[labev] t=455636.913 ev.verify=12.086ms
[labev] t=455636.915 ev.finalize=1.570ms
[labev] t=455636.915 ev.propose=0.002ms
[labev] t=455636.927 ev.verify=12.146ms
[labev] t=455636.929 ev.finalize=2.235ms
[labev] t=455636.930 ev.propose=0.002ms
[labev] t=455636.942 ev.verify=12.225ms
[labev] t=455636.943 ev.finalize=1.548ms
[labev] t=455636.944 ev.propose=0.002ms
[labev] t=455636.956 ev.verify=12.404ms
[labev] t=455636.958 ev.finalize=1.718ms
[labev] t=455636.958 ev.propose=0.002ms
[labev] t=455636.970 ev.verify=12.353ms
[labev] t=455636.972 ev.finalize=1.653ms
[labev] t=455636.972 ev.propose=0.002ms
[labev] t=455636.984 ev.verify=12.322ms
[labev] t=455636.986 ev.finalize=1.653ms
[labev] t=455636.986 ev.propose=0.002ms
[labev] t=455636.998 ev.verify=12.233ms
[labev] t=455637.000 ev.finalize=1.605ms
[labev] t=455637.000 ev.propose=0.002ms
[labev] t=455637.012 ev.verify=12.087ms
[labev] t=455637.014 ev.finalize=1.645ms
[labev] t=455637.014 ev.propose=0.002ms
[labev] t=455637.026 ev.verify=12.273ms
[labev] t=455637.028 ev.finalize=1.856ms
[labev] t=455637.028 ev.propose=0.002ms
[labev] t=455637.041 ev.verify=12.249ms
[labev] t=455637.042 ev.finalize=1.646ms
[labev] t=455637.042 ev.propose=0.002ms
[labev] t=455637.055 ev.verify=12.366ms
[labev] t=455637.057 ev.finalize=1.691ms
[labev] t=455637.057 ev.propose=0.002ms
[labev] t=455637.069 ev.verify=12.482ms
[labev] t=455637.071 ev.finalize=1.658ms
[labev] t=455637.071 ev.propose=0.002ms
[labev] t=455637.083 ev.verify=12.453ms
[labev] t=455637.085 ev.finalize=1.678ms
[labev] t=455637.085 ev.propose=0.002ms
[labev] t=455637.098 ev.verify=12.326ms
[labev] t=455637.099 ev.finalize=1.655ms
[labev] t=455637.099 ev.propose=0.002ms
[labev] t=455637.112 ev.verify=12.177ms
[labev] t=455637.113 ev.finalize=1.639ms
[labev] t=455637.113 ev.propose=0.002ms
[labev] t=455637.126 ev.verify=12.336ms
[labev] t=455637.127 ev.finalize=1.538ms
[labev] t=455637.127 ev.propose=0.002ms
[labev] t=455637.139 ev.verify=12.042ms
[labev] t=455637.141 ev.finalize=1.532ms
[labev] t=455637.141 ev.propose=0.002ms
[labev] t=455637.153 ev.verify=12.201ms
[labev] t=455637.155 ev.finalize=1.682ms
[labev] t=455637.155 ev.propose=0.002ms
[labev] t=455637.167 ev.verify=12.246ms
[labev] t=455637.169 ev.finalize=1.662ms
[labev] t=455637.169 ev.propose=0.002ms
[labev] t=455637.182 ev.verify=12.399ms
[labev] t=455637.184 ev.finalize=2.323ms
[labev] t=455637.184 ev.propose=0.002ms
[labev] t=455637.197 ev.verify=12.442ms
[labev] t=455637.198 ev.finalize=1.668ms
[labev] t=455637.198 ev.propose=0.002ms
[labev] t=455637.211 ev.verify=12.279ms
[labev] t=455637.212 ev.finalize=1.697ms
[labev] t=455637.213 ev.propose=0.002ms
[labev] t=455637.225 ev.verify=12.377ms
[labev] t=455637.227 ev.finalize=1.662ms
[labev] t=455637.227 ev.propose=0.002ms
[labev] t=455637.239 ev.verify=12.477ms
[labev] t=455637.241 ev.finalize=1.683ms
[labev] t=455637.241 ev.propose=0.002ms
[labev] t=455637.253 ev.verify=12.080ms
[labev] t=455637.255 ev.finalize=1.747ms
[labev] t=455637.255 ev.propose=0.002ms
[labev] t=455637.267 ev.verify=12.404ms
[labev] t=455637.269 ev.finalize=1.694ms
[labev] t=455637.269 ev.propose=0.002ms
[labev] t=455637.282 ev.verify=12.370ms
[labev] t=455637.283 ev.finalize=1.678ms
[labev] t=455637.284 ev.propose=0.002ms
[labev] t=455637.296 ev.verify=12.339ms
[labev] t=455637.298 ev.finalize=1.671ms
[labev] t=455637.298 ev.propose=0.002ms
[labev] t=455637.310 ev.verify=12.360ms
[labev] t=455637.312 ev.finalize=1.549ms
[labev] t=455637.312 ev.propose=0.002ms
[labev] t=455637.324 ev.verify=12.351ms
[labev] t=455637.326 ev.finalize=1.660ms
[labev] t=455637.326 ev.propose=0.002ms
[labev] t=455637.338 ev.verify=12.432ms
[labev] t=455637.340 ev.finalize=1.679ms
[labev] t=455637.340 ev.propose=0.002ms
[labev] t=455637.353 ev.verify=12.342ms
[labev] t=455637.354 ev.finalize=1.687ms
[labev] t=455637.354 ev.propose=0.002ms
[labev] t=455637.367 ev.verify=12.296ms
[labev] t=455637.369 ev.finalize=1.709ms
[labev] t=455637.369 ev.propose=0.002ms
[labev] t=455637.381 ev.verify=12.343ms
[labev] t=455637.383 ev.finalize=1.555ms
[labev] t=455637.383 ev.propose=0.002ms
[labev] t=455637.395 ev.verify=12.293ms
[labev] t=455637.397 ev.finalize=1.537ms
[labev] t=455637.397 ev.propose=0.002ms
[labev] t=455637.409 ev.verify=12.203ms
[labev] t=455637.411 ev.finalize=1.690ms
[labev] t=455637.411 ev.propose=0.002ms
[labev] t=455637.423 ev.verify=12.245ms
[labev] t=455637.425 ev.finalize=1.665ms
[labev] t=455637.425 ev.propose=0.002ms
[labev] t=455637.437 ev.verify=12.328ms
[labev] t=455637.440 ev.finalize=2.326ms
[labev] t=455637.440 ev.propose=0.002ms
[labev] t=455637.452 ev.verify=12.187ms
[labev] t=455637.454 ev.finalize=1.716ms
[labev] t=455637.454 ev.propose=0.002ms
[labev] t=455637.466 ev.verify=12.343ms
[labev] t=455637.468 ev.finalize=1.669ms
[labev] t=455637.468 ev.propose=0.002ms
[labev] t=455637.480 ev.verify=12.332ms
[labev] t=455637.482 ev.finalize=1.728ms
[labev] t=455637.482 ev.propose=0.002ms
[labev] t=455637.495 ev.verify=12.451ms
[labev] t=455637.496 ev.finalize=1.659ms
[labev] t=455637.496 ev.propose=0.002ms
[labev] t=455637.509 ev.verify=12.380ms
[labev] t=455637.511 ev.finalize=1.675ms
[labev] t=455637.511 ev.propose=0.002ms
[labev] t=455637.523 ev.verify=12.452ms
[labev] t=455637.525 ev.finalize=1.684ms
[labev] t=455637.525 ev.propose=0.002ms
[labev] t=455637.537 ev.verify=12.451ms
[labev] t=455637.539 ev.finalize=1.680ms
[labev] t=455637.539 ev.propose=0.002ms
[labev] t=455637.551 ev.verify=12.076ms
[labev] t=455637.553 ev.finalize=1.718ms
[labev] t=455637.553 ev.propose=0.002ms
[labev] t=455637.565 ev.verify=12.250ms
[labev] t=455637.567 ev.finalize=1.802ms
[labev] t=455637.567 ev.propose=0.002ms
[labev] t=455637.580 ev.verify=12.315ms
[labev] t=455637.581 ev.finalize=1.754ms
[labev] t=455637.582 ev.propose=0.002ms
[labev] t=455637.594 ev.verify=12.244ms
[labev] t=455637.596 ev.finalize=1.705ms
[labev] t=455637.596 ev.propose=0.002ms
[labev] t=455637.608 ev.verify=12.245ms
[labev] t=455637.610 ev.finalize=1.661ms
[labev] t=455637.610 ev.propose=0.002ms
[labev] t=455637.622 ev.verify=12.335ms
[labev] t=455637.624 ev.finalize=1.713ms
[labev] t=455637.624 ev.propose=0.002ms
[labev] t=455637.636 ev.verify=12.467ms
[labev] t=455637.638 ev.finalize=1.685ms
[labev] t=455637.638 ev.propose=0.002ms
[labev] t=455637.650 ev.verify=12.309ms
[labev] t=455637.652 ev.finalize=1.720ms
[labev] t=455637.652 ev.propose=0.002ms
[labev] t=455637.665 ev.verify=12.340ms
[labev] t=455637.667 ev.finalize=2.363ms
[labev] t=455637.667 ev.propose=0.002ms
[labev] t=455637.680 ev.verify=12.393ms
[labev] t=455637.682 ev.finalize=1.897ms
[labev] t=455637.682 ev.propose=0.002ms
[labev] t=455637.694 ev.verify=12.401ms
[labev] t=455637.696 ev.finalize=1.580ms
[labev] t=455637.696 ev.propose=0.002ms
[labev] t=455637.708 ev.verify=12.401ms
[labev] t=455637.710 ev.finalize=1.675ms
[labev] t=455637.710 ev.propose=0.002ms
[labev] t=455637.722 ev.verify=12.350ms
[labev] t=455637.724 ev.finalize=1.700ms
[labev] t=455637.724 ev.propose=0.002ms
[labev] t=455637.737 ev.verify=12.455ms
[labev] t=455637.738 ev.finalize=1.702ms
[labev] t=455637.739 ev.propose=0.002ms
[labev] t=455637.751 ev.verify=12.208ms
[labev] t=455637.752 ev.finalize=1.583ms
[labev] t=455637.753 ev.propose=0.002ms
[labev] t=455637.765 ev.verify=12.264ms
[labev] t=455637.767 ev.finalize=1.658ms
[labev] t=455637.767 ev.propose=0.002ms
[labev] t=455637.779 ev.verify=12.204ms
[labev] t=455637.781 ev.finalize=1.676ms
[labev] t=455637.781 ev.propose=0.002ms
[labev] t=455637.793 ev.verify=12.326ms
[labev] t=455637.795 ev.finalize=1.680ms
[labev] t=455637.795 ev.propose=0.002ms
[labev] t=455637.807 ev.verify=12.442ms
[labev] t=455637.809 ev.finalize=1.643ms
[labev] t=455637.809 ev.propose=0.002ms
[labev] t=455637.822 ev.verify=12.471ms
[labev] t=455637.823 ev.finalize=1.677ms
[labev] t=455637.823 ev.propose=0.002ms
[labev] t=455637.836 ev.verify=12.388ms
[labev] t=455637.838 ev.finalize=1.686ms
[labev] t=455637.838 ev.propose=0.002ms
[labev] t=455637.850 ev.verify=12.348ms
[labev] t=455637.852 ev.finalize=1.579ms
[labev] t=455637.852 ev.propose=0.002ms
[labev] t=455637.864 ev.verify=12.420ms
[labev] t=455637.866 ev.finalize=1.700ms
[labev] t=455637.866 ev.propose=0.002ms
[labev] t=455637.878 ev.verify=12.394ms
[labev] t=455637.880 ev.finalize=1.701ms
[labev] t=455637.880 ev.propose=0.002ms
[labev] t=455637.893 ev.verify=12.310ms
[labev] t=455637.894 ev.finalize=1.558ms
[labev] t=455637.894 ev.propose=0.002ms
[labev] t=455637.907 ev.verify=12.408ms
[labev] t=455637.908 ev.finalize=1.676ms
[labev] t=455637.908 ev.propose=0.002ms
[labev] t=455637.921 ev.verify=12.354ms
[labev] t=455637.923 ev.finalize=2.161ms
[labev] t=455637.923 ev.propose=0.002ms
[labev] t=455637.936 ev.verify=12.525ms
[labev] t=455637.937 ev.finalize=1.709ms
[labev] t=455637.938 ev.propose=0.002ms
[labev] t=455637.950 ev.verify=12.368ms
[labev] t=455637.952 ev.finalize=1.694ms
[labev] t=455637.952 ev.propose=0.002ms
[labev] t=455637.964 ev.verify=12.325ms
[labev] t=455637.966 ev.finalize=1.686ms
[labev] t=455637.966 ev.propose=0.002ms
[labev] t=455637.978 ev.verify=12.457ms
[labev] t=455637.980 ev.finalize=1.694ms
[labev] t=455637.980 ev.propose=0.002ms
[labev] t=455637.993 ev.verify=12.326ms
[labev] t=455637.994 ev.finalize=1.700ms
[labev] t=455637.994 ev.propose=0.002ms
[labev] t=455638.007 ev.verify=12.458ms
[labev] t=455638.009 ev.finalize=1.688ms
[labev] t=455638.009 ev.propose=0.002ms
[labev] t=455638.021 ev.verify=12.376ms
[labev] t=455638.023 ev.finalize=1.679ms
[labev] t=455638.024 req.start s1-p4096-o512-b5-r0=0.000ms
[labev] t=455638.024 req.handle=0.013ms
[labev] t=455638.047 tok.prepare=22.694ms
event=batching_admitted action=scheduler_admitted
[labev] t=455638.301 chunk.ord.total=253.408ms
[labev] t=455638.553 chunk.ord.total=251.906ms
[labev] t=455638.809 chunk.ord.total=255.750ms
[labev] t=455639.067 chunk.ord.total=258.363ms
[labev] t=455639.328 chunk.ord.total=260.931ms
[labev] t=455639.589 chunk.ord.total=261.230ms
[labev] t=455639.856 chunk.ord.total=266.074ms
[labev] t=455640.161 chunk.ord.total=305.806ms
[labev] t=455640.162 req.firsttoken s1-p4096-o512-b5-r0=2137.176ms
[labev] t=455640.298 ev.decode.rows1.cap0=136.300ms
[labev] t=455640.434 ev.decode.rows1.cap0=135.748ms
[labev] t=455640.569 ev.decode.rows1.cap0=135.558ms
[labev] t=455640.705 ev.decode.rows1.cap0=135.811ms
[labev] t=455640.841 ev.decode.rows1.cap0=135.945ms
[labev] t=455640.977 ev.decode.rows1.cap0=135.597ms
[labev] t=455641.113 ev.decode.rows1.cap0=135.737ms
[labev] t=455641.249 ev.decode.rows1.cap0=135.777ms
[labev] t=455641.384 ev.decode.rows1.cap0=135.697ms
[labev] t=455641.520 ev.decode.rows1.cap0=135.765ms
[labev] t=455641.656 ev.decode.rows1.cap0=135.978ms
[labev] t=455641.792 ev.decode.rows1.cap0=136.004ms
[labev] t=455641.929 ev.decode.rows1.cap0=135.987ms
[labev] t=455642.065 ev.decode.rows1.cap0=136.071ms
[labev] t=455642.201 ev.decode.rows1.cap0=136.165ms
[labprof] d0.performDecode.call=135.961ms/n47 f0.finalize.total=1.688ms/n272 f1.finalize.build=0.469ms/n272 f2.finalize.eval=1.161ms/n272 fc.finalize.call=1.693ms/n272 o1.ord.build=1.171ms/n763 o2.ord.eval=7.310ms/n763 p0.propose=0.002ms/n272 r0.round.interval=14.134ms/n271 s1.native.prefill.target=40.325ms/n8 s1.ord.prefill.target=48.828ms/n13 s2.native.prefill.drafter+eval=241.320ms/n8 s2.ord.prefill.eval=217.837ms/n13 s9.native.prefill.chunk.total=281.687ms/n8 s9.ord.prefill.chunk.total=265.955ms/n14 v0.verify.call=12.278ms/n272 v1.verify.build=1.595ms/n272 v2.verify.eval=10.577ms/n272
[labev] t=455642.337 ev.decode.rows1.cap0=136.152ms
[labev] t=455642.473 ev.decode.rows1.cap0=136.107ms
[labev] t=455642.610 ev.decode.rows1.cap0=136.278ms
[labev] t=455642.746 ev.decode.rows1.cap0=135.958ms
[labev] t=455642.883 ev.decode.rows1.cap0=136.699ms
[labev] t=455643.019 ev.decode.rows1.cap0=136.417ms
[labev] t=455643.155 ev.decode.rows1.cap0=135.978ms
[labev] t=455643.292 ev.decode.rows1.cap0=136.204ms
[labev] t=455643.428 ev.decode.rows1.cap0=136.342ms
[labev] t=455643.564 ev.decode.rows1.cap0=136.120ms
[labev] t=455643.701 ev.decode.rows1.cap0=136.465ms
[labev] t=455643.837 ev.decode.rows1.cap0=136.415ms
[labev] t=455643.974 ev.decode.rows1.cap0=136.975ms
[labev] t=455644.111 ev.decode.rows1.cap0=136.559ms
[labev] t=455644.248 ev.decode.rows1.cap0=136.598ms
[labev] t=455644.384 ev.decode.rows1.cap0=136.478ms
[labev] t=455644.512 ev.decode.rows1.cap0=128.092ms
[labev] t=455648.371 req.start s1-p4096-o512-b6-r0=0.001ms
[labev] t=455648.371 req.handle=0.066ms
[labev] t=455648.394 tok.prepare=22.450ms
event=batching_admitted action=scheduler_admitted
[labev] t=455648.689 chunk.native.total=295.127ms
[labev] t=455648.957 chunk.native.total=267.866ms
[labev] t=455649.227 chunk.native.total=269.693ms
[labev] t=455649.500 chunk.native.total=273.369ms
[labev] t=455649.777 chunk.native.total=276.998ms
[labev] t=455650.056 chunk.native.total=279.086ms
[labev] t=455650.339 chunk.native.total=282.801ms
[labev] t=455650.656 chunk.native.total=316.592ms
[labev] t=455650.656 req.firsttoken s1-p4096-o512-b6-r0=2285.073ms
[labev] t=455650.656 ev.propose=0.004ms
[labev] t=455650.668 ev.verify=12.199ms
[labev] t=455650.670 ev.finalize=1.695ms
[labev] t=455650.670 ev.propose=0.069ms
[labev] t=455650.683 ev.verify=12.387ms
[labev] t=455650.684 ev.finalize=1.679ms
[labev] t=455650.685 ev.propose=0.055ms
[labev] t=455650.697 ev.verify=12.198ms
[labev] t=455650.698 ev.finalize=1.665ms
[labev] t=455650.699 ev.propose=0.043ms
[labev] t=455650.711 ev.verify=12.045ms
[labev] t=455650.712 ev.finalize=1.685ms
[labev] t=455650.713 ev.propose=0.042ms
[labev] t=455650.725 ev.verify=12.110ms
[labev] t=455650.726 ev.finalize=1.764ms
[labev] t=455650.727 ev.propose=0.070ms
[labev] t=455650.739 ev.verify=12.188ms
[labev] t=455650.741 ev.finalize=1.681ms
[labev] t=455650.741 ev.propose=0.049ms
[labev] t=455650.753 ev.verify=12.279ms
[labev] t=455650.755 ev.finalize=1.665ms
[labev] t=455650.755 ev.propose=0.044ms
[labev] t=455650.767 ev.verify=12.256ms
[labev] t=455650.769 ev.finalize=1.639ms
[labev] t=455650.769 ev.propose=0.063ms
[labev] t=455650.781 ev.verify=12.031ms
[labev] t=455650.783 ev.finalize=2.261ms
[labev] t=455650.784 ev.propose=0.053ms
[labev] t=455650.796 ev.verify=12.276ms
[labev] t=455650.797 ev.finalize=1.650ms
[labev] t=455650.798 ev.propose=0.062ms
[labev] t=455650.810 ev.verify=12.134ms
[labev] t=455650.812 ev.finalize=1.662ms
[labev] t=455650.812 ev.propose=0.055ms
[labev] t=455650.824 ev.verify=12.092ms
[labev] t=455650.825 ev.finalize=1.540ms
[labev] t=455650.826 ev.propose=0.063ms
[labev] t=455650.838 ev.verify=12.105ms
[labev] t=455650.839 ev.finalize=1.527ms
[labev] t=455650.839 ev.propose=0.058ms
[labev] t=455650.852 ev.verify=12.152ms
[labev] t=455650.853 ev.finalize=1.639ms
[labev] t=455650.853 ev.propose=0.002ms
[labev] t=455650.866 ev.verify=12.261ms
[labev] t=455650.867 ev.finalize=1.526ms
[labev] t=455650.867 ev.propose=0.002ms
[labev] t=455650.879 ev.verify=12.180ms
[labev] t=455650.881 ev.finalize=1.769ms
[labev] t=455650.881 ev.propose=0.002ms
[labev] t=455650.894 ev.verify=12.131ms
[labev] t=455650.895 ev.finalize=1.661ms
[labev] t=455650.895 ev.propose=0.059ms
[labev] t=455650.908 ev.verify=12.128ms
[labev] t=455650.909 ev.finalize=1.640ms
[labev] t=455650.909 ev.propose=0.002ms
[labev] t=455650.921 ev.verify=12.062ms
[labev] t=455650.923 ev.finalize=1.639ms
[labev] t=455650.923 ev.propose=0.002ms
[labev] t=455650.935 ev.verify=12.180ms
[labev] t=455650.937 ev.finalize=1.627ms
[labev] t=455650.937 ev.propose=0.002ms
[labev] t=455650.949 ev.verify=12.122ms
[labev] t=455650.951 ev.finalize=1.645ms
[labev] t=455650.951 ev.propose=0.002ms
[labev] t=455650.963 ev.verify=12.204ms
[labev] t=455650.965 ev.finalize=1.677ms
[labev] t=455650.965 ev.propose=0.002ms
[labev] t=455650.977 ev.verify=12.283ms
[labev] t=455650.979 ev.finalize=1.669ms
[labev] t=455650.979 ev.propose=0.002ms
[labev] t=455650.991 ev.verify=12.130ms
[labev] t=455650.993 ev.finalize=1.655ms
[labev] t=455650.993 ev.propose=0.058ms
[labev] t=455651.005 ev.verify=12.069ms
[labev] t=455651.007 ev.finalize=1.647ms
[labev] t=455651.007 ev.propose=0.002ms
[labev] t=455651.019 ev.verify=12.219ms
[labev] t=455651.022 ev.finalize=2.307ms
[labev] t=455651.022 ev.propose=0.002ms
[labev] t=455651.034 ev.verify=12.263ms
[labev] t=455651.036 ev.finalize=1.651ms
[labev] t=455651.036 ev.propose=0.002ms
[labev] t=455651.048 ev.verify=12.202ms
[labev] t=455651.050 ev.finalize=1.624ms
[labev] t=455651.050 ev.propose=0.002ms
[labev] t=455651.062 ev.verify=12.264ms
[labev] t=455651.064 ev.finalize=1.637ms
[labev] t=455651.064 ev.propose=0.002ms
[labev] t=455651.076 ev.verify=12.141ms
[labev] t=455651.078 ev.finalize=1.616ms
[labev] t=455651.078 ev.propose=0.002ms
[labev] t=455651.090 ev.verify=12.172ms
[labev] t=455651.092 ev.finalize=1.628ms
[labev] t=455651.092 ev.propose=0.002ms
[labev] t=455651.104 ev.verify=12.149ms
[labev] t=455651.106 ev.finalize=1.644ms
[labev] t=455651.106 ev.propose=0.002ms
[labev] t=455651.118 ev.verify=12.210ms
[labev] t=455651.120 ev.finalize=1.608ms
[labev] t=455651.120 ev.propose=0.002ms
[labev] t=455651.132 ev.verify=12.288ms
[labev] t=455651.134 ev.finalize=1.621ms
[labev] t=455651.134 ev.propose=0.002ms
[labev] t=455651.146 ev.verify=12.144ms
[labev] t=455651.148 ev.finalize=1.624ms
[labev] t=455651.148 ev.propose=0.002ms
[labev] t=455651.160 ev.verify=12.118ms
[labev] t=455651.161 ev.finalize=1.675ms
[labev] t=455651.162 ev.propose=0.002ms
[labev] t=455651.174 ev.verify=12.304ms
[labev] t=455651.176 ev.finalize=1.687ms
[labev] t=455651.176 ev.propose=0.002ms
[labev] t=455651.188 ev.verify=12.293ms
[labev] t=455651.190 ev.finalize=1.644ms
[labev] t=455651.190 ev.propose=0.002ms
[labev] t=455651.202 ev.verify=12.058ms
[labev] t=455651.204 ev.finalize=1.689ms
[labev] t=455651.204 ev.propose=0.002ms
[labev] t=455651.216 ev.verify=12.015ms
[labev] t=455651.217 ev.finalize=1.678ms
[labev] t=455651.218 ev.propose=0.002ms
[labev] t=455651.230 ev.verify=12.181ms
[labev] t=455651.231 ev.finalize=1.650ms
[labev] t=455651.232 ev.propose=0.002ms
[labev] t=455651.244 ev.verify=12.284ms
[labev] t=455651.246 ev.finalize=2.290ms
[labev] t=455651.246 ev.propose=0.002ms
[labev] t=455651.259 ev.verify=12.324ms
[labev] t=455651.260 ev.finalize=1.662ms
[labev] t=455651.260 ev.propose=0.002ms
[labev] t=455651.273 ev.verify=12.173ms
[labev] t=455651.274 ev.finalize=1.612ms
[labev] t=455651.274 ev.propose=0.002ms
[labev] t=455651.286 ev.verify=12.018ms
[labev] t=455651.288 ev.finalize=1.652ms
[labev] t=455651.288 ev.propose=0.002ms
[labev] t=455651.300 ev.verify=12.093ms
[labev] t=455651.302 ev.finalize=1.600ms
[labev] t=455651.302 ev.propose=0.002ms
[labev] t=455651.314 ev.verify=12.237ms
[labev] t=455651.316 ev.finalize=1.629ms
[labev] t=455651.316 ev.propose=0.002ms
[labev] t=455651.328 ev.verify=12.106ms
[labev] t=455651.330 ev.finalize=1.622ms
[labev] t=455651.330 ev.propose=0.002ms
[labev] t=455651.342 ev.verify=12.189ms
[labev] t=455651.344 ev.finalize=1.629ms
[labev] t=455651.344 ev.propose=0.002ms
[labev] t=455651.356 ev.verify=12.097ms
[labev] t=455651.358 ev.finalize=1.631ms
[labev] t=455651.358 ev.propose=0.002ms
[labev] t=455651.370 ev.verify=12.183ms
[labev] t=455651.372 ev.finalize=1.531ms
[labev] t=455651.372 ev.propose=0.002ms
[labev] t=455651.384 ev.verify=12.074ms
[labev] t=455651.385 ev.finalize=1.625ms
[labev] t=455651.386 ev.propose=0.002ms
[labev] t=455651.398 ev.verify=12.222ms
[labev] t=455651.399 ev.finalize=1.640ms
[labev] t=455651.400 ev.propose=0.002ms
[labev] t=455651.412 ev.verify=12.217ms
[labev] t=455651.413 ev.finalize=1.619ms
[labev] t=455651.414 ev.propose=0.002ms
[labev] t=455651.426 ev.verify=12.257ms
[labev] t=455651.428 ev.finalize=1.644ms
[labev] t=455651.428 ev.propose=0.002ms
[labev] t=455651.440 ev.verify=12.026ms
[labev] t=455651.441 ev.finalize=1.643ms
[labev] t=455651.441 ev.propose=0.002ms
[labev] t=455651.454 ev.verify=12.111ms
[labev] t=455651.455 ev.finalize=1.567ms
[labev] t=455651.455 ev.propose=0.002ms
[labev] t=455651.467 ev.verify=12.070ms
[labev] t=455651.469 ev.finalize=1.529ms
[labev] t=455651.469 ev.propose=0.002ms
[labev] t=455651.481 ev.verify=12.272ms
[labev] t=455651.483 ev.finalize=1.718ms
[labev] t=455651.483 ev.propose=0.002ms
[labev] t=455651.495 ev.verify=12.089ms
[labev] t=455651.498 ev.finalize=2.301ms
[labev] t=455651.498 ev.propose=0.002ms
[labev] t=455651.510 ev.verify=12.299ms
[labev] t=455651.512 ev.finalize=1.668ms
[labev] t=455651.512 ev.propose=0.002ms
[labev] t=455651.524 ev.verify=12.226ms
[labev] t=455651.526 ev.finalize=1.627ms
[labev] t=455651.526 ev.propose=0.002ms
[labev] t=455651.538 ev.verify=12.081ms
[labev] t=455651.540 ev.finalize=1.539ms
[labev] t=455651.540 ev.propose=0.001ms
[labev] t=455651.552 ev.verify=12.106ms
[labev] t=455651.553 ev.finalize=1.650ms
[labev] t=455651.554 ev.propose=0.002ms
[labev] t=455651.566 ev.verify=12.005ms
[labev] t=455651.567 ev.finalize=1.669ms
[labev] t=455651.567 ev.propose=0.002ms
[labev] t=455651.579 ev.verify=12.092ms
[labev] t=455651.581 ev.finalize=1.714ms
[labev] t=455651.581 ev.propose=0.002ms
[labev] t=455651.593 ev.verify=11.921ms
[labev] t=455651.595 ev.finalize=1.558ms
[labev] t=455651.595 ev.propose=0.002ms
[labev] t=455651.607 ev.verify=12.216ms
[labev] t=455651.609 ev.finalize=1.533ms
[labev] t=455651.609 ev.propose=0.002ms
[labev] t=455651.621 ev.verify=12.203ms
[labev] t=455651.623 ev.finalize=1.555ms
[labev] t=455651.623 ev.propose=0.002ms
[labev] t=455651.635 ev.verify=12.257ms
[labev] t=455651.637 ev.finalize=1.538ms
[labev] t=455651.637 ev.propose=0.002ms
[labev] t=455651.649 ev.verify=12.102ms
[labev] t=455651.650 ev.finalize=1.543ms
[labev] t=455651.651 ev.propose=0.002ms
[labev] t=455651.663 ev.verify=11.972ms
[labev] t=455651.664 ev.finalize=1.664ms
[labev] t=455651.664 ev.propose=0.002ms
[labev] t=455651.677 ev.verify=12.274ms
[labev] t=455651.678 ev.finalize=1.642ms
[labev] t=455651.678 ev.propose=0.002ms
[labev] t=455651.691 ev.verify=12.122ms
[labev] t=455651.692 ev.finalize=1.660ms
[labev] t=455651.692 ev.propose=0.002ms
[labev] t=455651.705 ev.verify=12.211ms
[labev] t=455651.706 ev.finalize=1.666ms
[labev] t=455651.706 ev.propose=0.002ms
[labev] t=455651.719 ev.verify=12.432ms
[labev] t=455651.721 ev.finalize=1.649ms
[labev] t=455651.721 ev.propose=0.002ms
[labev] t=455651.733 ev.verify=12.204ms
[labev] t=455651.735 ev.finalize=1.721ms
[labev] t=455651.735 ev.propose=0.002ms
[labev] t=455651.747 ev.verify=12.371ms
[labev] t=455651.749 ev.finalize=1.665ms
[labev] t=455651.749 ev.propose=0.002ms
[labev] t=455651.761 ev.verify=12.282ms
[labev] t=455651.763 ev.finalize=2.250ms
[labev] t=455651.764 ev.propose=0.002ms
[labev] t=455651.776 ev.verify=12.448ms
[labev] t=455651.778 ev.finalize=1.649ms
[labev] t=455651.778 ev.propose=0.002ms
[labev] t=455651.790 ev.verify=12.153ms
[labev] t=455651.792 ev.finalize=1.640ms
[labev] t=455651.792 ev.propose=0.002ms
[labev] t=455651.804 ev.verify=12.267ms
[labev] t=455651.806 ev.finalize=1.648ms
[labev] t=455651.806 ev.propose=0.002ms
[labev] t=455651.818 ev.verify=11.999ms
[labev] t=455651.820 ev.finalize=1.681ms
[labev] t=455651.820 ev.propose=0.002ms
[labev] t=455651.832 ev.verify=12.113ms
[labev] t=455651.834 ev.finalize=1.669ms
[labev] t=455651.834 ev.propose=0.002ms
[labev] t=455651.846 ev.verify=12.293ms
[labev] t=455651.848 ev.finalize=1.669ms
[labev] t=455651.848 ev.propose=0.002ms
[labev] t=455651.860 ev.verify=12.095ms
[labev] t=455651.862 ev.finalize=1.663ms
[labev] t=455651.862 ev.propose=0.002ms
[labev] t=455651.874 ev.verify=12.285ms
[labev] t=455651.876 ev.finalize=1.674ms
[labev] t=455651.876 ev.propose=0.001ms
[labev] t=455651.888 ev.verify=12.098ms
[labev] t=455651.890 ev.finalize=1.650ms
[labev] t=455651.890 ev.propose=0.002ms
[labev] t=455651.902 ev.verify=12.396ms
[labev] t=455651.904 ev.finalize=1.672ms
[labev] t=455651.904 ev.propose=0.002ms
[labev] t=455651.916 ev.verify=12.149ms
[labev] t=455651.918 ev.finalize=1.632ms
[labev] t=455651.918 ev.propose=0.002ms
[labev] t=455651.930 ev.verify=12.192ms
[labev] t=455651.932 ev.finalize=1.713ms
[labev] t=455651.932 ev.propose=0.002ms
[labev] t=455651.944 ev.verify=12.143ms
[labev] t=455651.946 ev.finalize=1.692ms
[labev] t=455651.946 ev.propose=0.001ms
[labev] t=455651.958 ev.verify=12.322ms
[labev] t=455651.960 ev.finalize=1.683ms
[labev] t=455651.960 ev.propose=0.001ms
[labev] t=455651.972 ev.verify=12.208ms
[labev] t=455651.974 ev.finalize=1.541ms
[labev] t=455651.974 ev.propose=0.002ms
[labev] t=455651.986 ev.verify=12.108ms
[labev] t=455651.988 ev.finalize=2.379ms
[labev] t=455651.988 ev.propose=0.002ms
[labev] t=455652.001 ev.verify=12.121ms
[labev] t=455652.002 ev.finalize=1.534ms
[labev] t=455652.002 ev.propose=0.002ms
[labev] t=455652.014 ev.verify=12.120ms
[labev] t=455652.016 ev.finalize=1.627ms
[labev] t=455652.016 ev.propose=0.001ms
[labev] t=455652.028 ev.verify=12.141ms
[labev] t=455652.030 ev.finalize=1.624ms
[labev] t=455652.030 ev.propose=0.002ms
[labev] t=455652.042 ev.verify=12.303ms
[labev] t=455652.044 ev.finalize=1.525ms
[labev] t=455652.044 ev.propose=0.002ms
[labev] t=455652.056 ev.verify=12.166ms
[labev] t=455652.058 ev.finalize=1.647ms
[labev] t=455652.058 ev.propose=0.001ms
[labev] t=455652.070 ev.verify=12.287ms
[labev] t=455652.072 ev.finalize=1.648ms
[labev] t=455652.072 ev.propose=0.002ms
[labev] t=455652.084 ev.verify=12.148ms
[labev] t=455652.086 ev.finalize=1.682ms
[labev] t=455652.086 ev.propose=0.002ms
[labev] t=455652.098 ev.verify=12.220ms
[labev] t=455652.100 ev.finalize=1.690ms
[labev] t=455652.100 ev.propose=0.002ms
[labev] t=455652.112 ev.verify=12.139ms
[labev] t=455652.114 ev.finalize=1.680ms
[labev] t=455652.114 ev.propose=0.001ms
[labev] t=455652.127 ev.verify=12.300ms
[labev] t=455652.128 ev.finalize=1.538ms
[labev] t=455652.128 ev.propose=0.002ms
[labev] t=455652.141 ev.verify=12.304ms
[labev] t=455652.142 ev.finalize=1.667ms
[labev] t=455652.142 ev.propose=0.002ms
[labev] t=455652.155 ev.verify=12.286ms
[labev] t=455652.156 ev.finalize=1.679ms
[labev] t=455652.156 ev.propose=0.002ms
[labev] t=455652.169 ev.verify=12.202ms
[labev] t=455652.170 ev.finalize=1.670ms
[labev] t=455652.170 ev.propose=0.002ms
[labev] t=455652.183 ev.verify=12.373ms
[labev] t=455652.185 ev.finalize=1.677ms
[labev] t=455652.185 ev.propose=0.002ms
[labev] t=455652.197 ev.verify=12.207ms
[labev] t=455652.199 ev.finalize=1.664ms
[labev] t=455652.199 ev.propose=0.002ms
[labev] t=455652.211 ev.verify=12.235ms
[labev] t=455652.213 ev.finalize=1.629ms
[labev] t=455652.213 ev.propose=0.002ms
[labev] t=455652.225 ev.verify=12.262ms
[labev] t=455652.227 ev.finalize=1.681ms
[labev] t=455652.227 ev.propose=0.002ms
[labev] t=455652.239 ev.verify=12.083ms
[labev] t=455652.241 ev.finalize=2.315ms
[labev] t=455652.241 ev.propose=0.002ms
[labev] t=455652.253 ev.verify=12.096ms
[labev] t=455652.255 ev.finalize=1.566ms
[labev] t=455652.255 ev.propose=0.002ms
[labev] t=455652.267 ev.verify=12.230ms
[labev] t=455652.269 ev.finalize=1.659ms
[labev] t=455652.269 ev.propose=0.002ms
[labev] t=455652.282 ev.verify=12.266ms
[labev] t=455652.283 ev.finalize=1.622ms
[labev] t=455652.283 ev.propose=0.002ms
[labev] t=455652.296 ev.verify=12.348ms
[labev] t=455652.297 ev.finalize=1.636ms
[labev] t=455652.297 ev.propose=0.002ms
[labev] t=455652.310 ev.verify=12.110ms
[labev] t=455652.311 ev.finalize=1.698ms
[labev] t=455652.311 ev.propose=0.002ms
[labev] t=455652.324 ev.verify=12.201ms
[labev] t=455652.325 ev.finalize=1.640ms
[labev] t=455652.325 ev.propose=0.002ms
[labev] t=455652.338 ev.verify=12.409ms
[labev] t=455652.340 ev.finalize=1.662ms
[labev] t=455652.340 ev.propose=0.002ms
[labev] t=455652.352 ev.verify=12.236ms
[labev] t=455652.354 ev.finalize=1.658ms
[labev] t=455652.354 ev.propose=0.002ms
[labev] t=455652.366 ev.verify=12.284ms
[labev] t=455652.368 ev.finalize=1.636ms
[labev] t=455652.368 ev.propose=0.002ms
[labev] t=455652.380 ev.verify=12.286ms
[labev] t=455652.382 ev.finalize=1.641ms
[labev] t=455652.382 ev.propose=0.002ms
[labev] t=455652.394 ev.verify=12.331ms
[labev] t=455652.396 ev.finalize=1.675ms
[labev] t=455652.396 ev.propose=0.002ms
[labev] t=455652.408 ev.verify=12.257ms
[labev] t=455652.410 ev.finalize=1.590ms
[labev] t=455652.410 ev.propose=0.002ms
[labev] t=455652.422 ev.verify=12.351ms
[labev] t=455652.424 ev.finalize=1.645ms
[labev] t=455652.424 ev.propose=0.002ms
[labev] t=455652.437 ev.verify=12.257ms
[labev] t=455652.438 ev.finalize=1.651ms
[labev] t=455652.438 ev.propose=0.002ms
[labev] t=455652.451 ev.verify=12.255ms
[labev] t=455652.452 ev.finalize=1.658ms
[labev] t=455652.452 ev.propose=0.002ms
[labev] t=455652.465 ev.verify=12.329ms
[labev] t=455652.466 ev.finalize=1.640ms
[labev] t=455652.467 ev.propose=0.002ms
[labev] t=455652.479 ev.verify=12.256ms
[labev] t=455652.481 ev.finalize=2.301ms
[labev] t=455652.481 ev.propose=0.002ms
[labev] t=455652.493 ev.verify=12.229ms
[labev] t=455652.495 ev.finalize=1.660ms
[labev] t=455652.495 ev.propose=0.001ms
[labev] t=455652.508 ev.verify=12.327ms
[labev] t=455652.509 ev.finalize=1.683ms
[labev] t=455652.509 ev.propose=0.002ms
[labev] t=455652.522 ev.verify=12.180ms
[labev] t=455652.523 ev.finalize=1.675ms
[labev] t=455652.523 ev.propose=0.002ms
[labev] t=455652.536 ev.verify=12.277ms
[labev] t=455652.537 ev.finalize=1.626ms
[labev] t=455652.538 ev.propose=0.002ms
[labev] t=455652.550 ev.verify=12.172ms
[labev] t=455652.551 ev.finalize=1.652ms
[labev] t=455652.552 ev.propose=0.002ms
[labev] t=455652.564 ev.verify=12.245ms
[labev] t=455652.566 ev.finalize=1.675ms
[labev] t=455652.566 ev.propose=0.002ms
[labev] t=455652.578 ev.verify=12.214ms
[labev] t=455652.580 ev.finalize=1.645ms
[labev] t=455652.580 ev.propose=0.002ms
[labev] t=455652.592 ev.verify=12.262ms
[labev] t=455652.594 ev.finalize=1.637ms
[labev] t=455652.594 ev.propose=0.002ms
[labev] t=455652.606 ev.verify=12.379ms
[labev] t=455652.608 ev.finalize=1.660ms
[labev] t=455652.608 ev.propose=0.001ms
[labev] t=455652.620 ev.verify=12.339ms
[labev] t=455652.622 ev.finalize=1.655ms
[labev] t=455652.622 ev.propose=0.002ms
[labev] t=455652.634 ev.verify=12.206ms
[labev] t=455652.636 ev.finalize=1.639ms
[labev] t=455652.636 ev.propose=0.002ms
[labev] t=455652.648 ev.verify=12.314ms
[labev] t=455652.650 ev.finalize=1.619ms
[labev] t=455652.650 ev.propose=0.002ms
[labev] t=455652.662 ev.verify=12.058ms
[labev] t=455652.664 ev.finalize=1.663ms
[labev] t=455652.664 ev.propose=0.002ms
[labev] t=455652.676 ev.verify=12.406ms
[labev] t=455652.678 ev.finalize=1.643ms
[labev] t=455652.678 ev.propose=0.002ms
[labev] t=455652.690 ev.verify=12.238ms
[labev] t=455652.692 ev.finalize=1.642ms
[labev] t=455652.692 ev.propose=0.002ms
[labev] t=455652.704 ev.verify=12.213ms
[labev] t=455652.707 ev.finalize=2.298ms
[labev] t=455652.707 ev.propose=0.002ms
[labev] t=455652.719 ev.verify=12.294ms
[labev] t=455652.721 ev.finalize=1.653ms
[labev] t=455652.721 ev.propose=0.002ms
[labev] t=455652.733 ev.verify=12.116ms
[labev] t=455652.735 ev.finalize=1.663ms
[labev] t=455652.735 ev.propose=0.002ms
[labev] t=455652.747 ev.verify=12.293ms
[labev] t=455652.749 ev.finalize=1.680ms
[labev] t=455652.749 ev.propose=0.002ms
[labev] t=455652.761 ev.verify=12.195ms
[labev] t=455652.763 ev.finalize=1.676ms
[labev] t=455652.763 ev.propose=0.002ms
[labev] t=455652.775 ev.verify=12.194ms
[labev] t=455652.777 ev.finalize=1.656ms
[labev] t=455652.777 ev.propose=0.002ms
[labev] t=455652.789 ev.verify=12.207ms
[labev] t=455652.791 ev.finalize=1.684ms
[labev] t=455652.791 ev.propose=0.002ms
[labev] t=455652.803 ev.verify=12.195ms
[labev] t=455652.805 ev.finalize=1.700ms
[labev] t=455652.805 ev.propose=0.002ms
[labev] t=455652.817 ev.verify=12.225ms
[labev] t=455652.819 ev.finalize=1.683ms
[labev] t=455652.819 ev.propose=0.002ms
[labev] t=455652.832 ev.verify=12.331ms
[labev] t=455652.833 ev.finalize=1.676ms
[labev] t=455652.833 ev.propose=0.002ms
[labev] t=455652.846 ev.verify=12.361ms
[labev] t=455652.847 ev.finalize=1.550ms
[labev] t=455652.847 ev.propose=0.001ms
[labev] t=455652.860 ev.verify=12.253ms
[labev] t=455652.861 ev.finalize=1.555ms
[labev] t=455652.861 ev.propose=0.002ms
[labev] t=455652.874 ev.verify=12.268ms
[labev] t=455652.875 ev.finalize=1.557ms
[labev] t=455652.875 ev.propose=0.002ms
[labev] t=455652.888 ev.verify=12.313ms
[labev] t=455652.889 ev.finalize=1.669ms
[labev] t=455652.890 ev.propose=0.002ms
[labev] t=455652.902 ev.verify=12.315ms
[labev] t=455652.904 ev.finalize=1.653ms
[labev] t=455652.904 ev.propose=0.002ms
[labev] t=455652.916 ev.verify=12.303ms
[labev] t=455652.918 ev.finalize=1.645ms
[labev] t=455652.918 ev.propose=0.002ms
[labev] t=455652.930 ev.verify=12.279ms
[labev] t=455652.932 ev.finalize=1.651ms
[labev] t=455652.932 ev.propose=0.002ms
[labev] t=455652.944 ev.verify=12.197ms
[labev] t=455652.946 ev.finalize=1.566ms
[labev] t=455652.946 ev.propose=0.001ms
[labev] t=455652.958 ev.verify=12.168ms
[labev] t=455652.960 ev.finalize=2.166ms
[labev] t=455652.960 ev.propose=0.002ms
[labev] t=455652.973 ev.verify=12.232ms
[labev] t=455652.975 ev.finalize=1.869ms
[labev] t=455652.975 ev.propose=0.002ms
[labev] t=455652.987 ev.verify=12.313ms
[labev] t=455652.989 ev.finalize=1.658ms
[labev] t=455652.989 ev.propose=0.002ms
[labev] t=455653.001 ev.verify=12.357ms
[labev] t=455653.003 ev.finalize=1.542ms
[labev] t=455653.003 ev.propose=0.002ms
[labev] t=455653.015 ev.verify=12.375ms
[labev] t=455653.017 ev.finalize=1.638ms
[labev] t=455653.017 ev.propose=0.002ms
[labev] t=455653.029 ev.verify=12.350ms
[labev] t=455653.031 ev.finalize=1.686ms
[labev] t=455653.031 ev.propose=0.002ms
[labev] t=455653.043 ev.verify=12.262ms
[labev] t=455653.045 ev.finalize=1.658ms
[labev] t=455653.045 ev.propose=0.002ms
[labev] t=455653.058 ev.verify=12.387ms
[labev] t=455653.059 ev.finalize=1.691ms
[labev] t=455653.059 ev.propose=0.001ms
[labev] t=455653.072 ev.verify=12.032ms
[labev] t=455653.073 ev.finalize=1.664ms
[labev] t=455653.073 ev.propose=0.001ms
[labev] t=455653.086 ev.verify=12.303ms
[labev] t=455653.087 ev.finalize=1.676ms
[labev] t=455653.087 ev.propose=0.002ms
[labev] t=455653.100 ev.verify=12.278ms
[labev] t=455653.101 ev.finalize=1.663ms
[labev] t=455653.102 ev.propose=0.002ms
[labev] t=455653.114 ev.verify=12.094ms
[labev] t=455653.115 ev.finalize=1.678ms
[labev] t=455653.115 ev.propose=0.002ms
[labev] t=455653.128 ev.verify=12.361ms
[labev] t=455653.130 ev.finalize=1.661ms
[labev] t=455653.130 ev.propose=0.002ms
[labev] t=455653.142 ev.verify=12.268ms
[labev] t=455653.144 ev.finalize=1.652ms
[labev] t=455653.144 ev.propose=0.002ms
[labev] t=455653.156 ev.verify=12.317ms
[labev] t=455653.158 ev.finalize=1.640ms
[labev] t=455653.158 ev.propose=0.001ms
[labev] t=455653.170 ev.verify=12.396ms
[labev] t=455653.172 ev.finalize=1.667ms
[labev] t=455653.172 ev.propose=0.002ms
[labev] t=455653.184 ev.verify=12.236ms
[labev] t=455653.187 ev.finalize=2.349ms
[labev] t=455653.187 ev.propose=0.002ms
[labev] t=455653.199 ev.verify=12.420ms
[labev] t=455653.201 ev.finalize=1.884ms
[labev] t=455653.201 ev.propose=0.002ms
[labev] t=455653.214 ev.verify=12.296ms
[labev] t=455653.215 ev.finalize=1.549ms
[labev] t=455653.215 ev.propose=0.002ms
[labev] t=455653.228 ev.verify=12.331ms
[labev] t=455653.229 ev.finalize=1.692ms
[labev] t=455653.230 ev.propose=0.002ms
[labev] t=455653.242 ev.verify=12.188ms
[labev] t=455653.243 ev.finalize=1.684ms
[labev] t=455653.244 ev.propose=0.002ms
[labev] t=455653.256 ev.verify=12.353ms
[labev] t=455653.258 ev.finalize=1.640ms
[labev] t=455653.258 ev.propose=0.002ms
[labev] t=455653.270 ev.verify=12.253ms
[labev] t=455653.272 ev.finalize=1.701ms
[labev] t=455653.272 ev.propose=0.002ms
[labev] t=455653.284 ev.verify=12.190ms
[labev] t=455653.286 ev.finalize=1.695ms
[labev] t=455653.286 ev.propose=0.002ms
[labev] t=455653.298 ev.verify=12.429ms
[labev] t=455653.300 ev.finalize=1.562ms
[labev] t=455653.300 ev.propose=0.002ms
[labev] t=455653.312 ev.verify=12.301ms
[labev] t=455653.314 ev.finalize=1.663ms
[labev] t=455653.314 ev.propose=0.002ms
[labev] t=455653.327 ev.verify=12.348ms
[labev] t=455653.328 ev.finalize=1.662ms
[labev] t=455653.328 ev.propose=0.002ms
[labev] t=455653.341 ev.verify=12.283ms
[labev] t=455653.342 ev.finalize=1.757ms
[labev] t=455653.342 ev.propose=0.002ms
[labev] t=455653.355 ev.verify=12.215ms
[labev] t=455653.356 ev.finalize=1.647ms
[labev] t=455653.356 ev.propose=0.001ms
[labev] t=455653.369 ev.verify=12.074ms
[labev] t=455653.370 ev.finalize=1.685ms
[labev] t=455653.370 ev.propose=0.002ms
[labev] t=455653.383 ev.verify=12.282ms
[labev] t=455653.384 ev.finalize=1.657ms
[labev] t=455653.384 ev.propose=0.002ms
[labev] t=455653.397 ev.verify=12.301ms
[labev] t=455653.399 ev.finalize=1.777ms
[labev] t=455653.399 ev.propose=0.002ms
[labev] t=455653.411 ev.verify=12.491ms
[labev] t=455653.413 ev.finalize=1.705ms
[labev] t=455653.413 ev.propose=0.001ms
[labev] t=455653.425 ev.verify=12.248ms
[labev] t=455653.427 ev.finalize=1.700ms
[labev] t=455653.427 ev.propose=0.002ms
[labev] t=455653.439 ev.verify=12.323ms
[labev] t=455653.441 ev.finalize=1.702ms
[labev] t=455653.441 ev.propose=0.002ms
[labev] t=455653.454 ev.verify=12.395ms
[labev] t=455653.456 ev.finalize=2.322ms
[labev] t=455653.456 ev.propose=0.002ms
[labev] t=455653.469 ev.verify=12.267ms
[labev] t=455653.470 ev.finalize=1.668ms
[labev] t=455653.470 ev.propose=0.002ms
[labev] t=455653.483 ev.verify=12.259ms
[labev] t=455653.484 ev.finalize=1.630ms
[labev] t=455653.484 ev.propose=0.002ms
[labev] t=455653.497 ev.verify=12.403ms
[labev] t=455653.499 ev.finalize=1.671ms
[labev] t=455653.499 ev.propose=0.002ms
[labev] t=455653.511 ev.verify=12.316ms
[labev] t=455653.513 ev.finalize=1.703ms
[labev] t=455653.513 ev.propose=0.002ms
[labev] t=455653.525 ev.verify=12.235ms
[labev] t=455653.527 ev.finalize=1.684ms
[labev] t=455653.527 ev.propose=0.001ms
[labev] t=455653.539 ev.verify=12.363ms
[labev] t=455653.541 ev.finalize=1.583ms
[labev] t=455653.541 ev.propose=0.002ms
[labev] t=455653.553 ev.verify=12.423ms
[labev] t=455653.555 ev.finalize=1.668ms
[labev] t=455653.555 ev.propose=0.002ms
[labev] t=455653.568 ev.verify=12.393ms
[labev] t=455653.569 ev.finalize=1.707ms
[labev] t=455653.569 ev.propose=0.002ms
[labev] t=455653.582 ev.verify=12.325ms
[labev] t=455653.584 ev.finalize=1.647ms
[labev] t=455653.584 ev.propose=0.001ms
[labev] t=455653.596 ev.verify=12.370ms
[labev] t=455653.598 ev.finalize=1.689ms
[labev] t=455653.598 ev.propose=0.002ms
[labev] t=455653.610 ev.verify=12.305ms
[labev] t=455653.612 ev.finalize=1.562ms
[labev] t=455653.612 ev.propose=0.002ms
[labev] t=455653.624 ev.verify=12.137ms
[labev] t=455653.626 ev.finalize=1.680ms
[labev] t=455653.626 ev.propose=0.002ms
[labev] t=455653.638 ev.verify=12.300ms
[labev] t=455653.640 ev.finalize=1.546ms
[labev] t=455653.640 ev.propose=0.002ms
[labev] t=455653.652 ev.verify=12.294ms
[labev] t=455653.654 ev.finalize=1.664ms
[labev] t=455653.654 ev.propose=0.002ms
[labev] t=455653.666 ev.verify=12.154ms
[labev] t=455653.668 ev.finalize=1.693ms
[labev] t=455653.668 ev.propose=0.002ms
[labev] t=455653.680 ev.verify=12.383ms
[labev] t=455653.682 ev.finalize=1.704ms
[labev] t=455653.682 ev.propose=0.002ms
[labev] t=455653.695 ev.verify=12.525ms
[labev] t=455653.697 ev.finalize=1.692ms
[labev] t=455653.697 ev.propose=0.002ms
[labev] t=455653.709 ev.verify=12.100ms
[labev] t=455653.711 ev.finalize=2.305ms
[labev] t=455653.711 ev.propose=0.002ms
[labev] t=455653.724 ev.verify=12.281ms
[labev] t=455653.725 ev.finalize=1.662ms
[labev] t=455653.725 ev.propose=0.002ms
[labev] t=455653.737 ev.verify=12.078ms
[labev] t=455653.739 ev.finalize=1.574ms
[labev] t=455653.739 ev.propose=0.002ms
[labev] t=455653.751 ev.verify=12.226ms
[labev] t=455653.753 ev.finalize=1.681ms
[labev] t=455653.753 ev.propose=0.002ms
[labev] t=455653.766 ev.verify=12.241ms
[labev] t=455653.767 ev.finalize=1.590ms
[labev] t=455653.767 ev.propose=0.002ms
[labev] t=455653.779 ev.verify=12.188ms
[labev] t=455653.781 ev.finalize=1.690ms
[labev] t=455653.781 ev.propose=0.002ms
[labev] t=455653.794 ev.verify=12.230ms
[labev] t=455653.795 ev.finalize=1.675ms
[labev] t=455653.795 ev.propose=0.001ms
[labev] t=455653.808 ev.verify=12.486ms
[labev] t=455653.810 ev.finalize=1.687ms
[labev] t=455653.810 ev.propose=0.002ms
[labev] t=455653.822 ev.verify=12.254ms
[labev] t=455653.824 ev.finalize=1.687ms
[labev] t=455653.824 ev.propose=0.002ms
[labev] t=455653.836 ev.verify=12.126ms
[labev] t=455653.838 ev.finalize=1.662ms
[labev] t=455653.838 ev.propose=0.002ms
[labev] t=455653.850 ev.verify=12.271ms
[labev] t=455653.852 ev.finalize=1.578ms
[labev] t=455653.852 ev.propose=0.002ms
[labev] t=455653.864 ev.verify=12.186ms
[labev] t=455653.866 ev.finalize=1.672ms
[labev] t=455653.866 ev.propose=0.002ms
[labev] t=455653.878 ev.verify=12.302ms
[labev] t=455653.880 ev.finalize=1.698ms
[labev] t=455653.880 ev.propose=0.002ms
[labev] t=455653.892 ev.verify=12.201ms
[labev] t=455653.894 ev.finalize=1.688ms
[labev] t=455653.894 ev.propose=0.002ms
[labev] t=455653.906 ev.verify=12.449ms
[labev] t=455653.908 ev.finalize=1.654ms
[labev] t=455653.908 ev.propose=0.002ms
[labev] t=455653.921 ev.verify=12.257ms
[labev] t=455653.922 ev.finalize=1.687ms
[labev] t=455653.922 ev.propose=0.002ms
[labev] t=455653.935 ev.verify=12.158ms
[labev] t=455653.936 ev.finalize=1.671ms
[labev] t=455653.936 ev.propose=0.002ms
[labev] t=455653.949 ev.verify=12.297ms
[labev] t=455653.951 ev.finalize=2.366ms
[labev] t=455653.951 ev.propose=0.002ms
[labev] t=455653.964 ev.verify=12.350ms
[labev] t=455653.965 ev.finalize=1.700ms
[labev] t=455653.965 ev.propose=0.002ms
[labev] t=455653.978 ev.verify=12.439ms
[labev] t=455653.980 ev.finalize=1.688ms
[labev] t=455653.980 ev.propose=0.002ms
[labev] t=455653.992 ev.verify=12.281ms
[labev] t=455653.994 ev.finalize=1.595ms
[labev] t=455653.994 ev.propose=0.002ms
[labev] t=455654.006 ev.verify=12.197ms
[labev] t=455654.008 ev.finalize=1.590ms
[labev] t=455654.008 ev.propose=0.002ms
[labev] t=455654.020 ev.verify=12.315ms
[labev] t=455654.022 ev.finalize=1.699ms
[labev] t=455654.022 ev.propose=0.002ms
[labev] t=455654.034 ev.verify=12.205ms
[labev] t=455654.036 ev.finalize=1.707ms
[labev] t=455654.036 ev.propose=0.002ms
[labev] t=455654.048 ev.verify=12.472ms
[labev] t=455654.050 ev.finalize=1.647ms
[labev] t=455654.050 ev.propose=0.002ms
[labev] t=455654.063 ev.verify=12.383ms
[labev] t=455654.064 ev.finalize=1.690ms
[labev] t=455654.064 ev.propose=0.002ms
[labev] t=455654.077 ev.verify=12.235ms
[labev] t=455654.078 ev.finalize=1.722ms
[labev] t=455654.078 ev.propose=0.002ms
[labev] t=455654.091 ev.verify=12.274ms
[labev] t=455654.092 ev.finalize=1.667ms
[labev] t=455654.093 ev.propose=0.001ms
[labev] t=455654.105 ev.verify=12.232ms
[labev] t=455654.107 ev.finalize=1.693ms
[labev] t=455654.107 ev.propose=0.001ms
[labev] t=455654.119 ev.verify=12.383ms
[labev] t=455654.121 ev.finalize=1.677ms
[labev] t=455654.121 ev.propose=0.002ms
[labev] t=455654.133 ev.verify=12.380ms
[labev] t=455654.135 ev.finalize=1.703ms
[labev] t=455654.135 ev.propose=0.002ms
[labev] t=455654.147 ev.verify=12.202ms
[labev] t=455654.149 ev.finalize=1.565ms
[labev] t=455654.149 ev.propose=0.002ms
[labev] t=455654.162 ev.verify=12.473ms
[labev] t=455654.163 ev.finalize=1.570ms
[labev] t=455654.163 ev.propose=0.002ms
[labev] t=455654.176 ev.verify=12.307ms
[labev] t=455654.177 ev.finalize=1.570ms
[labev] t=455654.177 ev.propose=0.002ms
[labev] t=455654.190 ev.verify=12.330ms
[labev] t=455654.191 ev.finalize=1.695ms
[labev] t=455654.191 ev.propose=0.002ms
[labev] t=455654.204 ev.verify=12.536ms
[labev] t=455654.206 ev.finalize=1.647ms
[labev] t=455654.206 ev.propose=0.002ms
[labev] t=455654.218 ev.verify=12.114ms
[labev] t=455654.220 ev.finalize=2.319ms
[labev] t=455654.220 ev.propose=0.002ms
[labev] t=455654.233 ev.verify=12.436ms
[labev] t=455654.235 ev.finalize=1.681ms
[labev] t=455654.235 ev.propose=0.002ms
[labev] t=455654.247 ev.verify=12.286ms
[labev] t=455654.249 ev.finalize=1.674ms
[labev] t=455654.249 ev.propose=0.001ms
[labev] t=455654.261 ev.verify=12.175ms
[labev] t=455654.263 ev.finalize=1.668ms
[labev] t=455654.263 ev.propose=0.002ms
[labev] t=455654.275 ev.verify=12.431ms
[labev] t=455654.277 ev.finalize=1.678ms
[labev] t=455654.277 ev.propose=0.002ms
[labev] t=455654.289 ev.verify=12.176ms
[labev] t=455654.291 ev.finalize=1.706ms
[labev] t=455654.291 ev.propose=0.002ms
[labev] t=455654.304 ev.verify=12.476ms
[labev] t=455654.305 ev.finalize=1.683ms
[labev] t=455654.305 ev.propose=0.002ms
[labev] t=455654.318 ev.verify=12.226ms
[labev] t=455654.319 ev.finalize=1.681ms
[labev] t=455654.320 ev.propose=0.001ms
[labev] t=455654.332 ev.verify=12.191ms
[labev] t=455654.333 ev.finalize=1.670ms
[labev] t=455654.334 ev.propose=0.002ms
[labev] t=455654.346 ev.verify=12.435ms
[labev] t=455654.348 ev.finalize=1.784ms
[labev] t=455654.348 ev.propose=0.002ms
[labev] t=455654.360 ev.verify=12.471ms
[labev] t=455654.362 ev.finalize=1.699ms
[labev] t=455654.362 ev.propose=0.002ms
[labev] t=455654.374 ev.verify=12.144ms
[labev] t=455654.376 ev.finalize=1.689ms
[labev] t=455654.376 ev.propose=0.002ms
[labev] t=455654.389 ev.verify=12.489ms
[labev] t=455654.390 ev.finalize=1.693ms
[labev] t=455654.391 ev.propose=0.002ms
[labev] t=455654.403 ev.verify=12.376ms
[labev] t=455654.405 ev.finalize=1.686ms
[labev] t=455654.405 ev.propose=0.002ms
[labev] t=455654.417 ev.verify=12.402ms
[labev] t=455654.419 ev.finalize=1.588ms
[labev] t=455654.419 ev.propose=0.002ms
[labev] t=455654.431 ev.verify=12.502ms
[labev] t=455654.433 ev.finalize=1.688ms
[labev] t=455654.433 ev.propose=0.001ms
[labev] t=455654.446 ev.verify=12.474ms
[labev] t=455654.447 ev.finalize=1.681ms
[labev] t=455654.448 ev.propose=0.001ms
[labev] t=455654.460 ev.verify=12.424ms
[labev] t=455654.462 ev.finalize=2.211ms
[labev] t=455654.462 ev.propose=0.002ms
[labev] t=455654.475 ev.verify=12.287ms
[labev] t=455654.476 ev.finalize=1.694ms
[labev] t=455654.477 ev.propose=0.002ms
[labev] t=455654.489 ev.verify=12.309ms
[labev] t=455654.491 ev.finalize=1.686ms
[labev] t=455654.491 ev.propose=0.002ms
[labev] t=455654.503 ev.verify=12.357ms
[labev] t=455654.505 ev.finalize=1.702ms
[labev] t=455654.505 ev.propose=0.002ms
[labev] t=455654.517 ev.verify=12.409ms
[labev] t=455654.519 ev.finalize=1.676ms
[labev] t=455654.519 ev.propose=0.002ms
[labev] t=455654.532 ev.verify=12.445ms
[labev] t=455654.533 ev.finalize=1.704ms
[labev] t=455654.533 ev.propose=0.002ms
[labev] t=455654.546 ev.verify=12.333ms
[labev] t=455654.548 ev.finalize=1.715ms
[labev] t=455654.548 ev.propose=0.002ms
[labev] t=455654.563 ev.verify=15.391ms
[labev] t=455654.565 ev.finalize=1.553ms
[labev] t=455654.566 req.start s1-p4096-o512-b6-r0=0.000ms
[labev] t=455654.566 req.handle=0.017ms
[labev] t=455654.588 tok.prepare=22.371ms
event=batching_admitted action=scheduler_admitted
[labev] t=455654.843 chunk.ord.total=254.865ms
[labev] t=455655.096 chunk.ord.total=252.510ms
[labev] t=455655.351 chunk.ord.total=255.265ms
[labev] t=455655.610 chunk.ord.total=258.554ms
[labev] t=455655.870 chunk.ord.total=259.832ms
[labev] t=455656.133 chunk.ord.total=262.522ms
[labev] t=455656.399 chunk.ord.total=266.029ms
[labev] t=455656.705 chunk.ord.total=306.630ms
[labev] t=455656.705 req.firsttoken s1-p4096-o512-b6-r0=2139.633ms
[labev] t=455656.842 ev.decode.rows1.cap0=136.354ms
[labev] t=455656.978 ev.decode.rows1.cap0=135.966ms
[labev] t=455657.114 ev.decode.rows1.cap0=135.833ms
[labev] t=455657.250 ev.decode.rows1.cap0=135.729ms
[labev] t=455657.385 ev.decode.rows1.cap0=135.760ms
[labev] t=455657.521 ev.decode.rows1.cap0=135.548ms
[labev] t=455657.657 ev.decode.rows1.cap0=135.757ms
[labev] t=455657.793 ev.decode.rows1.cap0=136.049ms
[labev] t=455657.929 ev.decode.rows1.cap0=136.014ms
[labev] t=455658.065 ev.decode.rows1.cap0=135.987ms
[labev] t=455658.202 ev.decode.rows1.cap0=136.120ms
[labev] t=455658.337 ev.decode.rows1.cap0=135.879ms
[labev] t=455658.474 ev.decode.rows1.cap0=136.248ms
[labev] t=455658.610 ev.decode.rows1.cap0=135.869ms
[labev] t=455658.746 ev.decode.rows1.cap0=136.405ms
[labev] t=455658.883 ev.decode.rows1.cap0=136.403ms
[labev] t=455659.019 ev.decode.rows1.cap0=136.212ms
[labev] t=455659.155 ev.decode.rows1.cap0=136.090ms
[labev] t=455659.292 ev.decode.rows1.cap0=136.478ms
[labev] t=455659.428 ev.decode.rows1.cap0=136.376ms
[labev] t=455659.564 ev.decode.rows1.cap0=136.011ms
[labev] t=455659.701 ev.decode.rows1.cap0=136.269ms
[labev] t=455659.837 ev.decode.rows1.cap0=136.428ms
[labev] t=455659.974 ev.decode.rows1.cap0=136.154ms
[labev] t=455660.110 ev.decode.rows1.cap0=136.191ms
[labev] t=455660.246 ev.decode.rows1.cap0=136.151ms
[labev] t=455660.382 ev.decode.rows1.cap0=136.195ms
[labev] t=455660.519 ev.decode.rows1.cap0=136.508ms
[labev] t=455660.662 ev.decode.rows1.cap0=142.371ms
[labev] t=455660.809 ev.decode.rows1.cap0=147.188ms
[labev] t=455660.945 ev.decode.rows1.cap0=136.182ms
[labev] t=455661.073 ev.decode.rows1.cap0=127.601ms
[labev] t=455664.980 req.start s1-p4096-o512-b7-r0=0.001ms
[labev] t=455664.980 req.handle=0.103ms
[labev] t=455665.003 tok.prepare=22.368ms
event=batching_admitted action=scheduler_admitted
[labprof] d0.performDecode.call=136.202ms/n49 f0.finalize.total=1.685ms/n277 f1.finalize.build=0.471ms/n277 f2.finalize.eval=1.159ms/n277 fc.finalize.call=1.690ms/n277 o1.ord.build=1.168ms/n770 o2.ord.eval=7.339ms/n770 p0.propose=0.002ms/n277 r0.round.interval=14.100ms/n276 s1.native.prefill.target=40.328ms/n8 s1.ord.prefill.target=36.007ms/n9 s2.native.prefill.drafter+eval=242.361ms/n8 s2.ord.prefill.eval=224.338ms/n8 s9.native.prefill.chunk.total=282.730ms/n8 s9.ord.prefill.chunk.total=264.559ms/n8 v0.verify.call=12.259ms/n277 v1.verify.build=1.605ms/n277 v2.verify.eval=10.548ms/n277
[labev] t=455665.312 chunk.ord.total=308.951ms
[labev] t=455665.566 chunk.ord.total=253.540ms
[labev] t=455665.822 chunk.ord.total=256.550ms
[labev] t=455666.081 chunk.ord.total=258.558ms
[labev] t=455666.343 chunk.ord.total=262.171ms
[labev] t=455666.606 chunk.ord.total=262.402ms
[labev] t=455666.871 chunk.ord.total=265.496ms
[labev] t=455667.178 chunk.ord.total=306.478ms
[labev] t=455667.178 req.firsttoken s1-p4096-o512-b7-r0=2197.796ms
[labev] t=455667.314 ev.decode.rows1.cap0=135.818ms
[labev] t=455667.450 ev.decode.rows1.cap0=135.626ms
[labev] t=455667.585 ev.decode.rows1.cap0=134.950ms
[labev] t=455667.720 ev.decode.rows1.cap0=135.480ms
[labev] t=455667.856 ev.decode.rows1.cap0=135.294ms
[labev] t=455667.991 ev.decode.rows1.cap0=135.412ms
[labev] t=455668.127 ev.decode.rows1.cap0=135.323ms
[labev] t=455668.262 ev.decode.rows1.cap0=135.707ms
[labev] t=455668.398 ev.decode.rows1.cap0=135.537ms
[labev] t=455668.534 ev.decode.rows1.cap0=135.460ms
[labev] t=455668.669 ev.decode.rows1.cap0=135.530ms
[labev] t=455668.805 ev.decode.rows1.cap0=135.596ms
[labev] t=455668.940 ev.decode.rows1.cap0=135.494ms
[labev] t=455669.076 ev.decode.rows1.cap0=135.516ms
[labev] t=455669.212 ev.decode.rows1.cap0=135.509ms
[labev] t=455669.348 ev.decode.rows1.cap0=135.782ms
[labev] t=455669.483 ev.decode.rows1.cap0=135.522ms
[labev] t=455669.619 ev.decode.rows1.cap0=135.636ms
[labev] t=455669.754 ev.decode.rows1.cap0=135.418ms
[labev] t=455669.891 ev.decode.rows1.cap0=136.057ms
[labev] t=455670.026 ev.decode.rows1.cap0=135.493ms
[labev] t=455670.162 ev.decode.rows1.cap0=135.661ms
[labev] t=455670.297 ev.decode.rows1.cap0=135.391ms
[labev] t=455670.434 ev.decode.rows1.cap0=136.039ms
[labev] t=455670.570 ev.decode.rows1.cap0=136.038ms
[labev] t=455670.706 ev.decode.rows1.cap0=136.051ms
[labev] t=455670.842 ev.decode.rows1.cap0=135.986ms
[labev] t=455670.978 ev.decode.rows1.cap0=135.967ms
[labev] t=455671.114 ev.decode.rows1.cap0=135.746ms
[labev] t=455671.250 ev.decode.rows1.cap0=136.058ms
[labev] t=455671.386 ev.decode.rows1.cap0=135.966ms
[labev] t=455671.514 ev.decode.rows1.cap0=127.599ms
[labev] t=455671.515 req.start s1-p4096-o512-b7-r0=0.000ms
[labev] t=455671.515 req.handle=0.018ms
[labev] t=455671.537 tok.prepare=22.523ms
event=batching_admitted action=scheduler_admitted
[labev] t=455671.804 chunk.native.total=266.470ms
[labev] t=455672.070 chunk.native.total=266.048ms
[labev] t=455672.340 chunk.native.total=269.174ms
[labev] t=455672.613 chunk.native.total=272.891ms
[labev] t=455672.889 chunk.native.total=276.320ms
[labev] t=455673.166 chunk.native.total=276.915ms
[labev] t=455673.448 chunk.native.total=281.668ms
[labev] t=455673.764 chunk.native.total=316.283ms
[labev] t=455673.764 req.firsttoken s1-p4096-o512-b7-r0=2249.252ms
[labev] t=455673.764 ev.propose=0.003ms
[labev] t=455673.776 ev.verify=12.322ms
[labev] t=455673.778 ev.finalize=1.731ms
[labev] t=455673.778 ev.propose=0.069ms
[labev] t=455673.791 ev.verify=12.455ms
[labev] t=455673.793 ev.finalize=1.671ms
[labev] t=455673.793 ev.propose=0.051ms
[labev] t=455673.805 ev.verify=12.303ms
[labev] t=455673.807 ev.finalize=1.629ms
[labev] t=455673.807 ev.propose=0.059ms
[labev] t=455673.819 ev.verify=12.120ms
[labev] t=455673.821 ev.finalize=1.656ms
[labev] t=455673.821 ev.propose=0.057ms
[labev] t=455673.833 ev.verify=12.243ms
[labev] t=455673.835 ev.finalize=1.653ms
[labev] t=455673.835 ev.propose=0.063ms
[labev] t=455673.847 ev.verify=12.264ms
[labev] t=455673.849 ev.finalize=1.651ms
[labev] t=455673.849 ev.propose=0.044ms
[labev] t=455673.862 ev.verify=12.451ms
[labev] t=455673.863 ev.finalize=1.688ms
[labev] t=455673.864 ev.propose=0.040ms
[labev] t=455673.876 ev.verify=12.330ms
[labev] t=455673.878 ev.finalize=1.652ms
[labev] t=455673.878 ev.propose=0.057ms
[labev] t=455673.890 ev.verify=12.044ms
[labev] t=455673.892 ev.finalize=2.259ms
[labev] t=455673.892 ev.propose=0.068ms
[labev] t=455673.905 ev.verify=12.355ms
[labev] t=455673.906 ev.finalize=1.605ms
[labev] t=455673.906 ev.propose=0.081ms
[labev] t=455673.919 ev.verify=12.172ms
[labev] t=455673.920 ev.finalize=1.606ms
[labev] t=455673.921 ev.propose=0.054ms
[labev] t=455673.933 ev.verify=12.141ms
[labev] t=455673.934 ev.finalize=1.701ms
[labev] t=455673.935 ev.propose=0.053ms
[labev] t=455673.947 ev.verify=12.140ms
[labev] t=455673.948 ev.finalize=1.524ms
[labev] t=455673.948 ev.propose=0.063ms
[labev] t=455673.961 ev.verify=12.147ms
[labev] t=455673.962 ev.finalize=1.644ms
[labev] t=455673.962 ev.propose=0.066ms
[labev] t=455673.975 ev.verify=12.190ms
[labev] t=455673.976 ev.finalize=1.523ms
[labev] t=455673.976 ev.propose=0.061ms
[labev] t=455673.989 ev.verify=12.155ms
[labev] t=455673.990 ev.finalize=1.611ms
[labev] t=455673.990 ev.propose=0.002ms
[labev] t=455674.003 ev.verify=12.191ms
[labev] t=455674.004 ev.finalize=1.629ms
[labev] t=455674.004 ev.propose=0.067ms
[labev] t=455674.017 ev.verify=12.147ms
[labev] t=455674.018 ev.finalize=1.628ms
[labev] t=455674.018 ev.propose=0.075ms
[labev] t=455674.030 ev.verify=12.084ms
[labev] t=455674.032 ev.finalize=1.629ms
[labev] t=455674.032 ev.propose=0.001ms
[labev] t=455674.044 ev.verify=12.218ms
[labev] t=455674.046 ev.finalize=1.640ms
[labev] t=455674.046 ev.propose=0.002ms
[labev] t=455674.058 ev.verify=12.124ms
[labev] t=455674.060 ev.finalize=1.597ms
[labev] t=455674.060 ev.propose=0.002ms
[labev] t=455674.072 ev.verify=12.242ms
[labev] t=455674.074 ev.finalize=1.635ms
[labev] t=455674.074 ev.propose=0.001ms
[labev] t=455674.086 ev.verify=12.291ms
[labev] t=455674.088 ev.finalize=1.625ms
[labev] t=455674.088 ev.propose=0.001ms
[labev] t=455674.100 ev.verify=12.115ms
[labev] t=455674.102 ev.finalize=1.629ms
[labev] t=455674.102 ev.propose=0.002ms
[labev] t=455674.114 ev.verify=12.219ms
[labev] t=455674.116 ev.finalize=1.634ms
[labev] t=455674.116 ev.propose=0.002ms
[labev] t=455674.128 ev.verify=12.225ms
[labev] t=455674.131 ev.finalize=2.267ms
[labev] t=455674.131 ev.propose=0.002ms
[labev] t=455674.143 ev.verify=12.388ms
[labev] t=455674.145 ev.finalize=1.650ms
[labev] t=455674.145 ev.propose=0.002ms
[labev] t=455674.157 ev.verify=12.245ms
[labev] t=455674.159 ev.finalize=1.633ms
[labev] t=455674.159 ev.propose=0.002ms
[labev] t=455674.171 ev.verify=12.248ms
[labev] t=455674.173 ev.finalize=1.625ms
[labev] t=455674.173 ev.propose=0.002ms
[labev] t=455674.185 ev.verify=12.170ms
[labev] t=455674.187 ev.finalize=1.653ms
[labev] t=455674.187 ev.propose=0.002ms
[labev] t=455674.199 ev.verify=12.217ms
[labev] t=455674.201 ev.finalize=1.608ms
[labev] t=455674.201 ev.propose=0.002ms
[labev] t=455674.213 ev.verify=12.145ms
[labev] t=455674.215 ev.finalize=1.666ms
[labev] t=455674.215 ev.propose=0.058ms
[labev] t=455674.227 ev.verify=12.162ms
[labev] t=455674.229 ev.finalize=1.616ms
[labev] t=455674.229 ev.propose=0.002ms
[labev] t=455674.241 ev.verify=12.269ms
[labev] t=455674.243 ev.finalize=1.639ms
[labev] t=455674.243 ev.propose=0.002ms
[labev] t=455674.255 ev.verify=12.106ms
[labev] t=455674.257 ev.finalize=1.704ms
[labev] t=455674.257 ev.propose=0.002ms
[labev] t=455674.269 ev.verify=12.155ms
[labev] t=455674.271 ev.finalize=1.728ms
[labev] t=455674.271 ev.propose=0.002ms
[labev] t=455674.283 ev.verify=12.405ms
[labev] t=455674.285 ev.finalize=1.633ms
[labev] t=455674.285 ev.propose=0.002ms
[labev] t=455674.298 ev.verify=12.353ms
[labev] t=455674.299 ev.finalize=1.653ms
[labev] t=455674.299 ev.propose=0.002ms
[labev] t=455674.312 ev.verify=12.092ms
[labev] t=455674.313 ev.finalize=1.678ms
[labev] t=455674.313 ev.propose=0.002ms
[labev] t=455674.325 ev.verify=11.948ms
[labev] t=455674.327 ev.finalize=1.657ms
[labev] t=455674.327 ev.propose=0.002ms
[labev] t=455674.339 ev.verify=12.159ms
[labev] t=455674.341 ev.finalize=1.655ms
[labev] t=455674.341 ev.propose=0.002ms
[labev] t=455674.353 ev.verify=12.259ms
[labev] t=455674.356 ev.finalize=2.251ms
[labev] t=455674.356 ev.propose=0.002ms
[labev] t=455674.368 ev.verify=12.367ms
[labev] t=455674.370 ev.finalize=1.653ms
[labev] t=455674.370 ev.propose=0.002ms
[labev] t=455674.382 ev.verify=12.221ms
[labev] t=455674.384 ev.finalize=1.638ms
[labev] t=455674.384 ev.propose=0.002ms
[labev] t=455674.396 ev.verify=11.975ms
[labev] t=455674.398 ev.finalize=1.664ms
[labev] t=455674.398 ev.propose=0.002ms
[labev] t=455674.410 ev.verify=12.089ms
[labev] t=455674.412 ev.finalize=1.643ms
[labev] t=455674.412 ev.propose=0.002ms
[labev] t=455674.424 ev.verify=12.232ms
[labev] t=455674.426 ev.finalize=1.642ms
[labev] t=455674.426 ev.propose=0.002ms
[labev] t=455674.438 ev.verify=12.147ms
[labev] t=455674.439 ev.finalize=1.628ms
[labev] t=455674.440 ev.propose=0.002ms
[labev] t=455674.452 ev.verify=12.260ms
[labev] t=455674.454 ev.finalize=1.657ms
[labev] t=455674.454 ev.propose=0.002ms
[labev] t=455674.466 ev.verify=12.122ms
[labev] t=455674.467 ev.finalize=1.657ms
[labev] t=455674.468 ev.propose=0.002ms
[labev] t=455674.480 ev.verify=12.015ms
[labev] t=455674.481 ev.finalize=1.708ms
[labev] t=455674.481 ev.propose=0.002ms
[labev] t=455674.494 ev.verify=12.310ms
[labev] t=455674.495 ev.finalize=1.579ms
[labev] t=455674.495 ev.propose=0.002ms
[labev] t=455674.508 ev.verify=12.297ms
[labev] t=455674.509 ev.finalize=1.642ms
[labev] t=455674.510 ev.propose=0.002ms
[labev] t=455674.522 ev.verify=12.287ms
[labev] t=455674.524 ev.finalize=1.656ms
[labev] t=455674.524 ev.propose=0.002ms
[labev] t=455674.536 ev.verify=12.216ms
[labev] t=455674.538 ev.finalize=1.640ms
[labev] t=455674.538 ev.propose=0.002ms
[labev] t=455674.550 ev.verify=12.264ms
[labev] t=455674.552 ev.finalize=1.615ms
[labev] t=455674.552 ev.propose=0.002ms
[labev] t=455674.564 ev.verify=12.076ms
[labev] t=455674.565 ev.finalize=1.637ms
[labev] t=455674.566 ev.propose=0.001ms
[labev] t=455674.578 ev.verify=12.174ms
[labev] t=455674.579 ev.finalize=1.663ms
[labev] t=455674.580 ev.propose=0.001ms
[labev] t=455674.592 ev.verify=12.139ms
[labev] t=455674.594 ev.finalize=2.284ms
[labev] t=455674.594 ev.propose=0.002ms
[labev] t=455674.607 ev.verify=12.389ms
[labev] t=455674.608 ev.finalize=1.639ms
[labev] t=455674.608 ev.propose=0.002ms
[labev] t=455674.621 ev.verify=12.374ms
[labev] t=455674.622 ev.finalize=1.612ms
[labev] t=455674.622 ev.propose=0.002ms
[labev] t=455674.635 ev.verify=12.225ms
[labev] t=455674.636 ev.finalize=1.665ms
[labev] t=455674.637 ev.propose=0.002ms
[labev] t=455674.649 ev.verify=12.254ms
[labev] t=455674.650 ev.finalize=1.643ms
[labev] t=455674.651 ev.propose=0.002ms
[labev] t=455674.663 ev.verify=12.200ms
[labev] t=455674.664 ev.finalize=1.624ms
[labev] t=455674.665 ev.propose=0.002ms
[labev] t=455674.677 ev.verify=12.400ms
[labev] t=455674.679 ev.finalize=1.612ms
[labev] t=455674.679 ev.propose=0.002ms
[labev] t=455674.691 ev.verify=12.211ms
[labev] t=455674.693 ev.finalize=1.633ms
[labev] t=455674.693 ev.propose=0.001ms
[labev] t=455674.705 ev.verify=12.331ms
[labev] t=455674.707 ev.finalize=1.652ms
[labev] t=455674.707 ev.propose=0.002ms
[labev] t=455674.719 ev.verify=12.170ms
[labev] t=455674.721 ev.finalize=1.736ms
[labev] t=455674.721 ev.propose=0.002ms
[labev] t=455674.733 ev.verify=12.178ms
[labev] t=455674.735 ev.finalize=1.639ms
[labev] t=455674.735 ev.propose=0.002ms
[labev] t=455674.747 ev.verify=12.194ms
[labev] t=455674.749 ev.finalize=1.669ms
[labev] t=455674.749 ev.propose=0.001ms
[labev] t=455674.761 ev.verify=12.185ms
[labev] t=455674.763 ev.finalize=1.623ms
[labev] t=455674.763 ev.propose=0.002ms
[labev] t=455674.775 ev.verify=12.367ms
[labev] t=455674.777 ev.finalize=1.627ms
[labev] t=455674.777 ev.propose=0.002ms
[labev] t=455674.789 ev.verify=12.334ms
[labev] t=455674.791 ev.finalize=1.655ms
[labev] t=455674.791 ev.propose=0.002ms
[labev] t=455674.803 ev.verify=12.204ms
[labev] t=455674.805 ev.finalize=1.635ms
[labev] t=455674.805 ev.propose=0.002ms
[labev] t=455674.817 ev.verify=12.328ms
[labev] t=455674.820 ev.finalize=2.285ms
[labev] t=455674.820 ev.propose=0.002ms
[labev] t=455674.832 ev.verify=12.423ms
[labev] t=455674.834 ev.finalize=1.537ms
[labev] t=455674.834 ev.propose=0.002ms
[labev] t=455674.846 ev.verify=12.166ms
[labev] t=455674.848 ev.finalize=1.615ms
[labev] t=455674.848 ev.propose=0.002ms
[labev] t=455674.860 ev.verify=12.202ms
[labev] t=455674.862 ev.finalize=1.651ms
[labev] t=455674.862 ev.propose=0.001ms
[labev] t=455674.874 ev.verify=12.302ms
[labev] t=455674.876 ev.finalize=1.638ms
[labev] t=455674.876 ev.propose=0.002ms
[labev] t=455674.888 ev.verify=12.223ms
[labev] t=455674.890 ev.finalize=1.633ms
[labev] t=455674.890 ev.propose=0.002ms
[labev] t=455674.902 ev.verify=12.215ms
[labev] t=455674.904 ev.finalize=1.636ms
[labev] t=455674.904 ev.propose=0.002ms
[labev] t=455674.917 ev.verify=12.477ms
[labev] t=455674.918 ev.finalize=1.657ms
[labev] t=455674.918 ev.propose=0.002ms
[labev] t=455674.930 ev.verify=11.955ms
[labev] t=455674.932 ev.finalize=1.637ms
[labev] t=455674.932 ev.propose=0.002ms
[labev] t=455674.944 ev.verify=12.072ms
[labev] t=455674.946 ev.finalize=1.613ms
[labev] t=455674.946 ev.propose=0.002ms
[labev] t=455674.958 ev.verify=12.234ms
[labev] t=455674.960 ev.finalize=1.613ms
[labev] t=455674.960 ev.propose=0.002ms
[labev] t=455674.972 ev.verify=12.169ms
[labev] t=455674.974 ev.finalize=1.836ms
[labev] t=455674.974 ev.propose=0.002ms
[labev] t=455674.986 ev.verify=12.080ms
[labev] t=455674.988 ev.finalize=1.649ms
[labev] t=455674.988 ev.propose=0.002ms
[labev] t=455675.000 ev.verify=12.281ms
[labev] t=455675.002 ev.finalize=1.634ms
[labev] t=455675.002 ev.propose=0.002ms
[labev] t=455675.014 ev.verify=12.252ms
[labev] t=455675.016 ev.finalize=1.635ms
[labev] t=455675.016 ev.propose=0.002ms
[labev] t=455675.028 ev.verify=12.293ms
[labev] t=455675.030 ev.finalize=1.626ms
[labev] t=455675.030 ev.propose=0.002ms
[labev] t=455675.043 ev.verify=12.311ms
[labev] t=455675.045 ev.finalize=2.296ms
[labev] t=455675.045 ev.propose=0.002ms
[labev] t=455675.057 ev.verify=12.159ms
[labev] t=455675.059 ev.finalize=1.566ms
[labev] t=455675.059 ev.propose=0.002ms
[labev] t=455675.071 ev.verify=12.158ms
[labev] t=455675.073 ev.finalize=1.617ms
[labev] t=455675.073 ev.propose=0.002ms
[labev] t=455675.085 ev.verify=12.235ms
[labev] t=455675.087 ev.finalize=1.647ms
[labev] t=455675.087 ev.propose=0.002ms
[labev] t=455675.099 ev.verify=12.290ms
[labev] t=455675.101 ev.finalize=1.649ms
[labev] t=455675.101 ev.propose=0.002ms
[labev] t=455675.113 ev.verify=12.279ms
[labev] t=455675.115 ev.finalize=1.647ms
[labev] t=455675.115 ev.propose=0.002ms
[labev] t=455675.127 ev.verify=12.281ms
[labev] t=455675.129 ev.finalize=1.647ms
[labev] t=455675.129 ev.propose=0.002ms
[labev] t=455675.141 ev.verify=12.196ms
[labev] t=455675.143 ev.finalize=1.641ms
[labev] t=455675.143 ev.propose=0.002ms
[labev] t=455675.155 ev.verify=12.147ms
[labev] t=455675.157 ev.finalize=1.658ms
[labev] t=455675.157 ev.propose=0.002ms
[labev] t=455675.169 ev.verify=12.157ms
[labev] t=455675.171 ev.finalize=1.544ms
[labev] t=455675.171 ev.propose=0.002ms
[labev] t=455675.183 ev.verify=12.480ms
[labev] t=455675.185 ev.finalize=1.608ms
[labev] t=455675.185 ev.propose=0.002ms
[labev] t=455675.197 ev.verify=12.170ms
[labev] t=455675.199 ev.finalize=1.636ms
[labev] t=455675.199 ev.propose=0.002ms
[labev] t=455675.211 ev.verify=12.269ms
[labev] t=455675.213 ev.finalize=1.618ms
[labev] t=455675.213 ev.propose=0.002ms
[labev] t=455675.225 ev.verify=12.293ms
[labev] t=455675.227 ev.finalize=1.877ms
[labev] t=455675.228 ev.propose=0.002ms
[labev] t=455675.240 ev.verify=12.283ms
[labev] t=455675.241 ev.finalize=1.633ms
[labev] t=455675.242 ev.propose=0.002ms
[labev] t=455675.254 ev.verify=12.236ms
[labev] t=455675.256 ev.finalize=1.652ms
[labev] t=455675.256 ev.propose=0.001ms
[labev] t=455675.268 ev.verify=12.238ms
[labev] t=455675.270 ev.finalize=1.630ms
[labev] t=455675.270 ev.propose=0.002ms
[labev] t=455675.282 ev.verify=12.315ms
[labev] t=455675.284 ev.finalize=2.298ms
[labev] t=455675.284 ev.propose=0.002ms
[labev] t=455675.297 ev.verify=12.211ms
[labev] t=455675.298 ev.finalize=1.695ms
[labev] t=455675.298 ev.propose=0.002ms
[labev] t=455675.311 ev.verify=12.244ms
[labev] t=455675.312 ev.finalize=1.655ms
[labev] t=455675.313 ev.propose=0.002ms
[labev] t=455675.325 ev.verify=12.359ms
[labev] t=455675.327 ev.finalize=1.656ms
[labev] t=455675.327 ev.propose=0.002ms
[labev] t=455675.339 ev.verify=12.070ms
[labev] t=455675.340 ev.finalize=1.656ms
[labev] t=455675.341 ev.propose=0.002ms
[labev] t=455675.353 ev.verify=12.083ms
[labev] t=455675.354 ev.finalize=1.687ms
[labev] t=455675.354 ev.propose=0.002ms
[labev] t=455675.367 ev.verify=12.309ms
[labev] t=455675.369 ev.finalize=1.667ms
[labev] t=455675.369 ev.propose=0.002ms
[labev] t=455675.381 ev.verify=12.345ms
[labev] t=455675.383 ev.finalize=1.638ms
[labev] t=455675.383 ev.propose=0.002ms
[labev] t=455675.395 ev.verify=12.273ms
[labev] t=455675.397 ev.finalize=1.639ms
[labev] t=455675.397 ev.propose=0.002ms
[labev] t=455675.409 ev.verify=11.978ms
[labev] t=455675.410 ev.finalize=1.633ms
[labev] t=455675.411 ev.propose=0.002ms
[labev] t=455675.423 ev.verify=12.345ms
[labev] t=455675.425 ev.finalize=1.629ms
[labev] t=455675.425 ev.propose=0.001ms
[labev] t=455675.437 ev.verify=12.339ms
[labev] t=455675.439 ev.finalize=1.657ms
[labev] t=455675.439 ev.propose=0.001ms
[labev] t=455675.451 ev.verify=12.150ms
[labev] t=455675.453 ev.finalize=1.648ms
[labev] t=455675.453 ev.propose=0.002ms
[labev] t=455675.465 ev.verify=12.361ms
[labev] t=455675.467 ev.finalize=1.637ms
[labev] t=455675.467 ev.propose=0.002ms
[labev] t=455675.479 ev.verify=12.358ms
[labev] t=455675.481 ev.finalize=1.652ms
[labev] t=455675.481 ev.propose=0.002ms
[labev] t=455675.493 ev.verify=12.228ms
[labev] t=455675.495 ev.finalize=1.649ms
[labev] t=455675.495 ev.propose=0.002ms
[labev] t=455675.508 ev.verify=12.408ms
[labev] t=455675.510 ev.finalize=2.302ms
[labev] t=455675.510 ev.propose=0.002ms
[labev] t=455675.522 ev.verify=12.376ms
[labev] t=455675.524 ev.finalize=1.649ms
[labev] t=455675.524 ev.propose=0.002ms
[labev] t=455675.537 ev.verify=12.400ms
[labev] t=455675.538 ev.finalize=1.631ms
[labev] t=455675.538 ev.propose=0.002ms
[labev] t=455675.551 ev.verify=12.252ms
[labev] t=455675.552 ev.finalize=1.671ms
[labev] t=455675.552 ev.propose=0.002ms
[labev] t=455675.565 ev.verify=12.396ms
[labev] t=455675.567 ev.finalize=1.673ms
[labev] t=455675.567 ev.propose=0.002ms
[labev] t=455675.579 ev.verify=12.400ms
[labev] t=455675.581 ev.finalize=1.675ms
[labev] t=455675.581 ev.propose=0.002ms
[labev] t=455675.593 ev.verify=12.431ms
[labev] t=455675.595 ev.finalize=1.649ms
[labev] t=455675.595 ev.propose=0.002ms
[labev] t=455675.607 ev.verify=12.226ms
[labev] t=455675.609 ev.finalize=1.631ms
[labev] t=455675.609 ev.propose=0.002ms
[labev] t=455675.622 ev.verify=12.433ms
[labev] t=455675.623 ev.finalize=1.697ms
[labev] t=455675.623 ev.propose=0.002ms
[labev] t=455675.636 ev.verify=12.294ms
[labev] t=455675.637 ev.finalize=1.650ms
[labev] t=455675.638 ev.propose=0.002ms
[labev] t=455675.650 ev.verify=12.503ms
[labev] t=455675.652 ev.finalize=1.667ms
[labev] t=455675.652 ev.propose=0.002ms
[labev] t=455675.664 ev.verify=12.219ms
[labev] t=455675.666 ev.finalize=1.541ms
[labev] t=455675.666 ev.propose=0.002ms
[labev] t=455675.678 ev.verify=12.268ms
[labev] t=455675.680 ev.finalize=1.629ms
[labev] t=455675.680 ev.propose=0.002ms
[labev] t=455675.692 ev.verify=12.394ms
[labev] t=455675.694 ev.finalize=1.808ms
[labev] t=455675.694 ev.propose=0.002ms
[labev] t=455675.706 ev.verify=12.157ms
[labev] t=455675.708 ev.finalize=1.650ms
[labev] t=455675.708 ev.propose=0.002ms
[labev] t=455675.720 ev.verify=12.331ms
[labev] t=455675.722 ev.finalize=1.549ms
[labev] t=455675.722 ev.propose=0.002ms
[labev] t=455675.734 ev.verify=12.273ms
[labev] t=455675.736 ev.finalize=1.550ms
[labev] t=455675.736 ev.propose=0.002ms
[labev] t=455675.748 ev.verify=12.125ms
[labev] t=455675.750 ev.finalize=1.547ms
[labev] t=455675.750 ev.propose=0.002ms
[labev] t=455675.762 ev.verify=12.273ms
[labev] t=455675.765 ev.finalize=2.333ms
[labev] t=455675.765 ev.propose=0.002ms
[labev] t=455675.777 ev.verify=12.282ms
[labev] t=455675.779 ev.finalize=1.559ms
[labev] t=455675.779 ev.propose=0.002ms
[labev] t=455675.791 ev.verify=12.254ms
[labev] t=455675.793 ev.finalize=1.638ms
[labev] t=455675.793 ev.propose=0.002ms
[labev] t=455675.805 ev.verify=12.325ms
[labev] t=455675.807 ev.finalize=1.536ms
[labev] t=455675.807 ev.propose=0.002ms
[labev] t=455675.819 ev.verify=12.200ms
[labev] t=455675.821 ev.finalize=1.541ms
[labev] t=455675.821 ev.propose=0.002ms
[labev] t=455675.833 ev.verify=12.431ms
[labev] t=455675.835 ev.finalize=1.651ms
[labev] t=455675.835 ev.propose=0.002ms
[labev] t=455675.847 ev.verify=12.416ms
[labev] t=455675.849 ev.finalize=1.681ms
[labev] t=455675.849 ev.propose=0.002ms
[labev] t=455675.861 ev.verify=12.247ms
[labev] t=455675.863 ev.finalize=1.664ms
[labev] t=455675.863 ev.propose=0.002ms
[labev] t=455675.876 ev.verify=12.332ms
[labev] t=455675.877 ev.finalize=1.652ms
[labev] t=455675.877 ev.propose=0.002ms
[labev] t=455675.890 ev.verify=12.311ms
[labev] t=455675.891 ev.finalize=1.679ms
[labev] t=455675.892 ev.propose=0.002ms
[labev] t=455675.904 ev.verify=12.332ms
[labev] t=455675.906 ev.finalize=1.633ms
[labev] t=455675.906 ev.propose=0.002ms
[labev] t=455675.918 ev.verify=12.220ms
[labev] t=455675.920 ev.finalize=1.645ms
[labev] t=455675.920 ev.propose=0.002ms
[labev] t=455675.932 ev.verify=12.128ms
[labev] t=455675.934 ev.finalize=1.641ms
[labev] t=455675.934 ev.propose=0.002ms
[labev] t=455675.946 ev.verify=12.293ms
[labev] t=455675.948 ev.finalize=1.655ms
[labev] t=455675.948 ev.propose=0.002ms
[labev] t=455675.960 ev.verify=12.251ms
[labev] t=455675.962 ev.finalize=1.674ms
[labev] t=455675.962 ev.propose=0.002ms
[labev] t=455675.974 ev.verify=12.309ms
[labev] t=455675.976 ev.finalize=1.658ms
[labev] t=455675.976 ev.propose=0.002ms
[labev] t=455675.988 ev.verify=12.304ms
[labev] t=455675.990 ev.finalize=1.650ms
[labev] t=455675.990 ev.propose=0.001ms
[labev] t=455676.002 ev.verify=12.336ms
[labev] t=455676.004 ev.finalize=1.653ms
[labev] t=455676.004 ev.propose=0.002ms
[labev] t=455676.017 ev.verify=12.381ms
[labev] t=455676.019 ev.finalize=2.297ms
[labev] t=455676.019 ev.propose=0.002ms
[labev] t=455676.031 ev.verify=12.207ms
[labev] t=455676.033 ev.finalize=1.658ms
[labev] t=455676.033 ev.propose=0.002ms
[labev] t=455676.045 ev.verify=12.098ms
[labev] t=455676.047 ev.finalize=1.630ms
[labev] t=455676.047 ev.propose=0.002ms
[labev] t=455676.059 ev.verify=12.265ms
[labev] t=455676.061 ev.finalize=1.672ms
[labev] t=455676.061 ev.propose=0.002ms
[labev] t=455676.073 ev.verify=12.311ms
[labev] t=455676.075 ev.finalize=1.654ms
[labev] t=455676.075 ev.propose=0.002ms
[labev] t=455676.087 ev.verify=12.297ms
[labev] t=455676.089 ev.finalize=1.673ms
[labev] t=455676.089 ev.propose=0.002ms
[labev] t=455676.102 ev.verify=12.352ms
[labev] t=455676.103 ev.finalize=1.642ms
[labev] t=455676.103 ev.propose=0.002ms
[labev] t=455676.116 ev.verify=12.189ms
[labev] t=455676.117 ev.finalize=1.668ms
[labev] t=455676.117 ev.propose=0.002ms
[labev] t=455676.130 ev.verify=12.291ms
[labev] t=455676.131 ev.finalize=1.650ms
[labev] t=455676.131 ev.propose=0.002ms
[labev] t=455676.144 ev.verify=12.315ms
[labev] t=455676.146 ev.finalize=1.650ms
[labev] t=455676.146 ev.propose=0.001ms
[labev] t=455676.158 ev.verify=12.317ms
[labev] t=455676.160 ev.finalize=1.628ms
[labev] t=455676.160 ev.propose=0.002ms
[labev] t=455676.172 ev.verify=12.338ms
[labev] t=455676.174 ev.finalize=1.665ms
[labev] t=455676.174 ev.propose=0.002ms
[labev] t=455676.186 ev.verify=12.226ms
[labev] t=455676.188 ev.finalize=1.556ms
[labev] t=455676.188 ev.propose=0.002ms
[labev] t=455676.200 ev.verify=12.265ms
[labev] t=455676.202 ev.finalize=1.657ms
[labev] t=455676.202 ev.propose=0.002ms
[labev] t=455676.214 ev.verify=12.192ms
[labev] t=455676.216 ev.finalize=1.672ms
[labev] t=455676.216 ev.propose=0.002ms
[labev] t=455676.228 ev.verify=12.438ms
[labev] t=455676.230 ev.finalize=1.668ms
[labev] t=455676.230 ev.propose=0.002ms
[labev] t=455676.242 ev.verify=12.239ms
[labev] t=455676.245 ev.finalize=2.362ms
[labev] t=455676.245 ev.propose=0.002ms
[labev] t=455676.257 ev.verify=12.387ms
[labev] t=455676.259 ev.finalize=1.713ms
[labev] t=455676.259 ev.propose=0.002ms
[labev] t=455676.271 ev.verify=12.265ms
[labev] t=455676.273 ev.finalize=1.653ms
[labev] t=455676.273 ev.propose=0.002ms
[labev] t=455676.286 ev.verify=12.353ms
[labev] t=455676.287 ev.finalize=1.701ms
[labev] t=455676.287 ev.propose=0.002ms
[labev] t=455676.300 ev.verify=12.323ms
[labev] t=455676.301 ev.finalize=1.649ms
[labev] t=455676.302 ev.propose=0.002ms
[labev] t=455676.314 ev.verify=12.370ms
[labev] t=455676.316 ev.finalize=1.641ms
[labev] t=455676.316 ev.propose=0.001ms
[labev] t=455676.328 ev.verify=12.020ms
[labev] t=455676.329 ev.finalize=1.574ms
[labev] t=455676.329 ev.propose=0.002ms
[labev] t=455676.342 ev.verify=12.218ms
[labev] t=455676.343 ev.finalize=1.671ms
[labev] t=455676.344 ev.propose=0.002ms
[labev] t=455676.356 ev.verify=12.235ms
[labev] t=455676.357 ev.finalize=1.641ms
[labev] t=455676.358 ev.propose=0.002ms
[labev] t=455676.370 ev.verify=12.441ms
[labev] t=455676.372 ev.finalize=1.553ms
[labev] t=455676.372 ev.propose=0.002ms
[labev] t=455676.384 ev.verify=12.182ms
[labev] t=455676.386 ev.finalize=1.548ms
[labev] t=455676.386 ev.propose=0.001ms
[labev] t=455676.398 ev.verify=12.462ms
[labev] t=455676.400 ev.finalize=1.659ms
[labev] t=455676.400 ev.propose=0.002ms
[labev] t=455676.412 ev.verify=12.324ms
[labev] t=455676.414 ev.finalize=1.807ms
[labev] t=455676.414 ev.propose=0.001ms
[labev] t=455676.427 ev.verify=12.424ms
[labev] t=455676.428 ev.finalize=1.646ms
[labev] t=455676.428 ev.propose=0.001ms
[labev] t=455676.441 ev.verify=12.239ms
[labev] t=455676.442 ev.finalize=1.663ms
[labev] t=455676.442 ev.propose=0.002ms
[labev] t=455676.455 ev.verify=12.437ms
[labev] t=455676.457 ev.finalize=1.647ms
[labev] t=455676.457 ev.propose=0.002ms
[labev] t=455676.469 ev.verify=12.309ms
[labev] t=455676.471 ev.finalize=1.655ms
[labev] t=455676.471 ev.propose=0.002ms
[labev] t=455676.483 ev.verify=12.379ms
[labev] t=455676.485 ev.finalize=1.653ms
[labev] t=455676.485 ev.propose=0.002ms
[labev] t=455676.497 ev.verify=12.094ms
[labev] t=455676.499 ev.finalize=2.314ms
[labev] t=455676.500 ev.propose=0.002ms
[labev] t=455676.512 ev.verify=12.438ms
[labev] t=455676.514 ev.finalize=1.669ms
[labev] t=455676.514 ev.propose=0.002ms
[labev] t=455676.526 ev.verify=12.266ms
[labev] t=455676.528 ev.finalize=1.680ms
[labev] t=455676.528 ev.propose=0.002ms
[labev] t=455676.540 ev.verify=12.149ms
[labev] t=455676.542 ev.finalize=1.690ms
[labev] t=455676.542 ev.propose=0.002ms
[labev] t=455676.554 ev.verify=12.208ms
[labev] t=455676.556 ev.finalize=1.596ms
[labev] t=455676.556 ev.propose=0.002ms
[labev] t=455676.568 ev.verify=12.316ms
[labev] t=455676.570 ev.finalize=1.570ms
[labev] t=455676.570 ev.propose=0.002ms
[labev] t=455676.582 ev.verify=12.411ms
[labev] t=455676.584 ev.finalize=1.698ms
[labev] t=455676.584 ev.propose=0.002ms
[labev] t=455676.597 ev.verify=12.474ms
[labev] t=455676.598 ev.finalize=1.670ms
[labev] t=455676.598 ev.propose=0.002ms
[labev] t=455676.611 ev.verify=12.456ms
[labev] t=455676.613 ev.finalize=1.678ms
[labev] t=455676.613 ev.propose=0.002ms
[labev] t=455676.625 ev.verify=12.069ms
[labev] t=455676.627 ev.finalize=1.665ms
[labev] t=455676.627 ev.propose=0.001ms
[labev] t=455676.639 ev.verify=12.173ms
[labev] t=455676.641 ev.finalize=1.879ms
[labev] t=455676.641 ev.propose=0.002ms
[labev] t=455676.653 ev.verify=12.051ms
[labev] t=455676.655 ev.finalize=1.673ms
[labev] t=455676.655 ev.propose=0.002ms
[labev] t=455676.667 ev.verify=12.061ms
[labev] t=455676.668 ev.finalize=1.656ms
[labev] t=455676.669 ev.propose=0.002ms
[labev] t=455676.681 ev.verify=12.216ms
[labev] t=455676.683 ev.finalize=1.673ms
[labev] t=455676.683 ev.propose=0.002ms
[labev] t=455676.695 ev.verify=12.354ms
[labev] t=455676.697 ev.finalize=1.675ms
[labev] t=455676.697 ev.propose=0.002ms
[labev] t=455676.709 ev.verify=12.370ms
[labev] t=455676.711 ev.finalize=1.653ms
[labev] t=455676.711 ev.propose=0.002ms
[labev] t=455676.723 ev.verify=12.204ms
[labev] t=455676.725 ev.finalize=1.676ms
[labev] t=455676.725 ev.propose=0.002ms
[labev] t=455676.737 ev.verify=12.399ms
[labev] t=455676.740 ev.finalize=2.314ms
[labev] t=455676.740 ev.propose=0.002ms
[labev] t=455676.752 ev.verify=12.477ms
[labev] t=455676.754 ev.finalize=1.574ms
[labev] t=455676.754 ev.propose=0.002ms
[labev] t=455676.766 ev.verify=12.259ms
[labev] t=455676.768 ev.finalize=1.650ms
[labev] t=455676.768 ev.propose=0.002ms
[labev] t=455676.780 ev.verify=12.299ms
[labev] t=455676.782 ev.finalize=1.543ms
[labev] t=455676.782 ev.propose=0.002ms
[labev] t=455676.794 ev.verify=12.310ms
[labev] t=455676.796 ev.finalize=1.667ms
[labev] t=455676.796 ev.propose=0.002ms
[labev] t=455676.809 ev.verify=12.512ms
[labev] t=455676.810 ev.finalize=1.658ms
[labev] t=455676.811 ev.propose=0.002ms
[labev] t=455676.823 ev.verify=12.257ms
[labev] t=455676.825 ev.finalize=1.702ms
[labev] t=455676.825 ev.propose=0.002ms
[labev] t=455676.837 ev.verify=12.407ms
[labev] t=455676.839 ev.finalize=1.672ms
[labev] t=455676.839 ev.propose=0.002ms
[labev] t=455676.851 ev.verify=12.325ms
[labev] t=455676.853 ev.finalize=1.649ms
[labev] t=455676.853 ev.propose=0.002ms
[labev] t=455676.865 ev.verify=12.272ms
[labev] t=455676.867 ev.finalize=1.535ms
[labev] t=455676.867 ev.propose=0.002ms
[labev] t=455676.879 ev.verify=12.345ms
[labev] t=455676.881 ev.finalize=1.647ms
[labev] t=455676.881 ev.propose=0.002ms
[labev] t=455676.894 ev.verify=12.312ms
[labev] t=455676.895 ev.finalize=1.657ms
[labev] t=455676.895 ev.propose=0.002ms
[labev] t=455676.907 ev.verify=12.030ms
[labev] t=455676.909 ev.finalize=1.676ms
[labev] t=455676.909 ev.propose=0.002ms
[labev] t=455676.922 ev.verify=12.325ms
[labev] t=455676.923 ev.finalize=1.635ms
[labev] t=455676.923 ev.propose=0.002ms
[labev] t=455676.936 ev.verify=12.323ms
[labev] t=455676.937 ev.finalize=1.664ms
[labev] t=455676.937 ev.propose=0.002ms
[labev] t=455676.950 ev.verify=12.490ms
[labev] t=455676.952 ev.finalize=1.571ms
[labev] t=455676.952 ev.propose=0.002ms
[labev] t=455676.964 ev.verify=12.247ms
[labev] t=455676.966 ev.finalize=1.664ms
[labev] t=455676.966 ev.propose=0.002ms
[labev] t=455676.978 ev.verify=12.426ms
[labev] t=455676.980 ev.finalize=1.644ms
[labev] t=455676.980 ev.propose=0.002ms
[labev] t=455676.992 ev.verify=12.323ms
[labev] t=455676.995 ev.finalize=2.243ms
[labev] t=455676.995 ev.propose=0.002ms
[labev] t=455677.007 ev.verify=12.445ms
[labev] t=455677.009 ev.finalize=1.698ms
[labev] t=455677.009 ev.propose=0.002ms
[labev] t=455677.021 ev.verify=12.258ms
[labev] t=455677.023 ev.finalize=1.721ms
[labev] t=455677.023 ev.propose=0.001ms
[labev] t=455677.035 ev.verify=12.139ms
[labev] t=455677.037 ev.finalize=1.662ms
[labev] t=455677.037 ev.propose=0.002ms
[labev] t=455677.049 ev.verify=12.017ms
[labev] t=455677.051 ev.finalize=1.696ms
[labev] t=455677.051 ev.propose=0.002ms
[labev] t=455677.063 ev.verify=12.280ms
[labev] t=455677.065 ev.finalize=1.549ms
[labev] t=455677.065 ev.propose=0.001ms
[labev] t=455677.077 ev.verify=12.213ms
[labev] t=455677.079 ev.finalize=1.590ms
[labev] t=455677.079 ev.propose=0.001ms
[labev] t=455677.091 ev.verify=12.174ms
[labev] t=455677.093 ev.finalize=1.556ms
[labev] t=455677.093 ev.propose=0.001ms
[labev] t=455677.105 ev.verify=12.258ms
[labev] t=455677.107 ev.finalize=1.765ms
[labev] t=455677.107 ev.propose=0.002ms
[labev] t=455677.119 ev.verify=12.047ms
[labev] t=455677.121 ev.finalize=1.851ms
[labev] t=455677.121 ev.propose=0.002ms
[labev] t=455677.133 ev.verify=12.338ms
[labev] t=455677.135 ev.finalize=1.680ms
[labev] t=455677.135 ev.propose=0.002ms
[labev] t=455677.147 ev.verify=12.146ms
[labev] t=455677.149 ev.finalize=1.684ms
[labev] t=455677.149 ev.propose=0.002ms
[labev] t=455677.161 ev.verify=12.306ms
[labev] t=455677.163 ev.finalize=1.669ms
[labev] t=455677.163 ev.propose=0.002ms
[labev] t=455677.175 ev.verify=12.136ms
[labev] t=455677.177 ev.finalize=1.696ms
[labev] t=455677.177 ev.propose=0.002ms
[labev] t=455677.189 ev.verify=11.977ms
[labev] t=455677.191 ev.finalize=1.739ms
[labev] t=455677.191 ev.propose=0.001ms
[labev] t=455677.203 ev.verify=12.461ms
[labev] t=455677.205 ev.finalize=1.560ms
[labev] t=455677.205 ev.propose=0.002ms
[labev] t=455677.218 ev.verify=12.392ms
[labev] t=455677.219 ev.finalize=1.684ms
[labev] t=455677.219 ev.propose=0.001ms
[labev] t=455677.232 ev.verify=12.219ms
[labev] t=455677.233 ev.finalize=1.685ms
[labev] t=455677.233 ev.propose=0.002ms
[labev] t=455677.246 ev.verify=12.347ms
[labev] t=455677.248 ev.finalize=2.332ms
[labev] t=455677.248 ev.propose=0.002ms
[labev] t=455677.261 ev.verify=12.507ms
[labev] t=455677.263 ev.finalize=1.691ms
[labev] t=455677.263 ev.propose=0.002ms
[labev] t=455677.275 ev.verify=12.510ms
[labev] t=455677.277 ev.finalize=1.678ms
[labev] t=455677.277 ev.propose=0.002ms
[labev] t=455677.289 ev.verify=12.254ms
[labev] t=455677.291 ev.finalize=1.663ms
[labev] t=455677.291 ev.propose=0.002ms
[labev] t=455677.303 ev.verify=12.362ms
[labev] t=455677.305 ev.finalize=1.653ms
[labev] t=455677.305 ev.propose=0.002ms
[labev] t=455677.318 ev.verify=12.466ms
[labev] t=455677.319 ev.finalize=1.674ms
[labev] t=455677.320 ev.propose=0.002ms
[labev] t=455677.332 ev.verify=12.431ms
[labev] t=455677.334 ev.finalize=1.661ms
[labev] t=455677.334 ev.propose=0.002ms
[labev] t=455677.346 ev.verify=12.365ms
[labev] t=455677.348 ev.finalize=1.671ms
[labev] t=455677.348 ev.propose=0.002ms
[labev] t=455677.360 ev.verify=12.305ms
[labev] t=455677.362 ev.finalize=1.572ms
[labev] t=455677.362 ev.propose=0.002ms
[labev] t=455677.374 ev.verify=12.244ms
[labev] t=455677.376 ev.finalize=1.549ms
[labev] t=455677.376 ev.propose=0.002ms
[labev] t=455677.388 ev.verify=12.390ms
[labev] t=455677.390 ev.finalize=1.672ms
[labev] t=455677.390 ev.propose=0.002ms
[labev] t=455677.402 ev.verify=12.240ms
[labev] t=455677.404 ev.finalize=1.707ms
[labev] t=455677.404 ev.propose=0.002ms
[labev] t=455677.417 ev.verify=12.238ms
[labev] t=455677.418 ev.finalize=1.684ms
[labev] t=455677.418 ev.propose=0.002ms
[labev] t=455677.431 ev.verify=12.475ms
[labev] t=455677.433 ev.finalize=1.675ms
[labev] t=455677.433 ev.propose=0.002ms
[labev] t=455677.445 ev.verify=12.284ms
[labev] t=455677.447 ev.finalize=1.699ms
[labev] t=455677.447 ev.propose=0.002ms
[labev] t=455677.459 ev.verify=12.339ms
[labev] t=455677.461 ev.finalize=1.676ms
[labev] t=455677.461 ev.propose=0.002ms
[labev] t=455677.473 ev.verify=12.290ms
[labev] t=455677.475 ev.finalize=1.661ms
[labev] t=455677.475 ev.propose=0.002ms
[labev] t=455677.487 ev.verify=12.357ms
[labev] t=455677.490 ev.finalize=2.238ms
[labev] t=455677.490 ev.propose=0.002ms
[labev] t=455677.502 ev.verify=12.285ms
[labev] t=455677.504 ev.finalize=1.701ms
[labev] t=455677.504 ev.propose=0.002ms
[labev] t=455677.516 ev.verify=12.349ms
[labev] t=455677.518 ev.finalize=1.635ms
[labev] t=455677.518 ev.propose=0.002ms
[labev] t=455677.530 ev.verify=12.345ms
[labev] t=455677.532 ev.finalize=1.632ms
[labev] t=455677.532 ev.propose=0.002ms
[labev] t=455677.545 ev.verify=12.314ms
[labev] t=455677.546 ev.finalize=1.647ms
[labev] t=455677.546 ev.propose=0.002ms
[labev] t=455677.559 ev.verify=12.348ms
[labev] t=455677.560 ev.finalize=1.643ms
[labev] t=455677.560 ev.propose=0.002ms
[labev] t=455677.573 ev.verify=12.198ms
[labev] t=455677.574 ev.finalize=1.675ms
[labev] t=455677.574 ev.propose=0.002ms
[labev] t=455677.587 ev.verify=12.159ms
[labev] t=455677.588 ev.finalize=1.668ms
[labev] t=455681.449 req.start s1-p4096-o512-b8-r0=0.000ms
[labev] t=455681.449 req.handle=0.113ms
[labev] t=455681.472 tok.prepare=22.412ms
event=batching_admitted action=scheduler_admitted
[labev] t=455681.792 chunk.native.total=319.811ms
[labev] t=455682.058 chunk.native.total=266.408ms
[labev] t=455682.328 chunk.native.total=269.779ms
[labev] t=455682.602 chunk.native.total=273.626ms
[labev] t=455682.879 chunk.native.total=277.107ms
[labev] t=455683.158 chunk.native.total=279.431ms
[labev] t=455683.441 chunk.native.total=281.946ms
[labev] t=455683.757 chunk.native.total=316.899ms
[labev] t=455683.758 req.firsttoken s1-p4096-o512-b8-r0=2308.557ms
[labev] t=455683.758 ev.propose=0.003ms
[labev] t=455683.770 ev.verify=12.251ms
[labev] t=455683.772 ev.finalize=1.683ms
[labev] t=455683.772 ev.propose=0.080ms
[labev] t=455683.784 ev.verify=12.402ms
[labev] t=455683.786 ev.finalize=1.712ms
[labev] t=455683.786 ev.propose=0.058ms
[labev] t=455683.798 ev.verify=12.182ms
[labev] t=455683.800 ev.finalize=1.691ms
[labev] t=455683.800 ev.propose=0.055ms
[labev] t=455683.812 ev.verify=12.082ms
[labev] t=455683.814 ev.finalize=1.736ms
[labev] t=455683.814 ev.propose=0.061ms
[labev] t=455683.826 ev.verify=12.186ms
[labev] t=455683.828 ev.finalize=1.709ms
[labev] t=455683.828 ev.propose=0.060ms
[labev] t=455683.841 ev.verify=12.227ms
[labev] t=455683.842 ev.finalize=1.649ms
[labev] t=455683.842 ev.propose=0.059ms
[labev] t=455683.855 ev.verify=12.330ms
[labev] t=455683.857 ev.finalize=1.679ms
[labev] t=455683.857 ev.propose=0.054ms
[labev] t=455683.869 ev.verify=12.287ms
[labev] t=455683.871 ev.finalize=1.651ms
[labev] t=455683.871 ev.propose=0.056ms
[labev] t=455683.883 ev.verify=11.981ms
[labev] t=455683.885 ev.finalize=2.317ms
[labev] t=455683.885 ev.propose=0.071ms
[labev] t=455683.898 ev.verify=12.351ms
[labev] t=455683.900 ev.finalize=1.664ms
[labev] t=455683.900 ev.propose=0.072ms
[labev] t=455683.912 ev.verify=12.124ms
[labev] t=455683.914 ev.finalize=1.683ms
[labev] t=455683.914 ev.propose=0.054ms
[labev] t=455683.926 ev.verify=12.158ms
[labev] t=455683.927 ev.finalize=1.563ms
[labev] t=455683.928 ev.propose=0.063ms
[labev] t=455683.940 ev.verify=12.144ms
[labev] t=455683.941 ev.finalize=1.555ms
[labev] t=455683.942 ev.propose=0.051ms
[labev] t=455683.954 ev.verify=12.261ms
[labev] t=455683.956 ev.finalize=1.636ms
[labev] t=455683.956 ev.propose=0.062ms
[labev] t=455683.968 ev.verify=12.197ms
[labev] t=455683.969 ev.finalize=1.533ms
[labev] t=455683.970 ev.propose=0.060ms
[labev] t=455683.982 ev.verify=12.119ms
[labev] t=455683.983 ev.finalize=1.656ms
[labev] t=455683.984 ev.propose=0.002ms
[labev] t=455683.996 ev.verify=12.181ms
[labev] t=455683.997 ev.finalize=1.663ms
[labev] t=455683.998 ev.propose=0.065ms
[labev] t=455684.010 ev.verify=12.142ms
[labev] t=455684.011 ev.finalize=1.665ms
[labev] t=455684.012 ev.propose=0.057ms
[labev] t=455684.024 ev.verify=12.097ms
[labev] t=455684.025 ev.finalize=1.675ms
[labev] t=455684.026 ev.propose=0.070ms
[labev] t=455684.038 ev.verify=12.203ms
[labev] t=455684.040 ev.finalize=1.614ms
[labev] t=455684.040 ev.propose=0.002ms
[labev] t=455684.052 ev.verify=12.162ms
[labev] t=455684.053 ev.finalize=1.660ms
[labev] t=455684.054 ev.propose=0.002ms
[labev] t=455684.066 ev.verify=12.191ms
[labev] t=455684.067 ev.finalize=1.650ms
[labev] t=455684.068 ev.propose=0.002ms
[labev] t=455684.080 ev.verify=12.288ms
[labev] t=455684.082 ev.finalize=1.665ms
[labev] t=455684.082 ev.propose=0.002ms
[labev] t=455684.094 ev.verify=12.117ms
[labev] t=455684.095 ev.finalize=1.630ms
[labev] t=455684.096 ev.propose=0.002ms
[labev] t=455684.108 ev.verify=12.217ms
[labev] t=455684.109 ev.finalize=1.652ms
[labev] t=455684.110 ev.propose=0.002ms
[labev] t=455684.122 ev.verify=12.233ms
[labev] t=455684.124 ev.finalize=2.279ms
[labev] t=455684.124 ev.propose=0.002ms
[labev] t=455684.137 ev.verify=12.299ms
[labev] t=455684.138 ev.finalize=1.659ms
[labev] t=455684.138 ev.propose=0.002ms
[labev] t=455684.151 ev.verify=12.203ms
[labev] t=455684.152 ev.finalize=1.650ms
[labev] t=455684.152 ev.propose=0.002ms
[labev] t=455684.165 ev.verify=12.187ms
[labev] t=455684.166 ev.finalize=1.667ms
[labev] t=455684.166 ev.propose=0.002ms
[labev] t=455684.179 ev.verify=12.208ms
[labev] t=455684.180 ev.finalize=1.661ms
[labev] t=455684.180 ev.propose=0.002ms
[labev] t=455684.193 ev.verify=12.189ms
[labev] t=455684.194 ev.finalize=1.677ms
[labev] t=455684.194 ev.propose=0.002ms
[labev] t=455684.207 ev.verify=12.147ms
[labev] t=455684.208 ev.finalize=1.663ms
[labev] t=455684.208 ev.propose=0.002ms
[labev] t=455684.221 ev.verify=12.211ms
[labev] t=455684.222 ev.finalize=1.643ms
[labev] t=455684.222 ev.propose=0.002ms
[labev] t=455684.235 ev.verify=12.253ms
[labev] t=455684.236 ev.finalize=1.649ms
[labev] t=455684.236 ev.propose=0.002ms
[labev] t=455684.249 ev.verify=12.178ms
[labev] t=455684.250 ev.finalize=1.655ms
[labev] t=455684.250 ev.propose=0.002ms
[labev] t=455684.263 ev.verify=12.160ms
[labev] t=455684.264 ev.finalize=1.666ms
[labev] t=455684.264 ev.propose=0.002ms
[labev] t=455684.277 ev.verify=12.397ms
[labev] t=455684.278 ev.finalize=1.647ms
[labev] t=455684.279 ev.propose=0.002ms
[labev] t=455684.291 ev.verify=12.332ms
[labev] t=455684.293 ev.finalize=1.684ms
[labev] t=455684.293 ev.propose=0.002ms
[labev] t=455684.305 ev.verify=12.161ms
[labev] t=455684.307 ev.finalize=1.650ms
[labev] t=455684.307 ev.propose=0.002ms
[labev] t=455684.319 ev.verify=12.038ms
[labev] t=455684.321 ev.finalize=1.785ms
[labev] t=455684.321 ev.propose=0.002ms
[labev] t=455684.333 ev.verify=12.228ms
[labev] t=455684.335 ev.finalize=1.689ms
[labev] t=455684.335 ev.propose=0.002ms
[labev] t=455684.347 ev.verify=12.361ms
[labev] t=455684.349 ev.finalize=2.281ms
[labev] t=455684.350 ev.propose=0.002ms
[labev] t=455684.362 ev.verify=12.432ms
[labev] t=455684.364 ev.finalize=1.693ms
[labev] t=455684.364 ev.propose=0.002ms
[labev] t=455684.376 ev.verify=12.222ms
[labev] t=455684.378 ev.finalize=1.658ms
[labev] t=455684.378 ev.propose=0.002ms
[labev] t=455684.390 ev.verify=12.009ms
[labev] t=455684.392 ev.finalize=1.663ms
[labev] t=455684.392 ev.propose=0.002ms
[labev] t=455684.404 ev.verify=12.137ms
[labev] t=455684.406 ev.finalize=1.650ms
[labev] t=455684.406 ev.propose=0.002ms
[labev] t=455684.418 ev.verify=12.260ms
[labev] t=455684.420 ev.finalize=1.630ms
[labev] t=455684.420 ev.propose=0.002ms
[labev] t=455684.432 ev.verify=12.183ms
[labev] t=455684.434 ev.finalize=1.659ms
[labev] t=455684.434 ev.propose=0.002ms
[labev] t=455684.446 ev.verify=12.294ms
[labev] t=455684.448 ev.finalize=1.654ms
[labev] t=455684.448 ev.propose=0.002ms
[labev] t=455684.460 ev.verify=12.196ms
[labev] t=455684.462 ev.finalize=1.632ms
[labev] t=455684.462 ev.propose=0.002ms
[labev] t=455684.474 ev.verify=12.206ms
[labev] t=455684.476 ev.finalize=1.547ms
[labev] t=455684.476 ev.propose=0.002ms
[labev] t=455684.488 ev.verify=12.155ms
[labev] t=455684.490 ev.finalize=1.662ms
[labev] t=455684.490 ev.propose=0.002ms
[labev] t=455684.502 ev.verify=12.254ms
[labev] t=455684.504 ev.finalize=1.645ms
[labev] t=455684.504 ev.propose=0.002ms
[labev] t=455684.516 ev.verify=12.215ms
[labev] t=455684.518 ev.finalize=1.626ms
[labev] t=455684.518 ev.propose=0.002ms
[labev] t=455684.530 ev.verify=12.279ms
[labev] t=455684.532 ev.finalize=1.657ms
[labev] t=455684.532 ev.propose=0.002ms
[labev] t=455684.544 ev.verify=12.135ms
[labev] t=455684.546 ev.finalize=1.646ms
[labev] t=455684.546 ev.propose=0.002ms
[labev] t=455684.558 ev.verify=12.185ms
[labev] t=455684.559 ev.finalize=1.533ms
[labev] t=455684.560 ev.propose=0.001ms
[labev] t=455684.572 ev.verify=12.327ms
[labev] t=455684.574 ev.finalize=1.913ms
[labev] t=455684.574 ev.propose=0.002ms
[labev] t=455684.586 ev.verify=12.423ms
[labev] t=455684.588 ev.finalize=1.547ms
[labev] t=455684.588 ev.propose=0.002ms
[labev] t=455684.600 ev.verify=12.257ms
[labev] t=455684.603 ev.finalize=2.184ms
[labev] t=455684.603 ev.propose=0.002ms
[labev] t=455684.615 ev.verify=12.213ms
[labev] t=455684.617 ev.finalize=1.635ms
[labev] t=455684.617 ev.propose=0.002ms
[labev] t=455684.629 ev.verify=12.279ms
[labev] t=455684.631 ev.finalize=1.552ms
[labev] t=455684.631 ev.propose=0.002ms
[labev] t=455684.643 ev.verify=12.120ms
[labev] t=455684.645 ev.finalize=1.655ms
[labev] t=455684.645 ev.propose=0.002ms
[labev] t=455684.657 ev.verify=12.178ms
[labev] t=455684.659 ev.finalize=1.652ms
[labev] t=455684.659 ev.propose=0.002ms
[labev] t=455684.671 ev.verify=12.181ms
[labev] t=455684.673 ev.finalize=1.640ms
[labev] t=455684.673 ev.propose=0.002ms
[labev] t=455684.685 ev.verify=12.277ms
[labev] t=455684.686 ev.finalize=1.565ms
[labev] t=455684.687 ev.propose=0.002ms
[labev] t=455684.699 ev.verify=12.196ms
[labev] t=455684.701 ev.finalize=1.657ms
[labev] t=455684.701 ev.propose=0.002ms
[labev] t=455684.713 ev.verify=11.983ms
[labev] t=455684.714 ev.finalize=1.670ms
[labev] t=455684.714 ev.propose=0.002ms
[labev] t=455684.727 ev.verify=12.222ms
[labev] t=455684.728 ev.finalize=1.550ms
[labev] t=455684.728 ev.propose=0.002ms
[labev] t=455684.741 ev.verify=12.348ms
[labev] t=455684.742 ev.finalize=1.667ms
[labev] t=455684.742 ev.propose=0.002ms
[labev] t=455684.755 ev.verify=12.171ms
[labev] t=455684.756 ev.finalize=1.617ms
[labev] t=455684.756 ev.propose=0.002ms
[labev] t=455684.769 ev.verify=12.306ms
[labev] t=455684.770 ev.finalize=1.632ms
[labev] t=455684.771 ev.propose=0.002ms
[labev] t=455684.783 ev.verify=12.397ms
[labev] t=455684.785 ev.finalize=1.645ms
[labev] t=455684.785 ev.propose=0.002ms
[labev] t=455684.797 ev.verify=12.182ms
[labev] t=455684.799 ev.finalize=1.645ms
[labev] t=455684.799 ev.propose=0.002ms
[labev] t=455684.811 ev.verify=12.171ms
[labev] t=455684.813 ev.finalize=1.700ms
[labev] t=455684.813 ev.propose=0.002ms
[labev] t=455684.825 ev.verify=12.206ms
[labev] t=455684.827 ev.finalize=1.638ms
[labev] t=455684.827 ev.propose=0.002ms
[labev] t=455684.839 ev.verify=12.146ms
[labev] t=455684.841 ev.finalize=2.270ms
[labev] t=455684.841 ev.propose=0.002ms
[labev] t=455684.854 ev.verify=12.215ms
[labev] t=455684.855 ev.finalize=1.680ms
[labev] t=455684.855 ev.propose=0.002ms
[labev] t=455684.868 ev.verify=12.303ms
[labev] t=455684.869 ev.finalize=1.645ms
[labev] t=455684.869 ev.propose=0.002ms
[labev] t=455684.882 ev.verify=12.157ms
[labev] t=455684.883 ev.finalize=1.669ms
[labev] t=455684.883 ev.propose=0.002ms
[labev] t=455684.896 ev.verify=12.250ms
[labev] t=455684.897 ev.finalize=1.649ms
[labev] t=455684.898 ev.propose=0.002ms
[labev] t=455684.910 ev.verify=12.248ms
[labev] t=455684.911 ev.finalize=1.642ms
[labev] t=455684.912 ev.propose=0.002ms
[labev] t=455684.924 ev.verify=12.384ms
[labev] t=455684.926 ev.finalize=1.645ms
[labev] t=455684.926 ev.propose=0.002ms
[labev] t=455684.938 ev.verify=12.049ms
[labev] t=455684.940 ev.finalize=1.651ms
[labev] t=455684.940 ev.propose=0.002ms
[labev] t=455684.952 ev.verify=12.286ms
[labev] t=455684.954 ev.finalize=1.617ms
[labev] t=455684.954 ev.propose=0.002ms
[labev] t=455684.966 ev.verify=12.175ms
[labev] t=455684.968 ev.finalize=1.668ms
[labev] t=455684.968 ev.propose=0.002ms
[labev] t=455684.980 ev.verify=12.287ms
[labev] t=455684.982 ev.finalize=1.652ms
[labev] t=455684.982 ev.propose=0.002ms
[labev] t=455684.994 ev.verify=12.061ms
[labev] t=455684.995 ev.finalize=1.556ms
[labev] t=455684.996 ev.propose=0.002ms
[labprof] d0.performDecode.call=135.389ms/n32 f0.finalize.total=1.681ms/n359 f1.finalize.build=0.471ms/n359 f2.finalize.eval=1.155ms/n359 fc.finalize.call=1.686ms/n359 o1.ord.build=1.149ms/n511 o2.ord.eval=7.302ms/n511 p0.propose=0.002ms/n360 r0.round.interval=14.101ms/n358 s1.native.prefill.target=40.253ms/n16 s1.ord.prefill.target=45.583ms/n7 s2.native.prefill.drafter+eval=241.668ms/n16 s2.ord.prefill.eval=231.553ms/n8 s9.native.prefill.chunk.total=281.960ms/n16 s9.ord.prefill.chunk.total=271.804ms/n8 v0.verify.call=12.253ms/n359 v1.verify.build=1.587ms/n360 v2.verify.eval=10.556ms/n360
[labev] t=455685.008 ev.verify=12.000ms
[labev] t=455685.009 ev.finalize=1.711ms
[labev] t=455685.009 ev.propose=0.002ms
[labev] t=455685.022 ev.verify=12.222ms
[labev] t=455685.023 ev.finalize=1.692ms
[labev] t=455685.023 ev.propose=0.002ms
[labev] t=455685.036 ev.verify=12.292ms
[labev] t=455685.037 ev.finalize=1.668ms
[labev] t=455685.038 ev.propose=0.002ms
[labev] t=455685.050 ev.verify=12.085ms
[labev] t=455685.051 ev.finalize=1.674ms
[labev] t=455685.051 ev.propose=0.002ms
[labev] t=455685.064 ev.verify=12.255ms
[labev] t=455685.065 ev.finalize=1.671ms
[labev] t=455685.066 ev.propose=0.002ms
[labev] t=455685.078 ev.verify=12.110ms
[labev] t=455685.080 ev.finalize=2.327ms
[labev] t=455685.080 ev.propose=0.002ms
[labev] t=455685.093 ev.verify=12.415ms
[labev] t=455685.094 ev.finalize=1.668ms
[labev] t=455685.094 ev.propose=0.002ms
[labev] t=455685.107 ev.verify=12.208ms
[labev] t=455685.108 ev.finalize=1.672ms
[labev] t=455685.108 ev.propose=0.002ms
[labev] t=455685.121 ev.verify=12.228ms
[labev] t=455685.122 ev.finalize=1.703ms
[labev] t=455685.122 ev.propose=0.002ms
[labev] t=455685.135 ev.verify=12.305ms
[labev] t=455685.137 ev.finalize=1.658ms
[labev] t=455685.137 ev.propose=0.002ms
[labev] t=455685.149 ev.verify=12.244ms
[labev] t=455685.151 ev.finalize=1.678ms
[labev] t=455685.151 ev.propose=0.002ms
[labev] t=455685.163 ev.verify=12.331ms
[labev] t=455685.165 ev.finalize=1.700ms
[labev] t=455685.165 ev.propose=0.002ms
[labev] t=455685.177 ev.verify=12.299ms
[labev] t=455685.179 ev.finalize=1.651ms
[labev] t=455685.179 ev.propose=0.002ms
[labev] t=455685.191 ev.verify=12.288ms
[labev] t=455685.193 ev.finalize=1.633ms
[labev] t=455685.193 ev.propose=0.001ms
[labev] t=455685.205 ev.verify=12.229ms
[labev] t=455685.207 ev.finalize=1.651ms
[labev] t=455685.207 ev.propose=0.002ms
[labev] t=455685.219 ev.verify=12.200ms
[labev] t=455685.221 ev.finalize=1.652ms
[labev] t=455685.221 ev.propose=0.002ms
[labev] t=455685.233 ev.verify=12.179ms
[labev] t=455685.235 ev.finalize=1.657ms
[labev] t=455685.235 ev.propose=0.002ms
[labev] t=455685.247 ev.verify=12.257ms
[labev] t=455685.249 ev.finalize=1.642ms
[labev] t=455685.249 ev.propose=0.002ms
[labev] t=455685.262 ev.verify=12.409ms
[labev] t=455685.263 ev.finalize=1.555ms
[labev] t=455685.263 ev.propose=0.002ms
[labev] t=455685.276 ev.verify=12.273ms
[labev] t=455685.277 ev.finalize=1.621ms
[labev] t=455685.277 ev.propose=0.002ms
[labev] t=455685.290 ev.verify=12.350ms
[labev] t=455685.291 ev.finalize=1.643ms
[labev] t=455685.291 ev.propose=0.002ms
[labev] t=455685.304 ev.verify=12.296ms
[labev] t=455685.306 ev.finalize=2.268ms
[labev] t=455685.306 ev.propose=0.002ms
[labev] t=455685.318 ev.verify=12.267ms
[labev] t=455685.320 ev.finalize=1.681ms
[labev] t=455685.320 ev.propose=0.002ms
[labev] t=455685.333 ev.verify=12.425ms
[labev] t=455685.334 ev.finalize=1.687ms
[labev] t=455685.335 ev.propose=0.002ms
[labev] t=455685.347 ev.verify=12.206ms
[labev] t=455685.348 ev.finalize=1.621ms
[labev] t=455685.349 ev.propose=0.002ms
[labev] t=455685.361 ev.verify=12.346ms
[labev] t=455685.363 ev.finalize=1.639ms
[labev] t=455685.363 ev.propose=0.002ms
[labev] t=455685.375 ev.verify=12.226ms
[labev] t=455685.377 ev.finalize=1.662ms
[labev] t=455685.377 ev.propose=0.002ms
[labev] t=455685.389 ev.verify=12.369ms
[labev] t=455685.391 ev.finalize=1.667ms
[labev] t=455685.391 ev.propose=0.002ms
[labev] t=455685.403 ev.verify=12.280ms
[labev] t=455685.405 ev.finalize=1.644ms
[labev] t=455685.405 ev.propose=0.002ms
[labev] t=455685.417 ev.verify=12.222ms
[labev] t=455685.419 ev.finalize=1.672ms
[labev] t=455685.419 ev.propose=0.002ms
[labev] t=455685.431 ev.verify=12.066ms
[labev] t=455685.433 ev.finalize=1.647ms
[labev] t=455685.433 ev.propose=0.002ms
[labev] t=455685.445 ev.verify=12.305ms
[labev] t=455685.447 ev.finalize=1.644ms
[labev] t=455685.447 ev.propose=0.002ms
[labev] t=455685.459 ev.verify=12.354ms
[labev] t=455685.461 ev.finalize=1.655ms
[labev] t=455685.461 ev.propose=0.002ms
[labev] t=455685.473 ev.verify=12.299ms
[labev] t=455685.475 ev.finalize=1.643ms
[labev] t=455685.475 ev.propose=0.002ms
[labev] t=455685.488 ev.verify=12.393ms
[labev] t=455685.489 ev.finalize=1.669ms
[labev] t=455685.490 ev.propose=0.002ms
[labev] t=455685.502 ev.verify=12.200ms
[labev] t=455685.503 ev.finalize=1.578ms
[labev] t=455685.503 ev.propose=0.002ms
[labev] t=455685.516 ev.verify=12.135ms
[labev] t=455685.517 ev.finalize=1.634ms
[labev] t=455685.517 ev.propose=0.002ms
[labev] t=455685.530 ev.verify=12.240ms
[labev] t=455685.531 ev.finalize=1.647ms
[labev] t=455685.531 ev.propose=0.002ms
[labev] t=455685.544 ev.verify=12.183ms
[labev] t=455685.546 ev.finalize=2.253ms
[labev] t=455685.546 ev.propose=0.002ms
[labev] t=455685.558 ev.verify=12.202ms
[labev] t=455685.560 ev.finalize=1.696ms
[labev] t=455685.560 ev.propose=0.002ms
[labev] t=455685.572 ev.verify=12.312ms
[labev] t=455685.574 ev.finalize=1.653ms
[labev] t=455685.574 ev.propose=0.002ms
[labev] t=455685.586 ev.verify=12.181ms
[labev] t=455685.588 ev.finalize=1.704ms
[labev] t=455685.588 ev.propose=0.002ms
[labev] t=455685.601 ev.verify=12.408ms
[labev] t=455685.602 ev.finalize=1.655ms
[labev] t=455685.603 ev.propose=0.002ms
[labev] t=455685.615 ev.verify=12.239ms
[labev] t=455685.616 ev.finalize=1.671ms
[labev] t=455685.617 ev.propose=0.002ms
[labev] t=455685.629 ev.verify=12.113ms
[labev] t=455685.630 ev.finalize=1.583ms
[labev] t=455685.630 ev.propose=0.001ms
[labev] t=455685.643 ev.verify=12.158ms
[labev] t=455685.644 ev.finalize=1.537ms
[labev] t=455685.644 ev.propose=0.002ms
[labev] t=455685.656 ev.verify=12.216ms
[labev] t=455685.658 ev.finalize=1.544ms
[labev] t=455685.658 ev.propose=0.002ms
[labev] t=455685.670 ev.verify=12.083ms
[labev] t=455685.672 ev.finalize=1.774ms
[labev] t=455685.672 ev.propose=0.001ms
[labev] t=455685.684 ev.verify=12.287ms
[labev] t=455685.686 ev.finalize=1.671ms
[labev] t=455685.686 ev.propose=0.009ms
[labev] t=455685.699 ev.verify=12.302ms
[labev] t=455685.700 ev.finalize=1.720ms
[labev] t=455685.700 ev.propose=0.002ms
[labev] t=455685.713 ev.verify=12.239ms
[labev] t=455685.714 ev.finalize=1.632ms
[labev] t=455685.714 ev.propose=0.002ms
[labev] t=455685.727 ev.verify=12.041ms
[labev] t=455685.728 ev.finalize=1.729ms
[labev] t=455685.728 ev.propose=0.002ms
[labev] t=455685.741 ev.verify=12.149ms
[labev] t=455685.742 ev.finalize=1.639ms
[labev] t=455685.742 ev.propose=0.002ms
[labev] t=455685.754 ev.verify=12.074ms
[labev] t=455685.756 ev.finalize=1.648ms
[labev] t=455685.756 ev.propose=0.002ms
[labev] t=455685.769 ev.verify=12.292ms
[labev] t=455685.770 ev.finalize=1.649ms
[labev] t=455685.770 ev.propose=0.002ms
[labev] t=455685.783 ev.verify=12.238ms
[labev] t=455685.784 ev.finalize=1.562ms
[labev] t=455685.784 ev.propose=0.002ms
[labev] t=455685.796 ev.verify=12.079ms
[labev] t=455685.798 ev.finalize=1.700ms
[labev] t=455685.798 ev.propose=0.002ms
[labev] t=455685.810 ev.verify=12.160ms
[labev] t=455685.813 ev.finalize=2.326ms
[labev] t=455685.813 ev.propose=0.002ms
[labev] t=455685.825 ev.verify=12.316ms
[labev] t=455685.827 ev.finalize=1.559ms
[labev] t=455685.827 ev.propose=0.002ms
[labev] t=455685.839 ev.verify=12.185ms
[labev] t=455685.841 ev.finalize=1.677ms
[labev] t=455685.841 ev.propose=0.002ms
[labev] t=455685.853 ev.verify=12.378ms
[labev] t=455685.855 ev.finalize=1.557ms
[labev] t=455685.855 ev.propose=0.001ms
[labev] t=455685.867 ev.verify=12.364ms
[labev] t=455685.869 ev.finalize=1.652ms
[labev] t=455685.869 ev.propose=0.002ms
[labev] t=455685.881 ev.verify=12.188ms
[labev] t=455685.883 ev.finalize=1.693ms
[labev] t=455685.883 ev.propose=0.002ms
[labev] t=455685.896 ev.verify=12.448ms
[labev] t=455685.897 ev.finalize=1.679ms
[labev] t=455685.897 ev.propose=0.002ms
[labev] t=455685.910 ev.verify=12.166ms
[labev] t=455685.911 ev.finalize=1.672ms
[labev] t=455685.911 ev.propose=0.002ms
[labev] t=455685.924 ev.verify=12.188ms
[labev] t=455685.925 ev.finalize=1.563ms
[labev] t=455685.925 ev.propose=0.002ms
[labev] t=455685.938 ev.verify=12.199ms
[labev] t=455685.939 ev.finalize=1.679ms
[labev] t=455685.939 ev.propose=0.002ms
[labev] t=455685.952 ev.verify=12.136ms
[labev] t=455685.953 ev.finalize=1.665ms
[labev] t=455685.953 ev.propose=0.002ms
[labev] t=455685.966 ev.verify=12.202ms
[labev] t=455685.967 ev.finalize=1.690ms
[labev] t=455685.967 ev.propose=0.002ms
[labev] t=455685.980 ev.verify=12.315ms
[labev] t=455685.981 ev.finalize=1.579ms
[labev] t=455685.981 ev.propose=0.002ms
[labev] t=455685.994 ev.verify=12.194ms
[labev] t=455685.995 ev.finalize=1.645ms
[labev] t=455685.995 ev.propose=0.002ms
[labev] t=455686.008 ev.verify=12.053ms
[labev] t=455686.009 ev.finalize=1.576ms
[labev] t=455686.009 ev.propose=0.002ms
[labev] t=455686.021 ev.verify=12.183ms
[labev] t=455686.023 ev.finalize=1.725ms
[labev] t=455686.023 ev.propose=0.002ms
[labev] t=455686.035 ev.verify=12.173ms
[labev] t=455686.037 ev.finalize=1.674ms
[labev] t=455686.037 ev.propose=0.002ms
[labev] t=455686.050 ev.verify=12.281ms
[labev] t=455686.051 ev.finalize=1.579ms
[labev] t=455686.051 ev.propose=0.002ms
[labev] t=455686.064 ev.verify=12.332ms
[labev] t=455686.065 ev.finalize=1.565ms
[labev] t=455686.065 ev.propose=0.002ms
[labev] t=455686.077 ev.verify=12.087ms
[labev] t=455686.079 ev.finalize=1.571ms
[labev] t=455686.079 ev.propose=0.002ms
[labev] t=455686.091 ev.verify=11.991ms
[labev] t=455686.094 ev.finalize=2.334ms
[labev] t=455686.094 ev.propose=0.002ms
[labev] t=455686.106 ev.verify=12.520ms
[labev] t=455686.108 ev.finalize=1.717ms
[labev] t=455686.108 ev.propose=0.002ms
[labev] t=455686.120 ev.verify=12.232ms
[labev] t=455686.122 ev.finalize=1.668ms
[labev] t=455686.122 ev.propose=0.002ms
[labev] t=455686.134 ev.verify=12.357ms
[labev] t=455686.136 ev.finalize=1.684ms
[labev] t=455686.136 ev.propose=0.002ms
[labev] t=455686.148 ev.verify=12.091ms
[labev] t=455686.150 ev.finalize=1.720ms
[labev] t=455686.150 ev.propose=0.002ms
[labev] t=455686.162 ev.verify=12.178ms
[labev] t=455686.164 ev.finalize=1.685ms
[labev] t=455686.164 ev.propose=0.002ms
[labev] t=455686.176 ev.verify=12.210ms
[labev] t=455686.178 ev.finalize=1.685ms
[labev] t=455686.178 ev.propose=0.002ms
[labev] t=455686.191 ev.verify=12.209ms
[labev] t=455686.192 ev.finalize=1.663ms
[labev] t=455686.192 ev.propose=0.002ms
[labev] t=455686.205 ev.verify=12.316ms
[labev] t=455686.206 ev.finalize=1.685ms
[labev] t=455686.206 ev.propose=0.002ms
[labev] t=455686.219 ev.verify=12.317ms
[labev] t=455686.221 ev.finalize=1.683ms
[labev] t=455686.221 ev.propose=0.002ms
[labev] t=455686.233 ev.verify=12.269ms
[labev] t=455686.235 ev.finalize=1.673ms
[labev] t=455686.235 ev.propose=0.002ms
[labev] t=455686.247 ev.verify=12.260ms
[labev] t=455686.249 ev.finalize=1.659ms
[labev] t=455686.249 ev.propose=0.002ms
[labev] t=455686.261 ev.verify=12.323ms
[labev] t=455686.263 ev.finalize=1.662ms
[labev] t=455686.263 ev.propose=0.002ms
[labev] t=455686.275 ev.verify=12.211ms
[labev] t=455686.277 ev.finalize=1.563ms
[labev] t=455686.277 ev.propose=0.002ms
[labev] t=455686.289 ev.verify=12.337ms
[labev] t=455686.291 ev.finalize=1.647ms
[labev] t=455686.291 ev.propose=0.002ms
[labev] t=455686.303 ev.verify=12.174ms
[labev] t=455686.305 ev.finalize=1.674ms
[labev] t=455686.305 ev.propose=0.002ms
[labev] t=455686.317 ev.verify=12.177ms
[labev] t=455686.319 ev.finalize=1.687ms
[labev] t=455686.319 ev.propose=0.001ms
[labev] t=455686.331 ev.verify=12.334ms
[labev] t=455686.334 ev.finalize=2.332ms
[labev] t=455686.334 ev.propose=0.002ms
[labev] t=455686.346 ev.verify=12.254ms
[labev] t=455686.348 ev.finalize=1.718ms
[labev] t=455686.348 ev.propose=0.002ms
[labev] t=455686.360 ev.verify=12.389ms
[labev] t=455686.362 ev.finalize=1.632ms
[labev] t=455686.362 ev.propose=0.002ms
[labev] t=455686.375 ev.verify=12.428ms
[labev] t=455686.376 ev.finalize=1.681ms
[labev] t=455686.377 ev.propose=0.002ms
[labev] t=455686.389 ev.verify=12.242ms
[labev] t=455686.391 ev.finalize=1.678ms
[labev] t=455686.391 ev.propose=0.002ms
[labev] t=455686.403 ev.verify=12.322ms
[labev] t=455686.405 ev.finalize=1.660ms
[labev] t=455686.405 ev.propose=0.002ms
[labev] t=455686.417 ev.verify=12.383ms
[labev] t=455686.419 ev.finalize=1.668ms
[labev] t=455686.419 ev.propose=0.002ms
[labev] t=455686.431 ev.verify=12.278ms
[labev] t=455686.433 ev.finalize=1.674ms
[labev] t=455686.433 ev.propose=0.002ms
[labev] t=455686.445 ev.verify=12.322ms
[labev] t=455686.447 ev.finalize=1.571ms
[labev] t=455686.447 ev.propose=0.002ms
[labev] t=455686.459 ev.verify=12.355ms
[labev] t=455686.461 ev.finalize=1.654ms
[labev] t=455686.461 ev.propose=0.002ms
[labev] t=455686.474 ev.verify=12.449ms
[labev] t=455686.475 ev.finalize=1.658ms
[labev] t=455686.476 ev.propose=0.002ms
[labev] t=455686.488 ev.verify=12.202ms
[labev] t=455686.490 ev.finalize=1.697ms
[labev] t=455686.490 ev.propose=0.002ms
[labev] t=455686.502 ev.verify=12.426ms
[labev] t=455686.504 ev.finalize=1.693ms
[labev] t=455686.504 ev.propose=0.002ms
[labev] t=455686.516 ev.verify=12.423ms
[labev] t=455686.518 ev.finalize=1.673ms
[labev] t=455686.518 ev.propose=0.002ms
[labev] t=455686.530 ev.verify=12.280ms
[labev] t=455686.532 ev.finalize=1.668ms
[labev] t=455686.532 ev.propose=0.002ms
[labev] t=455686.545 ev.verify=12.352ms
[labev] t=455686.546 ev.finalize=1.676ms
[labev] t=455686.546 ev.propose=0.002ms
[labev] t=455686.559 ev.verify=12.360ms
[labev] t=455686.561 ev.finalize=2.363ms
[labev] t=455686.561 ev.propose=0.002ms
[labev] t=455686.574 ev.verify=12.410ms
[labev] t=455686.575 ev.finalize=1.649ms
[labev] t=455686.576 ev.propose=0.002ms
[labev] t=455686.588 ev.verify=12.385ms
[labev] t=455686.590 ev.finalize=1.689ms
[labev] t=455686.590 ev.propose=0.002ms
[labev] t=455686.602 ev.verify=12.354ms
[labev] t=455686.604 ev.finalize=1.641ms
[labev] t=455686.604 ev.propose=0.002ms
[labev] t=455686.616 ev.verify=12.193ms
[labev] t=455686.618 ev.finalize=1.554ms
[labev] t=455686.618 ev.propose=0.002ms
[labev] t=455686.630 ev.verify=12.413ms
[labev] t=455686.632 ev.finalize=1.693ms
[labev] t=455686.632 ev.propose=0.002ms
[labev] t=455686.644 ev.verify=12.347ms
[labev] t=455686.646 ev.finalize=1.652ms
[labev] t=455686.646 ev.propose=0.002ms
[labev] t=455686.659 ev.verify=12.421ms
[labev] t=455686.660 ev.finalize=1.685ms
[labev] t=455686.661 ev.propose=0.001ms
[labev] t=455686.673 ev.verify=12.518ms
[labev] t=455686.675 ev.finalize=1.669ms
[labev] t=455686.675 ev.propose=0.002ms
[labev] t=455686.687 ev.verify=12.274ms
[labev] t=455686.689 ev.finalize=1.673ms
[labev] t=455686.689 ev.propose=0.001ms
[labev] t=455686.701 ev.verify=12.342ms
[labev] t=455686.703 ev.finalize=1.705ms
[labev] t=455686.703 ev.propose=0.002ms
[labev] t=455686.715 ev.verify=12.310ms
[labev] t=455686.717 ev.finalize=1.647ms
[labev] t=455686.717 ev.propose=0.002ms
[labev] t=455686.730 ev.verify=12.381ms
[labev] t=455686.731 ev.finalize=1.696ms
[labev] t=455686.732 ev.propose=0.002ms
[labev] t=455686.744 ev.verify=12.262ms
[labev] t=455686.746 ev.finalize=1.701ms
[labev] t=455686.746 ev.propose=0.002ms
[labev] t=455686.758 ev.verify=12.430ms
[labev] t=455686.760 ev.finalize=1.670ms
[labev] t=455686.760 ev.propose=0.002ms
[labev] t=455686.772 ev.verify=12.229ms
[labev] t=455686.774 ev.finalize=1.641ms
[labev] t=455686.774 ev.propose=0.002ms
[labev] t=455686.786 ev.verify=12.349ms
[labev] t=455686.788 ev.finalize=1.705ms
[labev] t=455686.788 ev.propose=0.002ms
[labev] t=455686.800 ev.verify=12.110ms
[labev] t=455686.803 ev.finalize=2.341ms
[labev] t=455686.803 ev.propose=0.002ms
[labev] t=455686.815 ev.verify=12.289ms
[labev] t=455686.817 ev.finalize=1.675ms
[labev] t=455686.817 ev.propose=0.002ms
[labev] t=455686.829 ev.verify=12.249ms
[labev] t=455686.831 ev.finalize=1.556ms
[labev] t=455686.831 ev.propose=0.002ms
[labev] t=455686.843 ev.verify=12.280ms
[labev] t=455686.845 ev.finalize=1.564ms
[labev] t=455686.845 ev.propose=0.002ms
[labev] t=455686.857 ev.verify=12.334ms
[labev] t=455686.859 ev.finalize=1.675ms
[labev] t=455686.859 ev.propose=0.001ms
[labev] t=455686.871 ev.verify=12.182ms
[labev] t=455686.873 ev.finalize=1.695ms
[labev] t=455686.873 ev.propose=0.002ms
[labev] t=455686.885 ev.verify=12.420ms
[labev] t=455686.887 ev.finalize=1.648ms
[labev] t=455686.887 ev.propose=0.001ms
[labev] t=455686.900 ev.verify=12.359ms
[labev] t=455686.901 ev.finalize=1.671ms
[labev] t=455686.901 ev.propose=0.002ms
[labev] t=455686.914 ev.verify=12.354ms
[labev] t=455686.916 ev.finalize=1.694ms
[labev] t=455686.916 ev.propose=0.002ms
[labev] t=455686.928 ev.verify=12.361ms
[labev] t=455686.930 ev.finalize=1.643ms
[labev] t=455686.930 ev.propose=0.002ms
[labev] t=455686.942 ev.verify=12.452ms
[labev] t=455686.944 ev.finalize=1.685ms
[labev] t=455686.944 ev.propose=0.002ms
[labev] t=455686.956 ev.verify=12.159ms
[labev] t=455686.958 ev.finalize=1.696ms
[labev] t=455686.958 ev.propose=0.002ms
[labev] t=455686.970 ev.verify=12.279ms
[labev] t=455686.972 ev.finalize=1.665ms
[labev] t=455686.972 ev.propose=0.002ms
[labev] t=455686.984 ev.verify=12.155ms
[labev] t=455686.986 ev.finalize=1.649ms
[labev] t=455686.986 ev.propose=0.002ms
[labev] t=455686.999 ev.verify=12.337ms
[labev] t=455687.000 ev.finalize=1.772ms
[labev] t=455687.000 ev.propose=0.002ms
[labev] t=455687.013 ev.verify=12.299ms
[labev] t=455687.015 ev.finalize=1.721ms
[labev] t=455687.015 ev.propose=0.002ms
[labev] t=455687.027 ev.verify=12.467ms
[labev] t=455687.029 ev.finalize=1.679ms
[labev] t=455687.029 ev.propose=0.002ms
[labev] t=455687.042 ev.verify=12.526ms
[labev] t=455687.043 ev.finalize=1.672ms
[labev] t=455687.043 ev.propose=0.002ms
[labev] t=455687.056 ev.verify=12.291ms
[labev] t=455687.058 ev.finalize=2.341ms
[labev] t=455687.058 ev.propose=0.002ms
[labev] t=455687.070 ev.verify=12.314ms
[labev] t=455687.072 ev.finalize=1.675ms
[labev] t=455687.072 ev.propose=0.002ms
[labev] t=455687.084 ev.verify=12.089ms
[labev] t=455687.086 ev.finalize=1.720ms
[labev] t=455687.086 ev.propose=0.002ms
[labev] t=455687.098 ev.verify=12.220ms
[labev] t=455687.100 ev.finalize=1.692ms
[labev] t=455687.100 ev.propose=0.002ms
[labev] t=455687.113 ev.verify=12.282ms
[labev] t=455687.114 ev.finalize=1.697ms
[labev] t=455687.114 ev.propose=0.002ms
[labev] t=455687.127 ev.verify=12.326ms
[labev] t=455687.129 ev.finalize=1.696ms
[labev] t=455687.129 ev.propose=0.002ms
[labev] t=455687.141 ev.verify=12.457ms
[labev] t=455687.143 ev.finalize=1.702ms
[labev] t=455687.143 ev.propose=0.002ms
[labev] t=455687.155 ev.verify=12.234ms
[labev] t=455687.157 ev.finalize=1.751ms
[labev] t=455687.157 ev.propose=0.002ms
[labev] t=455687.169 ev.verify=12.006ms
[labev] t=455687.171 ev.finalize=1.683ms
[labev] t=455687.171 ev.propose=0.002ms
[labev] t=455687.183 ev.verify=12.236ms
[labev] t=455687.185 ev.finalize=1.664ms
[labev] t=455687.185 ev.propose=0.002ms
[labev] t=455687.197 ev.verify=12.328ms
[labev] t=455687.199 ev.finalize=1.669ms
[labev] t=455687.199 ev.propose=0.002ms
[labev] t=455687.212 ev.verify=12.531ms
[labev] t=455687.213 ev.finalize=1.701ms
[labev] t=455687.213 ev.propose=0.002ms
[labev] t=455687.226 ev.verify=12.214ms
[labev] t=455687.227 ev.finalize=1.690ms
[labev] t=455687.228 ev.propose=0.002ms
[labev] t=455687.240 ev.verify=12.160ms
[labev] t=455687.241 ev.finalize=1.694ms
[labev] t=455687.242 ev.propose=0.002ms
[labev] t=455687.254 ev.verify=12.261ms
[labev] t=455687.256 ev.finalize=1.588ms
[labev] t=455687.256 ev.propose=0.002ms
[labev] t=455687.268 ev.verify=12.226ms
[labev] t=455687.270 ev.finalize=1.722ms
[labev] t=455687.270 ev.propose=0.002ms
[labev] t=455687.282 ev.verify=12.248ms
[labev] t=455687.284 ev.finalize=1.583ms
[labev] t=455687.284 ev.propose=0.002ms
[labev] t=455687.296 ev.verify=12.298ms
[labev] t=455687.298 ev.finalize=2.238ms
[labev] t=455687.298 ev.propose=0.002ms
[labev] t=455687.311 ev.verify=12.400ms
[labev] t=455687.312 ev.finalize=1.594ms
[labev] t=455687.313 ev.propose=0.002ms
[labev] t=455687.325 ev.verify=12.434ms
[labev] t=455687.327 ev.finalize=1.703ms
[labev] t=455687.327 ev.propose=0.002ms
[labev] t=455687.339 ev.verify=12.470ms
[labev] t=455687.341 ev.finalize=1.678ms
[labev] t=455687.341 ev.propose=0.002ms
[labev] t=455687.353 ev.verify=12.301ms
[labev] t=455687.355 ev.finalize=1.696ms
[labev] t=455687.355 ev.propose=0.002ms
[labev] t=455687.368 ev.verify=12.200ms
[labev] t=455687.369 ev.finalize=1.724ms
[labev] t=455687.369 ev.propose=0.002ms
[labev] t=455687.382 ev.verify=12.327ms
[labev] t=455687.384 ev.finalize=1.685ms
[labev] t=455687.384 ev.propose=0.002ms
[labev] t=455687.396 ev.verify=12.240ms
[labev] t=455687.398 ev.finalize=1.674ms
[labev] t=455687.398 ev.propose=0.002ms
[labev] t=455687.410 ev.verify=12.431ms
[labev] t=455687.412 ev.finalize=1.682ms
[labev] t=455687.412 ev.propose=0.002ms
[labev] t=455687.424 ev.verify=12.255ms
[labev] t=455687.426 ev.finalize=1.677ms
[labev] t=455687.426 ev.propose=0.002ms
[labev] t=455687.438 ev.verify=12.282ms
[labev] t=455687.440 ev.finalize=1.701ms
[labev] t=455687.440 ev.propose=0.002ms
[labev] t=455687.452 ev.verify=12.161ms
[labev] t=455687.454 ev.finalize=1.703ms
[labev] t=455687.454 ev.propose=0.002ms
[labev] t=455687.467 ev.verify=12.353ms
[labev] t=455687.468 ev.finalize=1.695ms
[labev] t=455687.468 ev.propose=0.002ms
[labev] t=455687.481 ev.verify=12.413ms
[labev] t=455687.483 ev.finalize=1.697ms
[labev] t=455687.483 ev.propose=0.002ms
[labev] t=455687.495 ev.verify=12.211ms
[labev] t=455687.497 ev.finalize=1.723ms
[labev] t=455687.497 ev.propose=0.001ms
[labev] t=455687.509 ev.verify=12.212ms
[labev] t=455687.511 ev.finalize=1.688ms
[labev] t=455687.511 ev.propose=0.002ms
[labev] t=455687.523 ev.verify=12.250ms
[labev] t=455687.525 ev.finalize=2.251ms
[labev] t=455687.525 ev.propose=0.002ms
[labev] t=455687.538 ev.verify=12.228ms
[labev] t=455687.539 ev.finalize=1.667ms
[labev] t=455687.540 ev.propose=0.002ms
[labev] t=455687.552 ev.verify=12.292ms
[labev] t=455687.554 ev.finalize=1.596ms
[labev] t=455687.554 ev.propose=0.002ms
[labev] t=455687.566 ev.verify=12.379ms
[labev] t=455687.568 ev.finalize=1.684ms
[labev] t=455687.568 ev.propose=0.002ms
[labev] t=455687.580 ev.verify=12.165ms
[labev] t=455687.582 ev.finalize=1.676ms
[labev] t=455687.582 ev.propose=0.002ms
[labev] t=455687.594 ev.verify=12.366ms
[labev] t=455687.596 ev.finalize=1.671ms
[labev] t=455687.596 ev.propose=0.001ms
[labev] t=455687.608 ev.verify=12.162ms
[labev] t=455687.610 ev.finalize=1.696ms
[labev] t=455687.610 ev.propose=0.002ms
[labev] t=455687.622 ev.verify=12.155ms
[labev] t=455687.624 ev.finalize=1.716ms
[labev] t=455687.624 ev.propose=0.002ms
[labev] t=455687.639 ev.verify=15.231ms
[labev] t=455687.641 ev.finalize=1.583ms
[labev] t=455687.642 req.start s1-p4096-o512-b8-r0=0.000ms
[labev] t=455687.642 req.handle=0.014ms
[labev] t=455687.665 tok.prepare=22.576ms
event=batching_admitted action=scheduler_admitted
[labev] t=455687.920 chunk.ord.total=254.904ms
[labev] t=455688.171 chunk.ord.total=250.578ms
[labev] t=455688.426 chunk.ord.total=255.646ms
[labev] t=455688.685 chunk.ord.total=258.701ms
[labev] t=455688.945 chunk.ord.total=259.717ms
[labev] t=455689.209 chunk.ord.total=263.571ms
[labev] t=455689.475 chunk.ord.total=266.175ms
[labev] t=455689.782 chunk.ord.total=307.293ms
[labev] t=455689.782 req.firsttoken s1-p4096-o512-b8-r0=2140.217ms
[labev] t=455689.919 ev.decode.rows1.cap0=136.743ms
[labev] t=455690.055 ev.decode.rows1.cap0=136.209ms
[labev] t=455690.192 ev.decode.rows1.cap0=136.153ms
[labev] t=455690.327 ev.decode.rows1.cap0=135.655ms
[labev] t=455690.463 ev.decode.rows1.cap0=135.855ms
[labev] t=455690.599 ev.decode.rows1.cap0=135.547ms
[labev] t=455690.735 ev.decode.rows1.cap0=135.827ms
[labev] t=455690.876 ev.decode.rows1.cap0=140.547ms
[labev] t=455691.024 ev.decode.rows1.cap0=148.178ms
[labev] t=455691.160 ev.decode.rows1.cap0=136.471ms
[labev] t=455691.297 ev.decode.rows1.cap0=136.190ms
[labev] t=455691.432 ev.decode.rows1.cap0=135.682ms
[labev] t=455691.568 ev.decode.rows1.cap0=135.833ms
[labev] t=455691.704 ev.decode.rows1.cap0=135.468ms
[labev] t=455691.840 ev.decode.rows1.cap0=135.974ms
[labev] t=455691.976 ev.decode.rows1.cap0=135.804ms
[labev] t=455692.112 ev.decode.rows1.cap0=136.428ms
[labev] t=455692.250 ev.decode.rows1.cap0=137.835ms
[labev] t=455692.387 ev.decode.rows1.cap0=136.342ms
[labev] t=455692.523 ev.decode.rows1.cap0=135.906ms
[labev] t=455692.659 ev.decode.rows1.cap0=136.123ms
[labev] t=455692.795 ev.decode.rows1.cap0=135.993ms
[labev] t=455692.931 ev.decode.rows1.cap0=135.951ms
[labev] t=455693.067 ev.decode.rows1.cap0=136.113ms
[labev] t=455693.204 ev.decode.rows1.cap0=136.155ms
[labev] t=455693.340 ev.decode.rows1.cap0=135.842ms
[labev] t=455693.476 ev.decode.rows1.cap0=136.250ms
[labev] t=455693.612 ev.decode.rows1.cap0=136.222ms
[labev] t=455693.749 ev.decode.rows1.cap0=136.175ms
[labev] t=455693.885 ev.decode.rows1.cap0=136.394ms
[labev] t=455694.022 ev.decode.rows1.cap0=136.279ms
[labev] t=455694.150 ev.decode.rows1.cap0=127.987ms
[labev] t=455698.012 req.start s1-p4096-o512-b9-r0=0.000ms
[labev] t=455698.013 req.handle=0.079ms
[labev] t=455698.035 tok.prepare=22.480ms
event=batching_admitted action=scheduler_admitted
[labev] t=455698.356 chunk.native.total=320.799ms
[labev] t=455698.622 chunk.native.total=265.840ms
[labev] t=455698.892 chunk.native.total=270.096ms
[labev] t=455699.166 chunk.native.total=273.625ms
[labev] t=455699.443 chunk.native.total=277.302ms
[labev] t=455699.722 chunk.native.total=278.935ms
[labev] t=455700.005 chunk.native.total=282.706ms
[labev] t=455700.322 chunk.native.total=316.889ms
[labev] t=455700.322 req.firsttoken s1-p4096-o512-b9-r0=2309.797ms
[labev] t=455700.322 ev.propose=0.003ms
[labev] t=455700.335 ev.verify=12.362ms
[labev] t=455700.336 ev.finalize=1.654ms
[labev] t=455700.337 ev.propose=0.061ms
[labev] t=455700.349 ev.verify=12.458ms
[labev] t=455700.351 ev.finalize=1.631ms
[labev] t=455700.351 ev.propose=0.070ms
[labev] t=455700.363 ev.verify=12.267ms
[labev] t=455700.365 ev.finalize=1.667ms
[labev] t=455700.365 ev.propose=0.060ms
[labev] t=455700.377 ev.verify=12.137ms
[labev] t=455700.379 ev.finalize=1.635ms
[labev] t=455700.379 ev.propose=0.050ms
[labev] t=455700.391 ev.verify=12.195ms
[labev] t=455700.393 ev.finalize=1.657ms
[labev] t=455700.393 ev.propose=0.058ms
[labev] t=455700.405 ev.verify=12.218ms
[labev] t=455700.407 ev.finalize=1.644ms
[labev] t=455700.407 ev.propose=0.059ms
[labev] t=455700.420 ev.verify=12.408ms
[labev] t=455700.421 ev.finalize=1.645ms
[labev] t=455700.421 ev.propose=0.057ms
[labev] t=455700.434 ev.verify=12.390ms
[labev] t=455700.436 ev.finalize=1.614ms
[labev] t=455700.436 ev.propose=0.065ms
[labev] t=455700.448 ev.verify=12.004ms
[labev] t=455700.450 ev.finalize=2.269ms
[labev] t=455700.450 ev.propose=0.064ms
[labev] t=455700.463 ev.verify=12.493ms
[labev] t=455700.464 ev.finalize=1.643ms
[labev] t=455700.465 ev.propose=0.069ms
[labev] t=455700.477 ev.verify=12.165ms
[labev] t=455700.479 ev.finalize=1.657ms
[labev] t=455700.479 ev.propose=0.053ms
[labev] t=455700.491 ev.verify=12.137ms
[labev] t=455700.492 ev.finalize=1.537ms
[labev] t=455700.493 ev.propose=0.054ms
[labev] t=455700.505 ev.verify=12.129ms
[labev] t=455700.506 ev.finalize=1.582ms
[labev] t=455700.506 ev.propose=0.050ms
[labev] t=455700.519 ev.verify=12.268ms
[labev] t=455700.520 ev.finalize=1.634ms
[labev] t=455700.521 ev.propose=0.002ms
[labev] t=455700.533 ev.verify=12.316ms
[labev] t=455700.534 ev.finalize=1.540ms
[labev] t=455700.535 ev.propose=0.070ms
[labev] t=455700.547 ev.verify=12.244ms
[labev] t=455700.549 ev.finalize=1.636ms
[labev] t=455700.549 ev.propose=0.002ms
[labev] t=455700.561 ev.verify=12.247ms
[labev] t=455700.563 ev.finalize=1.628ms
[labev] t=455700.563 ev.propose=0.060ms
[labev] t=455700.575 ev.verify=12.154ms
[labev] t=455700.577 ev.finalize=1.640ms
[labev] t=455700.577 ev.propose=0.002ms
[labev] t=455700.589 ev.verify=12.133ms
[labev] t=455700.591 ev.finalize=1.630ms
[labev] t=455700.591 ev.propose=0.002ms
[labev] t=455700.603 ev.verify=12.256ms
[labev] t=455700.605 ev.finalize=1.637ms
[labev] t=455700.605 ev.propose=0.002ms
[labev] t=455700.617 ev.verify=12.224ms
[labev] t=455700.619 ev.finalize=1.609ms
[labev] t=455700.619 ev.propose=0.002ms
[labev] t=455700.631 ev.verify=12.253ms
[labev] t=455700.633 ev.finalize=1.644ms
[labev] t=455700.633 ev.propose=0.002ms
[labev] t=455700.645 ev.verify=12.318ms
[labev] t=455700.647 ev.finalize=1.636ms
[labev] t=455700.647 ev.propose=0.001ms
[labev] t=455700.659 ev.verify=12.157ms
[labev] t=455700.661 ev.finalize=1.648ms
[labev] t=455700.661 ev.propose=0.002ms
[labev] t=455700.673 ev.verify=12.183ms
[labev] t=455700.675 ev.finalize=1.652ms
[labev] t=455700.675 ev.propose=0.002ms
[labev] t=455700.687 ev.verify=12.238ms
[labev] t=455700.689 ev.finalize=2.247ms
[labev] t=455700.689 ev.propose=0.062ms
[labev] t=455700.702 ev.verify=12.218ms
[labev] t=455700.703 ev.finalize=1.666ms
[labev] t=455700.703 ev.propose=0.002ms
[labev] t=455700.716 ev.verify=12.277ms
[labev] t=455700.717 ev.finalize=1.679ms
[labev] t=455700.718 ev.propose=0.002ms
[labev] t=455700.730 ev.verify=12.253ms
[labev] t=455700.732 ev.finalize=1.655ms
[labev] t=455700.732 ev.propose=0.002ms
[labev] t=455700.744 ev.verify=12.181ms
[labev] t=455700.745 ev.finalize=1.624ms
[labev] t=455700.746 ev.propose=0.002ms
[labev] t=455700.758 ev.verify=12.194ms
[labev] t=455700.759 ev.finalize=1.640ms
[labev] t=455700.760 ev.propose=0.002ms
[labev] t=455700.772 ev.verify=12.140ms
[labev] t=455700.774 ev.finalize=1.764ms
[labev] t=455700.774 ev.propose=0.002ms
[labev] t=455700.786 ev.verify=12.142ms
[labev] t=455700.788 ev.finalize=1.686ms
[labev] t=455700.788 ev.propose=0.002ms
[labev] t=455700.800 ev.verify=12.272ms
[labev] t=455700.802 ev.finalize=1.637ms
[labev] t=455700.802 ev.propose=0.002ms
[labev] t=455700.814 ev.verify=12.141ms
[labev] t=455700.815 ev.finalize=1.648ms
[labev] t=455700.816 ev.propose=0.002ms
[labev] t=455700.828 ev.verify=12.158ms
[labev] t=455700.829 ev.finalize=1.645ms
[labev] t=455700.830 ev.propose=0.002ms
[labev] t=455700.842 ev.verify=12.469ms
[labev] t=455700.844 ev.finalize=1.659ms
[labev] t=455700.844 ev.propose=0.002ms
[labev] t=455700.856 ev.verify=12.389ms
[labev] t=455700.858 ev.finalize=1.651ms
[labev] t=455700.858 ev.propose=0.002ms
[labev] t=455700.870 ev.verify=12.152ms
[labev] t=455700.872 ev.finalize=1.646ms
[labev] t=455700.872 ev.propose=0.002ms
[labev] t=455700.884 ev.verify=12.090ms
[labev] t=455700.886 ev.finalize=1.649ms
[labev] t=455700.886 ev.propose=0.002ms
[labev] t=455700.898 ev.verify=12.202ms
[labev] t=455700.900 ev.finalize=1.622ms
[labev] t=455700.900 ev.propose=0.003ms
[labev] t=455700.912 ev.verify=12.380ms
[labev] t=455700.915 ev.finalize=2.274ms
[labev] t=455700.915 ev.propose=0.003ms
[labev] t=455700.927 ev.verify=12.472ms
[labev] t=455700.929 ev.finalize=1.683ms
[labev] t=455700.929 ev.propose=0.002ms
[labev] t=455700.941 ev.verify=12.221ms
[labev] t=455700.943 ev.finalize=1.643ms
[labev] t=455700.943 ev.propose=0.002ms
[labev] t=455700.955 ev.verify=12.110ms
[labev] t=455700.957 ev.finalize=1.655ms
[labev] t=455700.957 ev.propose=0.002ms
[labev] t=455700.969 ev.verify=12.255ms
[labev] t=455700.971 ev.finalize=1.637ms
[labev] t=455700.971 ev.propose=0.002ms
[labev] t=455700.983 ev.verify=12.290ms
[labev] t=455700.985 ev.finalize=1.659ms
[labev] t=455700.985 ev.propose=0.002ms
[labev] t=455700.997 ev.verify=12.145ms
[labev] t=455700.999 ev.finalize=1.615ms
[labev] t=455700.999 ev.propose=0.002ms
[labev] t=455701.011 ev.verify=12.268ms
[labev] t=455701.013 ev.finalize=1.656ms
[labev] t=455701.013 ev.propose=0.002ms
[labev] t=455701.025 ev.verify=12.189ms
[labev] t=455701.027 ev.finalize=1.660ms
[labev] t=455701.027 ev.propose=0.002ms
[labev] t=455701.039 ev.verify=12.214ms
[labev] t=455701.041 ev.finalize=1.647ms
[labev] t=455701.041 ev.propose=0.002ms
[labev] t=455701.053 ev.verify=12.118ms
[labev] t=455701.055 ev.finalize=1.559ms
[labev] t=455701.055 ev.propose=0.002ms
[labev] t=455701.067 ev.verify=12.254ms
[labev] t=455701.069 ev.finalize=1.616ms
[labev] t=455701.069 ev.propose=0.002ms
[labev] t=455701.081 ev.verify=12.221ms
[labev] t=455701.083 ev.finalize=1.532ms
[labev] t=455701.083 ev.propose=0.002ms
[labev] t=455701.095 ev.verify=12.213ms
[labev] t=455701.097 ev.finalize=1.658ms
[labev] t=455701.097 ev.propose=0.002ms
[labev] t=455701.109 ev.verify=12.239ms
[labev] t=455701.111 ev.finalize=1.656ms
[labev] t=455701.111 ev.propose=0.002ms
[labev] t=455701.123 ev.verify=12.158ms
[labev] t=455701.125 ev.finalize=1.642ms
[labev] t=455701.125 ev.propose=0.002ms
[labev] t=455701.137 ev.verify=12.054ms
[labev] t=455701.139 ev.finalize=1.668ms
[labev] t=455701.139 ev.propose=0.002ms
[labev] t=455701.151 ev.verify=12.294ms
[labev] t=455701.153 ev.finalize=1.558ms
[labev] t=455701.153 ev.propose=0.002ms
[labev] t=455701.165 ev.verify=12.099ms
[labev] t=455701.167 ev.finalize=2.201ms
[labev] t=455701.167 ev.propose=0.002ms
[labev] t=455701.179 ev.verify=12.191ms
[labev] t=455701.181 ev.finalize=1.669ms
[labev] t=455701.181 ev.propose=0.002ms
[labev] t=455701.193 ev.verify=12.089ms
[labev] t=455701.195 ev.finalize=1.571ms
[labev] t=455701.195 ev.propose=0.002ms
[labev] t=455701.207 ev.verify=11.931ms
[labev] t=455701.209 ev.finalize=1.512ms
[labev] t=455701.209 ev.propose=0.002ms
[labev] t=455701.221 ev.verify=12.218ms
[labev] t=455701.223 ev.finalize=1.648ms
[labev] t=455701.223 ev.propose=0.002ms
[labev] t=455701.235 ev.verify=12.129ms
[labev] t=455701.237 ev.finalize=1.647ms
[labev] t=455701.237 ev.propose=0.002ms
[labev] t=455701.249 ev.verify=12.279ms
[labev] t=455701.251 ev.finalize=1.647ms
[labev] t=455701.251 ev.propose=0.002ms
[labev] t=455701.263 ev.verify=12.211ms
[labev] t=455701.265 ev.finalize=1.668ms
[labev] t=455701.265 ev.propose=0.002ms
[labev] t=455701.277 ev.verify=12.160ms
[labev] t=455701.279 ev.finalize=1.656ms
[labev] t=455701.279 ev.propose=0.002ms
[labev] t=455701.291 ev.verify=12.077ms
[labev] t=455701.292 ev.finalize=1.616ms
[labev] t=455701.293 ev.propose=0.002ms
[labev] t=455701.305 ev.verify=12.232ms
[labev] t=455701.307 ev.finalize=1.656ms
[labev] t=455701.307 ev.propose=0.002ms
[labev] t=455701.319 ev.verify=12.210ms
[labev] t=455701.321 ev.finalize=1.649ms
[labev] t=455701.321 ev.propose=0.002ms
[labev] t=455701.333 ev.verify=12.219ms
[labev] t=455701.335 ev.finalize=1.659ms
[labev] t=455701.335 ev.propose=0.002ms
[labev] t=455701.347 ev.verify=12.299ms
[labev] t=455701.349 ev.finalize=1.554ms
[labev] t=455701.349 ev.propose=0.002ms
[labev] t=455701.361 ev.verify=12.256ms
[labev] t=455701.363 ev.finalize=1.661ms
[labev] t=455701.363 ev.propose=0.002ms
[labev] t=455701.375 ev.verify=12.075ms
[labev] t=455701.376 ev.finalize=1.647ms
[labev] t=455701.377 ev.propose=0.002ms
[labev] t=455701.389 ev.verify=12.261ms
[labev] t=455701.391 ev.finalize=1.647ms
[labev] t=455701.391 ev.propose=0.002ms
[labev] t=455701.403 ev.verify=12.207ms
[labev] t=455701.405 ev.finalize=2.297ms
[labev] t=455701.405 ev.propose=0.002ms
[labev] t=455701.418 ev.verify=12.481ms
[labev] t=455701.419 ev.finalize=1.677ms
[labev] t=455701.420 ev.propose=0.002ms
[labev] t=455701.432 ev.verify=12.183ms
[labev] t=455701.433 ev.finalize=1.671ms
[labev] t=455701.434 ev.propose=0.002ms
[labev] t=455701.446 ev.verify=12.276ms
[labev] t=455701.448 ev.finalize=1.614ms
[labev] t=455701.448 ev.propose=0.002ms
[labev] t=455701.460 ev.verify=12.162ms
[labev] t=455701.462 ev.finalize=1.657ms
[labev] t=455701.462 ev.propose=0.002ms
[labev] t=455701.474 ev.verify=12.387ms
[labev] t=455701.476 ev.finalize=1.673ms
[labev] t=455701.476 ev.propose=0.002ms
[labev] t=455701.488 ev.verify=12.237ms
[labev] t=455701.490 ev.finalize=1.569ms
[labev] t=455701.490 ev.propose=0.002ms
[labev] t=455701.502 ev.verify=12.152ms
[labev] t=455701.504 ev.finalize=1.660ms
[labev] t=455701.504 ev.propose=0.002ms
[labev] t=455701.516 ev.verify=12.179ms
[labev] t=455701.517 ev.finalize=1.538ms
[labev] t=455701.518 ev.propose=0.002ms
[labev] t=455701.530 ev.verify=12.140ms
[labev] t=455701.531 ev.finalize=1.648ms
[labev] t=455701.532 ev.propose=0.002ms
[labev] t=455701.544 ev.verify=12.231ms
[labev] t=455701.545 ev.finalize=1.640ms
[labev] t=455701.546 ev.propose=0.002ms
[labev] t=455701.558 ev.verify=12.336ms
[labev] t=455701.560 ev.finalize=1.540ms
[labev] t=455701.560 ev.propose=0.002ms
[labev] t=455701.572 ev.verify=12.206ms
[labev] t=455701.574 ev.finalize=1.699ms
[labev] t=455701.574 ev.propose=0.002ms
[labev] t=455701.586 ev.verify=12.290ms
[labev] t=455701.588 ev.finalize=1.641ms
[labev] t=455701.588 ev.propose=0.002ms
[labev] t=455701.600 ev.verify=12.257ms
[labev] t=455701.602 ev.finalize=1.548ms
[labev] t=455701.602 ev.propose=0.002ms
[labev] t=455701.614 ev.verify=12.186ms
[labev] t=455701.616 ev.finalize=1.656ms
[labev] t=455701.616 ev.propose=0.002ms
[labev] t=455701.628 ev.verify=12.344ms
[labev] t=455701.630 ev.finalize=1.658ms
[labev] t=455701.630 ev.propose=0.002ms
[labev] t=455701.642 ev.verify=12.305ms
[labev] t=455701.644 ev.finalize=1.672ms
[labev] t=455701.644 ev.propose=0.002ms
[labev] t=455701.656 ev.verify=12.344ms
[labev] t=455701.659 ev.finalize=2.330ms
[labev] t=455701.659 ev.propose=0.002ms
[labev] t=455701.671 ev.verify=12.306ms
[labev] t=455701.673 ev.finalize=1.648ms
[labev] t=455701.673 ev.propose=0.002ms
[labev] t=455701.685 ev.verify=12.449ms
[labev] t=455701.687 ev.finalize=1.656ms
[labev] t=455701.687 ev.propose=0.002ms
[labev] t=455701.699 ev.verify=12.094ms
[labev] t=455701.701 ev.finalize=1.664ms
[labev] t=455701.701 ev.propose=0.002ms
[labev] t=455701.713 ev.verify=12.240ms
[labev] t=455701.715 ev.finalize=1.657ms
[labev] t=455701.715 ev.propose=0.002ms
[labev] t=455701.727 ev.verify=12.297ms
[labev] t=455701.729 ev.finalize=1.632ms
[labev] t=455701.729 ev.propose=0.002ms
[labev] t=455701.742 ev.verify=12.363ms
[labev] t=455701.743 ev.finalize=1.551ms
[labev] t=455701.743 ev.propose=0.002ms
[labev] t=455701.756 ev.verify=12.295ms
[labev] t=455701.757 ev.finalize=1.632ms
[labev] t=455701.757 ev.propose=0.002ms
[labev] t=455701.770 ev.verify=12.272ms
[labev] t=455701.771 ev.finalize=1.661ms
[labev] t=455701.771 ev.propose=0.002ms
[labev] t=455701.784 ev.verify=12.381ms
[labev] t=455701.785 ev.finalize=1.625ms
[labev] t=455701.786 ev.propose=0.002ms
[labev] t=455701.798 ev.verify=12.471ms
[labev] t=455701.800 ev.finalize=1.660ms
[labev] t=455701.800 ev.propose=0.002ms
[labev] t=455701.812 ev.verify=12.198ms
[labev] t=455701.814 ev.finalize=1.673ms
[labev] t=455701.814 ev.propose=0.002ms
[labev] t=455701.826 ev.verify=12.222ms
[labev] t=455701.828 ev.finalize=1.631ms
[labev] t=455701.828 ev.propose=0.002ms
[labev] t=455701.840 ev.verify=12.285ms
[labev] t=455701.842 ev.finalize=1.624ms
[labev] t=455701.842 ev.propose=0.002ms
[labev] t=455701.854 ev.verify=12.201ms
[labev] t=455701.856 ev.finalize=1.664ms
[labev] t=455701.856 ev.propose=0.001ms
[labev] t=455701.868 ev.verify=12.290ms
[labev] t=455701.870 ev.finalize=1.536ms
[labev] t=455701.870 ev.propose=0.002ms
[labev] t=455701.882 ev.verify=12.402ms
[labev] t=455701.884 ev.finalize=1.664ms
[labev] t=455701.884 ev.propose=0.002ms
[labev] t=455701.896 ev.verify=12.136ms
[labev] t=455701.898 ev.finalize=1.552ms
[labev] t=455701.898 ev.propose=0.002ms
[labev] t=455701.910 ev.verify=12.181ms
[labev] t=455701.912 ev.finalize=2.201ms
[labev] t=455701.913 ev.propose=0.002ms
[labev] t=455701.925 ev.verify=12.247ms
[labev] t=455701.927 ev.finalize=1.654ms
[labev] t=455701.927 ev.propose=0.002ms
[labev] t=455701.939 ev.verify=12.241ms
[labev] t=455701.941 ev.finalize=1.654ms
[labev] t=455701.941 ev.propose=0.002ms
[labev] t=455701.953 ev.verify=12.464ms
[labev] t=455701.955 ev.finalize=1.563ms
[labev] t=455701.955 ev.propose=0.002ms
[labev] t=455701.967 ev.verify=12.406ms
[labev] t=455701.969 ev.finalize=1.677ms
[labev] t=455701.969 ev.propose=0.002ms
[labev] t=455701.981 ev.verify=12.259ms
[labev] t=455701.983 ev.finalize=1.671ms
[labev] t=455701.983 ev.propose=0.002ms
[labev] t=455701.995 ev.verify=12.303ms
[labev] t=455701.997 ev.finalize=1.666ms
[labev] t=455701.997 ev.propose=0.002ms
[labev] t=455702.010 ev.verify=12.286ms
[labev] t=455702.011 ev.finalize=1.645ms
[labev] t=455702.011 ev.propose=0.002ms
[labev] t=455702.024 ev.verify=12.318ms
[labev] t=455702.025 ev.finalize=1.688ms
[labev] t=455702.025 ev.propose=0.002ms
[labev] t=455702.038 ev.verify=12.274ms
[labev] t=455702.039 ev.finalize=1.548ms
[labev] t=455702.039 ev.propose=0.002ms
[labev] t=455702.052 ev.verify=12.294ms
[labev] t=455702.054 ev.finalize=1.768ms
[labev] t=455702.054 ev.propose=0.002ms
[labev] t=455702.066 ev.verify=12.150ms
[labev] t=455702.068 ev.finalize=1.734ms
[labev] t=455702.068 ev.propose=0.002ms
[labev] t=455702.080 ev.verify=12.353ms
[labev] t=455702.082 ev.finalize=1.649ms
[labev] t=455702.082 ev.propose=0.001ms
[labev] t=455702.094 ev.verify=12.123ms
[labev] t=455702.096 ev.finalize=1.666ms
[labev] t=455702.096 ev.propose=0.002ms
[labev] t=455702.108 ev.verify=12.378ms
[labev] t=455702.110 ev.finalize=1.651ms
[labev] t=455702.110 ev.propose=0.002ms
[labev] t=455702.122 ev.verify=12.061ms
[labev] t=455702.124 ev.finalize=1.687ms
[labev] t=455702.124 ev.propose=0.002ms
[labev] t=455702.136 ev.verify=12.175ms
[labev] t=455702.138 ev.finalize=1.734ms
[labev] t=455702.138 ev.propose=0.002ms
[labev] t=455702.150 ev.verify=12.188ms
[labev] t=455702.152 ev.finalize=2.245ms
[labev] t=455702.152 ev.propose=0.002ms
[labev] t=455702.165 ev.verify=12.345ms
[labev] t=455702.167 ev.finalize=1.713ms
[labev] t=455702.167 ev.propose=0.002ms
[labev] t=455702.179 ev.verify=12.087ms
[labev] t=455702.180 ev.finalize=1.681ms
[labev] t=455702.181 ev.propose=0.002ms
[labev] t=455702.193 ev.verify=12.337ms
[labev] t=455702.195 ev.finalize=1.638ms
[labev] t=455702.195 ev.propose=0.002ms
[labev] t=455702.207 ev.verify=12.300ms
[labev] t=455702.209 ev.finalize=1.648ms
[labev] t=455702.209 ev.propose=0.002ms
[labev] t=455702.221 ev.verify=12.410ms
[labev] t=455702.223 ev.finalize=1.554ms
[labev] t=455702.223 ev.propose=0.002ms
[labev] t=455702.235 ev.verify=12.208ms
[labev] t=455702.237 ev.finalize=1.691ms
[labev] t=455702.237 ev.propose=0.002ms
[labev] t=455702.250 ev.verify=12.546ms
[labev] t=455702.251 ev.finalize=1.548ms
[labev] t=455702.251 ev.propose=0.002ms
[labev] t=455702.263 ev.verify=12.199ms
[labev] t=455702.265 ev.finalize=1.646ms
[labev] t=455702.265 ev.propose=0.002ms
[labev] t=455702.277 ev.verify=12.183ms
[labev] t=455702.279 ev.finalize=1.628ms
[labev] t=455702.279 ev.propose=0.002ms
[labev] t=455702.292 ev.verify=12.314ms
[labev] t=455702.293 ev.finalize=1.667ms
[labev] t=455702.293 ev.propose=0.002ms
[labev] t=455702.306 ev.verify=12.197ms
[labev] t=455702.307 ev.finalize=1.652ms
[labev] t=455702.307 ev.propose=0.002ms
[labev] t=455702.319 ev.verify=12.104ms
[labev] t=455702.321 ev.finalize=1.676ms
[labev] t=455702.321 ev.propose=0.002ms
[labev] t=455702.334 ev.verify=12.329ms
[labev] t=455702.335 ev.finalize=1.645ms
[labev] t=455702.335 ev.propose=0.002ms
[labev] t=455702.348 ev.verify=12.230ms
[labev] t=455702.349 ev.finalize=1.641ms
[labev] t=455702.349 ev.propose=0.002ms
[labev] t=455702.362 ev.verify=12.400ms
[labev] t=455702.363 ev.finalize=1.549ms
[labev] t=455702.364 ev.propose=0.002ms
[labev] t=455702.376 ev.verify=12.304ms
[labev] t=455702.378 ev.finalize=1.661ms
[labev] t=455702.378 ev.propose=0.002ms
[labev] t=455702.390 ev.verify=12.493ms
[labev] t=455702.392 ev.finalize=1.555ms
[labev] t=455702.392 ev.propose=0.002ms
[labev] t=455702.404 ev.verify=12.292ms
[labev] t=455702.406 ev.finalize=2.293ms
[labev] t=455702.407 ev.propose=0.002ms
[labev] t=455702.419 ev.verify=12.426ms
[labev] t=455702.421 ev.finalize=1.679ms
[labev] t=455702.421 ev.propose=0.002ms
[labev] t=455702.433 ev.verify=12.331ms
[labev] t=455702.435 ev.finalize=1.649ms
[labev] t=455702.435 ev.propose=0.002ms
[labev] t=455702.447 ev.verify=12.125ms
[labev] t=455702.449 ev.finalize=1.698ms
[labev] t=455702.449 ev.propose=0.002ms
[labev] t=455702.461 ev.verify=12.124ms
[labev] t=455702.463 ev.finalize=1.682ms
[labev] t=455702.463 ev.propose=0.002ms
[labev] t=455702.475 ev.verify=12.225ms
[labev] t=455702.477 ev.finalize=1.689ms
[labev] t=455702.477 ev.propose=0.002ms
[labev] t=455702.489 ev.verify=12.515ms
[labev] t=455702.491 ev.finalize=1.690ms
[labev] t=455702.491 ev.propose=0.002ms
[labev] t=455702.504 ev.verify=12.247ms
[labev] t=455702.505 ev.finalize=1.658ms
[labev] t=455702.505 ev.propose=0.002ms
[labev] t=455702.518 ev.verify=12.247ms
[labev] t=455702.519 ev.finalize=1.662ms
[labev] t=455702.519 ev.propose=0.002ms
[labev] t=455702.532 ev.verify=12.397ms
[labev] t=455702.534 ev.finalize=1.694ms
[labev] t=455702.534 ev.propose=0.002ms
[labev] t=455702.546 ev.verify=12.406ms
[labev] t=455702.548 ev.finalize=1.653ms
[labev] t=455702.548 ev.propose=0.002ms
[labev] t=455702.560 ev.verify=12.463ms
[labev] t=455702.562 ev.finalize=1.663ms
[labev] t=455702.562 ev.propose=0.002ms
[labev] t=455702.574 ev.verify=12.105ms
[labev] t=455702.576 ev.finalize=1.681ms
[labev] t=455702.576 ev.propose=0.002ms
[labev] t=455702.588 ev.verify=12.213ms
[labev] t=455702.590 ev.finalize=1.661ms
[labev] t=455702.590 ev.propose=0.002ms
[labev] t=455702.602 ev.verify=12.181ms
[labev] t=455702.604 ev.finalize=1.573ms
[labev] t=455702.604 ev.propose=0.002ms
[labev] t=455702.616 ev.verify=12.417ms
[labev] t=455702.618 ev.finalize=1.639ms
[labev] t=455702.618 ev.propose=0.002ms
[labev] t=455702.631 ev.verify=12.343ms
[labev] t=455702.632 ev.finalize=1.562ms
[labev] t=455702.632 ev.propose=0.002ms
[labev] t=455702.645 ev.verify=12.364ms
[labev] t=455702.647 ev.finalize=2.288ms
[labev] t=455702.647 ev.propose=0.002ms
[labev] t=455702.660 ev.verify=12.539ms
[labev] t=455702.661 ev.finalize=1.655ms
[labev] t=455702.661 ev.propose=0.002ms
[labev] t=455702.674 ev.verify=12.444ms
[labev] t=455702.675 ev.finalize=1.571ms
[labev] t=455702.676 ev.propose=0.002ms
[labev] t=455702.688 ev.verify=12.445ms
[labev] t=455702.690 ev.finalize=1.642ms
[labev] t=455702.690 ev.propose=0.002ms
[labev] t=455702.702 ev.verify=12.118ms
[labev] t=455702.704 ev.finalize=1.646ms
[labev] t=455702.704 ev.propose=0.002ms
[labev] t=455702.716 ev.verify=12.161ms
[labev] t=455702.718 ev.finalize=1.670ms
[labev] t=455702.718 ev.propose=0.002ms
[labev] t=455702.730 ev.verify=12.509ms
[labev] t=455702.732 ev.finalize=1.668ms
[labev] t=455702.732 ev.propose=0.002ms
[labev] t=455702.744 ev.verify=12.281ms
[labev] t=455702.746 ev.finalize=1.672ms
[labev] t=455702.746 ev.propose=0.002ms
[labev] t=455702.759 ev.verify=12.457ms
[labev] t=455702.760 ev.finalize=1.671ms
[labev] t=455702.760 ev.propose=0.002ms
[labev] t=455702.773 ev.verify=12.324ms
[labev] t=455702.774 ev.finalize=1.640ms
[labev] t=455702.775 ev.propose=0.002ms
[labev] t=455702.787 ev.verify=12.394ms
[labev] t=455702.789 ev.finalize=1.684ms
[labev] t=455702.789 ev.propose=0.002ms
[labev] t=455702.801 ev.verify=12.341ms
[labev] t=455702.803 ev.finalize=1.635ms
[labev] t=455702.803 ev.propose=0.002ms
[labev] t=455702.815 ev.verify=12.268ms
[labev] t=455702.817 ev.finalize=1.646ms
[labev] t=455702.817 ev.propose=0.002ms
[labev] t=455702.829 ev.verify=12.307ms
[labev] t=455702.831 ev.finalize=1.652ms
[labev] t=455702.831 ev.propose=0.002ms
[labev] t=455702.844 ev.verify=12.377ms
[labev] t=455702.845 ev.finalize=1.624ms
[labev] t=455702.845 ev.propose=0.002ms
[labev] t=455702.858 ev.verify=12.291ms
[labev] t=455702.859 ev.finalize=1.666ms
[labev] t=455702.859 ev.propose=0.002ms
[labev] t=455702.872 ev.verify=12.315ms
[labev] t=455702.873 ev.finalize=1.590ms
[labev] t=455702.873 ev.propose=0.002ms
[labev] t=455702.886 ev.verify=12.317ms
[labev] t=455702.888 ev.finalize=2.353ms
[labev] t=455702.888 ev.propose=0.002ms
[labev] t=455702.901 ev.verify=12.414ms
[labev] t=455702.902 ev.finalize=1.689ms
[labev] t=455702.903 ev.propose=0.002ms
[labev] t=455702.915 ev.verify=12.376ms
[labev] t=455702.916 ev.finalize=1.538ms
[labev] t=455702.917 ev.propose=0.002ms
[labev] t=455702.929 ev.verify=12.272ms
[labev] t=455702.931 ev.finalize=1.682ms
[labev] t=455702.931 ev.propose=0.002ms
[labev] t=455702.943 ev.verify=12.178ms
[labev] t=455702.945 ev.finalize=1.798ms
[labev] t=455702.945 ev.propose=0.002ms
[labev] t=455702.958 ev.verify=12.799ms
[labev] t=455702.959 ev.finalize=1.683ms
[labev] t=455702.960 ev.propose=0.002ms
[labev] t=455702.972 ev.verify=12.316ms
[labev] t=455702.974 ev.finalize=1.696ms
[labev] t=455702.974 ev.propose=0.003ms
[labev] t=455702.986 ev.verify=12.207ms
[labev] t=455702.988 ev.finalize=1.671ms
[labev] t=455702.988 ev.propose=0.002ms
[labev] t=455703.000 ev.verify=12.242ms
[labev] t=455703.002 ev.finalize=1.567ms
[labev] t=455703.002 ev.propose=0.002ms
[labev] t=455703.014 ev.verify=12.588ms
[labev] t=455703.016 ev.finalize=1.680ms
[labev] t=455703.016 ev.propose=0.002ms
[labev] t=455703.028 ev.verify=12.347ms
[labev] t=455703.030 ev.finalize=1.656ms
[labev] t=455703.030 ev.propose=0.002ms
[labev] t=455703.043 ev.verify=12.515ms
[labev] t=455703.045 ev.finalize=1.654ms
[labev] t=455703.045 ev.propose=0.002ms
[labev] t=455703.057 ev.verify=12.355ms
[labev] t=455703.059 ev.finalize=1.675ms
[labev] t=455703.059 ev.propose=0.002ms
[labev] t=455703.071 ev.verify=12.261ms
[labev] t=455703.073 ev.finalize=1.753ms
[labev] t=455703.073 ev.propose=0.002ms
[labev] t=455703.085 ev.verify=12.267ms
[labev] t=455703.087 ev.finalize=1.659ms
[labev] t=455703.087 ev.propose=0.002ms
[labev] t=455703.099 ev.verify=12.152ms
[labev] t=455703.101 ev.finalize=1.686ms
[labev] t=455703.101 ev.propose=0.002ms
[labev] t=455703.114 ev.verify=12.536ms
[labev] t=455703.115 ev.finalize=1.691ms
[labev] t=455703.115 ev.propose=0.002ms
[labev] t=455703.128 ev.verify=12.498ms
[labev] t=455703.130 ev.finalize=1.718ms
[labev] t=455703.130 ev.propose=0.002ms
[labev] t=455703.142 ev.verify=12.332ms
[labev] t=455703.145 ev.finalize=2.359ms
[labev] t=455703.145 ev.propose=0.002ms
[labev] t=455703.157 ev.verify=12.200ms
[labev] t=455703.159 ev.finalize=1.684ms
[labev] t=455703.159 ev.propose=0.002ms
[labev] t=455703.171 ev.verify=12.280ms
[labev] t=455703.173 ev.finalize=1.711ms
[labev] t=455703.173 ev.propose=0.002ms
[labev] t=455703.185 ev.verify=12.390ms
[labev] t=455703.187 ev.finalize=1.661ms
[labev] t=455703.187 ev.propose=0.002ms
[labev] t=455703.200 ev.verify=12.461ms
[labev] t=455703.201 ev.finalize=1.676ms
[labev] t=455703.201 ev.propose=0.002ms
[labev] t=455703.214 ev.verify=12.388ms
[labev] t=455703.215 ev.finalize=1.672ms
[labev] t=455703.216 ev.propose=0.002ms
[labev] t=455703.228 ev.verify=12.441ms
[labev] t=455703.230 ev.finalize=1.670ms
[labev] t=455703.230 ev.propose=0.002ms
[labev] t=455703.242 ev.verify=12.483ms
[labev] t=455703.244 ev.finalize=1.556ms
[labev] t=455703.244 ev.propose=0.002ms
[labev] t=455703.256 ev.verify=12.317ms
[labev] t=455703.258 ev.finalize=1.694ms
[labev] t=455703.258 ev.propose=0.002ms
[labev] t=455703.271 ev.verify=12.411ms
[labev] t=455703.272 ev.finalize=1.578ms
[labev] t=455703.272 ev.propose=0.002ms
[labev] t=455703.285 ev.verify=12.368ms
[labev] t=455703.286 ev.finalize=1.669ms
[labev] t=455703.287 ev.propose=0.002ms
[labev] t=455703.299 ev.verify=12.325ms
[labev] t=455703.301 ev.finalize=1.672ms
[labev] t=455703.301 ev.propose=0.002ms
[labev] t=455703.313 ev.verify=12.439ms
[labev] t=455703.315 ev.finalize=1.556ms
[labev] t=455703.315 ev.propose=0.002ms
[labev] t=455703.327 ev.verify=12.362ms
[labev] t=455703.329 ev.finalize=1.564ms
[labev] t=455703.329 ev.propose=0.002ms
[labev] t=455703.341 ev.verify=12.364ms
[labev] t=455703.343 ev.finalize=1.698ms
[labev] t=455703.343 ev.propose=0.002ms
[labev] t=455703.355 ev.verify=12.282ms
[labev] t=455703.357 ev.finalize=1.589ms
[labev] t=455703.357 ev.propose=0.002ms
[labev] t=455703.370 ev.verify=12.387ms
[labev] t=455703.371 ev.finalize=1.551ms
[labev] t=455703.371 ev.propose=0.002ms
[labev] t=455703.384 ev.verify=12.470ms
[labev] t=455703.385 ev.finalize=1.576ms
[labev] t=455703.385 ev.propose=0.002ms
[labev] t=455703.398 ev.verify=12.378ms
[labev] t=455703.399 ev.finalize=1.573ms
[labev] t=455703.400 ev.propose=0.002ms
[labev] t=455703.412 ev.verify=12.345ms
[labev] t=455703.414 ev.finalize=1.640ms
[labev] t=455703.414 ev.propose=0.002ms
[labev] t=455703.426 ev.verify=12.325ms
[labev] t=455703.428 ev.finalize=2.339ms
[labev] t=455703.429 ev.propose=0.002ms
[labev] t=455703.441 ev.verify=12.504ms
[labev] t=455703.443 ev.finalize=1.591ms
[labev] t=455703.443 ev.propose=0.002ms
[labev] t=455703.455 ev.verify=12.191ms
[labev] t=455703.457 ev.finalize=1.685ms
[labev] t=455703.457 ev.propose=0.002ms
[labev] t=455703.469 ev.verify=12.073ms
[labev] t=455703.471 ev.finalize=1.675ms
[labev] t=455703.471 ev.propose=0.002ms
[labev] t=455703.483 ev.verify=12.374ms
[labev] t=455703.485 ev.finalize=1.687ms
[labev] t=455703.485 ev.propose=0.002ms
[labev] t=455703.497 ev.verify=12.471ms
[labev] t=455703.499 ev.finalize=1.695ms
[labev] t=455703.499 ev.propose=0.002ms
[labev] t=455703.511 ev.verify=12.295ms
[labev] t=455703.513 ev.finalize=1.671ms
[labev] t=455703.513 ev.propose=0.002ms
[labev] t=455703.526 ev.verify=12.346ms
[labev] t=455703.527 ev.finalize=1.668ms
[labev] t=455703.527 ev.propose=0.002ms
[labev] t=455703.540 ev.verify=12.364ms
[labev] t=455703.542 ev.finalize=1.724ms
[labev] t=455703.542 ev.propose=0.002ms
[labev] t=455703.554 ev.verify=12.397ms
[labev] t=455703.556 ev.finalize=1.638ms
[labev] t=455703.556 ev.propose=0.002ms
[labev] t=455703.568 ev.verify=12.357ms
[labev] t=455703.570 ev.finalize=1.649ms
[labev] t=455703.570 ev.propose=0.002ms
[labev] t=455703.583 ev.verify=12.449ms
[labev] t=455703.584 ev.finalize=1.649ms
[labev] t=455703.584 ev.propose=0.002ms
[labev] t=455703.597 ev.verify=12.265ms
[labev] t=455703.598 ev.finalize=1.673ms
[labev] t=455703.598 ev.propose=0.002ms
[labev] t=455703.611 ev.verify=12.340ms
[labev] t=455703.612 ev.finalize=1.621ms
[labev] t=455703.612 ev.propose=0.002ms
[labev] t=455703.625 ev.verify=12.229ms
[labev] t=455703.626 ev.finalize=1.667ms
[labev] t=455703.627 ev.propose=0.002ms
[labev] t=455703.639 ev.verify=12.288ms
[labev] t=455703.641 ev.finalize=1.690ms
[labev] t=455703.641 ev.propose=0.002ms
[labev] t=455703.653 ev.verify=12.466ms
[labev] t=455703.656 ev.finalize=2.343ms
[labev] t=455703.656 ev.propose=0.002ms
[labev] t=455703.668 ev.verify=12.405ms
[labev] t=455703.670 ev.finalize=1.704ms
[labev] t=455703.670 ev.propose=0.002ms
[labev] t=455703.682 ev.verify=12.297ms
[labev] t=455703.684 ev.finalize=1.697ms
[labev] t=455703.684 ev.propose=0.002ms
[labev] t=455703.696 ev.verify=12.325ms
[labev] t=455703.698 ev.finalize=1.693ms
[labev] t=455703.698 ev.propose=0.002ms
[labev] t=455703.711 ev.verify=12.424ms
[labev] t=455703.712 ev.finalize=1.673ms
[labev] t=455703.712 ev.propose=0.002ms
[labev] t=455703.725 ev.verify=12.415ms
[labev] t=455703.727 ev.finalize=1.700ms
[labev] t=455703.727 ev.propose=0.002ms
[labev] t=455703.739 ev.verify=12.342ms
[labev] t=455703.741 ev.finalize=1.712ms
[labev] t=455703.741 ev.propose=0.002ms
[labev] t=455703.753 ev.verify=12.338ms
[labev] t=455703.755 ev.finalize=1.675ms
[labev] t=455703.755 ev.propose=0.002ms
[labev] t=455703.768 ev.verify=12.403ms
[labev] t=455703.769 ev.finalize=1.675ms
[labev] t=455703.769 ev.propose=0.002ms
[labev] t=455703.782 ev.verify=12.409ms
[labev] t=455703.783 ev.finalize=1.601ms
[labev] t=455703.784 ev.propose=0.002ms
[labev] t=455703.796 ev.verify=12.405ms
[labev] t=455703.798 ev.finalize=1.658ms
[labev] t=455703.798 ev.propose=0.002ms
[labev] t=455703.810 ev.verify=12.419ms
[labev] t=455703.812 ev.finalize=1.708ms
[labev] t=455703.812 ev.propose=0.002ms
[labev] t=455703.824 ev.verify=12.268ms
[labev] t=455703.826 ev.finalize=1.694ms
[labev] t=455703.826 ev.propose=0.002ms
[labev] t=455703.839 ev.verify=12.496ms
[labev] t=455703.840 ev.finalize=1.683ms
[labev] t=455703.841 ev.propose=0.002ms
[labev] t=455703.853 ev.verify=12.199ms
[labev] t=455703.854 ev.finalize=1.713ms
[labev] t=455703.855 ev.propose=0.002ms
[labev] t=455703.867 ev.verify=12.223ms
[labev] t=455703.869 ev.finalize=1.730ms
[labev] t=455703.869 ev.propose=0.002ms
[labev] t=455703.881 ev.verify=12.340ms
[labev] t=455703.883 ev.finalize=1.694ms
[labev] t=455703.883 ev.propose=0.002ms
[labev] t=455703.895 ev.verify=12.433ms
[labev] t=455703.898 ev.finalize=2.343ms
[labev] t=455703.898 ev.propose=0.002ms
[labev] t=455703.910 ev.verify=12.475ms
[labev] t=455703.912 ev.finalize=1.687ms
[labev] t=455703.912 ev.propose=0.002ms
[labev] t=455703.924 ev.verify=12.351ms
[labev] t=455703.926 ev.finalize=1.583ms
[labev] t=455703.926 ev.propose=0.002ms
[labev] t=455703.939 ev.verify=12.279ms
[labev] t=455703.940 ev.finalize=1.572ms
[labev] t=455703.940 ev.propose=0.002ms
[labev] t=455703.953 ev.verify=12.302ms
[labev] t=455703.954 ev.finalize=1.580ms
[labev] t=455703.954 ev.propose=0.002ms
[labev] t=455703.967 ev.verify=12.411ms
[labev] t=455703.968 ev.finalize=1.554ms
[labev] t=455703.968 ev.propose=0.002ms
[labev] t=455703.981 ev.verify=12.218ms
[labev] t=455703.982 ev.finalize=1.721ms
[labev] t=455703.983 ev.propose=0.002ms
[labev] t=455703.995 ev.verify=12.285ms
[labev] t=455703.997 ev.finalize=1.701ms
[labev] t=455703.997 ev.propose=0.002ms
[labev] t=455704.009 ev.verify=12.452ms
[labev] t=455704.011 ev.finalize=1.543ms
[labev] t=455704.011 ev.propose=0.002ms
[labev] t=455704.023 ev.verify=12.356ms
[labev] t=455704.025 ev.finalize=1.694ms
[labev] t=455704.025 ev.propose=0.002ms
[labev] t=455704.037 ev.verify=12.426ms
[labev] t=455704.039 ev.finalize=1.678ms
[labev] t=455704.039 ev.propose=0.002ms
[labev] t=455704.052 ev.verify=12.414ms
[labev] t=455704.053 ev.finalize=1.723ms
[labev] t=455704.054 ev.propose=0.002ms
[labev] t=455704.066 ev.verify=12.390ms
[labev] t=455704.068 ev.finalize=1.688ms
[labev] t=455704.068 ev.propose=0.002ms
[labev] t=455704.080 ev.verify=12.498ms
[labev] t=455704.082 ev.finalize=1.696ms
[labev] t=455704.082 ev.propose=0.002ms
[labev] t=455704.094 ev.verify=12.158ms
[labev] t=455704.096 ev.finalize=1.664ms
[labev] t=455704.096 ev.propose=0.002ms
[labev] t=455704.108 ev.verify=12.382ms
[labev] t=455704.110 ev.finalize=1.588ms
[labev] t=455704.110 ev.propose=0.002ms
[labev] t=455704.123 ev.verify=12.356ms
[labev] t=455704.124 ev.finalize=1.745ms
[labev] t=455704.124 ev.propose=0.002ms
[labev] t=455704.137 ev.verify=12.222ms
[labev] t=455704.139 ev.finalize=1.741ms
[labev] t=455704.139 ev.propose=0.002ms
[labev] t=455704.151 ev.verify=12.346ms
[labev] t=455704.153 ev.finalize=1.665ms
[labev] t=455704.153 ev.propose=0.002ms
[labev] t=455704.165 ev.verify=12.297ms
[labev] t=455704.167 ev.finalize=2.253ms
[labev] t=455704.168 ev.propose=0.002ms
[labev] t=455704.180 ev.verify=12.250ms
[labev] t=455704.182 ev.finalize=1.728ms
[labev] t=455704.182 ev.propose=0.002ms
[labev] t=455704.194 ev.verify=12.333ms
[labev] t=455704.196 ev.finalize=1.678ms
[labev] t=455704.196 ev.propose=0.002ms
[labev] t=455704.208 ev.verify=12.142ms
[labev] t=455704.210 ev.finalize=1.682ms
[labev] t=455704.210 ev.propose=0.002ms
[labev] t=455704.222 ev.verify=12.174ms
[labev] t=455704.224 ev.finalize=1.671ms
[labev] t=455704.224 ev.propose=0.002ms
[labev] t=455704.236 ev.verify=12.347ms
[labev] t=455704.238 ev.finalize=1.580ms
[labev] t=455704.238 ev.propose=0.002ms
[labev] t=455704.250 ev.verify=12.181ms
[labev] t=455704.252 ev.finalize=1.586ms
[labev] t=455704.252 ev.propose=0.002ms
[labev] t=455704.264 ev.verify=12.181ms
[labev] t=455704.266 ev.finalize=1.547ms
[labev] t=455704.266 ev.propose=0.002ms
[labev] t=455704.278 ev.verify=12.429ms
[labev] t=455704.280 ev.finalize=1.692ms
[labev] t=455704.281 req.start s1-p4096-o512-b9-r0=0.000ms
[labev] t=455704.281 req.handle=0.013ms
[labev] t=455704.304 tok.prepare=22.514ms
event=batching_admitted action=scheduler_admitted
[labev] t=455704.557 chunk.ord.total=253.153ms
[labev] t=455704.809 chunk.ord.total=252.090ms
[labprof] d0.performDecode.call=136.372ms/n32 f0.finalize.total=1.686ms/n467 f1.finalize.build=0.479ms/n467 f2.finalize.eval=1.149ms/n467 fc.finalize.call=1.691ms/n467 o1.ord.build=1.189ms/n511 o2.ord.eval=7.323ms/n511 p0.propose=0.002ms/n466 r0.round.interval=14.133ms/n465 s1.native.prefill.target=40.356ms/n8 s1.ord.prefill.target=29.909ms/n11 s2.native.prefill.drafter+eval=245.416ms/n8 s2.ord.prefill.eval=231.735ms/n11 s9.native.prefill.chunk.total=285.814ms/n8 s9.ord.prefill.chunk.total=262.215ms/n10 v0.verify.call=12.290ms/n467 v1.verify.build=1.609ms/n466 v2.verify.eval=10.578ms/n466
[labev] t=455705.066 chunk.ord.total=256.329ms
[labev] t=455705.324 chunk.ord.total=258.445ms
[labev] t=455705.584 chunk.ord.total=259.708ms
[labev] t=455705.848 chunk.ord.total=263.422ms
[labev] t=455706.114 chunk.ord.total=266.049ms
[labev] t=455706.421 chunk.ord.total=306.601ms
[labev] t=455706.421 req.firsttoken s1-p4096-o512-b9-r0=2139.336ms
[labev] t=455706.557 ev.decode.rows1.cap0=136.857ms
[labev] t=455706.694 ev.decode.rows1.cap0=136.312ms
[labev] t=455706.831 ev.decode.rows1.cap0=137.016ms
[labev] t=455706.967 ev.decode.rows1.cap0=136.220ms
[labev] t=455707.103 ev.decode.rows1.cap0=136.095ms
[labev] t=455707.240 ev.decode.rows1.cap0=136.033ms
[labev] t=455707.376 ev.decode.rows1.cap0=136.206ms
[labev] t=455707.512 ev.decode.rows1.cap0=136.233ms
[labev] t=455707.648 ev.decode.rows1.cap0=136.032ms
[labev] t=455707.784 ev.decode.rows1.cap0=135.993ms
[labev] t=455707.921 ev.decode.rows1.cap0=136.414ms
[labev] t=455708.057 ev.decode.rows1.cap0=136.244ms
[labev] t=455708.194 ev.decode.rows1.cap0=136.475ms
[labev] t=455708.331 ev.decode.rows1.cap0=136.603ms
[labev] t=455708.467 ev.decode.rows1.cap0=136.272ms
[labev] t=455708.603 ev.decode.rows1.cap0=136.417ms
[labev] t=455708.740 ev.decode.rows1.cap0=136.465ms
[labev] t=455708.876 ev.decode.rows1.cap0=136.193ms
[labev] t=455709.013 ev.decode.rows1.cap0=136.459ms
[labev] t=455709.150 ev.decode.rows1.cap0=137.260ms
[labev] t=455709.287 ev.decode.rows1.cap0=136.560ms
[labev] t=455709.424 ev.decode.rows1.cap0=136.771ms
[labev] t=455709.561 ev.decode.rows1.cap0=136.876ms
[labev] t=455709.698 ev.decode.rows1.cap0=136.665ms
[labev] t=455709.835 ev.decode.rows1.cap0=136.896ms
[labev] t=455709.971 ev.decode.rows1.cap0=136.849ms
[labev] t=455710.108 ev.decode.rows1.cap0=136.612ms
[labev] t=455710.245 ev.decode.rows1.cap0=136.740ms
[labev] t=455710.382 ev.decode.rows1.cap0=136.758ms
[labev] t=455710.519 ev.decode.rows1.cap0=137.071ms
[labev] t=455710.656 ev.decode.rows1.cap0=137.101ms
[labev] t=455710.785 ev.decode.rows1.cap0=128.539ms
exit=0 tag=w6-off1 end 17:28:04
