start 17:17:03 tag=w6-on1 bin=3e4b1855f7c9bd2d env=MLX_LM_QWEN35_COMPILED_VERIFY=1 MACPROVIDER_LAB_DUMP_DIR=<studio-home>/lab-332/mtp/dumps/w6-on1
[labev] t=455084.316 chunk.ord.total=244.980ms
[labev] t=455084.330 chunk.ord.total=13.924ms
[labev] t=455084.339 ev.decode.rows1.cap0=8.754ms
[labev] t=455084.348 ev.decode.rows1.cap0=8.590ms
[labev] t=455084.357 ev.decode.rows1.cap0=8.536ms
[labev] t=455084.365 ev.decode.rows1.cap0=8.581ms
[labev] t=455084.374 ev.decode.rows1.cap0=8.524ms
[labev] t=455084.382 ev.decode.rows1.cap0=8.443ms
[labev] t=455084.391 ev.decode.rows1.cap0=8.431ms
[labev] t=455084.399 ev.decode.rows1.cap0=8.445ms
[labev] t=455084.408 ev.decode.rows1.cap0=8.454ms
[labev] t=455084.416 ev.decode.rows1.cap0=8.402ms
[labev] t=455084.424 ev.decode.rows1.cap0=8.364ms
[labev] t=455084.433 ev.decode.rows1.cap0=8.479ms
[labev] t=455084.442 ev.decode.rows1.cap0=8.751ms
[labev] t=455084.451 ev.decode.rows1.cap0=8.801ms
[labev] t=455084.460 ev.decode.rows1.cap0=8.831ms
[labev] t=455084.469 ev.decode.rows1.cap0=8.953ms
[labev] t=455084.478 ev.decode.rows1.cap0=8.960ms
[labev] t=455084.487 ev.decode.rows1.cap0=9.009ms
[labev] t=455084.496 ev.decode.rows1.cap0=8.764ms
[labev] t=455084.504 ev.decode.rows1.cap0=8.729ms
[labev] t=455084.513 ev.decode.rows1.cap0=8.722ms
[labev] t=455084.522 ev.decode.rows1.cap0=8.694ms
[labev] t=455084.531 ev.decode.rows1.cap0=8.674ms
[labev] t=455084.539 ev.decode.rows1.cap0=8.637ms
[labev] t=455084.548 ev.decode.rows1.cap0=8.637ms
[labev] t=455084.557 ev.decode.rows1.cap0=8.665ms
[labev] t=455084.565 ev.decode.rows1.cap0=8.656ms
[labev] t=455084.574 ev.decode.rows1.cap0=8.686ms
[labev] t=455084.583 ev.decode.rows1.cap0=8.638ms
[labev] t=455084.591 ev.decode.rows1.cap0=8.623ms
[labev] t=455084.600 ev.decode.rows1.cap0=8.620ms
[labev] t=455084.609 ev.decode.rows1.cap0=8.539ms
[labev] t=455084.617 ev.decode.rows1.cap0=8.670ms
[labev] t=455084.626 ev.decode.rows1.cap0=8.634ms
[labev] t=455084.635 ev.decode.rows1.cap0=8.659ms
[labev] t=455084.643 ev.decode.rows1.cap0=8.609ms
[labev] t=455084.652 ev.decode.rows1.cap0=8.639ms
[labev] t=455084.661 ev.decode.rows1.cap0=8.652ms
[labev] t=455084.669 ev.decode.rows1.cap0=8.642ms
[labev] t=455084.678 ev.decode.rows1.cap0=8.635ms
[labev] t=455084.687 ev.decode.rows1.cap0=8.631ms
[labev] t=455084.695 ev.decode.rows1.cap0=8.606ms
[labev] t=455084.704 ev.decode.rows1.cap0=8.576ms
[labev] t=455084.713 ev.decode.rows1.cap0=8.685ms
[labev] t=455084.721 ev.decode.rows1.cap0=8.676ms
[labev] t=455084.730 ev.decode.rows1.cap0=8.621ms
[labev] t=455084.739 ev.decode.rows1.cap0=8.657ms
[labev] t=455085.193 ev.decode.rows2.cap0=12.246ms
[labev] t=455085.205 ev.decode.rows2.cap0=12.154ms
[labev] t=455085.217 ev.decode.rows2.cap0=12.129ms
[labev] t=455085.229 ev.decode.rows2.cap0=12.103ms
[labev] t=455085.241 ev.decode.rows2.cap0=12.074ms
[labev] t=455085.254 ev.decode.rows2.cap0=12.144ms
[labev] t=455085.266 ev.decode.rows2.cap0=12.041ms
[labev] t=455085.278 ev.decode.rows2.cap0=12.132ms
[labev] t=455085.290 ev.decode.rows2.cap0=12.166ms
[labev] t=455085.302 ev.decode.rows2.cap0=12.207ms
[labev] t=455085.314 ev.decode.rows2.cap0=12.105ms
[labev] t=455085.327 ev.decode.rows2.cap0=12.058ms
[labev] t=455085.339 ev.decode.rows2.cap0=12.136ms
[labev] t=455085.351 ev.decode.rows2.cap0=12.151ms
[labev] t=455085.363 ev.decode.rows2.cap0=12.149ms
[labev] t=455085.375 ev.decode.rows2.cap0=12.112ms
[labev] t=455085.387 ev.decode.rows2.cap0=12.078ms
[labev] t=455085.399 ev.decode.rows2.cap0=12.049ms
[labev] t=455085.412 ev.decode.rows2.cap0=12.031ms
[labev] t=455085.424 ev.decode.rows2.cap0=12.109ms
[labev] t=455085.436 ev.decode.rows2.cap0=12.153ms
[labev] t=455085.448 ev.decode.rows2.cap0=12.068ms
[labev] t=455085.460 ev.decode.rows2.cap0=12.097ms
[labev] t=455085.472 ev.decode.rows2.cap0=12.144ms
[labev] t=455085.484 ev.decode.rows2.cap0=12.135ms
[labev] t=455085.497 ev.decode.rows2.cap0=12.124ms
[labev] t=455085.509 ev.decode.rows2.cap0=12.072ms
[labev] t=455085.521 ev.decode.rows2.cap0=12.100ms
[labev] t=455085.533 ev.decode.rows2.cap0=12.123ms
[labev] t=455085.545 ev.decode.rows2.cap0=12.053ms
[labev] t=455085.557 ev.decode.rows2.cap0=12.076ms
[labev] t=455085.569 ev.decode.rows2.cap0=12.002ms
[labev] t=455085.581 ev.decode.rows2.cap0=12.165ms
[labev] t=455085.594 ev.decode.rows2.cap0=12.194ms
[labev] t=455085.606 ev.decode.rows2.cap0=12.154ms
[labev] t=455085.618 ev.decode.rows2.cap0=12.108ms
[labev] t=455085.630 ev.decode.rows2.cap0=12.080ms
[labev] t=455085.642 ev.decode.rows2.cap0=12.131ms
[labev] t=455085.654 ev.decode.rows2.cap0=12.083ms
[labev] t=455085.667 ev.decode.rows2.cap0=12.151ms
[labev] t=455085.679 ev.decode.rows2.cap0=12.110ms
[labev] t=455085.691 ev.decode.rows2.cap0=12.107ms
[labev] t=455085.703 ev.decode.rows2.cap0=12.156ms
[labev] t=455085.715 ev.decode.rows2.cap0=12.159ms
[labev] t=455085.727 ev.decode.rows2.cap0=12.118ms
[labev] t=455085.740 ev.decode.rows2.cap0=12.149ms
[labev] t=455085.752 ev.decode.rows2.cap0=12.108ms
[labev] t=455085.780 chunk.ord.total=27.631ms
[labev] t=455085.807 chunk.ord.total=27.184ms
[labev] t=455085.819 ev.decode.rows2.cap0=11.918ms
[paged-kv] moe-isolation first prefill=[271,271] serial=[271,271] decodeA=[248068] serialA=[248068] decodeB=[248068] serialB=[248068]
[labev] t=455085.950 chunk.ord.total=27.922ms
[labev] t=455085.962 ev.decode.rows2.cap0=11.948ms
[paged-kv] moe-isolation rejoin decodeA=[198] serialA=[198] decodeB=[248068] serialB=[248068]
[paged-kv] batched-isolation model=qwen/qwen3.6-35b-a3b challenge pair 0 not distinguishing; trying next
[labev] t=455087.413 chunk.ord.total=241.971ms
[labev] t=455087.422 chunk.ord.total=8.493ms
[labev] t=455087.430 ev.decode.rows1.cap0=8.625ms
[labev] t=455087.439 ev.decode.rows1.cap0=8.583ms
[labev] t=455087.448 ev.decode.rows1.cap0=8.556ms
[labev] t=455087.456 ev.decode.rows1.cap0=8.583ms
[labev] t=455087.465 ev.decode.rows1.cap0=8.525ms
[labev] t=455087.473 ev.decode.rows1.cap0=8.594ms
[labev] t=455087.482 ev.decode.rows1.cap0=8.570ms
[labev] t=455087.491 ev.decode.rows1.cap0=8.542ms
[labev] t=455087.499 ev.decode.rows1.cap0=8.537ms
[labev] t=455087.508 ev.decode.rows1.cap0=8.572ms
[labev] t=455087.516 ev.decode.rows1.cap0=8.512ms
[labev] t=455087.525 ev.decode.rows1.cap0=8.505ms
[labev] t=455087.533 ev.decode.rows1.cap0=8.442ms
[labev] t=455087.542 ev.decode.rows1.cap0=8.510ms
[labev] t=455087.550 ev.decode.rows1.cap0=8.460ms
[labev] t=455087.559 ev.decode.rows1.cap0=8.483ms
[labev] t=455087.567 ev.decode.rows1.cap0=8.473ms
[labev] t=455087.576 ev.decode.rows1.cap0=8.444ms
[labev] t=455087.584 ev.decode.rows1.cap0=8.489ms
[labev] t=455087.593 ev.decode.rows1.cap0=8.456ms
[labev] t=455087.601 ev.decode.rows1.cap0=8.446ms
[labev] t=455087.610 ev.decode.rows1.cap0=8.387ms
[labev] t=455087.618 ev.decode.rows1.cap0=8.307ms
[labev] t=455087.626 ev.decode.rows1.cap0=8.360ms
[labev] t=455087.635 ev.decode.rows1.cap0=8.360ms
[labev] t=455087.643 ev.decode.rows1.cap0=8.358ms
[labev] t=455087.652 ev.decode.rows1.cap0=8.389ms
[labev] t=455087.660 ev.decode.rows1.cap0=8.422ms
[labev] t=455087.669 ev.decode.rows1.cap0=8.430ms
[labev] t=455087.677 ev.decode.rows1.cap0=8.424ms
[labev] t=455087.685 ev.decode.rows1.cap0=8.481ms
[labev] t=455087.694 ev.decode.rows1.cap0=8.563ms
[labev] t=455087.703 ev.decode.rows1.cap0=8.538ms
[labev] t=455087.711 ev.decode.rows1.cap0=8.534ms
[labev] t=455087.720 ev.decode.rows1.cap0=8.568ms
[labev] t=455087.728 ev.decode.rows1.cap0=8.569ms
[labev] t=455087.737 ev.decode.rows1.cap0=8.543ms
[labev] t=455087.746 ev.decode.rows1.cap0=8.533ms
[labev] t=455087.754 ev.decode.rows1.cap0=8.546ms
[labev] t=455087.763 ev.decode.rows1.cap0=8.553ms
[labev] t=455087.771 ev.decode.rows1.cap0=8.558ms
[labev] t=455087.780 ev.decode.rows1.cap0=8.588ms
[labev] t=455087.789 ev.decode.rows1.cap0=8.558ms
[labev] t=455087.797 ev.decode.rows1.cap0=8.482ms
[labev] t=455087.806 ev.decode.rows1.cap0=8.513ms
[labev] t=455087.814 ev.decode.rows1.cap0=8.477ms
[labev] t=455087.823 ev.decode.rows1.cap0=8.484ms
[labev] t=455088.271 ev.decode.rows2.cap0=12.034ms
[labev] t=455088.283 ev.decode.rows2.cap0=12.089ms
[labev] t=455088.296 ev.decode.rows2.cap0=12.170ms
[labev] t=455088.308 ev.decode.rows2.cap0=12.124ms
[labev] t=455088.320 ev.decode.rows2.cap0=12.100ms
[labev] t=455088.332 ev.decode.rows2.cap0=12.008ms
[labev] t=455088.344 ev.decode.rows2.cap0=12.091ms
[labev] t=455088.356 ev.decode.rows2.cap0=12.060ms
[labev] t=455088.368 ev.decode.rows2.cap0=12.112ms
[labev] t=455088.380 ev.decode.rows2.cap0=12.002ms
[labev] t=455088.392 ev.decode.rows2.cap0=12.093ms
[labev] t=455088.404 ev.decode.rows2.cap0=11.958ms
[labev] t=455088.416 ev.decode.rows2.cap0=11.895ms
[labev] t=455088.428 ev.decode.rows2.cap0=11.909ms
[labev] t=455088.440 ev.decode.rows2.cap0=12.139ms
[labev] t=455088.453 ev.decode.rows2.cap0=12.156ms
[labev] t=455088.465 ev.decode.rows2.cap0=12.049ms
[labev] t=455088.477 ev.decode.rows2.cap0=12.049ms
[labev] t=455088.489 ev.decode.rows2.cap0=12.033ms
[labev] t=455088.501 ev.decode.rows2.cap0=11.967ms
[labev] t=455088.513 ev.decode.rows2.cap0=12.076ms
[labev] t=455088.525 ev.decode.rows2.cap0=12.051ms
[labev] t=455088.537 ev.decode.rows2.cap0=12.044ms
[labev] t=455088.549 ev.decode.rows2.cap0=12.083ms
[labev] t=455088.561 ev.decode.rows2.cap0=12.088ms
[labev] t=455088.574 ev.decode.rows2.cap0=12.107ms
[labev] t=455088.586 ev.decode.rows2.cap0=12.024ms
[labev] t=455088.598 ev.decode.rows2.cap0=12.060ms
[labev] t=455088.610 ev.decode.rows2.cap0=12.051ms
[labev] t=455088.622 ev.decode.rows2.cap0=11.954ms
[labev] t=455088.634 ev.decode.rows2.cap0=12.062ms
[labev] t=455088.646 ev.decode.rows2.cap0=11.947ms
[labev] t=455088.658 ev.decode.rows2.cap0=12.174ms
[labev] t=455088.670 ev.decode.rows2.cap0=12.148ms
[labev] t=455088.682 ev.decode.rows2.cap0=12.142ms
[labev] t=455088.695 ev.decode.rows2.cap0=12.091ms
[labev] t=455088.707 ev.decode.rows2.cap0=12.073ms
[labev] t=455088.719 ev.decode.rows2.cap0=12.119ms
[labev] t=455088.731 ev.decode.rows2.cap0=11.969ms
[labev] t=455088.743 ev.decode.rows2.cap0=12.110ms
[labev] t=455088.755 ev.decode.rows2.cap0=12.185ms
[labev] t=455088.767 ev.decode.rows2.cap0=12.150ms
[labev] t=455088.780 ev.decode.rows2.cap0=12.156ms
[labev] t=455088.792 ev.decode.rows2.cap0=12.118ms
[labev] t=455088.804 ev.decode.rows2.cap0=12.086ms
[labev] t=455088.816 ev.decode.rows2.cap0=12.099ms
[labev] t=455088.828 ev.decode.rows2.cap0=12.100ms
[labev] t=455088.855 chunk.ord.total=27.016ms
[labev] t=455088.884 chunk.ord.total=28.259ms
[labev] t=455088.895 ev.decode.rows2.cap0=11.856ms
[paged-kv] moe-isolation first prefill=[2943,414] serial=[2943,414] decodeA=[11] serialA=[11] decodeB=[11] serialB=[11]
[labev] t=455089.021 chunk.ord.total=29.157ms
[labev] t=455089.033 ev.decode.rows2.cap0=12.390ms
[paged-kv] moe-isolation rejoin decodeA=[4097] serialA=[4097] decodeB=[11] serialB=[11]
[paged-kv] batched-isolation model=qwen/qwen3.6-35b-a3b challenge pair 1 not distinguishing; trying next
[labev] t=455090.490 chunk.ord.total=244.726ms
[labev] t=455090.499 chunk.ord.total=8.671ms
[labev] t=455090.507 ev.decode.rows1.cap0=8.566ms
[labev] t=455090.516 ev.decode.rows1.cap0=8.582ms
[labev] t=455090.525 ev.decode.rows1.cap0=8.641ms
[labev] t=455090.533 ev.decode.rows1.cap0=8.583ms
[labev] t=455090.542 ev.decode.rows1.cap0=8.583ms
[labev] t=455090.551 ev.decode.rows1.cap0=8.588ms
[labev] t=455090.559 ev.decode.rows1.cap0=8.626ms
[labev] t=455090.568 ev.decode.rows1.cap0=8.591ms
[labev] t=455090.577 ev.decode.rows1.cap0=8.587ms
[labev] t=455090.585 ev.decode.rows1.cap0=8.510ms
[labev] t=455090.594 ev.decode.rows1.cap0=8.600ms
[labev] t=455090.602 ev.decode.rows1.cap0=8.675ms
[labev] t=455090.611 ev.decode.rows1.cap0=8.599ms
[labev] t=455090.620 ev.decode.rows1.cap0=8.623ms
[labev] t=455090.628 ev.decode.rows1.cap0=8.610ms
[labev] t=455090.637 ev.decode.rows1.cap0=8.627ms
[labev] t=455090.646 ev.decode.rows1.cap0=8.631ms
[labev] t=455090.654 ev.decode.rows1.cap0=8.585ms
[labev] t=455090.663 ev.decode.rows1.cap0=8.640ms
[labev] t=455090.672 ev.decode.rows1.cap0=8.625ms
[labev] t=455090.680 ev.decode.rows1.cap0=8.636ms
[labev] t=455090.689 ev.decode.rows1.cap0=8.605ms
[labev] t=455090.698 ev.decode.rows1.cap0=8.628ms
[labev] t=455090.706 ev.decode.rows1.cap0=8.605ms
[labev] t=455090.715 ev.decode.rows1.cap0=8.607ms
[labev] t=455090.723 ev.decode.rows1.cap0=8.637ms
[labev] t=455090.732 ev.decode.rows1.cap0=8.592ms
[labev] t=455090.741 ev.decode.rows1.cap0=8.587ms
[labev] t=455090.749 ev.decode.rows1.cap0=8.658ms
[labev] t=455090.758 ev.decode.rows1.cap0=8.611ms
[labev] t=455090.767 ev.decode.rows1.cap0=8.605ms
[labev] t=455090.775 ev.decode.rows1.cap0=8.613ms
[labev] t=455090.784 ev.decode.rows1.cap0=8.593ms
[labev] t=455090.793 ev.decode.rows1.cap0=8.582ms
[labev] t=455090.801 ev.decode.rows1.cap0=8.607ms
[labev] t=455090.810 ev.decode.rows1.cap0=8.598ms
[labev] t=455090.818 ev.decode.rows1.cap0=8.607ms
[labev] t=455090.827 ev.decode.rows1.cap0=8.639ms
[labev] t=455090.836 ev.decode.rows1.cap0=8.607ms
[labev] t=455090.844 ev.decode.rows1.cap0=8.576ms
[labev] t=455090.853 ev.decode.rows1.cap0=8.577ms
[labev] t=455090.862 ev.decode.rows1.cap0=8.591ms
[labev] t=455090.870 ev.decode.rows1.cap0=8.567ms
[labev] t=455090.879 ev.decode.rows1.cap0=8.641ms
[labev] t=455090.888 ev.decode.rows1.cap0=8.625ms
[labev] t=455090.896 ev.decode.rows1.cap0=8.661ms
[labev] t=455090.905 ev.decode.rows1.cap0=8.523ms
[labev] t=455091.356 ev.decode.rows2.cap0=12.125ms
[labev] t=455091.368 ev.decode.rows2.cap0=12.027ms
[labev] t=455091.380 ev.decode.rows2.cap0=12.159ms
[labev] t=455091.392 ev.decode.rows2.cap0=12.190ms
[labev] t=455091.405 ev.decode.rows2.cap0=12.195ms
[labev] t=455091.417 ev.decode.rows2.cap0=12.160ms
[labev] t=455091.429 ev.decode.rows2.cap0=12.086ms
[labev] t=455091.441 ev.decode.rows2.cap0=12.097ms
[labev] t=455091.453 ev.decode.rows2.cap0=12.104ms
[labev] t=455091.465 ev.decode.rows2.cap0=12.111ms
[labev] t=455091.478 ev.decode.rows2.cap0=12.168ms
[labev] t=455091.490 ev.decode.rows2.cap0=12.125ms
[labev] t=455091.502 ev.decode.rows2.cap0=12.119ms
[labev] t=455091.514 ev.decode.rows2.cap0=12.131ms
[labev] t=455091.526 ev.decode.rows2.cap0=12.130ms
[labev] t=455091.538 ev.decode.rows2.cap0=12.137ms
[labev] t=455091.550 ev.decode.rows2.cap0=12.106ms
[labev] t=455091.563 ev.decode.rows2.cap0=12.132ms
[labev] t=455091.575 ev.decode.rows2.cap0=12.081ms
[labev] t=455091.587 ev.decode.rows2.cap0=12.125ms
[labev] t=455091.599 ev.decode.rows2.cap0=12.164ms
[labev] t=455091.611 ev.decode.rows2.cap0=11.998ms
[labev] t=455091.623 ev.decode.rows2.cap0=12.060ms
[labev] t=455091.636 ev.decode.rows2.cap0=12.291ms
[labev] t=455091.648 ev.decode.rows2.cap0=12.147ms
[labev] t=455091.660 ev.decode.rows2.cap0=12.113ms
[labev] t=455091.672 ev.decode.rows2.cap0=11.938ms
[labev] t=455091.684 ev.decode.rows2.cap0=12.125ms
[labev] t=455091.696 ev.decode.rows2.cap0=12.103ms
[labev] t=455091.708 ev.decode.rows2.cap0=11.985ms
[labev] t=455091.720 ev.decode.rows2.cap0=12.053ms
[labev] t=455091.732 ev.decode.rows2.cap0=11.930ms
[labev] t=455091.744 ev.decode.rows2.cap0=12.145ms
[labev] t=455091.757 ev.decode.rows2.cap0=12.082ms
[labev] t=455091.769 ev.decode.rows2.cap0=12.351ms
[labev] t=455091.781 ev.decode.rows2.cap0=12.124ms
[labev] t=455091.793 ev.decode.rows2.cap0=12.014ms
[labev] t=455091.805 ev.decode.rows2.cap0=12.162ms
[labev] t=455091.818 ev.decode.rows2.cap0=12.112ms
[labev] t=455091.830 ev.decode.rows2.cap0=12.125ms
[labev] t=455091.842 ev.decode.rows2.cap0=12.122ms
[labev] t=455091.854 ev.decode.rows2.cap0=12.081ms
[labev] t=455091.866 ev.decode.rows2.cap0=12.145ms
[labev] t=455091.878 ev.decode.rows2.cap0=12.160ms
[labev] t=455091.891 ev.decode.rows2.cap0=12.142ms
[labev] t=455091.903 ev.decode.rows2.cap0=12.035ms
[labev] t=455091.915 ev.decode.rows2.cap0=12.057ms
[labev] t=455091.939 chunk.ord.total=24.242ms
[labev] t=455091.966 chunk.ord.total=27.005ms
[labev] t=455091.978 ev.decode.rows2.cap0=12.137ms
[paged-kv] moe-isolation first prefill=[264,198] serial=[264,198] decodeA=[478] serialA=[478] decodeB=[406] serialB=[406]
[labev] t=455092.098 chunk.ord.total=27.958ms
[labev] t=455092.110 ev.decode.rows2.cap0=12.438ms
[paged-kv] moe-isolation rejoin decodeA=[292] serialA=[292] decodeB=[406] serialB=[406]
[paged-kv] parity model=qwen/qwen3.6-35b-a3b established=true nLayers=10 nNew=32 gatherKernelCalls=640 expectCalls=640 maxLogicalBlocks=9 nonIdentityPermutation=true
[paged-kv] batched-isolation model=qwen/qwen3.6-35b-a3b requiresMoE=true proven=true rowsDecoded=2 rowFailures=0 crossRowDivergences=0 challengeDistinguishing=true
[paged-kv] measure OK: runtime measurement complete, paged-KV attach eligible for model=qwen/qwen3.6-35b-a3b
[paged-kv] runtime-identity model=qwen/qwen3.6-35b-a3b model_sha256=3fed776d41b6883888541d19f71a3866acc3bc6e628402066b67e5ac0a676ff1 hardware_class=apple-silicon:Apple M3 Ultra:ram-256gb metallib_sha256=f42aef609211980ad87cf72f75b5551b767a0160858257b997bac49f0e95a756 kernel_identifier=macprovider_paged_kv_gather_v1
[labev] t=455095.829 req.start s1-p4096-o512-b-1-r0=0.000ms
[labev] t=455095.829 req.handle=0.053ms
[labev] t=455095.850 tok.prepare=21.213ms
event=batching_admitted action=scheduler_admitted
[labev] t=455096.139 chunk.ord.total=288.651ms
[labev] t=455096.393 chunk.ord.total=253.384ms
[labev] t=455096.648 chunk.ord.total=254.960ms
[labev] t=455096.906 chunk.ord.total=257.889ms
[labev] t=455097.168 chunk.ord.total=261.758ms
[labev] t=455097.431 chunk.ord.total=263.304ms
[labev] t=455097.697 chunk.ord.total=266.331ms
[labev] t=455098.004 chunk.ord.total=306.683ms
[labev] t=455098.004 req.firsttoken s1-p4096-o512-b-1-r0=2175.796ms
[labev] t=455098.140 ev.decode.rows1.cap0=135.698ms
[labev] t=455098.274 ev.decode.rows1.cap0=134.331ms
[labev] t=455098.409 ev.decode.rows1.cap0=134.390ms
[labev] t=455098.543 ev.decode.rows1.cap0=134.304ms
[labev] t=455098.678 ev.decode.rows1.cap0=134.446ms
[labev] t=455098.813 ev.decode.rows1.cap0=134.575ms
[labev] t=455098.948 ev.decode.rows1.cap0=134.920ms
[labev] t=455099.082 ev.decode.rows1.cap0=134.646ms
[labev] t=455099.217 ev.decode.rows1.cap0=134.903ms
[labev] t=455099.352 ev.decode.rows1.cap0=134.770ms
[labev] t=455099.487 ev.decode.rows1.cap0=134.764ms
[labev] t=455099.623 ev.decode.rows1.cap0=135.399ms
[labev] t=455099.757 ev.decode.rows1.cap0=134.643ms
[labev] t=455099.893 ev.decode.rows1.cap0=135.250ms
[labev] t=455100.028 ev.decode.rows1.cap0=134.894ms
[labev] t=455100.163 ev.decode.rows1.cap0=134.826ms
[labev] t=455100.298 ev.decode.rows1.cap0=135.006ms
[labev] t=455100.433 ev.decode.rows1.cap0=135.101ms
[labev] t=455100.568 ev.decode.rows1.cap0=135.012ms
[labev] t=455100.703 ev.decode.rows1.cap0=135.135ms
[labev] t=455100.838 ev.decode.rows1.cap0=135.068ms
[labev] t=455100.974 ev.decode.rows1.cap0=135.331ms
[labev] t=455101.109 ev.decode.rows1.cap0=135.420ms
[labev] t=455101.245 ev.decode.rows1.cap0=135.145ms
[labev] t=455101.380 ev.decode.rows1.cap0=135.183ms
[labev] t=455101.515 ev.decode.rows1.cap0=135.373ms
[labev] t=455101.651 ev.decode.rows1.cap0=135.249ms
[labev] t=455101.786 ev.decode.rows1.cap0=135.264ms
[labev] t=455101.922 ev.decode.rows1.cap0=135.323ms
[labev] t=455102.057 ev.decode.rows1.cap0=135.144ms
[labev] t=455102.193 ev.decode.rows1.cap0=136.304ms
[labev] t=455102.320 ev.decode.rows1.cap0=127.060ms
[labev] t=455102.322 req.start s1-p4096-o512-b-1-r0=0.000ms
[labev] t=455102.322 req.handle=0.019ms
[labev] t=455102.344 tok.prepare=21.529ms
event=batching_admitted action=scheduler_admitted
[labev] t=455102.612 chunk.native.total=267.803ms
[labev] t=455102.878 chunk.native.total=265.932ms
[labev] t=455103.147 chunk.native.total=269.239ms
[labev] t=455103.419 chunk.native.total=272.064ms
[labev] t=455103.694 chunk.native.total=274.994ms
[labev] t=455103.972 chunk.native.total=277.478ms
[labprof] d0.performDecode.call=22.816ms/n320 o1.ord.build=1.140ms/n799 o2.ord.eval=7.874ms/n799 s1.native.prefill.target=2.282ms/n7 s1.ord.prefill.target=26.214ms/n23 s2.native.prefill.drafter+eval=270.491ms/n7 s2.ord.prefill.eval=111.264ms/n23 s9.native.prefill.chunk.total=271.288ms/n6 s9.ord.prefill.chunk.total=137.527ms/n23
[labev] t=455104.254 chunk.native.total=281.968ms
[labev] t=455104.570 chunk.native.total=316.026ms
[labev] t=455104.570 req.firsttoken s1-p4096-o512-b-1-r0=2248.028ms
[labev] t=455104.571 ev.propose=0.497ms
[labev] t=455104.593 ev.verify=21.804ms
[labev] t=455104.595 ev.finalize=2.730ms
[labev] t=455104.596 ev.propose=0.097ms
[labev] t=455104.607 ev.verify=11.526ms
[labev] t=455104.609 ev.finalize=1.633ms
[labev] t=455104.609 ev.propose=0.065ms
[labev] t=455104.620 ev.verify=11.246ms
[labev] t=455104.622 ev.finalize=1.606ms
[labev] t=455104.622 ev.propose=0.046ms
[labev] t=455104.633 ev.verify=11.083ms
[labev] t=455104.635 ev.finalize=1.721ms
[labev] t=455104.635 ev.propose=0.043ms
[labev] t=455104.646 ev.verify=11.272ms
[labev] t=455104.648 ev.finalize=1.638ms
[labev] t=455104.648 ev.propose=0.046ms
[labev] t=455104.660 ev.verify=11.332ms
[labev] t=455104.661 ev.finalize=1.628ms
[labev] t=455104.661 ev.propose=0.049ms
[labev] t=455104.673 ev.verify=11.354ms
[labev] t=455104.675 ev.finalize=1.649ms
[labev] t=455104.675 ev.propose=0.084ms
[labev] t=455104.686 ev.verify=11.194ms
[labev] t=455104.688 ev.finalize=1.618ms
[labev] t=455104.688 ev.propose=0.057ms
[labev] t=455104.699 ev.verify=10.991ms
[labev] t=455104.701 ev.finalize=2.248ms
[labev] t=455104.701 ev.propose=0.070ms
[labev] t=455104.713 ev.verify=11.312ms
[labev] t=455104.714 ev.finalize=1.627ms
[labev] t=455104.714 ev.propose=0.070ms
[labev] t=455104.726 ev.verify=11.144ms
[labev] t=455104.727 ev.finalize=1.614ms
[labev] t=455104.727 ev.propose=0.061ms
[labev] t=455104.739 ev.verify=11.168ms
[labev] t=455104.742 ev.finalize=3.357ms
[labev] t=455104.742 ev.propose=0.065ms
[labev] t=455104.753 ev.verify=11.106ms
[labev] t=455104.755 ev.finalize=1.509ms
[labev] t=455104.755 ev.propose=0.074ms
[labev] t=455104.766 ev.verify=11.159ms
[labev] t=455104.768 ev.finalize=1.646ms
[labev] t=455104.768 ev.propose=0.073ms
[labev] t=455104.779 ev.verify=11.218ms
[labev] t=455104.781 ev.finalize=1.529ms
[labev] t=455104.781 ev.propose=0.052ms
[labev] t=455104.792 ev.verify=11.124ms
[labev] t=455104.794 ev.finalize=1.627ms
[labev] t=455104.794 ev.propose=0.061ms
[labev] t=455104.805 ev.verify=11.118ms
[labev] t=455104.807 ev.finalize=1.635ms
[labev] t=455104.807 ev.propose=0.056ms
[labev] t=455104.818 ev.verify=11.118ms
[labev] t=455104.820 ev.finalize=1.636ms
[labev] t=455104.820 ev.propose=0.072ms
[labev] t=455104.831 ev.verify=11.035ms
[labev] t=455104.833 ev.finalize=1.618ms
[labev] t=455104.833 ev.propose=0.002ms
[labev] t=455104.844 ev.verify=11.251ms
[labev] t=455104.846 ev.finalize=1.624ms
[labev] t=455104.846 ev.propose=0.060ms
[labev] t=455104.857 ev.verify=11.049ms
[labev] t=455104.859 ev.finalize=1.638ms
[labev] t=455104.859 ev.propose=0.002ms
[labev] t=455104.870 ev.verify=11.202ms
[labev] t=455104.872 ev.finalize=1.629ms
[labev] t=455104.872 ev.propose=0.002ms
[labev] t=455104.883 ev.verify=11.249ms
[labev] t=455104.885 ev.finalize=1.620ms
[labev] t=455104.885 ev.propose=0.060ms
[labev] t=455104.896 ev.verify=11.082ms
[labev] t=455104.898 ev.finalize=1.606ms
[labev] t=455104.898 ev.propose=0.002ms
[labev] t=455104.909 ev.verify=11.219ms
[labev] t=455104.911 ev.finalize=1.608ms
[labev] t=455104.911 ev.propose=0.002ms
[labev] t=455104.922 ev.verify=11.167ms
[labev] t=455104.924 ev.finalize=2.255ms
[labev] t=455104.924 ev.propose=0.002ms
[labev] t=455104.936 ev.verify=11.310ms
[labev] t=455104.937 ev.finalize=1.614ms
[labev] t=455104.937 ev.propose=0.002ms
[labev] t=455104.949 ev.verify=11.291ms
[labev] t=455104.950 ev.finalize=1.608ms
[labev] t=455104.950 ev.propose=0.002ms
[labev] t=455104.962 ev.verify=11.308ms
[labev] t=455104.963 ev.finalize=1.615ms
[labev] t=455104.963 ev.propose=0.002ms
[labev] t=455104.975 ev.verify=11.171ms
[labev] t=455104.976 ev.finalize=1.607ms
[labev] t=455104.976 ev.propose=0.002ms
[labev] t=455104.988 ev.verify=11.228ms
[labev] t=455104.989 ev.finalize=1.615ms
[labev] t=455104.989 ev.propose=0.002ms
[labev] t=455105.000 ev.verify=11.034ms
[labev] t=455105.002 ev.finalize=1.654ms
[labev] t=455105.002 ev.propose=0.002ms
[labev] t=455105.014 ev.verify=11.226ms
[labev] t=455105.015 ev.finalize=1.628ms
[labev] t=455105.015 ev.propose=0.002ms
[labev] t=455105.027 ev.verify=11.338ms
[labev] t=455105.028 ev.finalize=1.616ms
[labev] t=455105.028 ev.propose=0.002ms
[labev] t=455105.040 ev.verify=11.096ms
[labev] t=455105.041 ev.finalize=1.623ms
[labev] t=455105.041 ev.propose=0.002ms
[labev] t=455105.052 ev.verify=11.175ms
[labev] t=455105.054 ev.finalize=1.637ms
[labev] t=455105.054 ev.propose=0.002ms
[labev] t=455105.066 ev.verify=11.305ms
[labev] t=455105.067 ev.finalize=1.634ms
[labev] t=455105.067 ev.propose=0.002ms
[labev] t=455105.079 ev.verify=11.328ms
[labev] t=455105.080 ev.finalize=1.643ms
[labev] t=455105.080 ev.propose=0.002ms
[labev] t=455105.092 ev.verify=11.158ms
[labev] t=455105.093 ev.finalize=1.612ms
[labev] t=455105.093 ev.propose=0.002ms
[labev] t=455105.104 ev.verify=11.027ms
[labev] t=455105.106 ev.finalize=1.653ms
[labev] t=455105.106 ev.propose=0.002ms
[labev] t=455105.118 ev.verify=11.233ms
[labev] t=455105.119 ev.finalize=1.679ms
[labev] t=455105.119 ev.propose=0.002ms
[labev] t=455105.131 ev.verify=11.173ms
[labev] t=455105.133 ev.finalize=2.324ms
[labev] t=455105.133 ev.propose=0.002ms
[labev] t=455105.145 ev.verify=11.474ms
[labev] t=455105.146 ev.finalize=1.614ms
[labev] t=455105.146 ev.propose=0.002ms
[labev] t=455105.158 ev.verify=11.236ms
[labev] t=455105.159 ev.finalize=1.660ms
[labev] t=455105.159 ev.propose=0.002ms
[labev] t=455105.170 ev.verify=11.046ms
[labev] t=455105.172 ev.finalize=1.628ms
[labev] t=455105.172 ev.propose=0.002ms
[labev] t=455105.183 ev.verify=11.123ms
[labev] t=455105.185 ev.finalize=1.597ms
[labev] t=455105.185 ev.propose=0.002ms
[labev] t=455105.196 ev.verify=11.216ms
[labev] t=455105.198 ev.finalize=1.623ms
[labev] t=455105.198 ev.propose=0.002ms
[labev] t=455105.209 ev.verify=11.163ms
[labev] t=455105.211 ev.finalize=1.619ms
[labev] t=455105.211 ev.propose=0.002ms
[labev] t=455105.222 ev.verify=11.184ms
[labev] t=455105.224 ev.finalize=1.628ms
[labev] t=455105.224 ev.propose=0.002ms
[labev] t=455105.235 ev.verify=11.152ms
[labev] t=455105.237 ev.finalize=1.630ms
[labev] t=455105.237 ev.propose=0.002ms
[labev] t=455105.248 ev.verify=11.190ms
[labev] t=455105.250 ev.finalize=1.513ms
[labev] t=455105.250 ev.propose=0.002ms
[labev] t=455105.261 ev.verify=11.095ms
[labev] t=455105.262 ev.finalize=1.514ms
[labev] t=455105.263 ev.propose=0.002ms
[labev] t=455105.274 ev.verify=11.213ms
[labev] t=455105.275 ev.finalize=1.510ms
[labev] t=455105.275 ev.propose=0.002ms
[labev] t=455105.287 ev.verify=11.237ms
[labev] t=455105.288 ev.finalize=1.629ms
[labev] t=455105.288 ev.propose=0.002ms
[labev] t=455105.300 ev.verify=11.264ms
[labev] t=455105.301 ev.finalize=1.625ms
[labev] t=455105.301 ev.propose=0.002ms
[labev] t=455105.313 ev.verify=11.121ms
[labev] t=455105.314 ev.finalize=1.614ms
[labev] t=455105.314 ev.propose=0.002ms
[labev] t=455105.326 ev.verify=11.218ms
[labev] t=455105.327 ev.finalize=1.625ms
[labev] t=455105.327 ev.propose=0.002ms
[labev] t=455105.338 ev.verify=11.105ms
[labev] t=455105.340 ev.finalize=1.621ms
[labev] t=455105.340 ev.propose=0.002ms
[labev] t=455105.351 ev.verify=11.085ms
[labev] t=455105.353 ev.finalize=1.612ms
[labev] t=455105.353 ev.propose=0.002ms
[labev] t=455105.364 ev.verify=10.963ms
[labev] t=455105.366 ev.finalize=2.221ms
[labev] t=455105.366 ev.propose=0.002ms
[labev] t=455105.378 ev.verify=11.117ms
[labev] t=455105.379 ev.finalize=1.515ms
[labev] t=455105.379 ev.propose=0.002ms
[labev] t=455105.391 ev.verify=11.318ms
[labev] t=455105.392 ev.finalize=1.612ms
[labev] t=455105.392 ev.propose=0.002ms
[labev] t=455105.403 ev.verify=11.150ms
[labev] t=455105.405 ev.finalize=1.620ms
[labev] t=455105.405 ev.propose=0.002ms
[labev] t=455105.417 ev.verify=11.335ms
[labev] t=455105.418 ev.finalize=1.613ms
[labev] t=455105.418 ev.propose=0.002ms
[labev] t=455105.430 ev.verify=11.235ms
[labev] t=455105.431 ev.finalize=1.609ms
[labev] t=455105.431 ev.propose=0.002ms
[labev] t=455105.443 ev.verify=11.368ms
[labev] t=455105.444 ev.finalize=1.637ms
[labev] t=455105.445 ev.propose=0.002ms
[labev] t=455105.456 ev.verify=11.156ms
[labev] t=455105.457 ev.finalize=1.600ms
[labev] t=455105.457 ev.propose=0.002ms
[labev] t=455105.469 ev.verify=11.288ms
[labev] t=455105.470 ev.finalize=1.623ms
[labev] t=455105.470 ev.propose=0.002ms
[labev] t=455105.482 ev.verify=11.020ms
[labev] t=455105.483 ev.finalize=1.629ms
[labev] t=455105.483 ev.propose=0.002ms
[labev] t=455105.494 ev.verify=11.111ms
[labev] t=455105.496 ev.finalize=1.619ms
[labev] t=455105.496 ev.propose=0.002ms
[labev] t=455105.507 ev.verify=11.245ms
[labev] t=455105.509 ev.finalize=1.617ms
[labev] t=455105.509 ev.propose=0.002ms
[labev] t=455105.520 ev.verify=11.104ms
[labev] t=455105.522 ev.finalize=1.613ms
[labev] t=455105.522 ev.propose=0.002ms
[labev] t=455105.533 ev.verify=11.207ms
[labev] t=455105.535 ev.finalize=1.599ms
[labev] t=455105.535 ev.propose=0.002ms
[labev] t=455105.546 ev.verify=11.097ms
[labev] t=455105.548 ev.finalize=1.645ms
[labev] t=455105.548 ev.propose=0.002ms
[labev] t=455105.559 ev.verify=11.391ms
[labev] t=455105.561 ev.finalize=1.598ms
[labev] t=455105.561 ev.propose=0.002ms
[labev] t=455105.572 ev.verify=11.165ms
[labev] t=455105.575 ev.finalize=2.260ms
[labev] t=455105.575 ev.propose=0.002ms
[labev] t=455105.586 ev.verify=11.316ms
[labev] t=455105.588 ev.finalize=1.633ms
[labev] t=455105.588 ev.propose=0.002ms
[labev] t=455105.599 ev.verify=11.204ms
[labev] t=455105.601 ev.finalize=1.613ms
[labev] t=455105.601 ev.propose=0.002ms
[labev] t=455105.612 ev.verify=11.206ms
[labev] t=455105.614 ev.finalize=1.624ms
[labev] t=455105.614 ev.propose=0.002ms
[labev] t=455105.625 ev.verify=11.228ms
[labev] t=455105.627 ev.finalize=1.502ms
[labev] t=455105.627 ev.propose=0.002ms
[labev] t=455105.638 ev.verify=11.106ms
[labev] t=455105.639 ev.finalize=1.613ms
[labev] t=455105.640 ev.propose=0.002ms
[labev] t=455105.651 ev.verify=11.094ms
[labev] t=455105.652 ev.finalize=1.727ms
[labev] t=455105.653 ev.propose=0.002ms
[labev] t=455105.664 ev.verify=11.091ms
[labev] t=455105.665 ev.finalize=1.615ms
[labev] t=455105.665 ev.propose=0.002ms
[labev] t=455105.677 ev.verify=11.164ms
[labev] t=455105.678 ev.finalize=1.601ms
[labev] t=455105.678 ev.propose=0.002ms
[labev] t=455105.689 ev.verify=11.186ms
[labev] t=455105.691 ev.finalize=1.613ms
[labev] t=455105.691 ev.propose=0.002ms
[labev] t=455105.703 ev.verify=11.263ms
[labev] t=455105.704 ev.finalize=1.619ms
[labev] t=455105.704 ev.propose=0.002ms
[labev] t=455105.716 ev.verify=11.215ms
[labev] t=455105.717 ev.finalize=1.609ms
[labev] t=455105.717 ev.propose=0.002ms
[labev] t=455105.728 ev.verify=11.211ms
[labev] t=455105.730 ev.finalize=1.629ms
[labev] t=455105.730 ev.propose=0.002ms
[labev] t=455105.742 ev.verify=11.295ms
[labev] t=455105.743 ev.finalize=1.631ms
[labev] t=455105.743 ev.propose=0.002ms
[labev] t=455105.755 ev.verify=11.337ms
[labev] t=455105.756 ev.finalize=1.625ms
[labev] t=455105.756 ev.propose=0.002ms
[labev] t=455105.768 ev.verify=11.129ms
[labev] t=455105.769 ev.finalize=1.607ms
[labev] t=455105.769 ev.propose=0.002ms
[labev] t=455105.781 ev.verify=11.192ms
[labev] t=455105.782 ev.finalize=1.622ms
[labev] t=455105.782 ev.propose=0.002ms
[labev] t=455105.794 ev.verify=11.434ms
[labev] t=455105.796 ev.finalize=2.283ms
[labev] t=455105.796 ev.propose=0.002ms
[labev] t=455105.807 ev.verify=11.059ms
[labev] t=455105.809 ev.finalize=1.627ms
[labev] t=455105.809 ev.propose=0.002ms
[labev] t=455105.820 ev.verify=11.356ms
[labev] t=455105.822 ev.finalize=1.638ms
[labev] t=455105.822 ev.propose=0.002ms
[labev] t=455105.833 ev.verify=11.161ms
[labev] t=455105.835 ev.finalize=1.661ms
[labev] t=455105.835 ev.propose=0.002ms
[labev] t=455105.847 ev.verify=11.383ms
[labev] t=455105.848 ev.finalize=1.641ms
[labev] t=455105.848 ev.propose=0.002ms
[labev] t=455105.860 ev.verify=11.195ms
[labev] t=455105.861 ev.finalize=1.620ms
[labev] t=455105.861 ev.propose=0.002ms
[labev] t=455105.873 ev.verify=11.183ms
[labev] t=455105.874 ev.finalize=1.635ms
[labev] t=455105.874 ev.propose=0.002ms
[labev] t=455105.886 ev.verify=11.266ms
[labev] t=455105.887 ev.finalize=1.626ms
[labev] t=455105.887 ev.propose=0.002ms
[labev] t=455105.899 ev.verify=11.291ms
[labev] t=455105.900 ev.finalize=1.633ms
[labev] t=455105.900 ev.propose=0.002ms
[labev] t=455105.911 ev.verify=10.965ms
[labev] t=455105.913 ev.finalize=1.637ms
[labev] t=455105.913 ev.propose=0.002ms
[labev] t=455105.924 ev.verify=11.105ms
[labev] t=455105.926 ev.finalize=1.634ms
[labev] t=455105.926 ev.propose=0.002ms
[labev] t=455105.937 ev.verify=11.157ms
[labev] t=455105.939 ev.finalize=1.628ms
[labev] t=455105.939 ev.propose=0.002ms
[labev] t=455105.951 ev.verify=11.442ms
[labev] t=455105.952 ev.finalize=1.540ms
[labev] t=455105.952 ev.propose=0.002ms
[labev] t=455105.964 ev.verify=11.363ms
[labev] t=455105.965 ev.finalize=1.653ms
[labev] t=455105.965 ev.propose=0.002ms
[labev] t=455105.977 ev.verify=11.195ms
[labev] t=455105.978 ev.finalize=1.613ms
[labev] t=455105.978 ev.propose=0.002ms
[labev] t=455105.990 ev.verify=11.271ms
[labev] t=455105.991 ev.finalize=1.621ms
[labev] t=455105.991 ev.propose=0.002ms
[labev] t=455106.003 ev.verify=11.284ms
[labev] t=455106.004 ev.finalize=1.629ms
[labev] t=455106.004 ev.propose=0.002ms
[labev] t=455106.016 ev.verify=11.273ms
[labev] t=455106.018 ev.finalize=2.282ms
[labev] t=455106.018 ev.propose=0.002ms
[labev] t=455106.030 ev.verify=11.399ms
[labev] t=455106.031 ev.finalize=1.632ms
[labev] t=455106.031 ev.propose=0.002ms
[labev] t=455106.043 ev.verify=11.318ms
[labev] t=455106.044 ev.finalize=1.618ms
[labev] t=455106.044 ev.propose=0.002ms
[labev] t=455106.056 ev.verify=11.260ms
[labev] t=455106.057 ev.finalize=1.647ms
[labev] t=455106.058 ev.propose=0.002ms
[labev] t=455106.069 ev.verify=11.142ms
[labev] t=455106.070 ev.finalize=1.615ms
[labev] t=455106.070 ev.propose=0.002ms
[labev] t=455106.082 ev.verify=11.220ms
[labev] t=455106.083 ev.finalize=1.642ms
[labev] t=455106.083 ev.propose=0.002ms
[labev] t=455106.095 ev.verify=11.356ms
[labev] t=455106.097 ev.finalize=1.640ms
[labev] t=455106.097 ev.propose=0.002ms
[labev] t=455106.108 ev.verify=11.360ms
[labev] t=455106.110 ev.finalize=1.611ms
[labev] t=455106.110 ev.propose=0.002ms
[labev] t=455106.121 ev.verify=11.219ms
[labev] t=455106.123 ev.finalize=1.518ms
[labev] t=455106.123 ev.propose=0.002ms
[labev] t=455106.134 ev.verify=11.131ms
[labev] t=455106.135 ev.finalize=1.505ms
[labev] t=455106.135 ev.propose=0.002ms
[labev] t=455106.147 ev.verify=11.247ms
[labev] t=455106.148 ev.finalize=1.659ms
[labev] t=455106.149 ev.propose=0.002ms
[labev] t=455106.160 ev.verify=11.088ms
[labev] t=455106.161 ev.finalize=1.611ms
[labev] t=455106.161 ev.propose=0.002ms
[labev] t=455106.173 ev.verify=11.308ms
[labev] t=455106.174 ev.finalize=1.521ms
[labev] t=455106.174 ev.propose=0.002ms
[labev] t=455106.186 ev.verify=11.331ms
[labev] t=455106.187 ev.finalize=1.516ms
[labev] t=455106.187 ev.propose=0.002ms
[labev] t=455106.199 ev.verify=11.310ms
[labev] t=455106.200 ev.finalize=1.517ms
[labev] t=455106.200 ev.propose=0.002ms
[labev] t=455106.212 ev.verify=11.167ms
[labev] t=455106.213 ev.finalize=1.650ms
[labev] t=455106.213 ev.propose=0.002ms
[labev] t=455106.225 ev.verify=11.197ms
[labev] t=455106.226 ev.finalize=1.542ms
[labev] t=455106.226 ev.propose=0.002ms
[labev] t=455106.237 ev.verify=11.163ms
[labev] t=455106.239 ev.finalize=1.611ms
[labev] t=455106.239 ev.propose=0.002ms
[labev] t=455106.250 ev.verify=11.073ms
[labev] t=455106.252 ev.finalize=1.498ms
[labev] t=455106.252 ev.propose=0.002ms
[labev] t=455106.263 ev.verify=11.161ms
[labev] t=455106.265 ev.finalize=1.508ms
[labev] t=455106.265 ev.propose=0.002ms
[labev] t=455106.276 ev.verify=11.049ms
[labev] t=455106.277 ev.finalize=1.516ms
[labev] t=455106.277 ev.propose=0.002ms
[labev] t=455106.289 ev.verify=11.322ms
[labev] t=455106.291 ev.finalize=2.063ms
[labev] t=455106.291 ev.propose=0.002ms
[labev] t=455106.302 ev.verify=11.066ms
[labev] t=455106.304 ev.finalize=1.629ms
[labev] t=455106.304 ev.propose=0.002ms
[labev] t=455106.315 ev.verify=11.330ms
[labev] t=455106.317 ev.finalize=1.643ms
[labev] t=455106.317 ev.propose=0.002ms
[labev] t=455106.328 ev.verify=11.032ms
[labev] t=455106.330 ev.finalize=1.547ms
[labev] t=455106.330 ev.propose=0.002ms
[labev] t=455106.341 ev.verify=11.220ms
[labev] t=455106.342 ev.finalize=1.510ms
[labev] t=455106.343 ev.propose=0.002ms
[labev] t=455106.354 ev.verify=11.363ms
[labev] t=455106.356 ev.finalize=1.620ms
[labev] t=455106.356 ev.propose=0.002ms
[labev] t=455106.367 ev.verify=11.306ms
[labev] t=455106.369 ev.finalize=1.664ms
[labev] t=455106.369 ev.propose=0.002ms
[labev] t=455106.380 ev.verify=11.172ms
[labev] t=455106.382 ev.finalize=1.620ms
[labev] t=455106.382 ev.propose=0.002ms
[labev] t=455106.393 ev.verify=11.138ms
[labev] t=455106.395 ev.finalize=1.623ms
[labev] t=455106.395 ev.propose=0.002ms
[labev] t=455106.406 ev.verify=11.380ms
[labev] t=455106.408 ev.finalize=1.627ms
[labev] t=455106.408 ev.propose=0.002ms
[labev] t=455106.419 ev.verify=11.286ms
[labev] t=455106.421 ev.finalize=1.620ms
[labev] t=455106.421 ev.propose=0.002ms
[labev] t=455106.432 ev.verify=11.075ms
[labev] t=455106.434 ev.finalize=1.634ms
[labev] t=455106.434 ev.propose=0.002ms
[labev] t=455106.445 ev.verify=11.110ms
[labev] t=455106.447 ev.finalize=1.614ms
[labev] t=455106.447 ev.propose=0.002ms
[labev] t=455106.458 ev.verify=11.164ms
[labev] t=455106.460 ev.finalize=1.615ms
[labev] t=455106.460 ev.propose=0.002ms
[labev] t=455106.471 ev.verify=11.431ms
[labev] t=455106.473 ev.finalize=1.631ms
[labev] t=455106.473 ev.propose=0.002ms
[labev] t=455106.484 ev.verify=11.141ms
[labev] t=455106.486 ev.finalize=1.632ms
[labev] t=455106.486 ev.propose=0.002ms
[labev] t=455106.497 ev.verify=11.235ms
[labev] t=455106.499 ev.finalize=1.640ms
[labev] t=455106.499 ev.propose=0.002ms
[labev] t=455106.510 ev.verify=11.373ms
[labev] t=455106.513 ev.finalize=2.283ms
[labev] t=455106.513 ev.propose=0.002ms
[labev] t=455106.524 ev.verify=11.429ms
[labev] t=455106.526 ev.finalize=1.641ms
[labev] t=455106.526 ev.propose=0.002ms
[labev] t=455106.537 ev.verify=11.413ms
[labev] t=455106.539 ev.finalize=1.661ms
[labev] t=455106.539 ev.propose=0.002ms
[labev] t=455106.550 ev.verify=11.184ms
[labev] t=455106.552 ev.finalize=1.641ms
[labev] t=455106.552 ev.propose=0.002ms
[labev] t=455106.563 ev.verify=11.151ms
[labev] t=455106.565 ev.finalize=1.620ms
[labev] t=455106.565 ev.propose=0.002ms
[labev] t=455106.576 ev.verify=11.133ms
[labev] t=455106.578 ev.finalize=1.633ms
[labev] t=455106.578 ev.propose=0.002ms
[labev] t=455106.589 ev.verify=11.362ms
[labev] t=455106.591 ev.finalize=1.636ms
[labev] t=455106.591 ev.propose=0.002ms
[labev] t=455106.603 ev.verify=11.332ms
[labev] t=455106.604 ev.finalize=1.633ms
[labev] t=455106.604 ev.propose=0.002ms
[labev] t=455106.616 ev.verify=11.452ms
[labev] t=455106.617 ev.finalize=1.538ms
[labev] t=455106.617 ev.propose=0.002ms
[labev] t=455106.629 ev.verify=11.274ms
[labev] t=455106.630 ev.finalize=1.638ms
[labev] t=455106.631 ev.propose=0.002ms
[labev] t=455106.642 ev.verify=11.333ms
[labev] t=455106.644 ev.finalize=1.643ms
[labev] t=455106.644 ev.propose=0.002ms
[labev] t=455106.655 ev.verify=11.126ms
[labev] t=455106.656 ev.finalize=1.632ms
[labev] t=455106.657 ev.propose=0.002ms
[labev] t=455106.668 ev.verify=11.074ms
[labev] t=455106.669 ev.finalize=1.657ms
[labev] t=455106.669 ev.propose=0.002ms
[labev] t=455106.681 ev.verify=11.378ms
[labev] t=455106.682 ev.finalize=1.636ms
[labev] t=455106.683 ev.propose=0.002ms
[labev] t=455106.694 ev.verify=11.465ms
[labev] t=455106.696 ev.finalize=1.562ms
[labev] t=455106.696 ev.propose=0.001ms
[labev] t=455106.707 ev.verify=11.345ms
[labev] t=455106.709 ev.finalize=1.639ms
[labev] t=455106.709 ev.propose=0.002ms
[labev] t=455106.720 ev.verify=11.153ms
[labev] t=455106.722 ev.finalize=1.630ms
[labev] t=455106.722 ev.propose=0.002ms
[labev] t=455106.733 ev.verify=11.421ms
[labev] t=455106.736 ev.finalize=2.362ms
[labev] t=455106.736 ev.propose=0.002ms
[labev] t=455106.747 ev.verify=11.513ms
[labev] t=455106.749 ev.finalize=1.746ms
[labev] t=455106.749 ev.propose=0.002ms
[labev] t=455106.761 ev.verify=11.239ms
[labev] t=455106.762 ev.finalize=1.637ms
[labev] t=455106.762 ev.propose=0.002ms
[labev] t=455106.774 ev.verify=11.423ms
[labev] t=455106.775 ev.finalize=1.629ms
[labev] t=455106.776 ev.propose=0.002ms
[labev] t=455106.787 ev.verify=11.351ms
[labev] t=455106.789 ev.finalize=1.636ms
[labev] t=455106.789 ev.propose=0.002ms
[labev] t=455106.800 ev.verify=11.327ms
[labev] t=455106.802 ev.finalize=1.645ms
[labev] t=455106.802 ev.propose=0.002ms
[labev] t=455106.813 ev.verify=11.421ms
[labev] t=455106.815 ev.finalize=1.655ms
[labev] t=455106.815 ev.propose=0.002ms
[labev] t=455106.826 ev.verify=11.238ms
[labev] t=455106.828 ev.finalize=1.630ms
[labev] t=455106.828 ev.propose=0.002ms
[labev] t=455106.839 ev.verify=11.362ms
[labev] t=455106.841 ev.finalize=1.639ms
[labev] t=455106.841 ev.propose=0.002ms
[labev] t=455106.853 ev.verify=11.362ms
[labev] t=455106.854 ev.finalize=1.633ms
[labev] t=455106.854 ev.propose=0.002ms
[labev] t=455106.866 ev.verify=11.233ms
[labev] t=455106.867 ev.finalize=1.635ms
[labev] t=455106.867 ev.propose=0.002ms
[labev] t=455106.879 ev.verify=11.202ms
[labev] t=455106.880 ev.finalize=1.635ms
[labev] t=455106.880 ev.propose=0.002ms
[labev] t=455106.892 ev.verify=11.306ms
[labev] t=455106.893 ev.finalize=1.660ms
[labev] t=455106.893 ev.propose=0.002ms
[labev] t=455106.905 ev.verify=11.314ms
[labev] t=455106.906 ev.finalize=1.542ms
[labev] t=455106.907 ev.propose=0.002ms
[labev] t=455106.918 ev.verify=11.391ms
[labev] t=455106.920 ev.finalize=1.655ms
[labev] t=455106.920 ev.propose=0.002ms
[labev] t=455106.931 ev.verify=11.250ms
[labev] t=455106.933 ev.finalize=1.671ms
[labev] t=455106.933 ev.propose=0.002ms
[labev] t=455106.944 ev.verify=11.331ms
[labev] t=455106.946 ev.finalize=1.730ms
[labev] t=455106.946 ev.propose=0.002ms
[labev] t=455106.957 ev.verify=11.382ms
[labev] t=455106.959 ev.finalize=1.749ms
[labev] t=455106.959 ev.propose=0.002ms
[labev] t=455106.970 ev.verify=11.171ms
[labev] t=455106.973 ev.finalize=2.075ms
[labev] t=455106.973 ev.propose=0.002ms
[labev] t=455106.984 ev.verify=11.131ms
[labev] t=455106.986 ev.finalize=1.622ms
[labev] t=455106.986 ev.propose=0.002ms
[labev] t=455106.997 ev.verify=11.271ms
[labev] t=455106.999 ev.finalize=1.652ms
[labev] t=455106.999 ev.propose=0.002ms
[labev] t=455107.010 ev.verify=11.347ms
[labev] t=455107.012 ev.finalize=1.645ms
[labev] t=455107.012 ev.propose=0.002ms
[labev] t=455107.023 ev.verify=11.370ms
[labev] t=455107.025 ev.finalize=1.629ms
[labev] t=455107.025 ev.propose=0.002ms
[labev] t=455107.036 ev.verify=11.219ms
[labev] t=455107.038 ev.finalize=1.649ms
[labev] t=455107.038 ev.propose=0.002ms
[labev] t=455107.049 ev.verify=11.166ms
[labev] t=455107.051 ev.finalize=1.657ms
[labev] t=455107.051 ev.propose=0.002ms
[labev] t=455107.062 ev.verify=11.430ms
[labev] t=455107.064 ev.finalize=1.644ms
[labev] t=455107.064 ev.propose=0.002ms
[labev] t=455107.075 ev.verify=11.146ms
[labev] t=455107.077 ev.finalize=1.631ms
[labev] t=455107.077 ev.propose=0.002ms
[labev] t=455107.088 ev.verify=11.149ms
[labev] t=455107.090 ev.finalize=1.631ms
[labev] t=455107.090 ev.propose=0.002ms
[labev] t=455107.101 ev.verify=11.109ms
[labev] t=455107.103 ev.finalize=1.628ms
[labev] t=455107.103 ev.propose=0.002ms
[labev] t=455107.114 ev.verify=11.166ms
[labev] t=455107.116 ev.finalize=1.626ms
[labev] t=455107.116 ev.propose=0.002ms
[labev] t=455107.127 ev.verify=11.117ms
[labev] t=455107.129 ev.finalize=1.642ms
[labev] t=455107.129 ev.propose=0.002ms
[labev] t=455107.140 ev.verify=11.329ms
[labev] t=455107.142 ev.finalize=1.655ms
[labev] t=455107.142 ev.propose=0.002ms
[labev] t=455107.153 ev.verify=11.277ms
[labev] t=455107.155 ev.finalize=1.627ms
[labev] t=455107.155 ev.propose=0.002ms
[labev] t=455107.166 ev.verify=11.325ms
[labev] t=455107.168 ev.finalize=1.694ms
[labev] t=455107.168 ev.propose=0.002ms
[labev] t=455107.179 ev.verify=11.206ms
[labev] t=455107.182 ev.finalize=2.314ms
[labev] t=455107.182 ev.propose=0.002ms
[labev] t=455107.193 ev.verify=11.451ms
[labev] t=455107.195 ev.finalize=1.642ms
[labev] t=455107.195 ev.propose=0.002ms
[labev] t=455107.206 ev.verify=11.271ms
[labev] t=455107.208 ev.finalize=1.641ms
[labev] t=455107.208 ev.propose=0.002ms
[labev] t=455107.220 ev.verify=11.341ms
[labev] t=455107.221 ev.finalize=1.536ms
[labev] t=455107.221 ev.propose=0.002ms
[labev] t=455107.233 ev.verify=11.371ms
[labev] t=455107.234 ev.finalize=1.646ms
[labev] t=455107.234 ev.propose=0.002ms
[labev] t=455107.246 ev.verify=11.276ms
[labev] t=455107.247 ev.finalize=1.653ms
[labev] t=455107.248 ev.propose=0.002ms
[labev] t=455107.259 ev.verify=11.381ms
[labev] t=455107.261 ev.finalize=1.551ms
[labev] t=455107.261 ev.propose=0.002ms
[labev] t=455107.272 ev.verify=11.348ms
[labev] t=455107.274 ev.finalize=1.647ms
[labev] t=455107.274 ev.propose=0.002ms
[labev] t=455107.285 ev.verify=11.310ms
[labev] t=455107.287 ev.finalize=1.556ms
[labev] t=455107.287 ev.propose=0.002ms
[labev] t=455107.298 ev.verify=11.314ms
[labev] t=455107.300 ev.finalize=1.516ms
[labev] t=455107.300 ev.propose=0.002ms
[labev] t=455107.311 ev.verify=11.325ms
[labev] t=455107.313 ev.finalize=1.613ms
[labev] t=455107.313 ev.propose=0.002ms
[labev] t=455107.324 ev.verify=11.097ms
[labev] t=455107.326 ev.finalize=1.540ms
[labev] t=455107.326 ev.propose=0.002ms
[labev] t=455107.337 ev.verify=11.189ms
[labev] t=455107.338 ev.finalize=1.521ms
[labev] t=455107.339 ev.propose=0.002ms
[labev] t=455107.350 ev.verify=11.371ms
[labev] t=455107.352 ev.finalize=1.626ms
[labev] t=455107.352 ev.propose=0.002ms
[labev] t=455107.363 ev.verify=11.150ms
[labev] t=455107.365 ev.finalize=1.643ms
[labev] t=455107.365 ev.propose=0.002ms
[labev] t=455107.376 ev.verify=11.415ms
[labev] t=455107.378 ev.finalize=1.639ms
[labev] t=455107.378 ev.propose=0.002ms
[labev] t=455107.389 ev.verify=11.297ms
[labev] t=455107.391 ev.finalize=1.644ms
[labev] t=455107.391 ev.propose=0.001ms
[labev] t=455107.402 ev.verify=11.063ms
[labev] t=455107.404 ev.finalize=1.659ms
[labev] t=455107.404 ev.propose=0.002ms
[labev] t=455107.415 ev.verify=11.137ms
[labev] t=455107.417 ev.finalize=1.637ms
[labev] t=455107.417 ev.propose=0.002ms
[labev] t=455107.428 ev.verify=11.197ms
[labev] t=455107.430 ev.finalize=1.554ms
[labev] t=455107.430 ev.propose=0.002ms
[labev] t=455107.441 ev.verify=11.222ms
[labev] t=455107.443 ev.finalize=2.201ms
[labev] t=455107.443 ev.propose=0.002ms
[labev] t=455107.455 ev.verify=11.377ms
[labev] t=455107.456 ev.finalize=1.641ms
[labev] t=455107.457 ev.propose=0.002ms
[labev] t=455107.468 ev.verify=11.464ms
[labev] t=455107.470 ev.finalize=1.650ms
[labev] t=455107.470 ev.propose=0.002ms
[labev] t=455107.481 ev.verify=11.252ms
[labev] t=455107.483 ev.finalize=1.651ms
[labev] t=455107.483 ev.propose=0.002ms
[labev] t=455107.494 ev.verify=11.328ms
[labev] t=455107.496 ev.finalize=1.626ms
[labev] t=455107.496 ev.propose=0.002ms
[labev] t=455107.507 ev.verify=11.345ms
[labev] t=455107.509 ev.finalize=1.644ms
[labev] t=455107.509 ev.propose=0.002ms
[labev] t=455107.520 ev.verify=11.303ms
[labev] t=455107.522 ev.finalize=1.625ms
[labev] t=455107.522 ev.propose=0.002ms
[labev] t=455107.534 ev.verify=11.324ms
[labev] t=455107.535 ev.finalize=1.657ms
[labev] t=455107.535 ev.propose=0.002ms
[labev] t=455107.547 ev.verify=11.430ms
[labev] t=455107.548 ev.finalize=1.639ms
[labev] t=455107.549 ev.propose=0.002ms
[labev] t=455107.560 ev.verify=11.289ms
[labev] t=455107.561 ev.finalize=1.542ms
[labev] t=455107.562 ev.propose=0.002ms
[labev] t=455107.573 ev.verify=11.335ms
[labev] t=455107.575 ev.finalize=1.647ms
[labev] t=455107.575 ev.propose=0.002ms
[labev] t=455107.586 ev.verify=11.049ms
[labev] t=455107.587 ev.finalize=1.631ms
[labev] t=455107.587 ev.propose=0.002ms
[labev] t=455107.599 ev.verify=11.414ms
[labev] t=455107.601 ev.finalize=1.569ms
[labev] t=455107.601 ev.propose=0.002ms
[labev] t=455107.612 ev.verify=11.330ms
[labev] t=455107.614 ev.finalize=1.647ms
[labev] t=455107.614 ev.propose=0.002ms
[labev] t=455107.625 ev.verify=11.230ms
[labev] t=455107.627 ev.finalize=1.669ms
[labev] t=455107.627 ev.propose=0.002ms
[labev] t=455107.638 ev.verify=11.388ms
[labev] t=455107.640 ev.finalize=1.642ms
[labev] t=455107.640 ev.propose=0.002ms
[labev] t=455107.651 ev.verify=11.366ms
[labev] t=455107.653 ev.finalize=1.661ms
[labev] t=455107.653 ev.propose=0.002ms
[labev] t=455107.665 ev.verify=11.410ms
[labev] t=455107.667 ev.finalize=2.314ms
[labev] t=455107.667 ev.propose=0.002ms
[labev] t=455107.678 ev.verify=11.309ms
[labev] t=455107.680 ev.finalize=1.658ms
[labev] t=455107.680 ev.propose=0.002ms
[labev] t=455107.692 ev.verify=11.348ms
[labev] t=455107.693 ev.finalize=1.663ms
[labev] t=455107.693 ev.propose=0.002ms
[labev] t=455107.705 ev.verify=11.274ms
[labev] t=455107.707 ev.finalize=2.282ms
[labev] t=455107.707 ev.propose=0.002ms
[labev] t=455107.718 ev.verify=11.139ms
[labev] t=455107.720 ev.finalize=1.569ms
[labev] t=455107.720 ev.propose=0.002ms
[labev] t=455107.731 ev.verify=11.275ms
[labev] t=455107.733 ev.finalize=1.651ms
[labev] t=455107.733 ev.propose=0.002ms
[labev] t=455107.744 ev.verify=11.125ms
[labev] t=455107.746 ev.finalize=1.741ms
[labev] t=455107.746 ev.propose=0.002ms
[labev] t=455107.757 ev.verify=11.266ms
[labev] t=455107.759 ev.finalize=1.678ms
[labev] t=455107.759 ev.propose=0.002ms
[labev] t=455107.770 ev.verify=11.226ms
[labev] t=455107.772 ev.finalize=1.641ms
[labev] t=455107.772 ev.propose=0.002ms
[labev] t=455107.783 ev.verify=11.206ms
[labev] t=455107.785 ev.finalize=1.635ms
[labev] t=455107.785 ev.propose=0.002ms
[labev] t=455107.796 ev.verify=11.066ms
[labev] t=455107.798 ev.finalize=1.530ms
[labev] t=455107.798 ev.propose=0.002ms
[labev] t=455107.809 ev.verify=11.258ms
[labev] t=455107.811 ev.finalize=1.664ms
[labev] t=455107.811 ev.propose=0.002ms
[labev] t=455107.822 ev.verify=11.293ms
[labev] t=455107.824 ev.finalize=1.521ms
[labev] t=455107.824 ev.propose=0.002ms
[labev] t=455107.835 ev.verify=11.108ms
[labev] t=455107.837 ev.finalize=1.635ms
[labev] t=455107.837 ev.propose=0.002ms
[labev] t=455107.848 ev.verify=11.508ms
[labev] t=455107.850 ev.finalize=1.640ms
[labev] t=455107.850 ev.propose=0.002ms
[labev] t=455107.862 ev.verify=11.511ms
[labev] t=455107.863 ev.finalize=1.654ms
[labev] t=455107.864 ev.propose=0.002ms
[labev] t=455107.875 ev.verify=11.547ms
[labev] t=455107.877 ev.finalize=1.532ms
[labev] t=455107.877 ev.propose=0.002ms
[labev] t=455107.888 ev.verify=11.301ms
[labev] t=455107.890 ev.finalize=1.674ms
[labev] t=455107.890 ev.propose=0.002ms
[labev] t=455107.901 ev.verify=11.140ms
[labev] t=455107.903 ev.finalize=2.298ms
[labev] t=455107.904 ev.propose=0.002ms
[labev] t=455107.915 ev.verify=11.292ms
[labev] t=455107.917 ev.finalize=1.684ms
[labev] t=455107.917 ev.propose=0.002ms
[labev] t=455107.928 ev.verify=11.309ms
[labev] t=455107.930 ev.finalize=1.538ms
[labev] t=455107.930 ev.propose=0.002ms
[labev] t=455107.941 ev.verify=11.306ms
[labev] t=455107.943 ev.finalize=1.536ms
[labev] t=455107.943 ev.propose=0.002ms
[labev] t=455107.954 ev.verify=11.487ms
[labev] t=455107.956 ev.finalize=1.658ms
[labev] t=455107.956 ev.propose=0.002ms
[labev] t=455107.967 ev.verify=11.395ms
[labev] t=455107.969 ev.finalize=1.628ms
[labev] t=455107.969 ev.propose=0.002ms
[labev] t=455107.981 ev.verify=11.372ms
[labev] t=455107.982 ev.finalize=1.653ms
[labev] t=455107.982 ev.propose=0.002ms
[labev] t=455107.994 ev.verify=11.270ms
[labev] t=455107.995 ev.finalize=1.640ms
[labev] t=455107.995 ev.propose=0.002ms
[labev] t=455108.007 ev.verify=11.285ms
[labev] t=455108.008 ev.finalize=1.645ms
[labev] t=455108.009 ev.propose=0.002ms
[labev] t=455108.020 ev.verify=11.276ms
[labev] t=455108.022 ev.finalize=1.635ms
[labev] t=455108.022 ev.propose=0.002ms
[labev] t=455108.033 ev.verify=11.301ms
[labev] t=455108.035 ev.finalize=1.654ms
[labev] t=455108.035 ev.propose=0.002ms
[labev] t=455108.046 ev.verify=11.350ms
[labev] t=455108.048 ev.finalize=1.665ms
[labev] t=455108.048 ev.propose=0.002ms
[labev] t=455108.059 ev.verify=11.367ms
[labev] t=455108.061 ev.finalize=1.668ms
[labev] t=455108.061 ev.propose=0.002ms
[labev] t=455108.072 ev.verify=11.333ms
[labev] t=455108.074 ev.finalize=1.654ms
[labev] t=455108.074 ev.propose=0.002ms
[labev] t=455108.086 ev.verify=11.386ms
[labev] t=455108.087 ev.finalize=1.665ms
[labev] t=455108.087 ev.propose=0.002ms
[labev] t=455108.099 ev.verify=11.314ms
[labev] t=455108.101 ev.finalize=1.660ms
[labev] t=455108.101 ev.propose=0.002ms
[labev] t=455108.112 ev.verify=11.304ms
[labev] t=455108.114 ev.finalize=1.651ms
[labev] t=455108.114 ev.propose=0.002ms
[labev] t=455108.125 ev.verify=11.247ms
[labev] t=455108.127 ev.finalize=2.239ms
[labev] t=455108.127 ev.propose=0.002ms
[labev] t=455108.139 ev.verify=11.434ms
[labev] t=455108.141 ev.finalize=1.680ms
[labev] t=455108.141 ev.propose=0.002ms
[labev] t=455108.152 ev.verify=11.300ms
[labev] t=455108.154 ev.finalize=1.689ms
[labev] t=455108.154 ev.propose=0.002ms
[labev] t=455108.165 ev.verify=11.129ms
[labev] t=455108.167 ev.finalize=1.663ms
[labev] t=455108.167 ev.propose=0.002ms
[labev] t=455108.178 ev.verify=11.227ms
[labev] t=455108.180 ev.finalize=1.639ms
[labev] t=455108.180 ev.propose=0.002ms
[labev] t=455108.191 ev.verify=11.217ms
[labev] t=455108.193 ev.finalize=1.674ms
[labev] t=455108.193 ev.propose=0.002ms
[labev] t=455108.204 ev.verify=11.294ms
[labev] t=455108.206 ev.finalize=1.640ms
[labev] t=455108.206 ev.propose=0.002ms
[labev] t=455108.217 ev.verify=11.417ms
[labev] t=455108.219 ev.finalize=1.548ms
[labev] t=455108.219 ev.propose=0.002ms
[labev] t=455108.239 ev.verify=19.519ms
[labev] t=455108.240 ev.finalize=1.541ms
[labev] t=455111.853 req.start s1-p4096-o512-b0-r0=0.000ms
[labev] t=455111.853 req.handle=0.032ms
[labev] t=455111.874 tok.prepare=20.748ms
event=batching_admitted action=scheduler_admitted
[labev] t=455112.180 chunk.ord.total=306.266ms
[labev] t=455112.433 chunk.ord.total=252.943ms
[labev] t=455112.690 chunk.ord.total=256.089ms
[labev] t=455112.948 chunk.ord.total=257.932ms
[labev] t=455113.209 chunk.ord.total=260.945ms
[labev] t=455113.472 chunk.ord.total=263.584ms
[labev] t=455113.745 chunk.ord.total=272.754ms
[labev] t=455114.058 chunk.ord.total=312.264ms
[labev] t=455114.058 req.firsttoken s1-p4096-o512-b0-r0=2204.761ms
[labev] t=455114.195 ev.decode.rows1.cap0=137.151ms
[labev] t=455114.330 ev.decode.rows1.cap0=135.173ms
[labev] t=455114.466 ev.decode.rows1.cap0=135.504ms
[labev] t=455114.601 ev.decode.rows1.cap0=135.086ms
[labev] t=455114.736 ev.decode.rows1.cap0=135.174ms
[labev] t=455114.871 ev.decode.rows1.cap0=135.159ms
[labev] t=455115.009 ev.decode.rows1.cap0=137.677ms
[labev] t=455115.144 ev.decode.rows1.cap0=135.264ms
[labev] t=455115.280 ev.decode.rows1.cap0=135.478ms
[labev] t=455115.416 ev.decode.rows1.cap0=135.409ms
[labev] t=455115.551 ev.decode.rows1.cap0=135.173ms
[labev] t=455115.686 ev.decode.rows1.cap0=135.063ms
[labev] t=455115.821 ev.decode.rows1.cap0=135.110ms
[labev] t=455115.956 ev.decode.rows1.cap0=135.117ms
[labev] t=455116.092 ev.decode.rows1.cap0=135.486ms
[labev] t=455116.227 ev.decode.rows1.cap0=135.224ms
[labev] t=455116.363 ev.decode.rows1.cap0=135.447ms
[labev] t=455116.498 ev.decode.rows1.cap0=135.165ms
[labev] t=455116.634 ev.decode.rows1.cap0=135.655ms
[labev] t=455116.769 ev.decode.rows1.cap0=135.136ms
[labev] t=455116.905 ev.decode.rows1.cap0=135.518ms
[labev] t=455117.040 ev.decode.rows1.cap0=135.542ms
[labev] t=455117.176 ev.decode.rows1.cap0=135.321ms
[labev] t=455117.311 ev.decode.rows1.cap0=135.383ms
[labev] t=455117.447 ev.decode.rows1.cap0=135.767ms
[labev] t=455117.583 ev.decode.rows1.cap0=135.553ms
[labev] t=455117.719 ev.decode.rows1.cap0=135.871ms
[labev] t=455117.854 ev.decode.rows1.cap0=135.510ms
[labev] t=455117.990 ev.decode.rows1.cap0=135.856ms
[labev] t=455118.126 ev.decode.rows1.cap0=135.675ms
[labev] t=455118.262 ev.decode.rows1.cap0=135.663ms
[labev] t=455118.389 ev.decode.rows1.cap0=127.371ms
[labev] t=455118.390 req.start s1-p4096-o512-b0-r0=0.000ms
[labev] t=455118.390 req.handle=0.016ms
[labev] t=455118.412 tok.prepare=21.232ms
event=batching_admitted action=scheduler_admitted
[labev] t=455118.679 chunk.native.total=266.667ms
[labev] t=455118.944 chunk.native.total=265.466ms
[labev] t=455119.213 chunk.native.total=268.612ms
[labev] t=455119.486 chunk.native.total=273.386ms
[labev] t=455119.762 chunk.native.total=275.281ms
[labev] t=455120.040 chunk.native.total=278.635ms
[labev] t=455120.323 chunk.native.total=282.488ms
[labev] t=455120.640 chunk.native.total=317.094ms
[labev] t=455120.640 req.firsttoken s1-p4096-o512-b0-r0=2249.821ms
[labev] t=455120.640 ev.propose=0.003ms
[labev] t=455120.658 ev.verify=17.827ms
[labev] t=455120.660 ev.finalize=1.705ms
[labev] t=455120.660 ev.propose=0.067ms
[labev] t=455120.671 ev.verify=11.508ms
[labev] t=455120.673 ev.finalize=1.692ms
[labev] t=455120.673 ev.propose=0.040ms
[labev] t=455120.685 ev.verify=11.364ms
[labev] t=455120.686 ev.finalize=1.636ms
[labev] t=455120.687 ev.propose=0.060ms
[labev] t=455120.698 ev.verify=11.198ms
[labev] t=455120.700 ev.finalize=1.647ms
[labev] t=455120.700 ev.propose=0.052ms
[labev] t=455120.711 ev.verify=11.266ms
[labev] t=455120.713 ev.finalize=1.616ms
[labev] t=455120.713 ev.propose=0.052ms
[labev] t=455120.724 ev.verify=11.263ms
[labev] t=455120.726 ev.finalize=1.622ms
[labev] t=455120.726 ev.propose=0.002ms
[labev] t=455120.737 ev.verify=11.510ms
[labev] t=455120.739 ev.finalize=1.612ms
[labev] t=455120.739 ev.propose=0.063ms
[labev] t=455120.751 ev.verify=11.347ms
[labev] t=455120.752 ev.finalize=1.605ms
[labev] t=455120.752 ev.propose=0.053ms
[labev] t=455120.763 ev.verify=11.030ms
[labev] t=455120.766 ev.finalize=2.249ms
[labev] t=455120.766 ev.propose=0.047ms
[labev] t=455120.777 ev.verify=11.337ms
[labev] t=455120.779 ev.finalize=1.648ms
[labev] t=455120.779 ev.propose=0.054ms
[labev] t=455120.790 ev.verify=11.183ms
[labev] t=455120.792 ev.finalize=1.634ms
[labev] t=455120.792 ev.propose=0.056ms
[labev] t=455120.803 ev.verify=11.084ms
[labev] t=455120.805 ev.finalize=1.684ms
[labev] t=455120.805 ev.propose=0.061ms
[labev] t=455120.816 ev.verify=11.137ms
[labev] t=455120.818 ev.finalize=1.499ms
[labev] t=455120.818 ev.propose=0.001ms
[labev] t=455120.829 ev.verify=11.263ms
[labev] t=455120.831 ev.finalize=1.601ms
[labev] t=455120.831 ev.propose=0.002ms
[labev] t=455120.842 ev.verify=11.258ms
[labev] t=455120.844 ev.finalize=1.511ms
[labev] t=455120.844 ev.propose=0.067ms
[labev] t=455120.855 ev.verify=11.187ms
[labev] t=455120.857 ev.finalize=1.651ms
[labev] t=455120.857 ev.propose=0.057ms
[labev] t=455120.868 ev.verify=11.189ms
[labev] t=455120.870 ev.finalize=1.651ms
[labev] t=455120.870 ev.propose=0.062ms
[labev] t=455120.881 ev.verify=11.174ms
[labev] t=455120.883 ev.finalize=1.614ms
[labev] t=455120.883 ev.propose=0.002ms
[labev] t=455120.894 ev.verify=11.180ms
[labev] t=455120.896 ev.finalize=1.605ms
[labev] t=455120.896 ev.propose=0.002ms
[labev] t=455120.907 ev.verify=11.260ms
[labev] t=455120.909 ev.finalize=1.620ms
[labev] t=455120.909 ev.propose=0.067ms
[labev] t=455120.920 ev.verify=11.166ms
[labev] t=455120.922 ev.finalize=1.624ms
[labev] t=455120.922 ev.propose=0.002ms
[labev] t=455120.933 ev.verify=11.206ms
[labev] t=455120.935 ev.finalize=1.609ms
[labev] t=455120.935 ev.propose=0.002ms
[labev] t=455120.946 ev.verify=11.348ms
[labev] t=455120.948 ev.finalize=1.613ms
[labev] t=455120.948 ev.propose=0.002ms
[labev] t=455120.959 ev.verify=11.212ms
[labev] t=455120.961 ev.finalize=1.574ms
[labev] t=455120.961 ev.propose=0.002ms
[labev] t=455120.972 ev.verify=11.275ms
[labev] t=455120.974 ev.finalize=1.625ms
[labev] t=455120.974 ev.propose=0.002ms
[labev] t=455120.986 ev.verify=11.326ms
[labev] t=455120.988 ev.finalize=2.255ms
[labev] t=455120.988 ev.propose=0.002ms
[labev] t=455120.999 ev.verify=11.425ms
[labev] t=455121.001 ev.finalize=1.641ms
[labev] t=455121.001 ev.propose=0.002ms
[labev] t=455121.012 ev.verify=11.149ms
[labev] t=455121.014 ev.finalize=1.609ms
[labev] t=455121.014 ev.propose=0.002ms
[labev] t=455121.025 ev.verify=11.310ms
[labev] t=455121.027 ev.finalize=1.613ms
[labev] t=455121.027 ev.propose=0.002ms
[labev] t=455121.039 ev.verify=11.278ms
[labev] t=455121.040 ev.finalize=1.628ms
[labev] t=455121.040 ev.propose=0.002ms
[labev] t=455121.052 ev.verify=11.211ms
[labev] t=455121.053 ev.finalize=1.598ms
[labev] t=455121.053 ev.propose=0.002ms
[labev] t=455121.065 ev.verify=11.222ms
[labev] t=455121.066 ev.finalize=1.649ms
[labev] t=455121.066 ev.propose=0.002ms
[labev] t=455121.078 ev.verify=11.207ms
[labev] t=455121.079 ev.finalize=1.604ms
[labev] t=455121.079 ev.propose=0.002ms
[labev] t=455121.091 ev.verify=11.276ms
[labev] t=455121.092 ev.finalize=1.676ms
[labev] t=455121.092 ev.propose=0.002ms
[labev] t=455121.104 ev.verify=11.180ms
[labev] t=455121.105 ev.finalize=1.627ms
[labev] t=455121.105 ev.propose=0.002ms
[labev] t=455121.117 ev.verify=11.143ms
[labev] t=455121.118 ev.finalize=1.609ms
[labev] t=455121.118 ev.propose=0.002ms
[labev] t=455121.130 ev.verify=11.457ms
[labev] t=455121.131 ev.finalize=1.628ms
[labev] t=455121.132 ev.propose=0.002ms
[labev] t=455121.143 ev.verify=11.329ms
[labev] t=455121.145 ev.finalize=1.589ms
[labev] t=455121.145 ev.propose=0.002ms
[labev] t=455121.156 ev.verify=11.132ms
[labev] t=455121.157 ev.finalize=1.609ms
[labev] t=455121.158 ev.propose=0.002ms
[labev] t=455121.169 ev.verify=11.032ms
[labev] t=455121.170 ev.finalize=1.628ms
[labev] t=455121.170 ev.propose=0.002ms
[labev] t=455121.182 ev.verify=11.223ms
[labev] t=455121.183 ev.finalize=1.599ms
[labev] t=455121.183 ev.propose=0.002ms
[labev] t=455121.195 ev.verify=11.281ms
[labev] t=455121.197 ev.finalize=2.283ms
[labev] t=455121.197 ev.propose=0.002ms
[labev] t=455121.209 ev.verify=11.472ms
[labev] t=455121.210 ev.finalize=1.662ms
[labev] t=455121.210 ev.propose=0.001ms
[labev] t=455121.222 ev.verify=11.245ms
[labev] t=455121.223 ev.finalize=1.604ms
[labev] t=455121.223 ev.propose=0.002ms
[labev] t=455121.235 ev.verify=11.035ms
[labev] t=455121.236 ev.finalize=1.640ms
[labev] t=455121.236 ev.propose=0.002ms
[labev] t=455121.247 ev.verify=11.146ms
[labev] t=455121.249 ev.finalize=1.585ms
[labev] t=455121.249 ev.propose=0.002ms
[labev] t=455121.261 ev.verify=11.321ms
[labev] t=455121.262 ev.finalize=1.622ms
[labev] t=455121.262 ev.propose=0.002ms
[labev] t=455121.273 ev.verify=11.161ms
[labev] t=455121.275 ev.finalize=1.649ms
[labev] t=455121.275 ev.propose=0.002ms
[labev] t=455121.287 ev.verify=11.243ms
[labev] t=455121.288 ev.finalize=1.615ms
[labev] t=455121.288 ev.propose=0.002ms
[labev] t=455121.300 ev.verify=11.195ms
[labev] t=455121.301 ev.finalize=1.617ms
[labev] t=455121.301 ev.propose=0.002ms
[labev] t=455121.313 ev.verify=11.247ms
[labev] t=455121.314 ev.finalize=1.556ms
[labev] t=455121.314 ev.propose=0.002ms
[labev] t=455121.325 ev.verify=11.191ms
[labev] t=455121.327 ev.finalize=1.624ms
[labev] t=455121.327 ev.propose=0.002ms
[labev] t=455121.339 ev.verify=11.283ms
[labev] t=455121.340 ev.finalize=1.623ms
[labev] t=455121.340 ev.propose=0.002ms
[labev] t=455121.351 ev.verify=11.162ms
[labev] t=455121.353 ev.finalize=1.614ms
[labev] t=455121.353 ev.propose=0.002ms
[labev] t=455121.364 ev.verify=11.219ms
[labev] t=455121.366 ev.finalize=1.649ms
[labev] t=455121.366 ev.propose=0.002ms
[labev] t=455121.378 ev.verify=11.300ms
[labev] t=455121.379 ev.finalize=1.610ms
[labev] t=455121.379 ev.propose=0.002ms
[labev] t=455121.391 ev.verify=11.225ms
[labev] t=455121.392 ev.finalize=1.615ms
[labev] t=455121.392 ev.propose=0.002ms
[labev] t=455121.403 ev.verify=11.021ms
[labev] t=455121.405 ev.finalize=1.641ms
[labev] t=455121.405 ev.propose=0.001ms
[labev] t=455121.416 ev.verify=11.229ms
[labev] t=455121.419 ev.finalize=2.297ms
[labev] t=455121.419 ev.propose=0.002ms
[labev] t=455121.430 ev.verify=11.258ms
[labev] t=455121.432 ev.finalize=1.639ms
[labev] t=455121.432 ev.propose=0.002ms
[labev] t=455121.443 ev.verify=11.161ms
[labev] t=455121.445 ev.finalize=1.617ms
[labev] t=455121.445 ev.propose=0.002ms
[labev] t=455121.456 ev.verify=10.993ms
[labev] t=455121.458 ev.finalize=1.521ms
[labev] t=455121.458 ev.propose=0.002ms
[labev] t=455121.469 ev.verify=11.146ms
[labev] t=455121.470 ev.finalize=1.632ms
[labev] t=455121.471 ev.propose=0.002ms
[labev] t=455121.482 ev.verify=11.063ms
[labev] t=455121.483 ev.finalize=1.637ms
[labev] t=455121.483 ev.propose=0.002ms
[labev] t=455121.495 ev.verify=11.273ms
[labev] t=455121.496 ev.finalize=1.622ms
[labev] t=455121.496 ev.propose=0.002ms
[labev] t=455121.508 ev.verify=11.222ms
[labev] t=455121.509 ev.finalize=1.636ms
[labev] t=455121.509 ev.propose=0.002ms
[labev] t=455121.521 ev.verify=11.162ms
[labev] t=455121.522 ev.finalize=1.617ms
[labev] t=455121.522 ev.propose=0.002ms
[labev] t=455121.534 ev.verify=11.077ms
[labev] t=455121.535 ev.finalize=1.624ms
[labev] t=455121.535 ev.propose=0.002ms
[labev] t=455121.547 ev.verify=11.228ms
[labev] t=455121.548 ev.finalize=1.641ms
[labev] t=455121.548 ev.propose=0.002ms
[labev] t=455121.560 ev.verify=11.259ms
[labev] t=455121.561 ev.finalize=1.625ms
[labev] t=455121.561 ev.propose=0.002ms
[labev] t=455121.573 ev.verify=11.271ms
[labev] t=455121.574 ev.finalize=1.635ms
[labev] t=455121.574 ev.propose=0.002ms
[labev] t=455121.586 ev.verify=11.370ms
[labev] t=455121.587 ev.finalize=1.507ms
[labev] t=455121.587 ev.propose=0.002ms
[labev] t=455121.599 ev.verify=11.196ms
[labev] t=455121.600 ev.finalize=1.711ms
[labev] t=455121.601 ev.propose=0.002ms
[labev] t=455121.612 ev.verify=11.076ms
[labev] t=455121.613 ev.finalize=1.637ms
[labev] t=455121.613 ev.propose=0.002ms
[labev] t=455121.625 ev.verify=11.390ms
[labev] t=455121.627 ev.finalize=1.649ms
[labev] t=455121.627 ev.propose=0.002ms
[labev] t=455121.638 ev.verify=11.250ms
[labev] t=455121.640 ev.finalize=2.268ms
[labev] t=455121.640 ev.propose=0.002ms
[labev] t=455121.652 ev.verify=11.495ms
[labev] t=455121.653 ev.finalize=1.636ms
[labev] t=455121.654 ev.propose=0.002ms
[labev] t=455121.665 ev.verify=11.140ms
[labev] t=455121.666 ev.finalize=1.625ms
[labev] t=455121.667 ev.propose=0.002ms
[labev] t=455121.678 ev.verify=11.299ms
[labev] t=455121.680 ev.finalize=1.635ms
[labev] t=455121.680 ev.propose=0.002ms
[labev] t=455121.691 ev.verify=11.167ms
[labev] t=455121.692 ev.finalize=1.618ms
[labev] t=455121.693 ev.propose=0.002ms
[labev] t=455121.704 ev.verify=11.366ms
[labev] t=455121.706 ev.finalize=1.667ms
[labev] t=455121.706 ev.propose=0.002ms
[labev] t=455121.717 ev.verify=11.195ms
[labev] t=455121.719 ev.finalize=2.160ms
[labev] t=455121.719 ev.propose=0.002ms
[labev] t=455121.730 ev.verify=11.117ms
[labev] t=455121.732 ev.finalize=1.815ms
[labev] t=455121.732 ev.propose=0.002ms
[labev] t=455121.743 ev.verify=11.069ms
[labev] t=455121.745 ev.finalize=1.512ms
[labev] t=455121.745 ev.propose=0.002ms
[labev] t=455121.756 ev.verify=11.104ms
[labev] t=455121.758 ev.finalize=1.666ms
[labev] t=455121.758 ev.propose=0.002ms
[labev] t=455121.769 ev.verify=11.199ms
[labev] t=455121.771 ev.finalize=1.635ms
[labev] t=455121.771 ev.propose=0.002ms
[labev] t=455121.782 ev.verify=11.321ms
[labev] t=455121.784 ev.finalize=1.513ms
[labev] t=455121.784 ev.propose=0.002ms
[labev] t=455121.795 ev.verify=11.147ms
[labev] t=455121.797 ev.finalize=1.617ms
[labev] t=455121.797 ev.propose=0.002ms
[labev] t=455121.808 ev.verify=11.195ms
[labev] t=455121.810 ev.finalize=1.614ms
[labev] t=455121.810 ev.propose=0.002ms
[labev] t=455121.821 ev.verify=11.387ms
[labev] t=455121.823 ev.finalize=1.585ms
[labev] t=455121.823 ev.propose=0.002ms
[labev] t=455121.834 ev.verify=11.183ms
[labev] t=455121.836 ev.finalize=1.621ms
[labev] t=455121.836 ev.propose=0.002ms
[labev] t=455121.847 ev.verify=11.320ms
[labev] t=455121.849 ev.finalize=1.624ms
[labev] t=455121.849 ev.propose=0.002ms
[labev] t=455121.860 ev.verify=11.275ms
[labev] t=455121.862 ev.finalize=1.633ms
[labev] t=455121.862 ev.propose=0.002ms
[labev] t=455121.874 ev.verify=11.268ms
[labev] t=455121.876 ev.finalize=2.284ms
[labev] t=455121.876 ev.propose=0.002ms
[labev] t=455121.887 ev.verify=11.235ms
[labev] t=455121.889 ev.finalize=1.631ms
[labev] t=455121.889 ev.propose=0.002ms
[labev] t=455121.900 ev.verify=11.385ms
[labev] t=455121.902 ev.finalize=1.616ms
[labev] t=455121.902 ev.propose=0.002ms
[labev] t=455121.913 ev.verify=11.073ms
[labev] t=455121.915 ev.finalize=1.622ms
[labev] t=455121.915 ev.propose=0.002ms
[labev] t=455121.926 ev.verify=11.196ms
[labev] t=455121.928 ev.finalize=1.605ms
[labev] t=455121.928 ev.propose=0.002ms
[labev] t=455121.939 ev.verify=11.201ms
[labev] t=455121.941 ev.finalize=1.634ms
[labev] t=455121.941 ev.propose=0.002ms
[labev] t=455121.952 ev.verify=11.153ms
[labev] t=455121.954 ev.finalize=1.619ms
[labev] t=455121.954 ev.propose=0.002ms
[labev] t=455121.965 ev.verify=11.014ms
[labev] t=455121.967 ev.finalize=1.645ms
[labev] t=455121.967 ev.propose=0.002ms
[labev] t=455121.978 ev.verify=11.225ms
[labev] t=455121.980 ev.finalize=1.509ms
[labev] t=455121.980 ev.propose=0.002ms
[labev] t=455121.991 ev.verify=11.205ms
[labev] t=455121.993 ev.finalize=1.622ms
[labev] t=455121.993 ev.propose=0.002ms
[labev] t=455122.004 ev.verify=11.310ms
[labev] t=455122.006 ev.finalize=1.600ms
[labev] t=455122.006 ev.propose=0.002ms
[labev] t=455122.017 ev.verify=11.053ms
[labev] t=455122.019 ev.finalize=1.625ms
[labev] t=455122.019 ev.propose=0.002ms
[labev] t=455122.030 ev.verify=11.163ms
[labev] t=455122.031 ev.finalize=1.601ms
[labev] t=455122.032 ev.propose=0.002ms
[labev] t=455122.043 ev.verify=11.139ms
[labev] t=455122.044 ev.finalize=1.636ms
[labev] t=455122.044 ev.propose=0.002ms
[labev] t=455122.056 ev.verify=11.356ms
[labev] t=455122.058 ev.finalize=1.644ms
[labev] t=455122.058 ev.propose=0.002ms
[labev] t=455122.069 ev.verify=11.388ms
[labev] t=455122.071 ev.finalize=1.642ms
[labev] t=455122.071 ev.propose=0.002ms
[labev] t=455122.082 ev.verify=11.396ms
[labev] t=455122.085 ev.finalize=2.276ms
[labev] t=455122.085 ev.propose=0.002ms
[labev] t=455122.096 ev.verify=11.317ms
[labev] t=455122.098 ev.finalize=1.616ms
[labev] t=455122.098 ev.propose=0.002ms
[labev] t=455122.109 ev.verify=11.198ms
[labev] t=455122.111 ev.finalize=1.627ms
[labev] t=455122.111 ev.propose=0.002ms
[labev] t=455122.122 ev.verify=11.268ms
[labev] t=455122.124 ev.finalize=1.632ms
[labev] t=455122.124 ev.propose=0.002ms
[labev] t=455122.135 ev.verify=11.136ms
[labev] t=455122.137 ev.finalize=1.635ms
[labev] t=455122.137 ev.propose=0.002ms
[labev] t=455122.148 ev.verify=11.398ms
[labev] t=455122.150 ev.finalize=1.605ms
[labev] t=455122.150 ev.propose=0.002ms
[labev] t=455122.161 ev.verify=11.062ms
[labev] t=455122.163 ev.finalize=1.624ms
[labev] t=455122.163 ev.propose=0.002ms
[labev] t=455122.174 ev.verify=11.416ms
[labev] t=455122.176 ev.finalize=1.634ms
[labev] t=455122.176 ev.propose=0.002ms
[labev] t=455122.187 ev.verify=11.000ms
[labev] t=455122.189 ev.finalize=1.679ms
[labev] t=455122.189 ev.propose=0.002ms
[labev] t=455122.200 ev.verify=11.215ms
[labev] t=455122.202 ev.finalize=1.637ms
[labev] t=455122.202 ev.propose=0.002ms
[labev] t=455122.213 ev.verify=11.226ms
[labev] t=455122.215 ev.finalize=1.627ms
[labev] t=455122.215 ev.propose=0.002ms
[labev] t=455122.226 ev.verify=11.372ms
[labev] t=455122.228 ev.finalize=1.628ms
[labev] t=455122.228 ev.propose=0.002ms
[labev] t=455122.239 ev.verify=11.153ms
[labev] t=455122.241 ev.finalize=1.608ms
[labev] t=455122.241 ev.propose=0.001ms
[labev] t=455122.252 ev.verify=11.355ms
[labev] t=455122.254 ev.finalize=1.642ms
[labev] t=455122.254 ev.propose=0.002ms
[labev] t=455122.265 ev.verify=11.400ms
[labev] t=455122.267 ev.finalize=1.693ms
[labev] t=455122.267 ev.propose=0.002ms
[labev] t=455122.279 ev.verify=11.235ms
[labev] t=455122.280 ev.finalize=1.657ms
[labev] t=455122.280 ev.propose=0.002ms
[labev] t=455122.292 ev.verify=11.251ms
[labev] t=455122.293 ev.finalize=1.514ms
[labev] t=455122.293 ev.propose=0.002ms
[labev] t=455122.305 ev.verify=11.185ms
[labev] t=455122.307 ev.finalize=2.056ms
[labev] t=455122.307 ev.propose=0.002ms
[labev] t=455122.318 ev.verify=11.183ms
[labev] t=455122.320 ev.finalize=1.537ms
[labev] t=455122.320 ev.propose=0.002ms
[labev] t=455122.331 ev.verify=11.063ms
[labev] t=455122.332 ev.finalize=1.628ms
[labev] t=455122.332 ev.propose=0.002ms
[labev] t=455122.344 ev.verify=11.215ms
[labev] t=455122.345 ev.finalize=1.735ms
[labev] t=455122.346 ev.propose=0.002ms
[labev] t=455122.357 ev.verify=11.128ms
[labev] t=455122.358 ev.finalize=1.511ms
[labev] t=455122.358 ev.propose=0.002ms
[labev] t=455122.369 ev.verify=11.097ms
[labev] t=455122.371 ev.finalize=1.520ms
[labev] t=455122.371 ev.propose=0.002ms
[labev] t=455122.382 ev.verify=11.299ms
[labev] t=455122.384 ev.finalize=1.630ms
[labev] t=455122.384 ev.propose=0.002ms
[labev] t=455122.395 ev.verify=11.196ms
[labev] t=455122.397 ev.finalize=1.618ms
[labev] t=455122.397 ev.propose=0.002ms
[labev] t=455122.409 ev.verify=11.328ms
[labev] t=455122.410 ev.finalize=1.653ms
[labev] t=455122.410 ev.propose=0.002ms
[labev] t=455122.422 ev.verify=11.309ms
[labev] t=455122.423 ev.finalize=1.623ms
[labev] t=455122.423 ev.propose=0.002ms
[labev] t=455122.435 ev.verify=11.369ms
[labev] t=455122.437 ev.finalize=1.653ms
[labev] t=455122.437 ev.propose=0.002ms
[labev] t=455122.448 ev.verify=11.226ms
[labev] t=455122.450 ev.finalize=1.636ms
[labev] t=455122.450 ev.propose=0.002ms
[labev] t=455122.461 ev.verify=11.193ms
[labev] t=455122.463 ev.finalize=1.604ms
[labev] t=455122.463 ev.propose=0.002ms
[labev] t=455122.474 ev.verify=11.336ms
[labev] t=455122.476 ev.finalize=1.623ms
[labev] t=455122.476 ev.propose=0.002ms
[labev] t=455122.487 ev.verify=11.109ms
[labev] t=455122.489 ev.finalize=1.625ms
[labev] t=455122.489 ev.propose=0.002ms
[labev] t=455122.500 ev.verify=11.284ms
[labev] t=455122.502 ev.finalize=1.614ms
[labev] t=455122.502 ev.propose=0.002ms
[labev] t=455122.513 ev.verify=11.033ms
[labev] t=455122.514 ev.finalize=1.637ms
[labev] t=455122.515 ev.propose=0.002ms
[labev] t=455122.526 ev.verify=11.389ms
[labev] t=455122.528 ev.finalize=1.653ms
[labev] t=455122.528 ev.propose=0.002ms
[labev] t=455122.539 ev.verify=11.235ms
[labev] t=455122.541 ev.finalize=2.272ms
[labev] t=455122.541 ev.propose=0.002ms
[labev] t=455122.553 ev.verify=11.167ms
[labev] t=455122.554 ev.finalize=1.645ms
[labev] t=455122.554 ev.propose=0.002ms
[labev] t=455122.566 ev.verify=11.416ms
[labev] t=455122.567 ev.finalize=1.648ms
[labev] t=455122.568 ev.propose=0.002ms
[labev] t=455122.579 ev.verify=11.163ms
[labev] t=455122.580 ev.finalize=1.619ms
[labev] t=455122.581 ev.propose=0.002ms
[labev] t=455122.592 ev.verify=11.337ms
[labev] t=455122.594 ev.finalize=1.617ms
[labev] t=455122.594 ev.propose=0.002ms
[labev] t=455122.605 ev.verify=11.418ms
[labev] t=455122.607 ev.finalize=1.535ms
[labev] t=455122.607 ev.propose=0.002ms
[labev] t=455122.618 ev.verify=11.330ms
[labev] t=455122.620 ev.finalize=1.627ms
[labev] t=455122.620 ev.propose=0.002ms
[labev] t=455122.631 ev.verify=11.331ms
[labev] t=455122.633 ev.finalize=1.660ms
[labev] t=455122.633 ev.propose=0.002ms
[labev] t=455122.644 ev.verify=11.400ms
[labev] t=455122.646 ev.finalize=1.638ms
[labev] t=455122.646 ev.propose=0.001ms
[labev] t=455122.657 ev.verify=11.190ms
[labev] t=455122.659 ev.finalize=1.645ms
[labev] t=455122.659 ev.propose=0.002ms
[labev] t=455122.671 ev.verify=11.409ms
[labev] t=455122.672 ev.finalize=1.654ms
[labev] t=455122.672 ev.propose=0.002ms
[labev] t=455122.684 ev.verify=11.061ms
[labev] t=455122.685 ev.finalize=1.634ms
[labev] t=455122.685 ev.propose=0.002ms
[labev] t=455122.696 ev.verify=11.054ms
[labev] t=455122.698 ev.finalize=1.677ms
[labev] t=455122.698 ev.propose=0.002ms
[labev] t=455122.710 ev.verify=11.331ms
[labev] t=455122.711 ev.finalize=1.531ms
[labev] t=455122.711 ev.propose=0.002ms
[labev] t=455122.722 ev.verify=11.169ms
[labev] t=455122.724 ev.finalize=1.635ms
[labev] t=455122.724 ev.propose=0.002ms
[labev] t=455122.736 ev.verify=11.398ms
[labev] t=455122.737 ev.finalize=1.650ms
[labev] t=455122.737 ev.propose=0.002ms
[labev] t=455122.749 ev.verify=11.220ms
[labev] t=455122.750 ev.finalize=1.651ms
[labev] t=455122.750 ev.propose=0.002ms
[labev] t=455122.762 ev.verify=11.364ms
[labev] t=455122.764 ev.finalize=2.280ms
[labev] t=455122.764 ev.propose=0.002ms
[labev] t=455122.776 ev.verify=11.254ms
[labev] t=455122.777 ev.finalize=1.635ms
[labev] t=455122.777 ev.propose=0.002ms
[labev] t=455122.789 ev.verify=11.206ms
[labev] t=455122.790 ev.finalize=1.636ms
[labev] t=455122.790 ev.propose=0.002ms
[labev] t=455122.802 ev.verify=11.466ms
[labev] t=455122.803 ev.finalize=1.660ms
[labev] t=455122.804 ev.propose=0.002ms
[labev] t=455122.815 ev.verify=11.393ms
[labev] t=455122.817 ev.finalize=1.628ms
[labev] t=455122.817 ev.propose=0.002ms
[labev] t=455122.828 ev.verify=11.167ms
[labev] t=455122.830 ev.finalize=1.666ms
[labev] t=455122.830 ev.propose=0.002ms
[labev] t=455122.841 ev.verify=11.316ms
[labev] t=455122.843 ev.finalize=1.644ms
[labev] t=455122.843 ev.propose=0.002ms
[labev] t=455122.854 ev.verify=11.426ms
[labev] t=455122.856 ev.finalize=1.512ms
[labev] t=455122.856 ev.propose=0.002ms
[labev] t=455122.867 ev.verify=11.281ms
[labev] t=455122.869 ev.finalize=1.657ms
[labev] t=455122.869 ev.propose=0.002ms
[labev] t=455122.880 ev.verify=11.274ms
[labev] t=455122.882 ev.finalize=1.513ms
[labev] t=455122.882 ev.propose=0.002ms
[labev] t=455122.893 ev.verify=11.263ms
[labev] t=455122.895 ev.finalize=1.679ms
[labev] t=455122.895 ev.propose=0.002ms
[labev] t=455122.906 ev.verify=11.290ms
[labev] t=455122.908 ev.finalize=1.546ms
[labev] t=455122.908 ev.propose=0.002ms
[labev] t=455122.919 ev.verify=11.343ms
[labev] t=455122.921 ev.finalize=1.504ms
[labev] t=455122.921 ev.propose=0.002ms
[labev] t=455122.932 ev.verify=11.223ms
[labev] t=455122.934 ev.finalize=1.643ms
[labev] t=455122.934 ev.propose=0.001ms
[labev] t=455122.945 ev.verify=11.118ms
[labev] t=455122.947 ev.finalize=1.637ms
[labev] t=455122.947 ev.propose=0.002ms
[labev] t=455122.958 ev.verify=11.203ms
[labev] t=455122.960 ev.finalize=1.632ms
[labev] t=455122.960 ev.propose=0.002ms
[labev] t=455122.971 ev.verify=11.409ms
[labev] t=455122.973 ev.finalize=1.527ms
[labev] t=455122.973 ev.propose=0.002ms
[labev] t=455122.984 ev.verify=11.218ms
[labev] t=455122.986 ev.finalize=1.629ms
[labev] t=455122.986 ev.propose=0.002ms
[labev] t=455122.997 ev.verify=11.132ms
[labev] t=455122.999 ev.finalize=1.738ms
[labev] t=455122.999 ev.propose=0.002ms
[labev] t=455123.010 ev.verify=11.313ms
[labev] t=455123.013 ev.finalize=2.346ms
[labev] t=455123.013 ev.propose=0.002ms
[labev] t=455123.024 ev.verify=11.514ms
[labev] t=455123.026 ev.finalize=1.647ms
[labev] t=455123.026 ev.propose=0.002ms
[labev] t=455123.037 ev.verify=11.175ms
[labev] t=455123.039 ev.finalize=1.642ms
[labev] t=455123.039 ev.propose=0.002ms
[labev] t=455123.050 ev.verify=11.173ms
[labev] t=455123.052 ev.finalize=1.752ms
[labev] t=455123.052 ev.propose=0.002ms
[labev] t=455123.064 ev.verify=11.463ms
[labev] t=455123.066 ev.finalize=1.744ms
[labev] t=455123.066 ev.propose=0.002ms
[labev] t=455123.077 ev.verify=11.184ms
[labev] t=455123.079 ev.finalize=1.635ms
[labev] t=455123.079 ev.propose=0.002ms
[labev] t=455123.090 ev.verify=11.123ms
[labev] t=455123.092 ev.finalize=1.667ms
[labev] t=455123.092 ev.propose=0.002ms
[labev] t=455123.103 ev.verify=11.076ms
[labev] t=455123.104 ev.finalize=1.645ms
[labev] t=455123.104 ev.propose=0.002ms
[labev] t=455123.116 ev.verify=11.199ms
[labev] t=455123.117 ev.finalize=1.620ms
[labev] t=455123.117 ev.propose=0.001ms
[labev] t=455123.129 ev.verify=11.117ms
[labev] t=455123.130 ev.finalize=1.637ms
[labev] t=455123.130 ev.propose=0.002ms
[labev] t=455123.142 ev.verify=11.370ms
[labev] t=455123.143 ev.finalize=1.658ms
[labev] t=455123.144 ev.propose=0.002ms
[labev] t=455123.155 ev.verify=11.241ms
[labev] t=455123.157 ev.finalize=1.647ms
[labev] t=455123.157 ev.propose=0.002ms
[labev] t=455123.168 ev.verify=11.385ms
[labev] t=455123.170 ev.finalize=1.637ms
[labev] t=455123.170 ev.propose=0.002ms
[labev] t=455123.181 ev.verify=11.406ms
[labev] t=455123.183 ev.finalize=1.652ms
[labev] t=455123.183 ev.propose=0.002ms
[labev] t=455123.195 ev.verify=11.477ms
[labev] t=455123.196 ev.finalize=1.638ms
[labev] t=455123.196 ev.propose=0.002ms
[labev] t=455123.208 ev.verify=11.354ms
[labev] t=455123.209 ev.finalize=1.688ms
[labev] t=455123.210 ev.propose=0.002ms
[labev] t=455123.221 ev.verify=11.184ms
[labev] t=455123.223 ev.finalize=2.308ms
[labev] t=455123.223 ev.propose=0.002ms
[labev] t=455123.235 ev.verify=11.373ms
[labev] t=455123.236 ev.finalize=1.648ms
[labev] t=455123.236 ev.propose=0.002ms
[labev] t=455123.248 ev.verify=11.115ms
[labev] t=455123.249 ev.finalize=1.671ms
[labev] t=455123.249 ev.propose=0.002ms
[labev] t=455123.261 ev.verify=11.418ms
[labev] t=455123.262 ev.finalize=1.635ms
[labev] t=455123.263 ev.propose=0.002ms
[labev] t=455123.274 ev.verify=11.417ms
[labev] t=455123.276 ev.finalize=1.553ms
[labev] t=455123.276 ev.propose=0.002ms
[labev] t=455123.287 ev.verify=11.400ms
[labev] t=455123.289 ev.finalize=1.649ms
[labev] t=455123.289 ev.propose=0.002ms
[labev] t=455123.300 ev.verify=11.227ms
[labev] t=455123.302 ev.finalize=1.628ms
[labev] t=455123.302 ev.propose=0.001ms
[labev] t=455123.313 ev.verify=11.327ms
[labev] t=455123.315 ev.finalize=1.656ms
[labev] t=455123.315 ev.propose=0.002ms
[labev] t=455123.326 ev.verify=11.277ms
[labev] t=455123.328 ev.finalize=1.647ms
[labev] t=455123.328 ev.propose=0.002ms
[labev] t=455123.339 ev.verify=11.248ms
[labev] t=455123.341 ev.finalize=1.641ms
[labev] t=455123.341 ev.propose=0.002ms
[labev] t=455123.352 ev.verify=11.207ms
[labev] t=455123.354 ev.finalize=1.665ms
[labev] t=455123.354 ev.propose=0.002ms
[labev] t=455123.365 ev.verify=11.289ms
[labev] t=455123.367 ev.finalize=1.627ms
[labev] t=455123.367 ev.propose=0.002ms
[labev] t=455123.378 ev.verify=11.124ms
[labev] t=455123.380 ev.finalize=1.637ms
[labev] t=455123.380 ev.propose=0.002ms
[labev] t=455123.392 ev.verify=11.464ms
[labev] t=455123.393 ev.finalize=1.650ms
[labev] t=455123.393 ev.propose=0.002ms
[labev] t=455123.405 ev.verify=11.425ms
[labev] t=455123.407 ev.finalize=1.629ms
[labev] t=455123.407 ev.propose=0.002ms
[labev] t=455123.418 ev.verify=11.294ms
[labev] t=455123.420 ev.finalize=1.636ms
[labev] t=455123.420 ev.propose=0.002ms
[labev] t=455123.431 ev.verify=11.398ms
[labev] t=455123.433 ev.finalize=1.550ms
[labev] t=455123.433 ev.propose=0.002ms
[labev] t=455123.444 ev.verify=11.290ms
[labev] t=455123.447 ev.finalize=2.266ms
[labev] t=455123.447 ev.propose=0.005ms
[labev] t=455123.459 ev.verify=11.884ms
[labev] t=455123.460 ev.finalize=1.727ms
[labev] t=455123.461 ev.propose=0.002ms
[labev] t=455123.472 ev.verify=11.545ms
[labev] t=455123.474 ev.finalize=1.707ms
[labev] t=455123.474 ev.propose=0.002ms
[labev] t=455123.485 ev.verify=11.362ms
[labev] t=455123.487 ev.finalize=1.758ms
[labev] t=455123.487 ev.propose=0.002ms
[labev] t=455123.499 ev.verify=11.356ms
[labev] t=455123.500 ev.finalize=1.686ms
[labev] t=455123.500 ev.propose=0.002ms
[labev] t=455123.512 ev.verify=11.432ms
[labev] t=455123.514 ev.finalize=1.706ms
[labev] t=455123.514 ev.propose=0.002ms
[labev] t=455123.525 ev.verify=11.418ms
[labev] t=455123.527 ev.finalize=1.669ms
[labev] t=455123.527 ev.propose=0.002ms
[labev] t=455123.538 ev.verify=11.376ms
[labev] t=455123.540 ev.finalize=1.678ms
[labev] t=455123.540 ev.propose=0.002ms
[labev] t=455123.552 ev.verify=11.466ms
[labev] t=455123.553 ev.finalize=1.697ms
[labev] t=455123.554 ev.propose=0.002ms
[labev] t=455123.565 ev.verify=11.269ms
[labev] t=455123.567 ev.finalize=1.636ms
[labev] t=455123.567 ev.propose=0.002ms
[labev] t=455123.578 ev.verify=11.316ms
[labev] t=455123.580 ev.finalize=1.648ms
[labev] t=455123.580 ev.propose=0.002ms
[labev] t=455123.591 ev.verify=11.136ms
[labev] t=455123.593 ev.finalize=1.639ms
[labev] t=455123.593 ev.propose=0.002ms
[labev] t=455123.604 ev.verify=11.453ms
[labev] t=455123.606 ev.finalize=1.660ms
[labev] t=455123.606 ev.propose=0.002ms
[labev] t=455123.617 ev.verify=11.361ms
[labev] t=455123.619 ev.finalize=1.654ms
[labev] t=455123.619 ev.propose=0.002ms
[labev] t=455123.630 ev.verify=11.128ms
[labev] t=455123.632 ev.finalize=1.659ms
[labev] t=455123.632 ev.propose=0.002ms
[labev] t=455123.644 ev.verify=11.443ms
[labev] t=455123.645 ev.finalize=1.640ms
[labev] t=455123.645 ev.propose=0.002ms
[labev] t=455123.657 ev.verify=11.336ms
[labev] t=455123.659 ev.finalize=2.324ms
[labev] t=455123.659 ev.propose=0.002ms
[labev] t=455123.671 ev.verify=11.388ms
[labev] t=455123.672 ev.finalize=1.663ms
[labev] t=455123.672 ev.propose=0.002ms
[labev] t=455123.684 ev.verify=11.369ms
[labev] t=455123.685 ev.finalize=1.666ms
[labev] t=455123.686 ev.propose=0.002ms
[labev] t=455123.697 ev.verify=11.212ms
[labev] t=455123.698 ev.finalize=1.581ms
[labev] t=455123.699 ev.propose=0.002ms
[labev] t=455123.710 ev.verify=11.136ms
[labev] t=455123.711 ev.finalize=1.642ms
[labev] t=455123.711 ev.propose=0.002ms
[labev] t=455123.723 ev.verify=11.350ms
[labev] t=455123.725 ev.finalize=1.692ms
[labev] t=455123.725 ev.propose=0.002ms
[labev] t=455123.736 ev.verify=11.288ms
[labev] t=455123.738 ev.finalize=1.538ms
[labev] t=455123.738 ev.propose=0.002ms
[labev] t=455123.749 ev.verify=11.314ms
[labev] t=455123.751 ev.finalize=1.685ms
[labev] t=455123.751 ev.propose=0.002ms
[labev] t=455123.762 ev.verify=11.205ms
[labev] t=455123.764 ev.finalize=1.649ms
[labev] t=455123.764 ev.propose=0.002ms
[labev] t=455123.775 ev.verify=11.439ms
[labev] t=455123.777 ev.finalize=1.734ms
[labev] t=455123.777 ev.propose=0.002ms
[labev] t=455123.789 ev.verify=11.350ms
[labev] t=455123.790 ev.finalize=1.640ms
[labev] t=455123.790 ev.propose=0.002ms
[labev] t=455123.802 ev.verify=11.270ms
[labev] t=455123.803 ev.finalize=1.657ms
[labev] t=455123.803 ev.propose=0.002ms
[labev] t=455123.815 ev.verify=11.181ms
[labev] t=455123.816 ev.finalize=1.530ms
[labev] t=455123.816 ev.propose=0.002ms
[labev] t=455123.828 ev.verify=11.285ms
[labev] t=455123.829 ev.finalize=1.656ms
[labev] t=455123.829 ev.propose=0.002ms
[labev] t=455123.841 ev.verify=11.202ms
[labev] t=455123.842 ev.finalize=1.663ms
[labev] t=455123.842 ev.propose=0.002ms
[labev] t=455123.854 ev.verify=11.528ms
[labev] t=455123.856 ev.finalize=1.654ms
[labev] t=455123.856 ev.propose=0.002ms
[labev] t=455123.867 ev.verify=11.341ms
[labev] t=455123.869 ev.finalize=1.664ms
[labev] t=455123.869 ev.propose=0.002ms
[labev] t=455123.880 ev.verify=11.280ms
[labev] t=455123.883 ev.finalize=2.338ms
[labev] t=455123.883 ev.propose=0.002ms
[labev] t=455123.894 ev.verify=11.348ms
[labev] t=455123.896 ev.finalize=1.662ms
[labev] t=455123.896 ev.propose=0.002ms
[labev] t=455123.907 ev.verify=11.220ms
[labev] t=455123.909 ev.finalize=1.681ms
[labev] t=455123.909 ev.propose=0.002ms
[labev] t=455123.920 ev.verify=11.446ms
[labev] t=455123.922 ev.finalize=1.649ms
[labev] t=455123.922 ev.propose=0.002ms
[labev] t=455123.934 ev.verify=11.349ms
[labev] t=455123.935 ev.finalize=1.655ms
[labev] t=455123.935 ev.propose=0.002ms
[labev] t=455123.947 ev.verify=11.229ms
[labev] t=455123.948 ev.finalize=1.654ms
[labev] t=455123.948 ev.propose=0.002ms
[labev] t=455123.960 ev.verify=11.515ms
[labev] t=455123.962 ev.finalize=1.668ms
[labev] t=455123.962 ev.propose=0.002ms
[labev] t=455123.973 ev.verify=11.505ms
[labev] t=455123.975 ev.finalize=1.650ms
[labev] t=455123.975 ev.propose=0.002ms
[labev] t=455123.986 ev.verify=11.185ms
[labev] t=455123.988 ev.finalize=1.673ms
[labev] t=455123.988 ev.propose=0.002ms
[labev] t=455123.999 ev.verify=11.224ms
[labev] t=455124.001 ev.finalize=1.654ms
[labev] t=455124.001 ev.propose=0.002ms
[labev] t=455124.012 ev.verify=11.221ms
[labev] t=455124.014 ev.finalize=1.683ms
[labev] t=455124.014 ev.propose=0.002ms
[labev] t=455124.026 ev.verify=11.451ms
[labev] t=455124.027 ev.finalize=1.672ms
[labev] t=455124.027 ev.propose=0.002ms
[labev] t=455124.039 ev.verify=11.487ms
[labev] t=455124.041 ev.finalize=1.655ms
[labev] t=455124.041 ev.propose=0.002ms
[labev] t=455124.052 ev.verify=11.351ms
[labev] t=455124.054 ev.finalize=1.649ms
[labev] t=455124.054 ev.propose=0.002ms
[labev] t=455124.065 ev.verify=11.333ms
[labev] t=455124.067 ev.finalize=1.538ms
[labev] t=455124.067 ev.propose=0.002ms
[labev] t=455124.078 ev.verify=11.328ms
[labev] t=455124.080 ev.finalize=1.607ms
[labev] t=455124.080 ev.propose=0.002ms
[labev] t=455124.092 ev.verify=11.498ms
[labev] t=455124.093 ev.finalize=1.668ms
[labev] t=455124.093 ev.propose=0.002ms
[labev] t=455124.105 ev.verify=11.397ms
[labev] t=455124.107 ev.finalize=1.652ms
[labev] t=455124.107 ev.propose=0.002ms
[labev] t=455124.118 ev.verify=11.456ms
[labev] t=455124.120 ev.finalize=2.226ms
[labev] t=455124.120 ev.propose=0.002ms
[labev] t=455124.132 ev.verify=11.421ms
[labev] t=455124.134 ev.finalize=1.643ms
[labev] t=455124.134 ev.propose=0.002ms
[labev] t=455124.145 ev.verify=11.504ms
[labev] t=455124.147 ev.finalize=1.530ms
[labev] t=455124.147 ev.propose=0.002ms
[labev] t=455124.159 ev.verify=11.594ms
[labev] t=455124.160 ev.finalize=1.644ms
[labev] t=455124.160 ev.propose=0.002ms
[labev] t=455124.171 ev.verify=11.120ms
[labev] t=455124.173 ev.finalize=1.653ms
[labev] t=455124.173 ev.propose=0.002ms
[labev] t=455124.185 ev.verify=11.383ms
[labev] t=455124.186 ev.finalize=1.689ms
[labev] t=455124.186 ev.propose=0.002ms
[labev] t=455124.198 ev.verify=11.294ms
[labev] t=455124.199 ev.finalize=1.606ms
[labev] t=455124.200 ev.propose=0.002ms
[labev] t=455124.211 ev.verify=11.271ms
[labev] t=455124.213 ev.finalize=1.667ms
[labev] t=455124.213 ev.propose=0.002ms
[labev] t=455124.229 ev.verify=16.197ms
[labev] t=455124.231 ev.finalize=1.774ms
[labev] t=455127.838 req.start s1-p4096-o512-b1-r0=0.000ms
[labev] t=455127.838 req.handle=0.034ms
[labev] t=455127.859 tok.prepare=21.240ms
event=batching_admitted action=scheduler_admitted
[labprof] d0.performDecode.call=135.264ms/n32 f0.finalize.total=1.666ms/n552 f1.finalize.build=0.481ms/n552 f2.finalize.eval=1.149ms/n552 fc.finalize.call=1.671ms/n552 o1.ord.build=1.150ms/n511 o2.ord.eval=7.293ms/n511 p0.propose=0.002ms/n552 r0.round.interval=13.129ms/n550 s1.native.prefill.target=69.896ms/n9 s1.ord.prefill.target=36.771ms/n9 s2.native.prefill.drafter+eval=212.730ms/n9 s2.ord.prefill.eval=231.859ms/n8 s9.native.prefill.chunk.total=282.596ms/n10 s9.ord.prefill.chunk.total=272.885ms/n8 v0.verify.call=11.315ms/n552 v1.verify.build=0.873ms/n552 v2.verify.eval=10.334ms/n552
[labev] t=455128.163 chunk.ord.total=304.054ms
[labev] t=455128.416 chunk.ord.total=252.947ms
[labev] t=455128.672 chunk.ord.total=255.300ms
[labev] t=455128.930 chunk.ord.total=257.807ms
[labev] t=455129.191 chunk.ord.total=260.906ms
[labev] t=455129.454 chunk.ord.total=263.635ms
[labev] t=455129.720 chunk.ord.total=265.926ms
[labev] t=455130.027 chunk.ord.total=306.681ms
[labev] t=455130.027 req.firsttoken s1-p4096-o512-b1-r0=2189.658ms
[labev] t=455130.163 ev.decode.rows1.cap0=136.100ms
[labev] t=455130.299 ev.decode.rows1.cap0=135.498ms
[labev] t=455130.435 ev.decode.rows1.cap0=135.525ms
[labev] t=455130.570 ev.decode.rows1.cap0=135.815ms
[labev] t=455130.706 ev.decode.rows1.cap0=135.479ms
[labev] t=455130.842 ev.decode.rows1.cap0=135.590ms
[labev] t=455130.977 ev.decode.rows1.cap0=135.502ms
[labev] t=455131.113 ev.decode.rows1.cap0=135.280ms
[labev] t=455131.248 ev.decode.rows1.cap0=135.467ms
[labev] t=455131.384 ev.decode.rows1.cap0=135.600ms
[labev] t=455131.530 ev.decode.rows1.cap0=146.246ms
[labev] t=455131.697 ev.decode.rows1.cap0=167.045ms
[labev] t=455131.874 ev.decode.rows1.cap0=176.781ms
[labev] t=455132.051 ev.decode.rows1.cap0=176.984ms
[labev] t=455132.203 ev.decode.rows1.cap0=151.835ms
[labev] t=455132.339 ev.decode.rows1.cap0=135.908ms
[labev] t=455132.475 ev.decode.rows1.cap0=135.838ms
[labev] t=455132.611 ev.decode.rows1.cap0=135.670ms
[labev] t=455132.747 ev.decode.rows1.cap0=135.984ms
[labev] t=455132.883 ev.decode.rows1.cap0=136.046ms
[labev] t=455133.019 ev.decode.rows1.cap0=135.604ms
[labev] t=455133.155 ev.decode.rows1.cap0=135.710ms
[labev] t=455133.293 ev.decode.rows1.cap0=137.530ms
[labev] t=455133.429 ev.decode.rows1.cap0=135.924ms
[labev] t=455133.564 ev.decode.rows1.cap0=135.403ms
[labev] t=455133.700 ev.decode.rows1.cap0=135.528ms
[labev] t=455133.836 ev.decode.rows1.cap0=135.800ms
[labev] t=455133.972 ev.decode.rows1.cap0=136.002ms
[labev] t=455134.108 ev.decode.rows1.cap0=135.694ms
[labev] t=455134.243 ev.decode.rows1.cap0=135.768ms
[labev] t=455134.379 ev.decode.rows1.cap0=135.844ms
[labev] t=455134.507 ev.decode.rows1.cap0=127.481ms
[labev] t=455134.508 req.start s1-p4096-o512-b1-r0=0.000ms
[labev] t=455134.508 req.handle=0.017ms
[labev] t=455134.529 tok.prepare=21.004ms
event=batching_admitted action=scheduler_admitted
[labev] t=455134.795 chunk.native.total=265.304ms
[labev] t=455135.061 chunk.native.total=266.427ms
[labev] t=455135.331 chunk.native.total=269.932ms
[labev] t=455135.603 chunk.native.total=271.893ms
[labev] t=455135.878 chunk.native.total=274.740ms
[labev] t=455136.157 chunk.native.total=279.187ms
[labev] t=455136.440 chunk.native.total=283.198ms
[labev] t=455136.757 chunk.native.total=316.828ms
[labev] t=455136.757 req.firsttoken s1-p4096-o512-b1-r0=2249.464ms
[labev] t=455136.757 ev.propose=0.003ms
[labev] t=455136.775 ev.verify=17.912ms
[labev] t=455136.777 ev.finalize=1.692ms
[labev] t=455136.777 ev.propose=0.076ms
[labev] t=455136.789 ev.verify=11.530ms
[labev] t=455136.791 ev.finalize=1.641ms
[labev] t=455136.791 ev.propose=0.051ms
[labev] t=455136.802 ev.verify=11.259ms
[labev] t=455136.804 ev.finalize=1.647ms
[labev] t=455136.804 ev.propose=0.059ms
[labev] t=455136.815 ev.verify=11.194ms
[labev] t=455136.817 ev.finalize=1.618ms
[labev] t=455136.817 ev.propose=0.055ms
[labev] t=455136.828 ev.verify=11.288ms
[labev] t=455136.830 ev.finalize=1.614ms
[labev] t=455136.830 ev.propose=0.065ms
[labev] t=455136.841 ev.verify=11.335ms
[labev] t=455136.843 ev.finalize=1.646ms
[labev] t=455136.843 ev.propose=0.047ms
[labev] t=455136.855 ev.verify=11.422ms
[labev] t=455136.856 ev.finalize=1.643ms
[labev] t=455136.857 ev.propose=0.054ms
[labev] t=455136.868 ev.verify=11.271ms
[labev] t=455136.870 ev.finalize=1.642ms
[labev] t=455136.870 ev.propose=0.049ms
[labev] t=455136.881 ev.verify=11.031ms
[labev] t=455136.883 ev.finalize=2.289ms
[labev] t=455136.883 ev.propose=0.060ms
[labev] t=455136.895 ev.verify=11.356ms
[labev] t=455136.896 ev.finalize=1.635ms
[labev] t=455136.896 ev.propose=0.060ms
[labev] t=455136.908 ev.verify=11.214ms
[labev] t=455136.909 ev.finalize=1.662ms
[labev] t=455136.910 ev.propose=0.053ms
[labev] t=455136.921 ev.verify=11.219ms
[labev] t=455136.923 ev.finalize=1.708ms
[labev] t=455136.923 ev.propose=0.063ms
[labev] t=455136.934 ev.verify=11.145ms
[labev] t=455136.935 ev.finalize=1.521ms
[labev] t=455136.936 ev.propose=0.065ms
[labev] t=455136.947 ev.verify=11.165ms
[labev] t=455136.949 ev.finalize=1.655ms
[labev] t=455136.949 ev.propose=0.002ms
[labev] t=455136.960 ev.verify=11.334ms
[labev] t=455136.962 ev.finalize=1.578ms
[labev] t=455136.962 ev.propose=0.002ms
[labev] t=455136.973 ev.verify=11.327ms
[labev] t=455136.975 ev.finalize=1.642ms
[labev] t=455136.975 ev.propose=0.070ms
[labev] t=455136.986 ev.verify=11.173ms
[labev] t=455136.988 ev.finalize=1.634ms
[labev] t=455136.988 ev.propose=0.070ms
[labev] t=455136.999 ev.verify=11.162ms
[labev] t=455137.001 ev.finalize=1.633ms
[labev] t=455137.001 ev.propose=0.060ms
[labev] t=455137.012 ev.verify=11.052ms
[labev] t=455137.014 ev.finalize=1.620ms
[labev] t=455137.014 ev.propose=0.056ms
[labev] t=455137.025 ev.verify=11.182ms
[labev] t=455137.027 ev.finalize=1.653ms
[labev] t=455137.027 ev.propose=0.002ms
[labev] t=455137.038 ev.verify=11.197ms
[labev] t=455137.040 ev.finalize=1.640ms
[labev] t=455137.040 ev.propose=0.002ms
[labev] t=455137.051 ev.verify=11.239ms
[labev] t=455137.053 ev.finalize=1.644ms
[labev] t=455137.053 ev.propose=0.062ms
[labev] t=455137.064 ev.verify=11.289ms
[labev] t=455137.066 ev.finalize=1.652ms
[labev] t=455137.066 ev.propose=0.002ms
[labev] t=455137.077 ev.verify=11.188ms
[labev] t=455137.079 ev.finalize=1.670ms
[labev] t=455137.079 ev.propose=0.002ms
[labev] t=455137.090 ev.verify=11.187ms
[labev] t=455137.092 ev.finalize=1.684ms
[labev] t=455137.092 ev.propose=0.002ms
[labev] t=455137.103 ev.verify=11.272ms
[labev] t=455137.106 ev.finalize=2.272ms
[labev] t=455137.106 ev.propose=0.002ms
[labev] t=455137.117 ev.verify=11.284ms
[labev] t=455137.119 ev.finalize=1.641ms
[labev] t=455137.119 ev.propose=0.002ms
[labev] t=455137.130 ev.verify=11.220ms
[labev] t=455137.132 ev.finalize=1.759ms
[labev] t=455137.132 ev.propose=0.002ms
[labev] t=455137.143 ev.verify=11.196ms
[labev] t=455137.145 ev.finalize=1.629ms
[labev] t=455137.145 ev.propose=0.002ms
[labev] t=455137.156 ev.verify=11.209ms
[labev] t=455137.158 ev.finalize=1.656ms
[labev] t=455137.158 ev.propose=0.002ms
[labev] t=455137.169 ev.verify=11.231ms
[labev] t=455137.171 ev.finalize=1.630ms
[labev] t=455137.171 ev.propose=0.002ms
[labev] t=455137.182 ev.verify=11.233ms
[labev] t=455137.184 ev.finalize=1.637ms
[labev] t=455137.184 ev.propose=0.002ms
[labev] t=455137.195 ev.verify=11.254ms
[labev] t=455137.197 ev.finalize=1.620ms
[labev] t=455137.197 ev.propose=0.002ms
[labev] t=455137.209 ev.verify=11.349ms
[labev] t=455137.210 ev.finalize=1.678ms
[labev] t=455137.210 ev.propose=0.002ms
[labev] t=455137.222 ev.verify=11.189ms
[labev] t=455137.223 ev.finalize=1.627ms
[labev] t=455137.223 ev.propose=0.002ms
[labev] t=455137.235 ev.verify=11.209ms
[labev] t=455137.236 ev.finalize=1.615ms
[labev] t=455137.236 ev.propose=0.002ms
[labev] t=455137.248 ev.verify=11.466ms
[labev] t=455137.250 ev.finalize=1.652ms
[labev] t=455137.250 ev.propose=0.002ms
[labev] t=455137.261 ev.verify=11.404ms
[labev] t=455137.263 ev.finalize=1.615ms
[labev] t=455137.263 ev.propose=0.002ms
[labev] t=455137.274 ev.verify=11.263ms
[labev] t=455137.276 ev.finalize=1.624ms
[labev] t=455137.276 ev.propose=0.002ms
[labev] t=455137.287 ev.verify=11.051ms
[labev] t=455137.289 ev.finalize=1.649ms
[labev] t=455137.289 ev.propose=0.002ms
[labev] t=455137.300 ev.verify=11.176ms
[labev] t=455137.302 ev.finalize=1.616ms
[labev] t=455137.302 ev.propose=0.002ms
[labev] t=455137.313 ev.verify=11.369ms
[labev] t=455137.315 ev.finalize=2.266ms
[labev] t=455137.315 ev.propose=0.002ms
[labev] t=455137.327 ev.verify=11.436ms
[labev] t=455137.329 ev.finalize=1.631ms
[labev] t=455137.329 ev.propose=0.002ms
[labev] t=455137.340 ev.verify=11.295ms
[labev] t=455137.342 ev.finalize=1.634ms
[labev] t=455137.342 ev.propose=0.002ms
[labev] t=455137.353 ev.verify=11.058ms
[labev] t=455137.355 ev.finalize=1.618ms
[labev] t=455137.355 ev.propose=0.002ms
[labev] t=455137.366 ev.verify=11.124ms
[labev] t=455137.367 ev.finalize=1.639ms
[labev] t=455137.368 ev.propose=0.002ms
[labev] t=455137.379 ev.verify=11.312ms
[labev] t=455137.381 ev.finalize=1.593ms
[labev] t=455137.381 ev.propose=0.002ms
[labev] t=455137.392 ev.verify=11.154ms
[labev] t=455137.394 ev.finalize=1.653ms
[labev] t=455137.394 ev.propose=0.002ms
[labev] t=455137.405 ev.verify=11.299ms
[labev] t=455137.407 ev.finalize=1.652ms
[labev] t=455137.407 ev.propose=0.002ms
[labev] t=455137.418 ev.verify=11.242ms
[labev] t=455137.420 ev.finalize=1.660ms
[labev] t=455137.420 ev.propose=0.002ms
[labev] t=455137.431 ev.verify=11.266ms
[labev] t=455137.433 ev.finalize=1.612ms
[labev] t=455137.433 ev.propose=0.002ms
[labev] t=455137.444 ev.verify=11.220ms
[labev] t=455137.446 ev.finalize=1.661ms
[labev] t=455137.446 ev.propose=0.002ms
[labev] t=455137.457 ev.verify=11.184ms
[labev] t=455137.459 ev.finalize=1.645ms
[labev] t=455137.459 ev.propose=0.002ms
[labev] t=455137.470 ev.verify=11.227ms
[labev] t=455137.472 ev.finalize=1.626ms
[labev] t=455137.472 ev.propose=0.002ms
[labev] t=455137.483 ev.verify=11.240ms
[labev] t=455137.485 ev.finalize=1.634ms
[labev] t=455137.485 ev.propose=0.002ms
[labev] t=455137.496 ev.verify=11.183ms
[labev] t=455137.498 ev.finalize=1.608ms
[labev] t=455137.498 ev.propose=0.002ms
[labev] t=455137.509 ev.verify=11.294ms
[labev] t=455137.511 ev.finalize=1.645ms
[labev] t=455137.511 ev.propose=0.002ms
[labev] t=455137.522 ev.verify=11.328ms
[labev] t=455137.525 ev.finalize=2.281ms
[labev] t=455137.525 ev.propose=0.002ms
[labev] t=455137.536 ev.verify=11.247ms
[labev] t=455137.538 ev.finalize=1.634ms
[labev] t=455137.538 ev.propose=0.002ms
[labev] t=455137.549 ev.verify=11.180ms
[labev] t=455137.551 ev.finalize=1.641ms
[labev] t=455137.551 ev.propose=0.002ms
[labev] t=455137.562 ev.verify=11.432ms
[labev] t=455137.564 ev.finalize=1.642ms
[labev] t=455137.564 ev.propose=0.002ms
[labev] t=455137.575 ev.verify=11.074ms
[labev] t=455137.577 ev.finalize=1.639ms
[labev] t=455137.577 ev.propose=0.002ms
[labev] t=455137.588 ev.verify=11.396ms
[labev] t=455137.590 ev.finalize=1.667ms
[labev] t=455137.590 ev.propose=0.002ms
[labev] t=455137.601 ev.verify=11.180ms
[labev] t=455137.603 ev.finalize=1.658ms
[labev] t=455137.603 ev.propose=0.002ms
[labev] t=455137.614 ev.verify=11.260ms
[labev] t=455137.616 ev.finalize=1.611ms
[labev] t=455137.616 ev.propose=0.002ms
[labev] t=455137.627 ev.verify=11.015ms
[labev] t=455137.629 ev.finalize=1.600ms
[labev] t=455137.629 ev.propose=0.002ms
[labev] t=455137.640 ev.verify=11.312ms
[labev] t=455137.642 ev.finalize=1.595ms
[labev] t=455137.642 ev.propose=0.002ms
[labev] t=455137.653 ev.verify=11.363ms
[labev] t=455137.655 ev.finalize=1.617ms
[labev] t=455137.655 ev.propose=0.002ms
[labev] t=455137.666 ev.verify=11.239ms
[labev] t=455137.668 ev.finalize=1.615ms
[labev] t=455137.668 ev.propose=0.002ms
[labev] t=455137.679 ev.verify=11.281ms
[labev] t=455137.681 ev.finalize=1.599ms
[labev] t=455137.681 ev.propose=0.002ms
[labev] t=455137.692 ev.verify=11.063ms
[labev] t=455137.694 ev.finalize=1.609ms
[labev] t=455137.694 ev.propose=0.002ms
[labev] t=455137.705 ev.verify=11.155ms
[labev] t=455137.707 ev.finalize=1.613ms
[labev] t=455137.707 ev.propose=0.002ms
[labev] t=455137.718 ev.verify=11.211ms
[labev] t=455137.720 ev.finalize=1.600ms
[labev] t=455137.720 ev.propose=0.002ms
[labev] t=455137.731 ev.verify=11.254ms
[labev] t=455137.733 ev.finalize=2.271ms
[labev] t=455137.734 ev.propose=0.002ms
[labev] t=455137.745 ev.verify=11.352ms
[labev] t=455137.747 ev.finalize=1.682ms
[labev] t=455137.749 ev.propose=0.002ms
[labev] t=455137.760 ev.verify=11.331ms
[labev] t=455137.762 ev.finalize=1.634ms
[labev] t=455137.762 ev.propose=0.002ms
[labev] t=455137.773 ev.verify=11.391ms
[labev] t=455137.775 ev.finalize=1.635ms
[labev] t=455137.775 ev.propose=0.002ms
[labev] t=455137.786 ev.verify=11.271ms
[labev] t=455137.788 ev.finalize=1.607ms
[labev] t=455137.788 ev.propose=0.002ms
[labev] t=455137.800 ev.verify=11.422ms
[labev] t=455137.801 ev.finalize=1.625ms
[labev] t=455137.801 ev.propose=0.002ms
[labev] t=455137.813 ev.verify=11.175ms
[labev] t=455137.814 ev.finalize=1.631ms
[labev] t=455137.814 ev.propose=0.002ms
[labev] t=455137.826 ev.verify=11.285ms
[labev] t=455137.827 ev.finalize=1.610ms
[labev] t=455137.827 ev.propose=0.002ms
[labev] t=455137.839 ev.verify=11.170ms
[labev] t=455137.840 ev.finalize=1.621ms
[labev] t=455137.840 ev.propose=0.002ms
[labev] t=455137.852 ev.verify=11.191ms
[labev] t=455137.853 ev.finalize=1.606ms
[labev] t=455137.853 ev.propose=0.002ms
[labev] t=455137.865 ev.verify=11.270ms
[labev] t=455137.866 ev.finalize=1.627ms
[labev] t=455137.866 ev.propose=0.002ms
[labev] t=455137.878 ev.verify=11.165ms
[labev] t=455137.879 ev.finalize=1.611ms
[labev] t=455137.879 ev.propose=0.002ms
[labev] t=455137.890 ev.verify=11.052ms
[labev] t=455137.892 ev.finalize=1.512ms
[labev] t=455137.892 ev.propose=0.002ms
[labev] t=455137.903 ev.verify=11.167ms
[labev] t=455137.905 ev.finalize=1.492ms
[labev] t=455137.905 ev.propose=0.002ms
[labev] t=455137.916 ev.verify=11.264ms
[labev] t=455137.918 ev.finalize=1.513ms
[labev] t=455137.918 ev.propose=0.002ms
[labev] t=455137.929 ev.verify=11.179ms
[labev] t=455137.931 ev.finalize=1.624ms
[labev] t=455137.931 ev.propose=0.002ms
[labev] t=455137.942 ev.verify=11.043ms
[labev] t=455137.943 ev.finalize=1.610ms
[labev] t=455137.944 ev.propose=0.002ms
[labev] t=455137.955 ev.verify=11.165ms
[labev] t=455137.956 ev.finalize=1.614ms
[labev] t=455137.957 ev.propose=0.002ms
[labev] t=455137.969 ev.verify=12.249ms
[labev] t=455137.971 ev.finalize=2.289ms
[labev] t=455137.971 ev.propose=0.002ms
[labev] t=455137.982 ev.verify=11.126ms
[labev] t=455137.984 ev.finalize=1.503ms
[labev] t=455137.984 ev.propose=0.002ms
[labev] t=455137.995 ev.verify=11.275ms
[labev] t=455137.997 ev.finalize=1.622ms
[labev] t=455137.997 ev.propose=0.002ms
[labev] t=455138.008 ev.verify=11.297ms
[labev] t=455138.010 ev.finalize=1.505ms
[labev] t=455138.010 ev.propose=0.002ms
[labev] t=455138.021 ev.verify=11.074ms
[labev] t=455138.023 ev.finalize=1.629ms
[labev] t=455138.023 ev.propose=0.002ms
[labev] t=455138.034 ev.verify=11.173ms
[labev] t=455138.036 ev.finalize=1.730ms
[labev] t=455138.036 ev.propose=0.002ms
[labev] t=455138.047 ev.verify=11.253ms
[labev] t=455138.049 ev.finalize=1.623ms
[labev] t=455138.049 ev.propose=0.002ms
[labev] t=455138.060 ev.verify=11.098ms
[labev] t=455138.062 ev.finalize=1.621ms
[labev] t=455138.062 ev.propose=0.002ms
[labev] t=455138.073 ev.verify=11.243ms
[labev] t=455138.075 ev.finalize=1.631ms
[labev] t=455138.075 ev.propose=0.002ms
[labev] t=455138.086 ev.verify=11.261ms
[labev] t=455138.088 ev.finalize=1.639ms
[labev] t=455138.088 ev.propose=0.002ms
[labev] t=455138.099 ev.verify=11.315ms
[labev] t=455138.101 ev.finalize=1.618ms
[labev] t=455138.101 ev.propose=0.002ms
[labev] t=455138.112 ev.verify=11.288ms
[labev] t=455138.114 ev.finalize=1.610ms
[labev] t=455138.114 ev.propose=0.002ms
[labev] t=455138.125 ev.verify=11.242ms
[labev] t=455138.127 ev.finalize=1.615ms
[labev] t=455138.127 ev.propose=0.002ms
[labev] t=455138.138 ev.verify=11.117ms
[labev] t=455138.140 ev.finalize=1.603ms
[labev] t=455138.140 ev.propose=0.002ms
[labev] t=455138.151 ev.verify=11.326ms
[labev] t=455138.153 ev.finalize=1.663ms
[labev] t=455138.153 ev.propose=0.002ms
[labev] t=455138.164 ev.verify=11.151ms
[labev] t=455138.166 ev.finalize=1.627ms
[labev] t=455138.166 ev.propose=0.002ms
[labev] t=455138.177 ev.verify=11.108ms
[labev] t=455138.179 ev.finalize=1.628ms
[labev] t=455138.179 ev.propose=0.002ms
[labev] t=455138.190 ev.verify=11.187ms
[labev] t=455138.192 ev.finalize=2.240ms
[labev] t=455138.193 ev.propose=0.002ms
[labev] t=455138.204 ev.verify=11.232ms
[labev] t=455138.205 ev.finalize=1.640ms
[labev] t=455138.206 ev.propose=0.002ms
[labev] t=455138.217 ev.verify=11.333ms
[labev] t=455138.219 ev.finalize=1.607ms
[labev] t=455138.219 ev.propose=0.002ms
[labev] t=455138.230 ev.verify=11.095ms
[labev] t=455138.231 ev.finalize=1.674ms
[labev] t=455138.232 ev.propose=0.002ms
[labev] t=455138.243 ev.verify=11.125ms
[labev] t=455138.244 ev.finalize=1.600ms
[labev] t=455138.244 ev.propose=0.002ms
[labev] t=455138.256 ev.verify=11.400ms
[labev] t=455138.258 ev.finalize=1.652ms
[labev] t=455138.258 ev.propose=0.002ms
[labev] t=455138.269 ev.verify=11.419ms
[labev] t=455138.271 ev.finalize=1.615ms
[labev] t=455138.271 ev.propose=0.002ms
[labev] t=455138.282 ev.verify=11.383ms
[labev] t=455138.284 ev.finalize=1.624ms
[labev] t=455138.284 ev.propose=0.002ms
[labev] t=455138.295 ev.verify=11.016ms
[labev] t=455138.297 ev.finalize=1.694ms
[labev] t=455138.297 ev.propose=0.002ms
[labev] t=455138.308 ev.verify=11.403ms
[labev] t=455138.310 ev.finalize=1.620ms
[labev] t=455138.310 ev.propose=0.002ms
[labev] t=455138.321 ev.verify=11.345ms
[labev] t=455138.323 ev.finalize=1.616ms
[labev] t=455138.323 ev.propose=0.002ms
[labev] t=455138.334 ev.verify=11.195ms
[labev] t=455138.336 ev.finalize=1.612ms
[labev] t=455138.336 ev.propose=0.002ms
[labev] t=455138.348 ev.verify=11.383ms
[labev] t=455138.349 ev.finalize=1.633ms
[labev] t=455138.349 ev.propose=0.002ms
[labev] t=455138.361 ev.verify=11.371ms
[labev] t=455138.362 ev.finalize=1.621ms
[labev] t=455138.362 ev.propose=0.002ms
[labev] t=455138.374 ev.verify=11.261ms
[labev] t=455138.375 ev.finalize=1.627ms
[labev] t=455138.376 ev.propose=0.002ms
[labev] t=455138.387 ev.verify=11.399ms
[labev] t=455138.389 ev.finalize=1.624ms
[labev] t=455138.389 ev.propose=0.002ms
[labev] t=455138.400 ev.verify=11.336ms
[labev] t=455138.402 ev.finalize=2.265ms
[labev] t=455138.402 ev.propose=0.002ms
[labev] t=455138.414 ev.verify=11.347ms
[labev] t=455138.415 ev.finalize=1.609ms
[labev] t=455138.416 ev.propose=0.002ms
[labev] t=455138.427 ev.verify=11.135ms
[labev] t=455138.428 ev.finalize=1.600ms
[labev] t=455138.428 ev.propose=0.002ms
[labev] t=455138.440 ev.verify=11.319ms
[labev] t=455138.441 ev.finalize=1.616ms
[labev] t=455138.442 ev.propose=0.002ms
[labev] t=455138.453 ev.verify=11.252ms
[labev] t=455138.455 ev.finalize=1.663ms
[labev] t=455138.455 ev.propose=0.002ms
[labev] t=455138.466 ev.verify=11.371ms
[labev] t=455138.468 ev.finalize=1.622ms
[labev] t=455138.468 ev.propose=0.002ms
[labev] t=455138.479 ev.verify=11.122ms
[labev] t=455138.481 ev.finalize=1.618ms
[labev] t=455138.481 ev.propose=0.002ms
[labev] t=455138.492 ev.verify=11.395ms
[labev] t=455138.494 ev.finalize=1.629ms
[labev] t=455138.494 ev.propose=0.002ms
[labev] t=455138.505 ev.verify=11.336ms
[labev] t=455138.507 ev.finalize=1.716ms
[labev] t=455138.507 ev.propose=0.002ms
[labev] t=455138.518 ev.verify=11.377ms
[labev] t=455138.520 ev.finalize=1.628ms
[labev] t=455138.520 ev.propose=0.002ms
[labev] t=455138.532 ev.verify=11.235ms
[labev] t=455138.533 ev.finalize=1.657ms
[labev] t=455138.533 ev.propose=0.002ms
[labev] t=455138.545 ev.verify=11.357ms
[labev] t=455138.546 ev.finalize=1.685ms
[labev] t=455138.547 ev.propose=0.001ms
[labev] t=455138.558 ev.verify=11.311ms
[labev] t=455138.560 ev.finalize=1.624ms
[labev] t=455138.560 ev.propose=0.002ms
[labev] t=455138.571 ev.verify=11.239ms
[labev] t=455138.573 ev.finalize=1.681ms
[labev] t=455138.573 ev.propose=0.002ms
[labev] t=455138.584 ev.verify=11.295ms
[labev] t=455138.586 ev.finalize=1.640ms
[labev] t=455138.586 ev.propose=0.002ms
[labev] t=455138.597 ev.verify=11.130ms
[labev] t=455138.598 ev.finalize=1.513ms
[labev] t=455138.599 ev.propose=0.002ms
[labev] t=455138.610 ev.verify=11.248ms
[labev] t=455138.612 ev.finalize=2.379ms
[labev] t=455138.612 ev.propose=0.002ms
[labev] t=455138.624 ev.verify=11.440ms
[labev] t=455138.625 ev.finalize=1.550ms
[labev] t=455138.626 ev.propose=0.002ms
[labev] t=455138.637 ev.verify=11.263ms
[labev] t=455138.639 ev.finalize=1.753ms
[labev] t=455138.639 ev.propose=0.002ms
[labev] t=455138.650 ev.verify=11.291ms
[labev] t=455138.652 ev.finalize=1.881ms
[labev] t=455138.652 ev.propose=0.002ms
[labev] t=455138.663 ev.verify=11.136ms
[labev] t=455138.665 ev.finalize=1.606ms
[labev] t=455138.665 ev.propose=0.002ms
[labev] t=455138.676 ev.verify=11.396ms
[labev] t=455138.678 ev.finalize=1.654ms
[labev] t=455138.678 ev.propose=0.002ms
[labev] t=455138.690 ev.verify=11.381ms
[labev] t=455138.691 ev.finalize=1.641ms
[labev] t=455138.691 ev.propose=0.002ms
[labev] t=455138.703 ev.verify=11.296ms
[labev] t=455138.704 ev.finalize=1.651ms
[labev] t=455138.704 ev.propose=0.002ms
[labev] t=455138.716 ev.verify=11.332ms
[labev] t=455138.717 ev.finalize=1.609ms
[labev] t=455138.718 ev.propose=0.002ms
[labev] t=455138.729 ev.verify=11.396ms
[labev] t=455138.731 ev.finalize=1.649ms
[labev] t=455138.731 ev.propose=0.002ms
[labev] t=455138.742 ev.verify=11.244ms
[labev] t=455138.744 ev.finalize=1.637ms
[labev] t=455138.744 ev.propose=0.002ms
[labev] t=455138.755 ev.verify=11.440ms
[labev] t=455138.757 ev.finalize=1.631ms
[labev] t=455138.757 ev.propose=0.002ms
[labev] t=455138.768 ev.verify=11.155ms
[labev] t=455138.770 ev.finalize=1.653ms
[labev] t=455138.770 ev.propose=0.002ms
[labev] t=455138.781 ev.verify=11.216ms
[labev] t=455138.783 ev.finalize=1.511ms
[labev] t=455138.783 ev.propose=0.002ms
[labev] t=455138.794 ev.verify=11.378ms
[labev] t=455138.796 ev.finalize=1.584ms
[labev] t=455138.796 ev.propose=0.002ms
[labev] t=455138.807 ev.verify=11.206ms
[labev] t=455138.809 ev.finalize=1.516ms
[labev] t=455138.809 ev.propose=0.002ms
[labev] t=455138.820 ev.verify=11.385ms
[labev] t=455138.822 ev.finalize=1.656ms
[labev] t=455138.822 ev.propose=0.002ms
[labev] t=455138.833 ev.verify=11.319ms
[labev] t=455138.835 ev.finalize=1.634ms
[labev] t=455138.835 ev.propose=0.002ms
[labev] t=455138.846 ev.verify=11.268ms
[labev] t=455138.849 ev.finalize=2.305ms
[labev] t=455138.849 ev.propose=0.002ms
[labev] t=455138.860 ev.verify=11.351ms
[labev] t=455138.862 ev.finalize=1.618ms
[labev] t=455138.862 ev.propose=0.002ms
[labev] t=455138.873 ev.verify=11.177ms
[labev] t=455138.875 ev.finalize=1.619ms
[labev] t=455138.875 ev.propose=0.002ms
[labev] t=455138.886 ev.verify=11.135ms
[labev] t=455138.888 ev.finalize=1.634ms
[labev] t=455138.888 ev.propose=0.002ms
[labev] t=455138.899 ev.verify=11.204ms
[labev] t=455138.901 ev.finalize=1.655ms
[labev] t=455138.901 ev.propose=0.002ms
[labev] t=455138.912 ev.verify=11.342ms
[labev] t=455138.914 ev.finalize=1.513ms
[labev] t=455138.914 ev.propose=0.002ms
[labev] t=455138.925 ev.verify=11.225ms
[labev] t=455138.927 ev.finalize=1.637ms
[labev] t=455138.927 ev.propose=0.002ms
[labev] t=455138.938 ev.verify=11.118ms
[labev] t=455138.940 ev.finalize=1.648ms
[labev] t=455138.940 ev.propose=0.002ms
[labev] t=455138.951 ev.verify=11.281ms
[labev] t=455138.953 ev.finalize=1.641ms
[labev] t=455138.953 ev.propose=0.002ms
[labev] t=455138.964 ev.verify=11.302ms
[labev] t=455138.966 ev.finalize=1.610ms
[labev] t=455138.966 ev.propose=0.002ms
[labev] t=455138.977 ev.verify=11.259ms
[labev] t=455138.979 ev.finalize=1.616ms
[labev] t=455138.979 ev.propose=0.001ms
[labev] t=455138.990 ev.verify=11.287ms
[labev] t=455138.992 ev.finalize=1.626ms
[labev] t=455138.992 ev.propose=0.002ms
[labev] t=455139.003 ev.verify=11.165ms
[labev] t=455139.005 ev.finalize=1.520ms
[labev] t=455139.005 ev.propose=0.002ms
[labev] t=455139.016 ev.verify=11.230ms
[labev] t=455139.018 ev.finalize=1.519ms
[labev] t=455139.018 ev.propose=0.002ms
[labev] t=455139.029 ev.verify=11.106ms
[labev] t=455139.031 ev.finalize=1.633ms
[labev] t=455139.031 ev.propose=0.002ms
[labev] t=455139.042 ev.verify=11.216ms
[labev] t=455139.044 ev.finalize=1.626ms
[labev] t=455139.044 ev.propose=0.002ms
[labev] t=455139.055 ev.verify=11.124ms
[labev] t=455139.057 ev.finalize=1.641ms
[labev] t=455139.057 ev.propose=0.002ms
[labev] t=455139.068 ev.verify=11.108ms
[labev] t=455139.070 ev.finalize=1.637ms
[labev] t=455139.070 ev.propose=0.002ms
[labev] t=455139.081 ev.verify=11.160ms
[labev] t=455139.083 ev.finalize=2.292ms
[labev] t=455139.083 ev.propose=0.002ms
[labev] t=455139.095 ev.verify=11.284ms
[labev] t=455139.096 ev.finalize=1.640ms
[labev] t=455139.096 ev.propose=0.002ms
[labev] t=455139.108 ev.verify=11.413ms
[labev] t=455139.109 ev.finalize=1.624ms
[labev] t=455139.110 ev.propose=0.002ms
[labev] t=455139.121 ev.verify=11.133ms
[labev] t=455139.122 ev.finalize=1.621ms
[labev] t=455139.122 ev.propose=0.002ms
[labev] t=455139.134 ev.verify=11.250ms
[labev] t=455139.135 ev.finalize=1.539ms
[labev] t=455139.135 ev.propose=0.002ms
[labev] t=455139.147 ev.verify=11.209ms
[labev] t=455139.148 ev.finalize=1.528ms
[labev] t=455139.148 ev.propose=0.002ms
[labev] t=455139.159 ev.verify=11.011ms
[labev] t=455139.161 ev.finalize=1.642ms
[labev] t=455139.161 ev.propose=0.002ms
[labev] t=455139.172 ev.verify=11.135ms
[labev] t=455139.174 ev.finalize=1.643ms
[labev] t=455139.174 ev.propose=0.002ms
[labev] t=455139.186 ev.verify=11.472ms
[labev] t=455139.187 ev.finalize=1.535ms
[labev] t=455139.187 ev.propose=0.002ms
[labev] t=455139.198 ev.verify=11.259ms
[labev] t=455139.200 ev.finalize=1.509ms
[labev] t=455139.200 ev.propose=0.002ms
[labev] t=455139.212 ev.verify=11.424ms
[labev] t=455139.213 ev.finalize=1.652ms
[labev] t=455139.213 ev.propose=0.002ms
[labev] t=455139.225 ev.verify=11.262ms
[labev] t=455139.226 ev.finalize=1.627ms
[labev] t=455139.226 ev.propose=0.002ms
[labev] t=455139.238 ev.verify=11.345ms
[labev] t=455139.239 ev.finalize=1.663ms
[labev] t=455139.239 ev.propose=0.002ms
[labev] t=455139.251 ev.verify=11.245ms
[labev] t=455139.252 ev.finalize=1.659ms
[labev] t=455139.253 ev.propose=0.002ms
[labev] t=455139.264 ev.verify=11.462ms
[labev] t=455139.266 ev.finalize=1.649ms
[labev] t=455139.266 ev.propose=0.002ms
[labev] t=455139.277 ev.verify=11.276ms
[labev] t=455139.279 ev.finalize=1.638ms
[labev] t=455139.279 ev.propose=0.002ms
[labev] t=455139.290 ev.verify=11.364ms
[labev] t=455139.292 ev.finalize=1.634ms
[labev] t=455139.292 ev.propose=0.002ms
[labev] t=455139.303 ev.verify=11.107ms
[labev] t=455139.305 ev.finalize=1.624ms
[labev] t=455139.305 ev.propose=0.002ms
[labev] t=455139.316 ev.verify=11.293ms
[labev] t=455139.319 ev.finalize=2.292ms
[labev] t=455139.319 ev.propose=0.002ms
[labev] t=455139.330 ev.verify=11.211ms
[labev] t=455139.332 ev.finalize=1.659ms
[labev] t=455139.332 ev.propose=0.002ms
[labev] t=455139.343 ev.verify=11.145ms
[labev] t=455139.345 ev.finalize=1.679ms
[labev] t=455139.345 ev.propose=0.002ms
[labev] t=455139.356 ev.verify=11.184ms
[labev] t=455139.357 ev.finalize=1.545ms
[labev] t=455139.358 ev.propose=0.002ms
[labev] t=455139.369 ev.verify=11.309ms
[labev] t=455139.371 ev.finalize=1.663ms
[labev] t=455139.371 ev.propose=0.002ms
[labev] t=455139.382 ev.verify=11.259ms
[labev] t=455139.384 ev.finalize=1.624ms
[labev] t=455139.384 ev.propose=0.002ms
[labev] t=455139.395 ev.verify=11.491ms
[labev] t=455139.397 ev.finalize=1.699ms
[labev] t=455139.397 ev.propose=0.002ms
[labev] t=455139.408 ev.verify=11.287ms
[labev] t=455139.410 ev.finalize=1.538ms
[labev] t=455139.410 ev.propose=0.002ms
[labev] t=455139.421 ev.verify=11.134ms
[labev] t=455139.423 ev.finalize=1.646ms
[labev] t=455139.423 ev.propose=0.002ms
[labev] t=455139.435 ev.verify=11.513ms
[labev] t=455139.436 ev.finalize=1.693ms
[labev] t=455139.436 ev.propose=0.002ms
[labev] t=455139.448 ev.verify=11.203ms
[labev] t=455139.449 ev.finalize=1.634ms
[labev] t=455139.449 ev.propose=0.002ms
[labev] t=455139.461 ev.verify=11.650ms
[labev] t=455139.463 ev.finalize=1.690ms
[labev] t=455139.463 ev.propose=0.002ms
[labev] t=455139.474 ev.verify=11.214ms
[labev] t=455139.476 ev.finalize=1.663ms
[labev] t=455139.476 ev.propose=0.002ms
[labev] t=455139.487 ev.verify=11.333ms
[labev] t=455139.489 ev.finalize=1.649ms
[labev] t=455139.489 ev.propose=0.002ms
[labev] t=455139.500 ev.verify=11.436ms
[labev] t=455139.502 ev.finalize=1.663ms
[labev] t=455139.502 ev.propose=0.002ms
[labev] t=455139.513 ev.verify=11.101ms
[labev] t=455139.515 ev.finalize=1.676ms
[labev] t=455139.515 ev.propose=0.002ms
[labev] t=455139.526 ev.verify=11.232ms
[labev] t=455139.528 ev.finalize=1.689ms
[labev] t=455139.528 ev.propose=0.002ms
[labev] t=455139.539 ev.verify=11.142ms
[labev] t=455139.542 ev.finalize=2.306ms
[labev] t=455139.542 ev.propose=0.002ms
[labev] t=455139.553 ev.verify=11.177ms
[labev] t=455139.555 ev.finalize=1.657ms
[labev] t=455139.555 ev.propose=0.002ms
[labev] t=455139.566 ev.verify=11.280ms
[labev] t=455139.568 ev.finalize=1.675ms
[labev] t=455139.568 ev.propose=0.002ms
[labev] t=455139.579 ev.verify=11.405ms
[labev] t=455139.581 ev.finalize=1.664ms
[labev] t=455139.581 ev.propose=0.002ms
[labev] t=455139.593 ev.verify=11.497ms
[labev] t=455139.594 ev.finalize=1.639ms
[labev] t=455139.595 ev.propose=0.002ms
[labev] t=455139.606 ev.verify=11.288ms
[labev] t=455139.608 ev.finalize=1.643ms
[labev] t=455139.608 ev.propose=0.002ms
[labev] t=455139.619 ev.verify=11.492ms
[labev] t=455139.621 ev.finalize=1.641ms
[labev] t=455139.621 ev.propose=0.002ms
[labev] t=455139.632 ev.verify=11.435ms
[labev] t=455139.634 ev.finalize=1.638ms
[labev] t=455139.634 ev.propose=0.002ms
[labev] t=455139.645 ev.verify=11.282ms
[labev] t=455139.647 ev.finalize=1.545ms
[labev] t=455139.647 ev.propose=0.002ms
[labev] t=455139.658 ev.verify=11.302ms
[labev] t=455139.660 ev.finalize=1.654ms
[labev] t=455139.660 ev.propose=0.002ms
[labev] t=455139.672 ev.verify=11.519ms
[labev] t=455139.674 ev.finalize=1.654ms
[labev] t=455139.674 ev.propose=0.002ms
[labev] t=455139.685 ev.verify=11.168ms
[labev] t=455139.687 ev.finalize=1.667ms
[labev] t=455139.687 ev.propose=0.002ms
[labev] t=455139.698 ev.verify=11.422ms
[labev] t=455139.700 ev.finalize=1.664ms
[labev] t=455139.700 ev.propose=0.002ms
[labev] t=455139.711 ev.verify=11.413ms
[labev] t=455139.713 ev.finalize=1.673ms
[labev] t=455139.713 ev.propose=0.002ms
[labev] t=455139.725 ev.verify=11.435ms
[labev] t=455139.726 ev.finalize=1.643ms
[labev] t=455139.726 ev.propose=0.002ms
[labev] t=455139.738 ev.verify=11.396ms
[labev] t=455139.739 ev.finalize=1.650ms
[labev] t=455139.740 ev.propose=0.002ms
[labev] t=455139.751 ev.verify=11.168ms
[labev] t=455139.753 ev.finalize=2.346ms
[labev] t=455139.753 ev.propose=0.002ms
[labev] t=455139.765 ev.verify=11.271ms
[labev] t=455139.766 ev.finalize=1.661ms
[labev] t=455139.766 ev.propose=0.002ms
[labev] t=455139.778 ev.verify=11.360ms
[labev] t=455139.779 ev.finalize=1.652ms
[labev] t=455139.780 ev.propose=0.002ms
[labev] t=455139.791 ev.verify=11.311ms
[labev] t=455139.793 ev.finalize=1.639ms
[labev] t=455139.793 ev.propose=0.002ms
[labev] t=455139.804 ev.verify=11.058ms
[labev] t=455139.805 ev.finalize=1.666ms
[labev] t=455139.806 ev.propose=0.002ms
[labev] t=455139.817 ev.verify=11.275ms
[labev] t=455139.818 ev.finalize=1.541ms
[labev] t=455139.819 ev.propose=0.002ms
[labev] t=455139.830 ev.verify=11.265ms
[labev] t=455139.831 ev.finalize=1.640ms
[labev] t=455139.832 ev.propose=0.002ms
[labev] t=455139.843 ev.verify=11.335ms
[labev] t=455139.845 ev.finalize=1.632ms
[labev] t=455139.845 ev.propose=0.002ms
[labev] t=455139.856 ev.verify=11.103ms
[labev] t=455139.857 ev.finalize=1.651ms
[labev] t=455139.858 ev.propose=0.002ms
[labev] t=455139.869 ev.verify=11.229ms
[labev] t=455139.871 ev.finalize=1.660ms
[labev] t=455139.871 ev.propose=0.001ms
[labev] t=455139.882 ev.verify=10.994ms
[labev] t=455139.883 ev.finalize=1.643ms
[labev] t=455139.883 ev.propose=0.002ms
[labev] t=455139.895 ev.verify=11.322ms
[labev] t=455139.896 ev.finalize=1.662ms
[labev] t=455139.897 ev.propose=0.002ms
[labev] t=455139.908 ev.verify=11.290ms
[labev] t=455139.909 ev.finalize=1.653ms
[labev] t=455139.910 ev.propose=0.001ms
[labev] t=455139.921 ev.verify=11.161ms
[labev] t=455139.922 ev.finalize=1.639ms
[labev] t=455139.923 ev.propose=0.002ms
[labev] t=455139.934 ev.verify=11.226ms
[labev] t=455139.935 ev.finalize=1.526ms
[labev] t=455139.935 ev.propose=0.002ms
[labev] t=455139.947 ev.verify=11.481ms
[labev] t=455139.949 ev.finalize=1.648ms
[labev] t=455139.949 ev.propose=0.002ms
[labev] t=455139.960 ev.verify=11.279ms
[labev] t=455139.962 ev.finalize=1.647ms
[labev] t=455139.962 ev.propose=0.002ms
[labev] t=455139.973 ev.verify=11.498ms
[labev] t=455139.976 ev.finalize=2.361ms
[labev] t=455139.976 ev.propose=0.002ms
[labev] t=455139.987 ev.verify=11.526ms
[labev] t=455139.989 ev.finalize=1.671ms
[labev] t=455139.989 ev.propose=0.002ms
[labev] t=455140.001 ev.verify=11.414ms
[labev] t=455140.002 ev.finalize=1.677ms
[labev] t=455140.002 ev.propose=0.002ms
[labev] t=455140.014 ev.verify=11.229ms
[labev] t=455140.015 ev.finalize=1.641ms
[labev] t=455140.015 ev.propose=0.002ms
[labev] t=455140.027 ev.verify=11.227ms
[labev] t=455140.028 ev.finalize=1.636ms
[labev] t=455140.028 ev.propose=0.002ms
[labev] t=455140.040 ev.verify=11.223ms
[labev] t=455140.041 ev.finalize=1.667ms
[labev] t=455140.042 ev.propose=0.002ms
[labev] t=455140.053 ev.verify=11.339ms
[labev] t=455140.055 ev.finalize=1.645ms
[labev] t=455140.055 ev.propose=0.001ms
[labev] t=455140.066 ev.verify=11.434ms
[labev] t=455140.068 ev.finalize=1.648ms
[labev] t=455140.068 ev.propose=0.002ms
[labev] t=455140.079 ev.verify=11.137ms
[labev] t=455140.081 ev.finalize=1.680ms
[labev] t=455140.081 ev.propose=0.002ms
[labev] t=455140.092 ev.verify=11.326ms
[labev] t=455140.094 ev.finalize=1.549ms
[labev] t=455140.094 ev.propose=0.002ms
[labev] t=455140.105 ev.verify=11.230ms
[labev] t=455140.107 ev.finalize=1.664ms
[labev] t=455140.107 ev.propose=0.002ms
[labev] t=455140.118 ev.verify=11.454ms
[labev] t=455140.120 ev.finalize=1.687ms
[labev] t=455140.120 ev.propose=0.002ms
[labev] t=455140.131 ev.verify=11.131ms
[labev] t=455140.133 ev.finalize=1.697ms
[labev] t=455140.133 ev.propose=0.002ms
[labev] t=455140.144 ev.verify=11.205ms
[labev] t=455140.146 ev.finalize=1.659ms
[labev] t=455140.146 ev.propose=0.002ms
[labev] t=455140.158 ev.verify=11.331ms
[labev] t=455140.159 ev.finalize=1.666ms
[labev] t=455140.159 ev.propose=0.002ms
[labev] t=455140.171 ev.verify=11.537ms
[labev] t=455140.173 ev.finalize=1.643ms
[labev] t=455140.173 ev.propose=0.002ms
[labev] t=455140.184 ev.verify=11.223ms
[labev] t=455140.186 ev.finalize=1.688ms
[labev] t=455140.186 ev.propose=0.002ms
[labev] t=455140.197 ev.verify=11.274ms
[labev] t=455140.199 ev.finalize=2.247ms
[labev] t=455140.200 ev.propose=0.002ms
[labev] t=455140.211 ev.verify=11.348ms
[labev] t=455140.213 ev.finalize=1.545ms
[labev] t=455140.213 ev.propose=0.002ms
[labev] t=455140.224 ev.verify=11.521ms
[labev] t=455140.226 ev.finalize=1.686ms
[labev] t=455140.226 ev.propose=0.002ms
[labev] t=455140.237 ev.verify=11.292ms
[labev] t=455140.239 ev.finalize=1.563ms
[labev] t=455140.239 ev.propose=0.002ms
[labev] t=455140.251 ev.verify=11.567ms
[labev] t=455140.252 ev.finalize=1.674ms
[labev] t=455140.252 ev.propose=0.002ms
[labev] t=455140.264 ev.verify=11.501ms
[labev] t=455140.266 ev.finalize=1.562ms
[labev] t=455140.266 ev.propose=0.002ms
[labev] t=455140.277 ev.verify=11.387ms
[labev] t=455140.279 ev.finalize=1.563ms
[labev] t=455140.279 ev.propose=0.002ms
[labev] t=455140.290 ev.verify=11.359ms
[labev] t=455140.292 ev.finalize=1.667ms
[labev] t=455140.292 ev.propose=0.002ms
[labev] t=455140.303 ev.verify=11.420ms
[labev] t=455140.305 ev.finalize=1.766ms
[labev] t=455140.305 ev.propose=0.002ms
[labev] t=455140.322 ev.verify=16.234ms
[labev] t=455140.323 ev.finalize=1.559ms
[labev] t=455143.958 req.start s1-p4096-o512-b2-r0=0.000ms
[labev] t=455143.958 req.handle=0.035ms
[labev] t=455143.980 tok.prepare=21.104ms
event=batching_admitted action=scheduler_admitted
[labev] t=455144.301 chunk.ord.total=321.296ms
[labev] t=455144.555 chunk.ord.total=253.610ms
[labev] t=455144.811 chunk.ord.total=255.877ms
[labev] t=455145.068 chunk.ord.total=257.283ms
[labev] t=455145.330 chunk.ord.total=261.563ms
[labev] t=455145.592 chunk.ord.total=261.883ms
[labev] t=455145.859 chunk.ord.total=266.923ms
[labev] t=455146.166 chunk.ord.total=307.175ms
[labev] t=455146.166 req.firsttoken s1-p4096-o512-b2-r0=2208.091ms
[labev] t=455146.303 ev.decode.rows1.cap0=136.264ms
[labev] t=455146.439 ev.decode.rows1.cap0=135.678ms
[labev] t=455146.574 ev.decode.rows1.cap0=135.697ms
[labev] t=455146.710 ev.decode.rows1.cap0=135.862ms
[labev] t=455146.846 ev.decode.rows1.cap0=135.596ms
[labev] t=455146.982 ev.decode.rows1.cap0=135.542ms
[labev] t=455147.117 ev.decode.rows1.cap0=135.798ms
[labev] t=455147.253 ev.decode.rows1.cap0=135.898ms
[labev] t=455147.389 ev.decode.rows1.cap0=135.502ms
[labev] t=455147.526 ev.decode.rows1.cap0=136.722ms
[labev] t=455147.661 ev.decode.rows1.cap0=135.410ms
[labev] t=455147.797 ev.decode.rows1.cap0=135.273ms
[labprof] d0.performDecode.call=138.749ms/n44 f0.finalize.total=1.665ms/n271 f1.finalize.build=0.486ms/n271 f2.finalize.eval=1.144ms/n271 fc.finalize.call=1.670ms/n271 o1.ord.build=1.186ms/n711 o2.ord.eval=7.468ms/n711 p0.propose=0.002ms/n271 r0.round.interval=13.140ms/n270 s1.native.prefill.target=40.342ms/n8 s1.ord.prefill.target=42.901ms/n15 s2.native.prefill.drafter+eval=238.095ms/n8 s2.ord.prefill.eval=231.639ms/n16 s9.native.prefill.chunk.total=278.473ms/n8 s9.ord.prefill.chunk.total=272.096ms/n16 v0.verify.call=11.315ms/n271 v1.verify.build=0.855ms/n271 v2.verify.eval=10.355ms/n271
[labev] t=455147.932 ev.decode.rows1.cap0=135.383ms
[labev] t=455148.068 ev.decode.rows1.cap0=135.394ms
[labev] t=455148.203 ev.decode.rows1.cap0=134.890ms
[labev] t=455148.338 ev.decode.rows1.cap0=135.523ms
[labev] t=455148.474 ev.decode.rows1.cap0=135.406ms
[labev] t=455148.609 ev.decode.rows1.cap0=135.420ms
[labev] t=455148.745 ev.decode.rows1.cap0=135.310ms
[labev] t=455148.880 ev.decode.rows1.cap0=135.068ms
[labev] t=455149.015 ev.decode.rows1.cap0=135.264ms
[labev] t=455149.151 ev.decode.rows1.cap0=135.534ms
[labev] t=455149.287 ev.decode.rows1.cap0=135.470ms
[labev] t=455149.427 ev.decode.rows1.cap0=140.681ms
[labev] t=455149.564 ev.decode.rows1.cap0=136.555ms
[labev] t=455149.700 ev.decode.rows1.cap0=136.156ms
[labev] t=455149.837 ev.decode.rows1.cap0=136.364ms
[labev] t=455149.973 ev.decode.rows1.cap0=135.837ms
[labev] t=455150.109 ev.decode.rows1.cap0=136.072ms
[labev] t=455150.245 ev.decode.rows1.cap0=135.743ms
[labev] t=455150.381 ev.decode.rows1.cap0=135.913ms
[labev] t=455150.508 ev.decode.rows1.cap0=127.539ms
[labev] t=455150.509 req.start s1-p4096-o512-b2-r0=0.000ms
[labev] t=455150.509 req.handle=0.019ms
[labev] t=455150.530 tok.prepare=20.963ms
event=batching_admitted action=scheduler_admitted
[labev] t=455150.798 chunk.native.total=267.166ms
[labev] t=455151.063 chunk.native.total=265.328ms
[labev] t=455151.333 chunk.native.total=270.044ms
[labev] t=455151.606 chunk.native.total=273.051ms
[labev] t=455151.884 chunk.native.total=277.096ms
[labev] t=455152.162 chunk.native.total=278.649ms
[labev] t=455152.445 chunk.native.total=282.883ms
[labev] t=455152.762 chunk.native.total=316.129ms
[labev] t=455152.762 req.firsttoken s1-p4096-o512-b2-r0=2252.292ms
[labev] t=455152.762 ev.propose=0.004ms
[labev] t=455152.773 ev.verify=11.382ms
[labev] t=455152.775 ev.finalize=1.643ms
[labev] t=455152.775 ev.propose=0.074ms
[labev] t=455152.786 ev.verify=11.469ms
[labev] t=455152.788 ev.finalize=1.663ms
[labev] t=455152.788 ev.propose=0.062ms
[labev] t=455152.800 ev.verify=11.306ms
[labev] t=455152.801 ev.finalize=1.636ms
[labev] t=455152.802 ev.propose=0.046ms
[labev] t=455152.813 ev.verify=11.131ms
[labev] t=455152.814 ev.finalize=1.631ms
[labev] t=455152.814 ev.propose=0.037ms
[labev] t=455152.826 ev.verify=11.227ms
[labev] t=455152.827 ev.finalize=1.618ms
[labev] t=455152.828 ev.propose=0.050ms
[labev] t=455152.839 ev.verify=11.238ms
[labev] t=455152.840 ev.finalize=1.604ms
[labev] t=455152.841 ev.propose=0.075ms
[labev] t=455152.852 ev.verify=11.366ms
[labev] t=455152.854 ev.finalize=1.640ms
[labev] t=455152.854 ev.propose=0.051ms
[labev] t=455152.865 ev.verify=11.316ms
[labev] t=455152.867 ev.finalize=1.643ms
[labev] t=455152.867 ev.propose=0.043ms
[labev] t=455152.878 ev.verify=11.020ms
[labev] t=455152.880 ev.finalize=2.269ms
[labev] t=455152.881 ev.propose=0.059ms
[labev] t=455152.892 ev.verify=11.326ms
[labev] t=455152.894 ev.finalize=1.711ms
[labev] t=455152.894 ev.propose=0.076ms
[labev] t=455152.905 ev.verify=11.231ms
[labev] t=455152.907 ev.finalize=1.668ms
[labev] t=455152.907 ev.propose=0.063ms
[labev] t=455152.918 ev.verify=11.182ms
[labev] t=455152.920 ev.finalize=1.528ms
[labev] t=455152.920 ev.propose=0.063ms
[labev] t=455152.931 ev.verify=11.143ms
[labev] t=455152.933 ev.finalize=1.545ms
[labev] t=455152.933 ev.propose=0.068ms
[labev] t=455152.944 ev.verify=11.225ms
[labev] t=455152.946 ev.finalize=1.649ms
[labev] t=455152.946 ev.propose=0.002ms
[labev] t=455152.957 ev.verify=11.328ms
[labev] t=455152.959 ev.finalize=1.530ms
[labev] t=455152.959 ev.propose=0.067ms
[labev] t=455152.970 ev.verify=11.188ms
[labev] t=455152.972 ev.finalize=1.643ms
[labev] t=455152.972 ev.propose=0.057ms
[labev] t=455152.983 ev.verify=11.200ms
[labev] t=455152.985 ev.finalize=1.650ms
[labev] t=455152.985 ev.propose=0.067ms
[labev] t=455152.996 ev.verify=11.160ms
[labev] t=455152.998 ev.finalize=1.795ms
[labev] t=455152.998 ev.propose=0.058ms
[labev] t=455153.009 ev.verify=11.107ms
[labev] t=455153.011 ev.finalize=1.625ms
[labev] t=455153.011 ev.propose=0.061ms
[labev] t=455153.022 ev.verify=11.185ms
[labev] t=455153.024 ev.finalize=1.642ms
[labev] t=455153.024 ev.propose=0.002ms
[labev] t=455153.035 ev.verify=11.202ms
[labev] t=455153.037 ev.finalize=1.595ms
[labev] t=455153.037 ev.propose=0.002ms
[labev] t=455153.049 ev.verify=11.353ms
[labev] t=455153.050 ev.finalize=1.653ms
[labev] t=455153.050 ev.propose=0.002ms
[labev] t=455153.062 ev.verify=11.352ms
[labev] t=455153.063 ev.finalize=1.651ms
[labev] t=455153.064 ev.propose=0.002ms
[labev] t=455153.075 ev.verify=11.169ms
[labev] t=455153.076 ev.finalize=1.648ms
[labev] t=455153.077 ev.propose=0.002ms
[labev] t=455153.088 ev.verify=11.326ms
[labev] t=455153.090 ev.finalize=1.654ms
[labev] t=455153.090 ev.propose=0.002ms
[labev] t=455153.101 ev.verify=11.339ms
[labev] t=455153.103 ev.finalize=2.287ms
[labev] t=455153.103 ev.propose=0.002ms
[labev] t=455153.115 ev.verify=11.430ms
[labev] t=455153.117 ev.finalize=1.677ms
[labev] t=455153.117 ev.propose=0.002ms
[labev] t=455153.128 ev.verify=11.324ms
[labev] t=455153.130 ev.finalize=1.674ms
[labev] t=455153.130 ev.propose=0.002ms
[labev] t=455153.141 ev.verify=11.308ms
[labev] t=455153.143 ev.finalize=1.747ms
[labev] t=455153.143 ev.propose=0.002ms
[labev] t=455153.154 ev.verify=11.165ms
[labev] t=455153.156 ev.finalize=1.648ms
[labev] t=455153.156 ev.propose=0.002ms
[labev] t=455153.167 ev.verify=11.345ms
[labev] t=455153.169 ev.finalize=1.671ms
[labev] t=455153.169 ev.propose=0.002ms
[labev] t=455153.181 ev.verify=11.274ms
[labev] t=455153.182 ev.finalize=1.645ms
[labev] t=455153.182 ev.propose=0.002ms
[labev] t=455153.194 ev.verify=11.322ms
[labev] t=455153.195 ev.finalize=1.639ms
[labev] t=455153.195 ev.propose=0.002ms
[labev] t=455153.207 ev.verify=11.405ms
[labev] t=455153.209 ev.finalize=1.653ms
[labev] t=455153.209 ev.propose=0.002ms
[labev] t=455153.220 ev.verify=11.153ms
[labev] t=455153.222 ev.finalize=1.620ms
[labev] t=455153.222 ev.propose=0.002ms
[labev] t=455153.233 ev.verify=11.153ms
[labev] t=455153.235 ev.finalize=1.672ms
[labev] t=455153.235 ev.propose=0.002ms
[labev] t=455153.246 ev.verify=11.413ms
[labev] t=455153.248 ev.finalize=1.646ms
[labev] t=455153.248 ev.propose=0.002ms
[labev] t=455153.259 ev.verify=11.408ms
[labev] t=455153.261 ev.finalize=1.651ms
[labev] t=455153.261 ev.propose=0.002ms
[labev] t=455153.272 ev.verify=11.224ms
[labev] t=455153.274 ev.finalize=1.666ms
[labev] t=455153.274 ev.propose=0.002ms
[labev] t=455153.285 ev.verify=11.111ms
[labev] t=455153.287 ev.finalize=1.625ms
[labev] t=455153.287 ev.propose=0.002ms
[labev] t=455153.298 ev.verify=11.234ms
[labev] t=455153.300 ev.finalize=1.665ms
[labev] t=455153.300 ev.propose=0.002ms
[labev] t=455153.311 ev.verify=11.318ms
[labev] t=455153.314 ev.finalize=2.319ms
[labev] t=455153.314 ev.propose=0.002ms
[labev] t=455153.325 ev.verify=11.452ms
[labev] t=455153.327 ev.finalize=1.750ms
[labev] t=455153.327 ev.propose=0.002ms
[labev] t=455153.339 ev.verify=11.347ms
[labev] t=455153.340 ev.finalize=1.633ms
[labev] t=455153.340 ev.propose=0.002ms
[labev] t=455153.352 ev.verify=11.133ms
[labev] t=455153.353 ev.finalize=1.673ms
[labev] t=455153.353 ev.propose=0.002ms
[labev] t=455153.365 ev.verify=11.153ms
[labev] t=455153.366 ev.finalize=1.636ms
[labev] t=455153.366 ev.propose=0.002ms
[labev] t=455153.378 ev.verify=11.259ms
[labev] t=455153.379 ev.finalize=1.666ms
[labev] t=455153.379 ev.propose=0.002ms
[labev] t=455153.391 ev.verify=11.206ms
[labev] t=455153.392 ev.finalize=1.667ms
[labev] t=455153.392 ev.propose=0.002ms
[labev] t=455153.404 ev.verify=11.293ms
[labev] t=455153.405 ev.finalize=1.656ms
[labev] t=455153.406 ev.propose=0.002ms
[labev] t=455153.417 ev.verify=11.258ms
[labev] t=455153.419 ev.finalize=1.669ms
[labev] t=455153.419 ev.propose=0.002ms
[labev] t=455153.430 ev.verify=11.282ms
[labev] t=455153.432 ev.finalize=1.555ms
[labev] t=455153.432 ev.propose=0.002ms
[labev] t=455153.443 ev.verify=11.172ms
[labev] t=455153.445 ev.finalize=1.653ms
[labev] t=455153.445 ev.propose=0.002ms
[labev] t=455153.456 ev.verify=11.283ms
[labev] t=455153.458 ev.finalize=1.647ms
[labev] t=455153.458 ev.propose=0.002ms
[labev] t=455153.469 ev.verify=11.208ms
[labev] t=455153.471 ev.finalize=1.605ms
[labev] t=455153.471 ev.propose=0.002ms
[labev] t=455153.482 ev.verify=11.278ms
[labev] t=455153.484 ev.finalize=1.655ms
[labev] t=455153.484 ev.propose=0.002ms
[labev] t=455153.495 ev.verify=11.248ms
[labev] t=455153.497 ev.finalize=1.625ms
[labev] t=455153.497 ev.propose=0.002ms
[labev] t=455153.508 ev.verify=11.154ms
[labev] t=455153.510 ev.finalize=1.643ms
[labev] t=455153.510 ev.propose=0.002ms
[labev] t=455153.521 ev.verify=11.073ms
[labev] t=455153.522 ev.finalize=1.660ms
[labev] t=455153.523 ev.propose=0.002ms
[labev] t=455153.534 ev.verify=11.302ms
[labev] t=455153.536 ev.finalize=2.299ms
[labev] t=455153.536 ev.propose=0.002ms
[labev] t=455153.548 ev.verify=11.292ms
[labev] t=455153.549 ev.finalize=1.677ms
[labev] t=455153.549 ev.propose=0.002ms
[labev] t=455153.561 ev.verify=11.209ms
[labev] t=455153.562 ev.finalize=1.649ms
[labev] t=455153.563 ev.propose=0.002ms
[labev] t=455153.573 ev.verify=10.962ms
[labev] t=455153.575 ev.finalize=1.534ms
[labev] t=455153.575 ev.propose=0.002ms
[labev] t=455153.586 ev.verify=11.196ms
[labev] t=455153.588 ev.finalize=1.675ms
[labev] t=455153.588 ev.propose=0.002ms
[labev] t=455153.599 ev.verify=11.069ms
[labev] t=455153.601 ev.finalize=1.674ms
[labev] t=455153.601 ev.propose=0.002ms
[labev] t=455153.612 ev.verify=11.327ms
[labev] t=455153.614 ev.finalize=1.654ms
[labev] t=455153.614 ev.propose=0.002ms
[labev] t=455153.626 ev.verify=11.330ms
[labev] t=455153.627 ev.finalize=1.572ms
[labev] t=455153.627 ev.propose=0.002ms
[labev] t=455153.639 ev.verify=11.356ms
[labev] t=455153.640 ev.finalize=1.656ms
[labev] t=455153.640 ev.propose=0.002ms
[labev] t=455153.652 ev.verify=11.361ms
[labev] t=455153.654 ev.finalize=1.666ms
[labev] t=455153.654 ev.propose=0.002ms
[labev] t=455153.665 ev.verify=11.225ms
[labev] t=455153.667 ev.finalize=1.663ms
[labev] t=455153.667 ev.propose=0.002ms
[labev] t=455153.678 ev.verify=11.193ms
[labev] t=455153.680 ev.finalize=1.655ms
[labev] t=455153.680 ev.propose=0.002ms
[labev] t=455153.691 ev.verify=11.260ms
[labev] t=455153.693 ev.finalize=1.655ms
[labev] t=455153.693 ev.propose=0.002ms
[labev] t=455153.704 ev.verify=11.308ms
[labev] t=455153.706 ev.finalize=1.647ms
[labev] t=455153.706 ev.propose=0.002ms
[labev] t=455153.717 ev.verify=11.311ms
[labev] t=455153.719 ev.finalize=1.662ms
[labev] t=455153.719 ev.propose=0.002ms
[labev] t=455153.730 ev.verify=11.374ms
[labev] t=455153.732 ev.finalize=1.566ms
[labev] t=455153.732 ev.propose=0.002ms
[labev] t=455153.743 ev.verify=11.303ms
[labev] t=455153.745 ev.finalize=1.667ms
[labev] t=455153.745 ev.propose=0.002ms
[labev] t=455153.756 ev.verify=11.158ms
[labev] t=455153.759 ev.finalize=2.240ms
[labev] t=455153.759 ev.propose=0.002ms
[labev] t=455153.770 ev.verify=11.402ms
[labev] t=455153.772 ev.finalize=1.683ms
[labev] t=455153.772 ev.propose=0.002ms
[labev] t=455153.783 ev.verify=11.237ms
[labev] t=455153.785 ev.finalize=1.662ms
[labev] t=455153.785 ev.propose=0.002ms
[labev] t=455153.797 ev.verify=11.466ms
[labev] t=455153.798 ev.finalize=1.665ms
[labev] t=455153.798 ev.propose=0.002ms
[labev] t=455153.810 ev.verify=11.240ms
[labev] t=455153.812 ev.finalize=1.874ms
[labev] t=455153.812 ev.propose=0.002ms
[labev] t=455153.823 ev.verify=11.361ms
[labev] t=455153.825 ev.finalize=1.765ms
[labev] t=455153.825 ev.propose=0.002ms
[labev] t=455153.836 ev.verify=11.179ms
[labev] t=455153.838 ev.finalize=1.662ms
[labev] t=455153.838 ev.propose=0.002ms
[labev] t=455153.849 ev.verify=11.395ms
[labev] t=455153.851 ev.finalize=1.673ms
[labev] t=455153.851 ev.propose=0.002ms
[labev] t=455153.862 ev.verify=11.367ms
[labev] t=455153.864 ev.finalize=1.631ms
[labev] t=455153.864 ev.propose=0.002ms
[labev] t=455153.875 ev.verify=11.203ms
[labev] t=455153.877 ev.finalize=1.647ms
[labev] t=455153.877 ev.propose=0.002ms
[labev] t=455153.888 ev.verify=11.120ms
[labev] t=455153.890 ev.finalize=1.677ms
[labev] t=455153.890 ev.propose=0.002ms
[labev] t=455153.902 ev.verify=11.335ms
[labev] t=455153.903 ev.finalize=1.664ms
[labev] t=455153.903 ev.propose=0.002ms
[labev] t=455153.915 ev.verify=11.434ms
[labev] t=455153.917 ev.finalize=1.617ms
[labev] t=455153.917 ev.propose=0.002ms
[labev] t=455153.928 ev.verify=11.214ms
[labev] t=455153.930 ev.finalize=1.672ms
[labev] t=455153.930 ev.propose=0.002ms
[labev] t=455153.941 ev.verify=11.246ms
[labev] t=455153.943 ev.finalize=1.670ms
[labev] t=455153.943 ev.propose=0.002ms
[labev] t=455153.954 ev.verify=11.321ms
[labev] t=455153.956 ev.finalize=1.549ms
[labev] t=455153.956 ev.propose=0.002ms
[labev] t=455153.967 ev.verify=11.333ms
[labev] t=455153.969 ev.finalize=1.655ms
[labev] t=455153.969 ev.propose=0.002ms
[labev] t=455153.980 ev.verify=11.370ms
[labev] t=455153.983 ev.finalize=2.287ms
[labev] t=455153.983 ev.propose=0.002ms
[labev] t=455153.994 ev.verify=11.411ms
[labev] t=455153.996 ev.finalize=1.682ms
[labev] t=455153.996 ev.propose=0.002ms
[labev] t=455154.007 ev.verify=11.422ms
[labev] t=455154.009 ev.finalize=1.666ms
[labev] t=455154.009 ev.propose=0.002ms
[labev] t=455154.021 ev.verify=11.259ms
[labev] t=455154.022 ev.finalize=1.697ms
[labev] t=455154.022 ev.propose=0.002ms
[labev] t=455154.034 ev.verify=11.644ms
[labev] t=455154.036 ev.finalize=1.654ms
[labev] t=455154.036 ev.propose=0.002ms
[labev] t=455154.047 ev.verify=11.104ms
[labev] t=455154.049 ev.finalize=1.668ms
[labev] t=455154.049 ev.propose=0.002ms
[labev] t=455154.060 ev.verify=11.182ms
[labev] t=455154.062 ev.finalize=1.647ms
[labev] t=455154.062 ev.propose=0.002ms
[labev] t=455154.073 ev.verify=11.306ms
[labev] t=455154.075 ev.finalize=1.667ms
[labev] t=455154.075 ev.propose=0.002ms
[labev] t=455154.086 ev.verify=11.208ms
[labev] t=455154.088 ev.finalize=1.659ms
[labev] t=455154.088 ev.propose=0.002ms
[labev] t=455154.099 ev.verify=11.046ms
[labev] t=455154.100 ev.finalize=1.537ms
[labev] t=455154.101 ev.propose=0.002ms
[labev] t=455154.112 ev.verify=11.268ms
[labev] t=455154.114 ev.finalize=1.657ms
[labev] t=455154.114 ev.propose=0.002ms
[labev] t=455154.125 ev.verify=11.319ms
[labev] t=455154.127 ev.finalize=1.677ms
[labev] t=455154.127 ev.propose=0.002ms
[labev] t=455154.138 ev.verify=11.366ms
[labev] t=455154.140 ev.finalize=1.668ms
[labev] t=455154.140 ev.propose=0.002ms
[labev] t=455154.151 ev.verify=11.081ms
[labev] t=455154.153 ev.finalize=1.640ms
[labev] t=455154.153 ev.propose=0.002ms
[labev] t=455154.164 ev.verify=11.217ms
[labev] t=455154.166 ev.finalize=1.688ms
[labev] t=455154.166 ev.propose=0.002ms
[labev] t=455154.177 ev.verify=11.234ms
[labev] t=455154.179 ev.finalize=1.645ms
[labev] t=455154.179 ev.propose=0.002ms
[labev] t=455154.190 ev.verify=11.412ms
[labev] t=455154.193 ev.finalize=2.340ms
[labev] t=455154.193 ev.propose=0.002ms
[labev] t=455154.204 ev.verify=11.465ms
[labev] t=455154.206 ev.finalize=1.676ms
[labev] t=455154.206 ev.propose=0.002ms
[labev] t=455154.218 ev.verify=11.562ms
[labev] t=455154.219 ev.finalize=1.651ms
[labev] t=455154.220 ev.propose=0.002ms
[labev] t=455154.231 ev.verify=11.365ms
[labev] t=455154.233 ev.finalize=1.671ms
[labev] t=455154.233 ev.propose=0.002ms
[labev] t=455154.244 ev.verify=11.201ms
[labev] t=455154.246 ev.finalize=1.633ms
[labev] t=455154.246 ev.propose=0.002ms
[labev] t=455154.257 ev.verify=11.376ms
[labev] t=455154.259 ev.finalize=1.632ms
[labev] t=455154.259 ev.propose=0.002ms
[labev] t=455154.270 ev.verify=11.258ms
[labev] t=455154.272 ev.finalize=1.664ms
[labev] t=455154.272 ev.propose=0.002ms
[labev] t=455154.283 ev.verify=11.290ms
[labev] t=455154.285 ev.finalize=1.621ms
[labev] t=455154.285 ev.propose=0.002ms
[labev] t=455154.296 ev.verify=11.348ms
[labev] t=455154.298 ev.finalize=1.674ms
[labev] t=455154.298 ev.propose=0.002ms
[labev] t=455154.310 ev.verify=11.443ms
[labev] t=455154.311 ev.finalize=1.677ms
[labev] t=455154.312 ev.propose=0.002ms
[labev] t=455154.323 ev.verify=11.370ms
[labev] t=455154.325 ev.finalize=1.671ms
[labev] t=455154.325 ev.propose=0.002ms
[labev] t=455154.336 ev.verify=11.267ms
[labev] t=455154.338 ev.finalize=1.647ms
[labev] t=455154.338 ev.propose=0.002ms
[labev] t=455154.349 ev.verify=11.363ms
[labev] t=455154.351 ev.finalize=1.571ms
[labev] t=455154.351 ev.propose=0.002ms
[labev] t=455154.362 ev.verify=11.104ms
[labev] t=455154.364 ev.finalize=1.664ms
[labev] t=455154.364 ev.propose=0.002ms
[labev] t=455154.375 ev.verify=11.238ms
[labev] t=455154.377 ev.finalize=1.698ms
[labev] t=455154.377 ev.propose=0.002ms
[labev] t=455154.388 ev.verify=11.218ms
[labev] t=455154.390 ev.finalize=1.662ms
[labev] t=455154.390 ev.propose=0.002ms
[labev] t=455154.401 ev.verify=11.222ms
[labev] t=455154.403 ev.finalize=1.667ms
[labev] t=455154.403 ev.propose=0.002ms
[labev] t=455154.414 ev.verify=11.183ms
[labev] t=455154.417 ev.finalize=2.309ms
[labev] t=455154.417 ev.propose=0.002ms
[labev] t=455154.428 ev.verify=11.294ms
[labev] t=455154.430 ev.finalize=1.670ms
[labev] t=455154.430 ev.propose=0.002ms
[labev] t=455154.441 ev.verify=11.261ms
[labev] t=455154.443 ev.finalize=1.638ms
[labev] t=455154.443 ev.propose=0.002ms
[labev] t=455154.454 ev.verify=11.438ms
[labev] t=455154.456 ev.finalize=1.636ms
[labev] t=455154.456 ev.propose=0.002ms
[labev] t=455154.467 ev.verify=11.419ms
[labev] t=455154.469 ev.finalize=1.667ms
[labev] t=455154.469 ev.propose=0.002ms
[labev] t=455154.480 ev.verify=11.163ms
[labev] t=455154.482 ev.finalize=1.651ms
[labev] t=455154.482 ev.propose=0.002ms
[labev] t=455154.494 ev.verify=11.372ms
[labev] t=455154.495 ev.finalize=1.675ms
[labev] t=455154.495 ev.propose=0.002ms
[labev] t=455154.507 ev.verify=11.130ms
[labev] t=455154.508 ev.finalize=1.653ms
[labev] t=455154.508 ev.propose=0.002ms
[labev] t=455154.520 ev.verify=11.495ms
[labev] t=455154.522 ev.finalize=1.672ms
[labev] t=455154.522 ev.propose=0.002ms
[labev] t=455154.533 ev.verify=11.217ms
[labev] t=455154.535 ev.finalize=1.664ms
[labev] t=455154.535 ev.propose=0.002ms
[labev] t=455154.546 ev.verify=11.205ms
[labev] t=455154.548 ev.finalize=1.627ms
[labev] t=455154.548 ev.propose=0.002ms
[labev] t=455154.559 ev.verify=11.353ms
[labev] t=455154.561 ev.finalize=1.647ms
[labev] t=455154.561 ev.propose=0.002ms
[labev] t=455154.572 ev.verify=11.216ms
[labev] t=455154.574 ev.finalize=1.656ms
[labev] t=455154.574 ev.propose=0.002ms
[labev] t=455154.585 ev.verify=11.408ms
[labev] t=455154.587 ev.finalize=1.670ms
[labev] t=455154.587 ev.propose=0.002ms
[labev] t=455154.598 ev.verify=11.259ms
[labev] t=455154.600 ev.finalize=1.614ms
[labev] t=455154.600 ev.propose=0.002ms
[labev] t=455154.611 ev.verify=11.286ms
[labev] t=455154.613 ev.finalize=1.695ms
[labev] t=455154.613 ev.propose=0.002ms
[labev] t=455154.625 ev.verify=11.412ms
[labev] t=455154.627 ev.finalize=2.350ms
[labev] t=455154.627 ev.propose=0.002ms
[labev] t=455154.639 ev.verify=11.408ms
[labev] t=455154.640 ev.finalize=1.683ms
[labev] t=455154.640 ev.propose=0.002ms
[labev] t=455154.652 ev.verify=11.289ms
[labev] t=455154.653 ev.finalize=1.660ms
[labev] t=455154.654 ev.propose=0.002ms
[labev] t=455154.665 ev.verify=11.309ms
[labev] t=455154.667 ev.finalize=1.680ms
[labev] t=455154.667 ev.propose=0.002ms
[labev] t=455154.678 ev.verify=11.294ms
[labev] t=455154.680 ev.finalize=1.671ms
[labev] t=455154.680 ev.propose=0.002ms
[labev] t=455154.691 ev.verify=11.172ms
[labev] t=455154.693 ev.finalize=1.678ms
[labev] t=455154.693 ev.propose=0.002ms
[labev] t=455154.704 ev.verify=11.235ms
[labev] t=455154.706 ev.finalize=1.676ms
[labev] t=455154.706 ev.propose=0.002ms
[labev] t=455154.717 ev.verify=11.459ms
[labev] t=455154.719 ev.finalize=1.686ms
[labev] t=455154.719 ev.propose=0.002ms
[labev] t=455154.731 ev.verify=11.414ms
[labev] t=455154.732 ev.finalize=1.685ms
[labev] t=455154.733 ev.propose=0.002ms
[labev] t=455154.744 ev.verify=11.359ms
[labev] t=455154.746 ev.finalize=1.671ms
[labev] t=455154.746 ev.propose=0.002ms
[labev] t=455154.757 ev.verify=11.233ms
[labev] t=455154.759 ev.finalize=1.675ms
[labev] t=455154.759 ev.propose=0.002ms
[labev] t=455154.770 ev.verify=11.235ms
[labev] t=455154.772 ev.finalize=1.539ms
[labev] t=455154.772 ev.propose=0.002ms
[labev] t=455154.783 ev.verify=11.283ms
[labev] t=455154.785 ev.finalize=1.689ms
[labev] t=455154.785 ev.propose=0.002ms
[labev] t=455154.796 ev.verify=11.213ms
[labev] t=455154.798 ev.finalize=1.540ms
[labev] t=455154.798 ev.propose=0.002ms
[labev] t=455154.809 ev.verify=11.214ms
[labev] t=455154.811 ev.finalize=1.675ms
[labev] t=455154.811 ev.propose=0.002ms
[labev] t=455154.822 ev.verify=11.227ms
[labev] t=455154.824 ev.finalize=1.677ms
[labev] t=455154.824 ev.propose=0.002ms
[labev] t=455154.835 ev.verify=11.119ms
[labev] t=455154.836 ev.finalize=1.521ms
[labev] t=455154.837 ev.propose=0.002ms
[labev] t=455154.848 ev.verify=11.286ms
[labev] t=455154.849 ev.finalize=1.514ms
[labev] t=455154.850 ev.propose=0.002ms
[labev] t=455154.861 ev.verify=11.459ms
[labev] t=455154.863 ev.finalize=2.321ms
[labev] t=455154.864 ev.propose=0.002ms
[labev] t=455154.875 ev.verify=11.502ms
[labev] t=455154.877 ev.finalize=1.560ms
[labev] t=455154.877 ev.propose=0.002ms
[labev] t=455154.888 ev.verify=11.123ms
[labev] t=455154.890 ev.finalize=1.668ms
[labev] t=455154.890 ev.propose=0.002ms
[labev] t=455154.901 ev.verify=11.451ms
[labev] t=455154.903 ev.finalize=1.660ms
[labev] t=455154.903 ev.propose=0.002ms
[labev] t=455154.914 ev.verify=11.242ms
[labev] t=455154.916 ev.finalize=1.636ms
[labev] t=455154.916 ev.propose=0.002ms
[labev] t=455154.927 ev.verify=11.285ms
[labev] t=455154.929 ev.finalize=1.729ms
[labev] t=455154.929 ev.propose=0.002ms
[labev] t=455154.940 ev.verify=11.103ms
[labev] t=455154.942 ev.finalize=1.538ms
[labev] t=455154.942 ev.propose=0.002ms
[labev] t=455154.954 ev.verify=11.523ms
[labev] t=455154.955 ev.finalize=1.698ms
[labev] t=455154.955 ev.propose=0.002ms
[labev] t=455154.967 ev.verify=11.265ms
[labev] t=455154.968 ev.finalize=1.670ms
[labev] t=455154.968 ev.propose=0.002ms
[labev] t=455154.980 ev.verify=11.378ms
[labev] t=455154.982 ev.finalize=1.682ms
[labev] t=455154.982 ev.propose=0.002ms
[labev] t=455154.993 ev.verify=11.225ms
[labev] t=455154.995 ev.finalize=1.734ms
[labev] t=455154.995 ev.propose=0.002ms
[labev] t=455155.006 ev.verify=11.219ms
[labev] t=455155.008 ev.finalize=1.703ms
[labev] t=455155.008 ev.propose=0.002ms
[labev] t=455155.019 ev.verify=11.190ms
[labev] t=455155.021 ev.finalize=1.678ms
[labev] t=455155.021 ev.propose=0.002ms
[labev] t=455155.032 ev.verify=11.346ms
[labev] t=455155.034 ev.finalize=1.688ms
[labev] t=455155.034 ev.propose=0.002ms
[labev] t=455155.045 ev.verify=11.226ms
[labev] t=455155.047 ev.finalize=1.652ms
[labev] t=455155.047 ev.propose=0.002ms
[labev] t=455155.058 ev.verify=11.369ms
[labev] t=455155.060 ev.finalize=1.645ms
[labev] t=455155.060 ev.propose=0.002ms
[labev] t=455155.072 ev.verify=11.295ms
[labev] t=455155.073 ev.finalize=1.691ms
[labev] t=455155.073 ev.propose=0.002ms
[labev] t=455155.085 ev.verify=11.349ms
[labev] t=455155.087 ev.finalize=2.300ms
[labev] t=455155.087 ev.propose=0.003ms
[labev] t=455155.099 ev.verify=11.513ms
[labev] t=455155.100 ev.finalize=1.690ms
[labev] t=455155.101 ev.propose=0.002ms
[labev] t=455155.112 ev.verify=11.536ms
[labev] t=455155.114 ev.finalize=1.559ms
[labev] t=455155.114 ev.propose=0.002ms
[labev] t=455155.125 ev.verify=11.255ms
[labev] t=455155.127 ev.finalize=1.675ms
[labev] t=455155.127 ev.propose=0.002ms
[labev] t=455155.138 ev.verify=11.289ms
[labev] t=455155.140 ev.finalize=1.690ms
[labev] t=455155.140 ev.propose=0.002ms
[labev] t=455155.151 ev.verify=11.422ms
[labev] t=455155.153 ev.finalize=1.559ms
[labev] t=455155.153 ev.propose=0.002ms
[labev] t=455155.165 ev.verify=11.410ms
[labev] t=455155.166 ev.finalize=1.685ms
[labev] t=455155.166 ev.propose=0.002ms
[labev] t=455155.178 ev.verify=11.077ms
[labev] t=455155.179 ev.finalize=1.657ms
[labev] t=455155.179 ev.propose=0.002ms
[labev] t=455155.190 ev.verify=11.121ms
[labev] t=455155.192 ev.finalize=1.633ms
[labev] t=455155.192 ev.propose=0.002ms
[labev] t=455155.204 ev.verify=11.335ms
[labev] t=455155.205 ev.finalize=1.661ms
[labev] t=455155.205 ev.propose=0.002ms
[labev] t=455155.217 ev.verify=11.323ms
[labev] t=455155.218 ev.finalize=1.625ms
[labev] t=455155.219 ev.propose=0.002ms
[labev] t=455155.230 ev.verify=11.226ms
[labev] t=455155.231 ev.finalize=1.655ms
[labev] t=455155.232 ev.propose=0.002ms
[labev] t=455155.243 ev.verify=11.196ms
[labev] t=455155.244 ev.finalize=1.678ms
[labev] t=455155.245 ev.propose=0.002ms
[labev] t=455155.256 ev.verify=11.380ms
[labev] t=455155.258 ev.finalize=1.669ms
[labev] t=455155.258 ev.propose=0.002ms
[labev] t=455155.269 ev.verify=11.471ms
[labev] t=455155.271 ev.finalize=1.686ms
[labev] t=455155.271 ev.propose=0.002ms
[labev] t=455155.282 ev.verify=11.215ms
[labev] t=455155.284 ev.finalize=1.658ms
[labev] t=455155.284 ev.propose=0.002ms
[labev] t=455155.296 ev.verify=11.400ms
[labev] t=455155.297 ev.finalize=1.687ms
[labev] t=455155.297 ev.propose=0.002ms
[labev] t=455155.309 ev.verify=11.369ms
[labev] t=455155.311 ev.finalize=2.340ms
[labev] t=455155.311 ev.propose=0.002ms
[labev] t=455155.323 ev.verify=11.417ms
[labev] t=455155.324 ev.finalize=1.566ms
[labev] t=455155.324 ev.propose=0.002ms
[labev] t=455155.336 ev.verify=11.259ms
[labev] t=455155.337 ev.finalize=1.679ms
[labev] t=455155.337 ev.propose=0.002ms
[labev] t=455155.349 ev.verify=11.220ms
[labev] t=455155.350 ev.finalize=1.688ms
[labev] t=455155.351 ev.propose=0.002ms
[labev] t=455155.362 ev.verify=11.346ms
[labev] t=455155.364 ev.finalize=1.704ms
[labev] t=455155.364 ev.propose=0.002ms
[labev] t=455155.375 ev.verify=11.249ms
[labev] t=455155.377 ev.finalize=1.562ms
[labev] t=455155.377 ev.propose=0.002ms
[labev] t=455155.388 ev.verify=11.209ms
[labev] t=455155.389 ev.finalize=1.553ms
[labev] t=455155.390 ev.propose=0.002ms
[labev] t=455155.401 ev.verify=11.389ms
[labev] t=455155.403 ev.finalize=1.556ms
[labev] t=455155.403 ev.propose=0.002ms
[labev] t=455155.414 ev.verify=11.391ms
[labev] t=455155.416 ev.finalize=1.574ms
[labev] t=455155.416 ev.propose=0.002ms
[labev] t=455155.427 ev.verify=11.468ms
[labev] t=455155.429 ev.finalize=1.699ms
[labev] t=455155.429 ev.propose=0.002ms
[labev] t=455155.440 ev.verify=11.242ms
[labev] t=455155.442 ev.finalize=1.696ms
[labev] t=455155.442 ev.propose=0.002ms
[labev] t=455155.454 ev.verify=11.420ms
[labev] t=455155.455 ev.finalize=1.659ms
[labev] t=455155.455 ev.propose=0.002ms
[labev] t=455155.467 ev.verify=11.422ms
[labev] t=455155.469 ev.finalize=1.607ms
[labev] t=455155.469 ev.propose=0.002ms
[labev] t=455155.480 ev.verify=11.326ms
[labev] t=455155.482 ev.finalize=1.678ms
[labev] t=455155.482 ev.propose=0.002ms
[labev] t=455155.493 ev.verify=11.275ms
[labev] t=455155.495 ev.finalize=1.667ms
[labev] t=455155.495 ev.propose=0.002ms
[labev] t=455155.506 ev.verify=11.306ms
[labev] t=455155.508 ev.finalize=1.666ms
[labev] t=455155.508 ev.propose=0.002ms
[labev] t=455155.519 ev.verify=11.223ms
[labev] t=455155.521 ev.finalize=1.682ms
[labev] t=455155.521 ev.propose=0.002ms
[labev] t=455155.533 ev.verify=11.502ms
[labev] t=455155.534 ev.finalize=1.670ms
[labev] t=455155.534 ev.propose=0.002ms
[labev] t=455155.546 ev.verify=11.259ms
[labev] t=455155.547 ev.finalize=1.709ms
[labev] t=455155.548 ev.propose=0.002ms
[labev] t=455155.559 ev.verify=11.393ms
[labev] t=455155.561 ev.finalize=1.576ms
[labev] t=455155.561 ev.propose=0.002ms
[labev] t=455155.572 ev.verify=11.390ms
[labev] t=455155.574 ev.finalize=2.128ms
[labev] t=455155.574 ev.propose=0.002ms
[labev] t=455155.586 ev.verify=11.358ms
[labev] t=455155.587 ev.finalize=1.663ms
[labev] t=455155.587 ev.propose=0.002ms
[labev] t=455155.599 ev.verify=11.400ms
[labev] t=455155.601 ev.finalize=1.700ms
[labev] t=455155.601 ev.propose=0.002ms
[labev] t=455155.612 ev.verify=11.480ms
[labev] t=455155.614 ev.finalize=1.583ms
[labev] t=455155.614 ev.propose=0.002ms
[labev] t=455155.625 ev.verify=11.343ms
[labev] t=455155.627 ev.finalize=1.670ms
[labev] t=455155.627 ev.propose=0.002ms
[labev] t=455155.639 ev.verify=11.421ms
[labev] t=455155.640 ev.finalize=1.676ms
[labev] t=455155.640 ev.propose=0.002ms
[labev] t=455155.652 ev.verify=11.365ms
[labev] t=455155.653 ev.finalize=1.532ms
[labev] t=455155.653 ev.propose=0.002ms
[labev] t=455155.665 ev.verify=11.319ms
[labev] t=455155.666 ev.finalize=1.644ms
[labev] t=455155.667 ev.propose=0.002ms
[labev] t=455155.678 ev.verify=11.424ms
[labev] t=455155.680 ev.finalize=1.589ms
[labev] t=455155.680 ev.propose=0.002ms
[labev] t=455155.691 ev.verify=11.458ms
[labev] t=455155.693 ev.finalize=1.663ms
[labev] t=455155.693 ev.propose=0.002ms
[labev] t=455155.704 ev.verify=11.340ms
[labev] t=455155.706 ev.finalize=1.712ms
[labev] t=455155.706 ev.propose=0.002ms
[labev] t=455155.718 ev.verify=11.476ms
[labev] t=455155.719 ev.finalize=1.666ms
[labev] t=455155.720 ev.propose=0.002ms
[labev] t=455155.731 ev.verify=11.479ms
[labev] t=455155.733 ev.finalize=1.694ms
[labev] t=455155.733 ev.propose=0.002ms
[labev] t=455155.744 ev.verify=11.327ms
[labev] t=455155.746 ev.finalize=1.693ms
[labev] t=455155.746 ev.propose=0.002ms
[labev] t=455155.757 ev.verify=11.408ms
[labev] t=455155.759 ev.finalize=1.669ms
[labev] t=455155.759 ev.propose=0.002ms
[labev] t=455155.771 ev.verify=11.503ms
[labev] t=455155.773 ev.finalize=1.670ms
[labev] t=455155.773 ev.propose=0.002ms
[labev] t=455155.784 ev.verify=11.350ms
[labev] t=455155.786 ev.finalize=1.607ms
[labev] t=455155.786 ev.propose=0.002ms
[labev] t=455155.797 ev.verify=11.483ms
[labev] t=455155.799 ev.finalize=1.660ms
[labev] t=455155.799 ev.propose=0.002ms
[labev] t=455155.810 ev.verify=11.174ms
[labev] t=455155.813 ev.finalize=2.344ms
[labev] t=455155.813 ev.propose=0.002ms
[labev] t=455155.824 ev.verify=11.453ms
[labev] t=455155.826 ev.finalize=1.632ms
[labev] t=455155.826 ev.propose=0.002ms
[labev] t=455155.837 ev.verify=11.266ms
[labev] t=455155.839 ev.finalize=1.583ms
[labev] t=455155.839 ev.propose=0.002ms
[labev] t=455155.851 ev.verify=11.514ms
[labev] t=455155.852 ev.finalize=1.699ms
[labev] t=455155.852 ev.propose=0.002ms
[labev] t=455155.864 ev.verify=11.317ms
[labev] t=455155.865 ev.finalize=1.683ms
[labev] t=455155.866 ev.propose=0.002ms
[labev] t=455155.877 ev.verify=11.233ms
[labev] t=455155.878 ev.finalize=1.578ms
[labev] t=455155.878 ev.propose=0.002ms
[labev] t=455155.890 ev.verify=11.236ms
[labev] t=455155.891 ev.finalize=1.632ms
[labev] t=455155.891 ev.propose=0.001ms
[labev] t=455155.903 ev.verify=11.209ms
[labev] t=455155.904 ev.finalize=1.564ms
[labev] t=455155.904 ev.propose=0.002ms
[labev] t=455155.916 ev.verify=11.274ms
[labev] t=455155.917 ev.finalize=1.578ms
[labev] t=455155.917 ev.propose=0.002ms
[labev] t=455155.929 ev.verify=11.230ms
[labev] t=455155.930 ev.finalize=1.667ms
[labev] t=455155.930 ev.propose=0.002ms
[labev] t=455155.942 ev.verify=11.448ms
[labev] t=455155.944 ev.finalize=1.680ms
[labev] t=455155.944 ev.propose=0.002ms
[labev] t=455155.955 ev.verify=11.421ms
[labev] t=455155.957 ev.finalize=1.561ms
[labev] t=455155.957 ev.propose=0.002ms
[labev] t=455155.968 ev.verify=11.454ms
[labev] t=455155.970 ev.finalize=1.597ms
[labev] t=455155.970 ev.propose=0.002ms
[labev] t=455155.981 ev.verify=11.337ms
[labev] t=455155.983 ev.finalize=1.715ms
[labev] t=455155.983 ev.propose=0.002ms
[labev] t=455155.994 ev.verify=11.188ms
[labev] t=455155.996 ev.finalize=1.686ms
[labev] t=455155.996 ev.propose=0.002ms
[labev] t=455156.008 ev.verify=11.334ms
[labev] t=455156.009 ev.finalize=1.582ms
[labev] t=455156.009 ev.propose=0.002ms
[labev] t=455156.021 ev.verify=11.454ms
[labev] t=455156.023 ev.finalize=1.675ms
[labev] t=455156.023 ev.propose=0.002ms
[labev] t=455156.034 ev.verify=11.257ms
[labev] t=455156.036 ev.finalize=1.702ms
[labev] t=455156.036 ev.propose=0.002ms
[labev] t=455156.047 ev.verify=11.459ms
[labev] t=455156.049 ev.finalize=1.582ms
[labev] t=455156.049 ev.propose=0.002ms
[labev] t=455156.061 ev.verify=11.548ms
[labev] t=455156.062 ev.finalize=1.534ms
[labev] t=455156.062 ev.propose=0.002ms
[labev] t=455156.074 ev.verify=11.385ms
[labev] t=455156.075 ev.finalize=1.700ms
[labev] t=455156.075 ev.propose=0.002ms
[labev] t=455156.087 ev.verify=11.381ms
[labev] t=455156.089 ev.finalize=1.701ms
[labev] t=455156.089 ev.propose=0.002ms
[labev] t=455156.101 ev.verify=12.041ms
[labev] t=455156.103 ev.finalize=2.351ms
[labev] t=455156.103 ev.propose=0.002ms
[labev] t=455156.114 ev.verify=11.245ms
[labev] t=455156.116 ev.finalize=1.702ms
[labev] t=455156.116 ev.propose=0.002ms
[labev] t=455156.128 ev.verify=11.414ms
[labev] t=455156.129 ev.finalize=1.583ms
[labev] t=455156.129 ev.propose=0.002ms
[labev] t=455156.141 ev.verify=11.449ms
[labev] t=455156.143 ev.finalize=1.576ms
[labev] t=455156.143 ev.propose=0.002ms
[labev] t=455156.154 ev.verify=11.360ms
[labev] t=455156.156 ev.finalize=1.747ms
[labev] t=455156.156 ev.propose=0.002ms
[labev] t=455156.167 ev.verify=11.545ms
[labev] t=455156.169 ev.finalize=1.548ms
[labev] t=455156.169 ev.propose=0.002ms
[labev] t=455156.181 ev.verify=11.412ms
[labev] t=455156.182 ev.finalize=1.684ms
[labev] t=455156.182 ev.propose=0.002ms
[labev] t=455156.194 ev.verify=11.513ms
[labev] t=455156.196 ev.finalize=1.702ms
[labev] t=455156.196 ev.propose=0.002ms
[labev] t=455156.207 ev.verify=11.453ms
[labev] t=455156.209 ev.finalize=1.681ms
[labev] t=455156.209 ev.propose=0.002ms
[labev] t=455156.221 ev.verify=11.478ms
[labev] t=455156.222 ev.finalize=1.581ms
[labev] t=455156.222 ev.propose=0.002ms
[labev] t=455156.234 ev.verify=11.288ms
[labev] t=455156.235 ev.finalize=1.645ms
[labev] t=455156.235 ev.propose=0.002ms
[labev] t=455156.247 ev.verify=11.415ms
[labev] t=455156.248 ev.finalize=1.571ms
[labev] t=455156.248 ev.propose=0.002ms
[labev] t=455156.260 ev.verify=11.366ms
[labev] t=455156.262 ev.finalize=1.589ms
[labev] t=455156.262 ev.propose=0.002ms
[labev] t=455156.273 ev.verify=11.427ms
[labev] t=455156.275 ev.finalize=1.568ms
[labev] t=455156.275 ev.propose=0.002ms
[labev] t=455156.286 ev.verify=11.595ms
[labev] t=455156.288 ev.finalize=1.552ms
[labev] t=455156.288 ev.propose=0.002ms
[labev] t=455156.299 ev.verify=11.278ms
[labev] t=455156.301 ev.finalize=1.679ms
[labev] t=455156.301 ev.propose=0.002ms
[labev] t=455156.313 ev.verify=11.499ms
[labev] t=455156.314 ev.finalize=1.701ms
[labev] t=455156.315 ev.propose=0.002ms
[labev] t=455156.326 ev.verify=11.177ms
[labev] t=455156.327 ev.finalize=1.681ms
[labev] t=455156.328 ev.propose=0.002ms
[labev] t=455156.339 ev.verify=11.493ms
[labev] t=455156.341 ev.finalize=1.688ms
[labev] t=455156.341 ev.propose=0.002ms
[labev] t=455156.352 ev.verify=11.227ms
[labev] t=455156.354 ev.finalize=1.672ms
[labev] t=455156.354 ev.propose=0.002ms
[labev] t=455156.365 ev.verify=11.319ms
[labev] t=455156.368 ev.finalize=2.264ms
[labev] t=455156.368 ev.propose=0.002ms
[labev] t=455156.379 ev.verify=11.259ms
[labev] t=455156.381 ev.finalize=1.699ms
[labev] t=455156.381 ev.propose=0.002ms
[labev] t=455156.392 ev.verify=11.336ms
[labev] t=455156.394 ev.finalize=1.578ms
[labev] t=455156.394 ev.propose=0.002ms
[labev] t=455156.405 ev.verify=11.295ms
[labev] t=455156.407 ev.finalize=1.683ms
[labev] t=455156.407 ev.propose=0.002ms
[labev] t=455156.418 ev.verify=11.163ms
[labev] t=455156.420 ev.finalize=1.685ms
[labev] t=455156.420 ev.propose=0.002ms
[labev] t=455156.431 ev.verify=11.511ms
[labev] t=455156.433 ev.finalize=1.701ms
[labev] t=455156.433 ev.propose=0.002ms
[labev] t=455156.445 ev.verify=11.240ms
[labev] t=455156.446 ev.finalize=1.699ms
[labev] t=455156.446 ev.propose=0.002ms
[labev] t=455156.458 ev.verify=11.321ms
[labev] t=455156.460 ev.finalize=1.703ms
[labev] t=455160.040 req.start s1-p4096-o512-b3-r0=0.000ms
[labev] t=455160.040 req.handle=0.029ms
[labev] t=455160.061 tok.prepare=20.864ms
event=batching_admitted action=scheduler_admitted
[labev] t=455160.366 chunk.ord.total=304.841ms
[labev] t=455160.618 chunk.ord.total=252.023ms
[labev] t=455160.874 chunk.ord.total=255.416ms
[labev] t=455161.132 chunk.ord.total=257.628ms
[labev] t=455161.393 chunk.ord.total=261.706ms
[labev] t=455161.658 chunk.ord.total=264.032ms
[labev] t=455161.924 chunk.ord.total=266.358ms
[labev] t=455162.231 chunk.ord.total=306.984ms
[labev] t=455162.231 req.firsttoken s1-p4096-o512-b3-r0=2190.981ms
[labev] t=455162.368 ev.decode.rows1.cap0=136.891ms
[labev] t=455162.504 ev.decode.rows1.cap0=135.789ms
[labev] t=455162.640 ev.decode.rows1.cap0=135.970ms
[labev] t=455162.776 ev.decode.rows1.cap0=136.460ms
[labev] t=455162.912 ev.decode.rows1.cap0=135.640ms
[labev] t=455163.049 ev.decode.rows1.cap0=136.271ms
[labev] t=455163.185 ev.decode.rows1.cap0=136.172ms
[labev] t=455163.321 ev.decode.rows1.cap0=135.859ms
[labev] t=455163.457 ev.decode.rows1.cap0=135.911ms
[labev] t=455163.593 ev.decode.rows1.cap0=136.005ms
[labev] t=455163.729 ev.decode.rows1.cap0=135.872ms
[labev] t=455163.865 ev.decode.rows1.cap0=136.104ms
[labev] t=455164.001 ev.decode.rows1.cap0=136.108ms
[labev] t=455164.137 ev.decode.rows1.cap0=136.001ms
[labev] t=455164.274 ev.decode.rows1.cap0=136.408ms
[labev] t=455164.410 ev.decode.rows1.cap0=135.932ms
[labev] t=455164.546 ev.decode.rows1.cap0=136.111ms
[labev] t=455164.682 ev.decode.rows1.cap0=135.958ms
[labev] t=455164.819 ev.decode.rows1.cap0=136.221ms
[labev] t=455164.955 ev.decode.rows1.cap0=136.003ms
[labev] t=455165.091 ev.decode.rows1.cap0=136.372ms
[labev] t=455165.228 ev.decode.rows1.cap0=136.413ms
[labev] t=455165.364 ev.decode.rows1.cap0=136.199ms
[labev] t=455165.500 ev.decode.rows1.cap0=136.150ms
[labev] t=455165.637 ev.decode.rows1.cap0=136.247ms
[labev] t=455165.773 ev.decode.rows1.cap0=136.041ms
[labev] t=455165.910 ev.decode.rows1.cap0=136.860ms
[labev] t=455166.046 ev.decode.rows1.cap0=136.585ms
[labev] t=455166.183 ev.decode.rows1.cap0=136.909ms
[labev] t=455166.320 ev.decode.rows1.cap0=136.921ms
[labev] t=455166.457 ev.decode.rows1.cap0=136.937ms
[labev] t=455166.586 ev.decode.rows1.cap0=128.391ms
[labev] t=455166.587 req.start s1-p4096-o512-b3-r0=0.000ms
[labev] t=455166.587 req.handle=0.016ms
[labev] t=455166.608 tok.prepare=21.054ms
event=batching_admitted action=scheduler_admitted
[labev] t=455166.875 chunk.native.total=266.656ms
[labev] t=455167.141 chunk.native.total=266.101ms
[labev] t=455167.411 chunk.native.total=270.139ms
[labev] t=455167.684 chunk.native.total=272.692ms
[labprof] d0.performDecode.call=135.786ms/n52 f0.finalize.total=1.681ms/n281 f1.finalize.build=0.507ms/n281 f2.finalize.eval=1.136ms/n281 fc.finalize.call=1.687ms/n281 o1.ord.build=1.182ms/n822 o2.ord.eval=7.298ms/n822 p0.propose=0.002ms/n281 r0.round.interval=13.160ms/n280 s1.native.prefill.target=25.640ms/n13 s1.ord.prefill.target=40.324ms/n8 s2.native.prefill.drafter+eval=249.832ms/n13 s2.ord.prefill.eval=230.797ms/n8 s9.native.prefill.chunk.total=275.534ms/n12 s9.ord.prefill.chunk.total=271.154ms/n8 v0.verify.call=11.311ms/n281 v1.verify.build=0.855ms/n281 v2.verify.eval=10.344ms/n281
[labev] t=455167.959 chunk.native.total=275.288ms
[labev] t=455168.239 chunk.native.total=279.862ms
[labev] t=455168.522 chunk.native.total=282.645ms
[labev] t=455168.838 chunk.native.total=316.322ms
[labev] t=455168.839 req.firsttoken s1-p4096-o512-b3-r0=2251.727ms
[labev] t=455168.839 ev.propose=0.004ms
[labev] t=455168.857 ev.verify=18.025ms
[labev] t=455168.858 ev.finalize=1.758ms
[labev] t=455168.859 ev.propose=0.068ms
[labev] t=455168.870 ev.verify=11.647ms
[labev] t=455168.872 ev.finalize=1.686ms
[labev] t=455168.872 ev.propose=0.066ms
[labev] t=455168.884 ev.verify=11.333ms
[labev] t=455168.885 ev.finalize=1.659ms
[labev] t=455168.886 ev.propose=0.054ms
[labev] t=455168.897 ev.verify=11.199ms
[labev] t=455168.898 ev.finalize=1.686ms
[labev] t=455168.899 ev.propose=0.057ms
[labev] t=455168.910 ev.verify=11.274ms
[labev] t=455168.912 ev.finalize=1.675ms
[labev] t=455168.912 ev.propose=0.068ms
[labev] t=455168.923 ev.verify=11.300ms
[labev] t=455168.925 ev.finalize=1.668ms
[labev] t=455168.925 ev.propose=0.063ms
[labev] t=455168.936 ev.verify=11.381ms
[labev] t=455168.938 ev.finalize=1.666ms
[labev] t=455168.938 ev.propose=0.044ms
[labev] t=455168.950 ev.verify=11.414ms
[labev] t=455168.951 ev.finalize=1.646ms
[labev] t=455168.952 ev.propose=0.054ms
[labev] t=455168.963 ev.verify=11.076ms
[labev] t=455168.965 ev.finalize=2.286ms
[labev] t=455168.965 ev.propose=0.071ms
[labev] t=455168.976 ev.verify=11.287ms
[labev] t=455168.978 ev.finalize=1.637ms
[labev] t=455168.978 ev.propose=0.067ms
[labev] t=455168.990 ev.verify=11.194ms
[labev] t=455168.991 ev.finalize=1.654ms
[labev] t=455168.991 ev.propose=0.044ms
[labev] t=455169.003 ev.verify=11.171ms
[labev] t=455169.004 ev.finalize=1.757ms
[labev] t=455169.005 ev.propose=0.062ms
[labev] t=455169.016 ev.verify=11.154ms
[labev] t=455169.017 ev.finalize=1.520ms
[labev] t=455169.017 ev.propose=0.073ms
[labev] t=455169.029 ev.verify=11.199ms
[labev] t=455169.030 ev.finalize=1.684ms
[labev] t=455169.031 ev.propose=0.069ms
[labev] t=455169.042 ev.verify=11.302ms
[labev] t=455169.043 ev.finalize=1.540ms
[labev] t=455169.044 ev.propose=0.059ms
[labev] t=455169.055 ev.verify=11.209ms
[labev] t=455169.057 ev.finalize=1.665ms
[labev] t=455169.057 ev.propose=0.066ms
[labev] t=455169.068 ev.verify=11.181ms
[labev] t=455169.070 ev.finalize=1.660ms
[labev] t=455169.070 ev.propose=0.002ms
[labev] t=455169.081 ev.verify=11.232ms
[labev] t=455169.083 ev.finalize=1.655ms
[labev] t=455169.083 ev.propose=0.059ms
[labev] t=455169.094 ev.verify=11.154ms
[labev] t=455169.096 ev.finalize=1.657ms
[labev] t=455169.096 ev.propose=0.063ms
[labev] t=455169.107 ev.verify=11.223ms
[labev] t=455169.109 ev.finalize=1.639ms
[labev] t=455169.109 ev.propose=0.066ms
[labev] t=455169.120 ev.verify=11.220ms
[labev] t=455169.122 ev.finalize=1.666ms
[labev] t=455169.122 ev.propose=0.002ms
[labev] t=455169.133 ev.verify=11.243ms
[labev] t=455169.135 ev.finalize=1.676ms
[labev] t=455169.135 ev.propose=0.002ms
[labev] t=455169.147 ev.verify=11.331ms
[labev] t=455169.148 ev.finalize=1.655ms
[labev] t=455169.148 ev.propose=0.002ms
[labev] t=455169.160 ev.verify=11.217ms
[labev] t=455169.161 ev.finalize=1.649ms
[labev] t=455169.161 ev.propose=0.002ms
[labev] t=455169.173 ev.verify=11.284ms
[labev] t=455169.174 ev.finalize=1.636ms
[labev] t=455169.174 ev.propose=0.060ms
[labev] t=455169.186 ev.verify=11.282ms
[labev] t=455169.188 ev.finalize=2.299ms
[labev] t=455169.188 ev.propose=0.002ms
[labev] t=455169.200 ev.verify=11.395ms
[labev] t=455169.201 ev.finalize=1.664ms
[labev] t=455169.201 ev.propose=0.002ms
[labev] t=455169.213 ev.verify=11.272ms
[labev] t=455169.214 ev.finalize=1.630ms
[labev] t=455169.215 ev.propose=0.002ms
[labev] t=455169.226 ev.verify=11.293ms
[labev] t=455169.228 ev.finalize=1.637ms
[labev] t=455169.228 ev.propose=0.002ms
[labev] t=455169.239 ev.verify=11.229ms
[labev] t=455169.241 ev.finalize=1.627ms
[labev] t=455169.241 ev.propose=0.002ms
[labev] t=455169.252 ev.verify=11.232ms
[labev] t=455169.254 ev.finalize=1.641ms
[labev] t=455169.254 ev.propose=0.002ms
[labev] t=455169.265 ev.verify=11.139ms
[labev] t=455169.267 ev.finalize=1.657ms
[labev] t=455169.267 ev.propose=0.002ms
[labev] t=455169.278 ev.verify=11.179ms
[labev] t=455169.279 ev.finalize=1.631ms
[labev] t=455169.280 ev.propose=0.002ms
[labev] t=455169.291 ev.verify=11.389ms
[labev] t=455169.293 ev.finalize=1.647ms
[labev] t=455169.293 ev.propose=0.002ms
[labev] t=455169.304 ev.verify=11.188ms
[labev] t=455169.306 ev.finalize=1.642ms
[labev] t=455169.306 ev.propose=0.002ms
[labev] t=455169.317 ev.verify=11.162ms
[labev] t=455169.319 ev.finalize=1.649ms
[labev] t=455169.319 ev.propose=0.002ms
[labev] t=455169.330 ev.verify=11.408ms
[labev] t=455169.332 ev.finalize=1.651ms
[labev] t=455169.332 ev.propose=0.002ms
[labev] t=455169.343 ev.verify=11.433ms
[labev] t=455169.345 ev.finalize=1.653ms
[labev] t=455169.345 ev.propose=0.002ms
[labev] t=455169.356 ev.verify=11.239ms
[labev] t=455169.358 ev.finalize=1.694ms
[labev] t=455169.358 ev.propose=0.002ms
[labev] t=455169.369 ev.verify=11.124ms
[labev] t=455169.371 ev.finalize=1.651ms
[labev] t=455169.371 ev.propose=0.002ms
[labev] t=455169.382 ev.verify=11.228ms
[labev] t=455169.384 ev.finalize=1.658ms
[labev] t=455169.384 ev.propose=0.002ms
[labev] t=455169.396 ev.verify=11.347ms
[labev] t=455169.398 ev.finalize=2.318ms
[labev] t=455169.398 ev.propose=0.002ms
[labev] t=455169.410 ev.verify=11.454ms
[labev] t=455169.411 ev.finalize=1.827ms
[labev] t=455169.412 ev.propose=0.002ms
[labev] t=455169.423 ev.verify=11.313ms
[labev] t=455169.425 ev.finalize=1.858ms
[labev] t=455169.425 ev.propose=0.002ms
[labev] t=455169.436 ev.verify=11.149ms
[labev] t=455169.438 ev.finalize=1.656ms
[labev] t=455169.438 ev.propose=0.002ms
[labev] t=455169.449 ev.verify=11.112ms
[labev] t=455169.451 ev.finalize=1.690ms
[labev] t=455169.451 ev.propose=0.002ms
[labev] t=455169.462 ev.verify=11.391ms
[labev] t=455169.464 ev.finalize=1.659ms
[labev] t=455169.464 ev.propose=0.002ms
[labev] t=455169.475 ev.verify=11.207ms
[labev] t=455169.477 ev.finalize=1.663ms
[labev] t=455169.477 ev.propose=0.002ms
[labev] t=455169.488 ev.verify=11.252ms
[labev] t=455169.490 ev.finalize=1.650ms
[labev] t=455169.490 ev.propose=0.002ms
[labev] t=455169.501 ev.verify=11.200ms
[labev] t=455169.503 ev.finalize=1.686ms
[labev] t=455169.503 ev.propose=0.002ms
[labev] t=455169.515 ev.verify=11.299ms
[labev] t=455169.516 ev.finalize=1.522ms
[labev] t=455169.516 ev.propose=0.002ms
[labev] t=455169.527 ev.verify=11.175ms
[labev] t=455169.529 ev.finalize=1.657ms
[labev] t=455169.529 ev.propose=0.002ms
[labev] t=455169.541 ev.verify=11.324ms
[labev] t=455169.542 ev.finalize=1.662ms
[labev] t=455169.542 ev.propose=0.002ms
[labev] t=455169.554 ev.verify=11.442ms
[labev] t=455169.555 ev.finalize=1.663ms
[labev] t=455169.556 ev.propose=0.002ms
[labev] t=455169.567 ev.verify=11.325ms
[labev] t=455169.569 ev.finalize=1.659ms
[labev] t=455169.569 ev.propose=0.002ms
[labev] t=455169.580 ev.verify=11.117ms
[labev] t=455169.582 ev.finalize=1.667ms
[labev] t=455169.582 ev.propose=0.002ms
[labev] t=455169.593 ev.verify=11.214ms
[labev] t=455169.594 ev.finalize=1.533ms
[labev] t=455169.595 ev.propose=0.002ms
[labev] t=455169.606 ev.verify=11.167ms
[labev] t=455169.607 ev.finalize=1.544ms
[labev] t=455169.607 ev.propose=0.002ms
[labev] t=455169.619 ev.verify=11.325ms
[labev] t=455169.620 ev.finalize=1.661ms
[labev] t=455169.621 ev.propose=0.002ms
[labev] t=455169.632 ev.verify=11.127ms
[labev] t=455169.634 ev.finalize=2.288ms
[labev] t=455169.634 ev.propose=0.002ms
[labev] t=455169.645 ev.verify=11.260ms
[labev] t=455169.647 ev.finalize=1.540ms
[labev] t=455169.647 ev.propose=0.002ms
[labev] t=455169.658 ev.verify=11.088ms
[labev] t=455169.660 ev.finalize=1.696ms
[labev] t=455169.660 ev.propose=0.002ms
[labev] t=455169.671 ev.verify=11.323ms
[labev] t=455169.673 ev.finalize=1.583ms
[labev] t=455169.673 ev.propose=0.002ms
[labev] t=455169.684 ev.verify=11.083ms
[labev] t=455169.686 ev.finalize=1.660ms
[labev] t=455169.686 ev.propose=0.002ms
[labev] t=455169.697 ev.verify=11.117ms
[labev] t=455169.699 ev.finalize=1.555ms
[labev] t=455169.699 ev.propose=0.002ms
[labev] t=455169.710 ev.verify=11.066ms
[labev] t=455169.712 ev.finalize=1.661ms
[labev] t=455169.712 ev.propose=0.002ms
[labev] t=455169.723 ev.verify=11.169ms
[labev] t=455169.725 ev.finalize=1.634ms
[labev] t=455169.725 ev.propose=0.002ms
[labev] t=455169.736 ev.verify=10.982ms
[labev] t=455169.737 ev.finalize=1.550ms
[labev] t=455169.737 ev.propose=0.002ms
[labev] t=455169.749 ev.verify=11.282ms
[labev] t=455169.750 ev.finalize=1.546ms
[labev] t=455169.750 ev.propose=0.002ms
[labev] t=455169.762 ev.verify=11.322ms
[labev] t=455169.763 ev.finalize=1.535ms
[labev] t=455169.763 ev.propose=0.002ms
[labev] t=455169.775 ev.verify=11.394ms
[labev] t=455169.776 ev.finalize=1.539ms
[labev] t=455169.776 ev.propose=0.002ms
[labev] t=455169.788 ev.verify=11.220ms
[labev] t=455169.789 ev.finalize=1.539ms
[labev] t=455169.789 ev.propose=0.002ms
[labev] t=455169.800 ev.verify=11.055ms
[labev] t=455169.802 ev.finalize=1.653ms
[labev] t=455169.802 ev.propose=0.002ms
[labev] t=455169.814 ev.verify=11.296ms
[labev] t=455169.815 ev.finalize=1.677ms
[labev] t=455169.815 ev.propose=0.002ms
[labev] t=455169.827 ev.verify=11.166ms
[labev] t=455169.828 ev.finalize=1.669ms
[labev] t=455169.828 ev.propose=0.002ms
[labev] t=455169.840 ev.verify=11.267ms
[labev] t=455169.841 ev.finalize=1.649ms
[labev] t=455169.841 ev.propose=0.002ms
[labev] t=455169.853 ev.verify=11.454ms
[labev] t=455169.855 ev.finalize=1.647ms
[labev] t=455169.855 ev.propose=0.002ms
[labev] t=455169.866 ev.verify=11.200ms
[labev] t=455169.868 ev.finalize=1.682ms
[labev] t=455169.868 ev.propose=0.002ms
[labev] t=455169.879 ev.verify=11.410ms
[labev] t=455169.881 ev.finalize=1.653ms
[labev] t=455169.881 ev.propose=0.002ms
[labev] t=455169.892 ev.verify=11.293ms
[labev] t=455169.895 ev.finalize=2.284ms
[labev] t=455169.895 ev.propose=0.002ms
[labev] t=455169.906 ev.verify=11.411ms
[labev] t=455169.908 ev.finalize=1.620ms
[labev] t=455169.908 ev.propose=0.002ms
[labev] t=455169.919 ev.verify=11.244ms
[labev] t=455169.921 ev.finalize=1.660ms
[labev] t=455169.921 ev.propose=0.002ms
[labev] t=455169.932 ev.verify=11.265ms
[labev] t=455169.934 ev.finalize=1.664ms
[labev] t=455169.934 ev.propose=0.002ms
[labev] t=455169.945 ev.verify=11.200ms
[labev] t=455169.947 ev.finalize=1.648ms
[labev] t=455169.947 ev.propose=0.002ms
[labev] t=455169.958 ev.verify=11.056ms
[labev] t=455169.960 ev.finalize=1.662ms
[labev] t=455169.960 ev.propose=0.002ms
[labev] t=455169.971 ev.verify=11.299ms
[labev] t=455169.973 ev.finalize=1.653ms
[labev] t=455169.973 ev.propose=0.002ms
[labev] t=455169.984 ev.verify=11.436ms
[labev] t=455169.986 ev.finalize=1.678ms
[labev] t=455169.986 ev.propose=0.002ms
[labev] t=455169.998 ev.verify=11.320ms
[labev] t=455169.999 ev.finalize=1.665ms
[labev] t=455169.999 ev.propose=0.002ms
[labev] t=455170.011 ev.verify=11.450ms
[labev] t=455170.013 ev.finalize=1.645ms
[labev] t=455170.013 ev.propose=0.002ms
[labev] t=455170.024 ev.verify=11.264ms
[labev] t=455170.026 ev.finalize=1.646ms
[labev] t=455170.026 ev.propose=0.001ms
[labev] t=455170.037 ev.verify=11.118ms
[labev] t=455170.039 ev.finalize=1.668ms
[labev] t=455170.039 ev.propose=0.002ms
[labev] t=455170.050 ev.verify=11.348ms
[labev] t=455170.052 ev.finalize=1.697ms
[labev] t=455170.052 ev.propose=0.002ms
[labev] t=455170.063 ev.verify=11.116ms
[labev] t=455170.065 ev.finalize=1.750ms
[labev] t=455170.065 ev.propose=0.002ms
[labev] t=455170.076 ev.verify=11.419ms
[labev] t=455170.078 ev.finalize=1.755ms
[labev] t=455170.078 ev.propose=0.002ms
[labev] t=455170.089 ev.verify=11.208ms
[labev] t=455170.091 ev.finalize=1.642ms
[labev] t=455170.091 ev.propose=0.002ms
[labev] t=455170.103 ev.verify=11.319ms
[labev] t=455170.105 ev.finalize=2.340ms
[labev] t=455170.105 ev.propose=0.002ms
[labev] t=455170.117 ev.verify=11.482ms
[labev] t=455170.118 ev.finalize=1.709ms
[labev] t=455170.118 ev.propose=0.002ms
[labev] t=455170.130 ev.verify=11.458ms
[labev] t=455170.132 ev.finalize=1.690ms
[labev] t=455170.132 ev.propose=0.002ms
[labev] t=455170.143 ev.verify=11.274ms
[labev] t=455170.145 ev.finalize=1.732ms
[labev] t=455170.145 ev.propose=0.002ms
[labev] t=455170.156 ev.verify=11.357ms
[labev] t=455170.158 ev.finalize=1.810ms
[labev] t=455170.158 ev.propose=0.002ms
[labev] t=455170.170 ev.verify=11.359ms
[labev] t=455170.171 ev.finalize=1.722ms
[labev] t=455170.171 ev.propose=0.002ms
[labev] t=455170.183 ev.verify=11.255ms
[labev] t=455170.184 ev.finalize=1.649ms
[labev] t=455170.185 ev.propose=0.002ms
[labev] t=455170.196 ev.verify=11.250ms
[labev] t=455170.198 ev.finalize=1.682ms
[labev] t=455170.198 ev.propose=0.002ms
[labev] t=455170.209 ev.verify=11.094ms
[labev] t=455170.210 ev.finalize=1.652ms
[labev] t=455170.211 ev.propose=0.002ms
[labev] t=455170.222 ev.verify=11.379ms
[labev] t=455170.224 ev.finalize=1.655ms
[labev] t=455170.224 ev.propose=0.002ms
[labev] t=455170.235 ev.verify=11.468ms
[labev] t=455170.237 ev.finalize=1.682ms
[labev] t=455170.237 ev.propose=0.002ms
[labev] t=455170.248 ev.verify=11.115ms
[labev] t=455170.250 ev.finalize=1.651ms
[labev] t=455170.250 ev.propose=0.002ms
[labev] t=455170.261 ev.verify=11.193ms
[labev] t=455170.263 ev.finalize=1.662ms
[labev] t=455170.263 ev.propose=0.002ms
[labev] t=455170.274 ev.verify=11.421ms
[labev] t=455170.276 ev.finalize=1.617ms
[labev] t=455170.276 ev.propose=0.002ms
[labev] t=455170.287 ev.verify=11.245ms
[labev] t=455170.289 ev.finalize=1.674ms
[labev] t=455170.289 ev.propose=0.002ms
[labev] t=455170.301 ev.verify=11.432ms
[labev] t=455170.302 ev.finalize=1.661ms
[labev] t=455170.303 ev.propose=0.002ms
[labev] t=455170.314 ev.verify=11.334ms
[labev] t=455170.316 ev.finalize=1.656ms
[labev] t=455170.316 ev.propose=0.002ms
[labev] t=455170.327 ev.verify=11.533ms
[labev] t=455170.330 ev.finalize=2.324ms
[labev] t=455170.330 ev.propose=0.002ms
[labev] t=455170.341 ev.verify=11.301ms
[labev] t=455170.343 ev.finalize=1.672ms
[labev] t=455170.343 ev.propose=0.002ms
[labev] t=455170.354 ev.verify=11.504ms
[labev] t=455170.356 ev.finalize=1.649ms
[labev] t=455170.356 ev.propose=0.002ms
[labev] t=455170.367 ev.verify=11.103ms
[labev] t=455170.369 ev.finalize=1.650ms
[labev] t=455170.369 ev.propose=0.002ms
[labev] t=455170.380 ev.verify=11.390ms
[labev] t=455170.382 ev.finalize=1.662ms
[labev] t=455170.382 ev.propose=0.002ms
[labev] t=455170.394 ev.verify=11.264ms
[labev] t=455170.395 ev.finalize=1.676ms
[labev] t=455170.395 ev.propose=0.002ms
[labev] t=455170.407 ev.verify=11.355ms
[labev] t=455170.408 ev.finalize=1.575ms
[labev] t=455170.408 ev.propose=0.002ms
[labev] t=455170.420 ev.verify=11.199ms
[labev] t=455170.421 ev.finalize=1.542ms
[labev] t=455170.421 ev.propose=0.002ms
[labev] t=455170.433 ev.verify=11.309ms
[labev] t=455170.434 ev.finalize=1.650ms
[labev] t=455170.434 ev.propose=0.002ms
[labev] t=455170.446 ev.verify=11.251ms
[labev] t=455170.447 ev.finalize=1.680ms
[labev] t=455170.448 ev.propose=0.002ms
[labev] t=455170.459 ev.verify=11.184ms
[labev] t=455170.460 ev.finalize=1.525ms
[labev] t=455170.460 ev.propose=0.002ms
[labev] t=455170.472 ev.verify=11.174ms
[labev] t=455170.473 ev.finalize=1.676ms
[labev] t=455170.473 ev.propose=0.002ms
[labev] t=455170.485 ev.verify=11.346ms
[labev] t=455170.486 ev.finalize=1.566ms
[labev] t=455170.486 ev.propose=0.002ms
[labev] t=455170.498 ev.verify=11.452ms
[labev] t=455170.500 ev.finalize=1.655ms
[labev] t=455170.500 ev.propose=0.002ms
[labev] t=455170.511 ev.verify=11.261ms
[labev] t=455170.513 ev.finalize=1.671ms
[labev] t=455170.513 ev.propose=0.002ms
[labev] t=455170.524 ev.verify=11.185ms
[labev] t=455170.526 ev.finalize=1.671ms
[labev] t=455170.526 ev.propose=0.002ms
[labev] t=455170.537 ev.verify=11.296ms
[labev] t=455170.539 ev.finalize=1.669ms
[labev] t=455170.539 ev.propose=0.002ms
[labev] t=455170.550 ev.verify=11.327ms
[labev] t=455170.552 ev.finalize=1.559ms
[labev] t=455170.552 ev.propose=0.002ms
[labev] t=455170.563 ev.verify=11.256ms
[labev] t=455170.566 ev.finalize=2.331ms
[labev] t=455170.566 ev.propose=0.002ms
[labev] t=455170.577 ev.verify=11.284ms
[labev] t=455170.579 ev.finalize=1.676ms
[labev] t=455170.579 ev.propose=0.002ms
[labev] t=455170.590 ev.verify=11.331ms
[labev] t=455170.592 ev.finalize=1.638ms
[labev] t=455170.592 ev.propose=0.002ms
[labev] t=455170.603 ev.verify=11.261ms
[labev] t=455170.605 ev.finalize=1.674ms
[labev] t=455170.605 ev.propose=0.002ms
[labev] t=455170.616 ev.verify=11.161ms
[labev] t=455170.618 ev.finalize=1.651ms
[labev] t=455170.618 ev.propose=0.002ms
[labev] t=455170.629 ev.verify=11.290ms
[labev] t=455170.631 ev.finalize=1.670ms
[labev] t=455170.631 ev.propose=0.002ms
[labev] t=455170.643 ev.verify=11.396ms
[labev] t=455170.644 ev.finalize=1.690ms
[labev] t=455170.644 ev.propose=0.002ms
[labev] t=455170.656 ev.verify=11.253ms
[labev] t=455170.657 ev.finalize=1.547ms
[labev] t=455170.657 ev.propose=0.002ms
[labev] t=455170.668 ev.verify=11.039ms
[labev] t=455170.670 ev.finalize=1.655ms
[labev] t=455170.670 ev.propose=0.002ms
[labev] t=455170.682 ev.verify=11.391ms
[labev] t=455170.683 ev.finalize=1.673ms
[labev] t=455170.683 ev.propose=0.002ms
[labev] t=455170.695 ev.verify=11.341ms
[labev] t=455170.696 ev.finalize=1.673ms
[labev] t=455170.697 ev.propose=0.002ms
[labev] t=455170.708 ev.verify=11.340ms
[labev] t=455170.710 ev.finalize=1.662ms
[labev] t=455170.710 ev.propose=0.002ms
[labev] t=455170.721 ev.verify=11.256ms
[labev] t=455170.723 ev.finalize=1.554ms
[labev] t=455170.723 ev.propose=0.002ms
[labev] t=455170.734 ev.verify=11.315ms
[labev] t=455170.736 ev.finalize=1.682ms
[labev] t=455170.736 ev.propose=0.002ms
[labev] t=455170.747 ev.verify=11.230ms
[labev] t=455170.749 ev.finalize=1.673ms
[labev] t=455170.749 ev.propose=0.002ms
[labev] t=455170.760 ev.verify=11.386ms
[labev] t=455170.762 ev.finalize=1.659ms
[labev] t=455170.762 ev.propose=0.002ms
[labev] t=455170.774 ev.verify=11.427ms
[labev] t=455170.775 ev.finalize=1.677ms
[labev] t=455170.775 ev.propose=0.002ms
[labev] t=455170.787 ev.verify=11.516ms
[labev] t=455170.789 ev.finalize=2.327ms
[labev] t=455170.789 ev.propose=0.002ms
[labev] t=455170.801 ev.verify=11.205ms
[labev] t=455170.802 ev.finalize=1.692ms
[labev] t=455170.802 ev.propose=0.002ms
[labev] t=455170.814 ev.verify=11.074ms
[labev] t=455170.815 ev.finalize=1.660ms
[labev] t=455170.815 ev.propose=0.002ms
[labev] t=455170.827 ev.verify=11.268ms
[labev] t=455170.828 ev.finalize=1.677ms
[labev] t=455170.828 ev.propose=0.002ms
[labev] t=455170.840 ev.verify=11.172ms
[labev] t=455170.841 ev.finalize=1.675ms
[labev] t=455170.841 ev.propose=0.002ms
[labev] t=455170.853 ev.verify=11.345ms
[labev] t=455170.855 ev.finalize=1.659ms
[labev] t=455170.855 ev.propose=0.002ms
[labev] t=455170.866 ev.verify=11.389ms
[labev] t=455170.868 ev.finalize=1.677ms
[labev] t=455170.868 ev.propose=0.002ms
[labev] t=455170.879 ev.verify=11.497ms
[labev] t=455170.881 ev.finalize=1.661ms
[labev] t=455170.881 ev.propose=0.002ms
[labev] t=455170.892 ev.verify=11.275ms
[labev] t=455170.894 ev.finalize=1.684ms
[labev] t=455170.894 ev.propose=0.002ms
[labev] t=455170.906 ev.verify=11.225ms
[labev] t=455170.907 ev.finalize=1.654ms
[labev] t=455170.907 ev.propose=0.002ms
[labev] t=455170.919 ev.verify=11.338ms
[labev] t=455170.920 ev.finalize=1.684ms
[labev] t=455170.920 ev.propose=0.002ms
[labev] t=455170.932 ev.verify=11.289ms
[labev] t=455170.933 ev.finalize=1.672ms
[labev] t=455170.934 ev.propose=0.002ms
[labev] t=455170.945 ev.verify=11.341ms
[labev] t=455170.947 ev.finalize=1.670ms
[labev] t=455170.947 ev.propose=0.002ms
[labev] t=455170.958 ev.verify=11.087ms
[labev] t=455170.960 ev.finalize=1.647ms
[labev] t=455170.960 ev.propose=0.002ms
[labev] t=455170.971 ev.verify=11.489ms
[labev] t=455170.973 ev.finalize=1.654ms
[labev] t=455170.973 ev.propose=0.002ms
[labev] t=455170.984 ev.verify=11.312ms
[labev] t=455170.986 ev.finalize=1.658ms
[labev] t=455170.986 ev.propose=0.002ms
[labev] t=455170.997 ev.verify=11.244ms
[labev] t=455171.000 ev.finalize=2.341ms
[labev] t=455171.000 ev.propose=0.002ms
[labev] t=455171.011 ev.verify=11.235ms
[labev] t=455171.013 ev.finalize=1.671ms
[labev] t=455171.013 ev.propose=0.002ms
[labev] t=455171.024 ev.verify=11.283ms
[labev] t=455171.026 ev.finalize=1.664ms
[labev] t=455171.026 ev.propose=0.002ms
[labev] t=455171.037 ev.verify=11.439ms
[labev] t=455171.039 ev.finalize=1.664ms
[labev] t=455171.039 ev.propose=0.002ms
[labev] t=455171.050 ev.verify=11.088ms
[labev] t=455171.052 ev.finalize=1.679ms
[labev] t=455171.052 ev.propose=0.002ms
[labev] t=455171.064 ev.verify=11.401ms
[labev] t=455171.065 ev.finalize=1.569ms
[labev] t=455171.065 ev.propose=0.002ms
[labev] t=455171.076 ev.verify=11.157ms
[labev] t=455171.078 ev.finalize=1.694ms
[labev] t=455171.078 ev.propose=0.002ms
[labev] t=455171.090 ev.verify=11.284ms
[labev] t=455171.091 ev.finalize=1.816ms
[labev] t=455171.092 ev.propose=0.002ms
[labev] t=455171.103 ev.verify=11.326ms
[labev] t=455171.105 ev.finalize=1.870ms
[labev] t=455171.105 ev.propose=0.002ms
[labev] t=455171.116 ev.verify=11.270ms
[labev] t=455171.118 ev.finalize=1.932ms
[labev] t=455171.118 ev.propose=0.002ms
[labev] t=455171.130 ev.verify=11.420ms
[labev] t=455171.132 ev.finalize=1.727ms
[labev] t=455171.132 ev.propose=0.002ms
[labev] t=455171.143 ev.verify=11.326ms
[labev] t=455171.145 ev.finalize=1.823ms
[labev] t=455171.145 ev.propose=0.002ms
[labev] t=455171.156 ev.verify=11.192ms
[labev] t=455171.158 ev.finalize=1.670ms
[labev] t=455171.158 ev.propose=0.002ms
[labev] t=455171.169 ev.verify=11.481ms
[labev] t=455171.171 ev.finalize=1.665ms
[labev] t=455171.171 ev.propose=0.002ms
[labev] t=455171.183 ev.verify=11.283ms
[labev] t=455171.184 ev.finalize=1.538ms
[labev] t=455171.184 ev.propose=0.002ms
[labev] t=455171.195 ev.verify=11.256ms
[labev] t=455171.197 ev.finalize=1.531ms
[labev] t=455171.197 ev.propose=0.002ms
[labev] t=455171.208 ev.verify=11.242ms
[labev] t=455171.210 ev.finalize=1.647ms
[labev] t=455171.210 ev.propose=0.002ms
[labev] t=455171.222 ev.verify=11.291ms
[labev] t=455171.223 ev.finalize=1.660ms
[labev] t=455171.223 ev.propose=0.002ms
[labev] t=455171.235 ev.verify=11.504ms
[labev] t=455171.237 ev.finalize=2.322ms
[labev] t=455171.237 ev.propose=0.002ms
[labev] t=455171.249 ev.verify=11.241ms
[labev] t=455171.250 ev.finalize=1.679ms
[labev] t=455171.250 ev.propose=0.002ms
[labev] t=455171.262 ev.verify=11.341ms
[labev] t=455171.263 ev.finalize=1.585ms
[labev] t=455171.263 ev.propose=0.002ms
[labev] t=455171.275 ev.verify=11.418ms
[labev] t=455171.277 ev.finalize=1.710ms
[labev] t=455171.277 ev.propose=0.002ms
[labev] t=455171.288 ev.verify=11.403ms
[labev] t=455171.290 ev.finalize=1.688ms
[labev] t=455171.290 ev.propose=0.002ms
[labev] t=455171.301 ev.verify=11.405ms
[labev] t=455171.303 ev.finalize=1.671ms
[labev] t=455171.303 ev.propose=0.002ms
[labev] t=455171.315 ev.verify=11.414ms
[labev] t=455171.316 ev.finalize=1.585ms
[labev] t=455171.316 ev.propose=0.002ms
[labev] t=455171.328 ev.verify=11.429ms
[labev] t=455171.330 ev.finalize=1.666ms
[labev] t=455171.330 ev.propose=0.002ms
[labev] t=455171.341 ev.verify=11.375ms
[labev] t=455171.343 ev.finalize=1.694ms
[labev] t=455171.343 ev.propose=0.002ms
[labev] t=455171.354 ev.verify=11.306ms
[labev] t=455171.356 ev.finalize=1.664ms
[labev] t=455171.356 ev.propose=0.002ms
[labev] t=455171.367 ev.verify=11.407ms
[labev] t=455171.369 ev.finalize=1.700ms
[labev] t=455171.369 ev.propose=0.002ms
[labev] t=455171.381 ev.verify=11.359ms
[labev] t=455171.382 ev.finalize=1.687ms
[labev] t=455171.383 ev.propose=0.002ms
[labev] t=455171.394 ev.verify=11.528ms
[labev] t=455171.396 ev.finalize=1.672ms
[labev] t=455171.396 ev.propose=0.002ms
[labev] t=455171.407 ev.verify=11.547ms
[labev] t=455171.409 ev.finalize=1.678ms
[labev] t=455171.409 ev.propose=0.002ms
[labev] t=455171.421 ev.verify=11.466ms
[labev] t=455171.422 ev.finalize=1.676ms
[labev] t=455171.423 ev.propose=0.002ms
[labev] t=455171.434 ev.verify=11.302ms
[labev] t=455171.436 ev.finalize=1.657ms
[labev] t=455171.436 ev.propose=0.002ms
[labev] t=455171.447 ev.verify=11.234ms
[labev] t=455171.449 ev.finalize=1.695ms
[labev] t=455171.449 ev.propose=0.002ms
[labev] t=455171.460 ev.verify=11.258ms
[labev] t=455171.462 ev.finalize=2.339ms
[labev] t=455171.463 ev.propose=0.002ms
[labev] t=455171.474 ev.verify=11.406ms
[labev] t=455171.476 ev.finalize=1.687ms
[labev] t=455171.476 ev.propose=0.002ms
[labev] t=455171.487 ev.verify=11.521ms
[labev] t=455171.489 ev.finalize=1.661ms
[labev] t=455171.489 ev.propose=0.002ms
[labev] t=455171.500 ev.verify=11.187ms
[labev] t=455171.502 ev.finalize=1.658ms
[labev] t=455171.502 ev.propose=0.002ms
[labev] t=455171.513 ev.verify=11.270ms
[labev] t=455171.515 ev.finalize=1.689ms
[labev] t=455171.515 ev.propose=0.002ms
[labev] t=455171.526 ev.verify=11.101ms
[labev] t=455171.528 ev.finalize=1.687ms
[labev] t=455171.528 ev.propose=0.002ms
[labev] t=455171.540 ev.verify=11.318ms
[labev] t=455171.541 ev.finalize=1.567ms
[labev] t=455171.541 ev.propose=0.002ms
[labev] t=455171.553 ev.verify=11.244ms
[labev] t=455171.554 ev.finalize=1.579ms
[labev] t=455171.554 ev.propose=0.002ms
[labev] t=455171.566 ev.verify=11.393ms
[labev] t=455171.567 ev.finalize=1.653ms
[labev] t=455171.567 ev.propose=0.002ms
[labev] t=455171.579 ev.verify=11.156ms
[labev] t=455171.580 ev.finalize=1.697ms
[labev] t=455171.580 ev.propose=0.002ms
[labev] t=455171.592 ev.verify=11.285ms
[labev] t=455171.593 ev.finalize=1.571ms
[labev] t=455171.593 ev.propose=0.002ms
[labev] t=455171.605 ev.verify=11.273ms
[labev] t=455171.606 ev.finalize=1.676ms
[labev] t=455171.607 ev.propose=0.002ms
[labev] t=455171.618 ev.verify=11.298ms
[labev] t=455171.620 ev.finalize=1.684ms
[labev] t=455171.620 ev.propose=0.002ms
[labev] t=455171.631 ev.verify=11.242ms
[labev] t=455171.633 ev.finalize=1.657ms
[labev] t=455171.633 ev.propose=0.002ms
[labev] t=455171.644 ev.verify=11.108ms
[labev] t=455171.645 ev.finalize=1.557ms
[labev] t=455171.646 ev.propose=0.002ms
[labev] t=455171.657 ev.verify=11.338ms
[labev] t=455171.659 ev.finalize=1.695ms
[labev] t=455171.659 ev.propose=0.002ms
[labev] t=455171.670 ev.verify=11.252ms
[labev] t=455171.672 ev.finalize=1.671ms
[labev] t=455171.672 ev.propose=0.002ms
[labev] t=455171.683 ev.verify=11.521ms
[labev] t=455171.685 ev.finalize=1.562ms
[labev] t=455171.685 ev.propose=0.002ms
[labev] t=455171.696 ev.verify=11.321ms
[labev] t=455171.698 ev.finalize=1.576ms
[labev] t=455171.698 ev.propose=0.002ms
[labev] t=455171.709 ev.verify=11.144ms
[labev] t=455171.712 ev.finalize=2.232ms
[labev] t=455171.712 ev.propose=0.002ms
[labev] t=455171.723 ev.verify=11.324ms
[labev] t=455171.725 ev.finalize=1.687ms
[labev] t=455171.725 ev.propose=0.002ms
[labev] t=455171.736 ev.verify=11.370ms
[labev] t=455171.738 ev.finalize=1.665ms
[labev] t=455171.738 ev.propose=0.002ms
[labev] t=455171.749 ev.verify=11.184ms
[labev] t=455171.751 ev.finalize=1.682ms
[labev] t=455171.751 ev.propose=0.002ms
[labev] t=455171.763 ev.verify=11.453ms
[labev] t=455171.764 ev.finalize=1.587ms
[labev] t=455171.764 ev.propose=0.002ms
[labev] t=455171.776 ev.verify=11.279ms
[labev] t=455171.777 ev.finalize=1.684ms
[labev] t=455171.777 ev.propose=0.002ms
[labev] t=455171.789 ev.verify=11.298ms
[labev] t=455171.790 ev.finalize=1.585ms
[labev] t=455171.790 ev.propose=0.002ms
[labev] t=455171.802 ev.verify=11.222ms
[labev] t=455171.803 ev.finalize=1.568ms
[labev] t=455171.803 ev.propose=0.002ms
[labev] t=455171.815 ev.verify=11.379ms
[labev] t=455171.816 ev.finalize=1.690ms
[labev] t=455171.817 ev.propose=0.002ms
[labev] t=455171.828 ev.verify=11.366ms
[labev] t=455171.830 ev.finalize=1.555ms
[labev] t=455171.830 ev.propose=0.002ms
[labev] t=455171.841 ev.verify=11.287ms
[labev] t=455171.843 ev.finalize=1.582ms
[labev] t=455171.843 ev.propose=0.002ms
[labev] t=455171.854 ev.verify=11.348ms
[labev] t=455171.856 ev.finalize=1.680ms
[labev] t=455171.856 ev.propose=0.002ms
[labev] t=455171.867 ev.verify=11.481ms
[labev] t=455171.869 ev.finalize=1.682ms
[labev] t=455171.869 ev.propose=0.002ms
[labev] t=455171.881 ev.verify=11.422ms
[labev] t=455171.882 ev.finalize=1.670ms
[labev] t=455171.882 ev.propose=0.002ms
[labev] t=455171.894 ev.verify=11.392ms
[labev] t=455171.896 ev.finalize=1.697ms
[labev] t=455171.896 ev.propose=0.002ms
[labev] t=455171.907 ev.verify=11.301ms
[labev] t=455171.909 ev.finalize=1.668ms
[labev] t=455171.909 ev.propose=0.002ms
[labev] t=455171.920 ev.verify=11.355ms
[labev] t=455171.922 ev.finalize=1.675ms
[labev] t=455171.922 ev.propose=0.002ms
[labev] t=455171.933 ev.verify=11.426ms
[labev] t=455171.935 ev.finalize=1.584ms
[labev] t=455171.935 ev.propose=0.002ms
[labev] t=455171.947 ev.verify=11.372ms
[labev] t=455171.948 ev.finalize=1.673ms
[labev] t=455171.948 ev.propose=0.002ms
[labev] t=455171.960 ev.verify=11.227ms
[labev] t=455171.962 ev.finalize=2.377ms
[labev] t=455171.962 ev.propose=0.002ms
[labev] t=455171.973 ev.verify=11.260ms
[labev] t=455171.975 ev.finalize=1.721ms
[labev] t=455171.975 ev.propose=0.002ms
[labev] t=455171.986 ev.verify=11.176ms
[labev] t=455171.988 ev.finalize=1.687ms
[labev] t=455171.988 ev.propose=0.002ms
[labev] t=455171.999 ev.verify=11.153ms
[labev] t=455172.001 ev.finalize=1.570ms
[labev] t=455172.001 ev.propose=0.002ms
[labev] t=455172.013 ev.verify=11.452ms
[labev] t=455172.014 ev.finalize=1.619ms
[labev] t=455172.014 ev.propose=0.002ms
[labev] t=455172.026 ev.verify=11.349ms
[labev] t=455172.027 ev.finalize=1.561ms
[labev] t=455172.028 ev.propose=0.002ms
[labev] t=455172.039 ev.verify=11.319ms
[labev] t=455172.041 ev.finalize=1.679ms
[labev] t=455172.041 ev.propose=0.002ms
[labev] t=455172.052 ev.verify=11.282ms
[labev] t=455172.054 ev.finalize=1.665ms
[labev] t=455172.054 ev.propose=0.002ms
[labev] t=455172.065 ev.verify=11.208ms
[labev] t=455172.067 ev.finalize=1.673ms
[labev] t=455172.067 ev.propose=0.002ms
[labev] t=455172.078 ev.verify=11.275ms
[labev] t=455172.080 ev.finalize=1.699ms
[labev] t=455172.080 ev.propose=0.002ms
[labev] t=455172.091 ev.verify=11.501ms
[labev] t=455172.093 ev.finalize=1.676ms
[labev] t=455172.093 ev.propose=0.002ms
[labev] t=455172.105 ev.verify=11.488ms
[labev] t=455172.106 ev.finalize=1.673ms
[labev] t=455172.107 ev.propose=0.002ms
[labev] t=455172.118 ev.verify=11.164ms
[labev] t=455172.120 ev.finalize=1.717ms
[labev] t=455172.120 ev.propose=0.002ms
[labev] t=455172.131 ev.verify=11.463ms
[labev] t=455172.133 ev.finalize=1.683ms
[labev] t=455172.133 ev.propose=0.002ms
[labev] t=455172.144 ev.verify=11.294ms
[labev] t=455172.146 ev.finalize=1.667ms
[labev] t=455172.146 ev.propose=0.002ms
[labev] t=455172.157 ev.verify=11.311ms
[labev] t=455172.159 ev.finalize=1.676ms
[labev] t=455172.159 ev.propose=0.002ms
[labev] t=455172.171 ev.verify=11.454ms
[labev] t=455172.172 ev.finalize=1.708ms
[labev] t=455172.173 ev.propose=0.002ms
[labev] t=455172.184 ev.verify=11.400ms
[labev] t=455172.186 ev.finalize=2.361ms
[labev] t=455172.186 ev.propose=0.002ms
[labev] t=455172.198 ev.verify=11.419ms
[labev] t=455172.199 ev.finalize=1.577ms
[labev] t=455172.200 ev.propose=0.002ms
[labev] t=455172.211 ev.verify=11.321ms
[labev] t=455172.213 ev.finalize=1.712ms
[labev] t=455172.213 ev.propose=0.002ms
[labev] t=455172.224 ev.verify=11.348ms
[labev] t=455172.226 ev.finalize=1.662ms
[labev] t=455172.226 ev.propose=0.002ms
[labev] t=455172.237 ev.verify=11.348ms
[labev] t=455172.239 ev.finalize=1.694ms
[labev] t=455172.239 ev.propose=0.002ms
[labev] t=455172.251 ev.verify=11.428ms
[labev] t=455172.252 ev.finalize=1.573ms
[labev] t=455172.252 ev.propose=0.002ms
[labev] t=455172.264 ev.verify=11.520ms
[labev] t=455172.266 ev.finalize=1.712ms
[labev] t=455172.266 ev.propose=0.002ms
[labev] t=455172.277 ev.verify=11.321ms
[labev] t=455172.279 ev.finalize=1.696ms
[labev] t=455172.279 ev.propose=0.002ms
[labev] t=455172.290 ev.verify=11.294ms
[labev] t=455172.292 ev.finalize=1.690ms
[labev] t=455172.292 ev.propose=0.002ms
[labev] t=455172.304 ev.verify=11.504ms
[labev] t=455172.305 ev.finalize=1.692ms
[labev] t=455172.305 ev.propose=0.002ms
[labev] t=455172.317 ev.verify=11.347ms
[labev] t=455172.318 ev.finalize=1.602ms
[labev] t=455172.319 ev.propose=0.002ms
[labev] t=455172.330 ev.verify=11.221ms
[labev] t=455172.331 ev.finalize=1.674ms
[labev] t=455172.332 ev.propose=0.002ms
[labev] t=455172.343 ev.verify=11.090ms
[labev] t=455172.344 ev.finalize=1.697ms
[labev] t=455172.345 ev.propose=0.002ms
[labev] t=455172.356 ev.verify=11.291ms
[labev] t=455172.357 ev.finalize=1.581ms
[labev] t=455172.358 ev.propose=0.003ms
[labev] t=455172.369 ev.verify=11.480ms
[labev] t=455172.371 ev.finalize=1.574ms
[labev] t=455172.371 ev.propose=0.002ms
[labev] t=455172.382 ev.verify=11.390ms
[labev] t=455172.384 ev.finalize=1.692ms
[labev] t=455172.384 ev.propose=0.002ms
[labev] t=455172.396 ev.verify=11.517ms
[labev] t=455172.397 ev.finalize=1.703ms
[labev] t=455172.397 ev.propose=0.002ms
[labev] t=455172.409 ev.verify=11.317ms
[labev] t=455172.410 ev.finalize=1.643ms
[labev] t=455172.411 ev.propose=0.002ms
[labev] t=455172.422 ev.verify=11.113ms
[labev] t=455172.423 ev.finalize=1.695ms
[labev] t=455172.424 ev.propose=0.002ms
[labev] t=455172.435 ev.verify=11.405ms
[labev] t=455172.437 ev.finalize=2.237ms
[labev] t=455172.437 ev.propose=0.002ms
[labev] t=455172.449 ev.verify=11.497ms
[labev] t=455172.450 ev.finalize=1.598ms
[labev] t=455172.451 ev.propose=0.002ms
[labev] t=455172.462 ev.verify=11.560ms
[labev] t=455172.464 ev.finalize=1.692ms
[labev] t=455172.464 ev.propose=0.002ms
[labev] t=455172.475 ev.verify=11.335ms
[labev] t=455172.477 ev.finalize=1.679ms
[labev] t=455172.477 ev.propose=0.002ms
[labev] t=455172.489 ev.verify=11.518ms
[labev] t=455172.490 ev.finalize=1.668ms
[labev] t=455172.491 ev.propose=0.002ms
[labev] t=455172.502 ev.verify=11.412ms
[labev] t=455172.504 ev.finalize=1.691ms
[labev] t=455172.504 ev.propose=0.002ms
[labev] t=455172.515 ev.verify=11.281ms
[labev] t=455172.517 ev.finalize=1.704ms
[labev] t=455172.517 ev.propose=0.002ms
[labev] t=455172.528 ev.verify=11.355ms
[labev] t=455172.530 ev.finalize=1.686ms
[labev] t=455176.118 req.start s1-p4096-o512-b4-r0=0.001ms
[labev] t=455176.118 req.handle=0.077ms
[labev] t=455176.139 tok.prepare=20.920ms
event=batching_admitted action=scheduler_admitted
[labev] t=455176.429 chunk.native.total=288.929ms
[labev] t=455176.696 chunk.native.total=267.312ms
[labev] t=455176.966 chunk.native.total=269.586ms
[labev] t=455177.238 chunk.native.total=272.253ms
[labev] t=455177.515 chunk.native.total=276.807ms
[labev] t=455177.794 chunk.native.total=278.938ms
[labev] t=455178.076 chunk.native.total=282.295ms
[labev] t=455178.393 chunk.native.total=316.244ms
[labev] t=455178.393 req.firsttoken s1-p4096-o512-b4-r0=2274.387ms
[labev] t=455178.393 ev.propose=0.003ms
[labev] t=455178.404 ev.verify=11.437ms
[labev] t=455178.406 ev.finalize=1.657ms
[labev] t=455178.406 ev.propose=0.084ms
[labev] t=455178.418 ev.verify=11.557ms
[labev] t=455178.419 ev.finalize=1.659ms
[labev] t=455178.420 ev.propose=0.060ms
[labev] t=455178.431 ev.verify=11.348ms
[labev] t=455178.433 ev.finalize=1.670ms
[labev] t=455178.433 ev.propose=0.068ms
[labev] t=455178.444 ev.verify=11.148ms
[labev] t=455178.446 ev.finalize=1.647ms
[labev] t=455178.446 ev.propose=0.047ms
[labev] t=455178.457 ev.verify=11.289ms
[labev] t=455178.459 ev.finalize=1.627ms
[labev] t=455178.459 ev.propose=0.058ms
[labev] t=455178.470 ev.verify=11.361ms
[labev] t=455178.472 ev.finalize=1.667ms
[labev] t=455178.472 ev.propose=0.050ms
[labev] t=455178.484 ev.verify=11.411ms
[labev] t=455178.485 ev.finalize=1.676ms
[labev] t=455178.486 ev.propose=0.040ms
[labev] t=455178.497 ev.verify=11.304ms
[labev] t=455178.499 ev.finalize=1.621ms
[labev] t=455178.499 ev.propose=0.065ms
[labev] t=455178.510 ev.verify=10.942ms
[labev] t=455178.512 ev.finalize=2.252ms
[labev] t=455178.512 ev.propose=0.068ms
[labev] t=455178.523 ev.verify=11.334ms
[labev] t=455178.525 ev.finalize=1.665ms
[labev] t=455178.525 ev.propose=0.072ms
[labev] t=455178.537 ev.verify=11.287ms
[labev] t=455178.538 ev.finalize=1.667ms
[labev] t=455178.539 ev.propose=0.062ms
[labev] t=455178.550 ev.verify=11.286ms
[labev] t=455178.551 ev.finalize=1.534ms
[labev] t=455178.552 ev.propose=0.071ms
[labev] t=455178.563 ev.verify=11.150ms
[labev] t=455178.564 ev.finalize=1.556ms
[labev] t=455178.564 ev.propose=0.002ms
[labev] t=455178.576 ev.verify=11.258ms
[labev] t=455178.577 ev.finalize=1.639ms
[labev] t=455178.578 ev.propose=0.070ms
[labev] t=455178.589 ev.verify=11.291ms
[labev] t=455178.590 ev.finalize=1.538ms
[labev] t=455178.591 ev.propose=0.070ms
[labev] t=455178.602 ev.verify=11.265ms
[labev] t=455178.604 ev.finalize=1.656ms
[labev] t=455178.604 ev.propose=0.072ms
[labev] t=455178.615 ev.verify=11.219ms
[labev] t=455178.617 ev.finalize=1.675ms
[labev] t=455178.617 ev.propose=0.074ms
[labev] t=455178.628 ev.verify=11.213ms
[labev] t=455178.630 ev.finalize=1.636ms
[labev] t=455178.630 ev.propose=0.070ms
[labev] t=455178.641 ev.verify=11.153ms
[labev] t=455178.643 ev.finalize=1.662ms
[labev] t=455178.643 ev.propose=0.064ms
[labev] t=455178.654 ev.verify=11.272ms
[labev] t=455178.656 ev.finalize=1.625ms
[labev] t=455178.656 ev.propose=0.062ms
[labev] t=455178.667 ev.verify=11.138ms
[labev] t=455178.669 ev.finalize=1.660ms
[labev] t=455178.669 ev.propose=0.063ms
[labev] t=455178.680 ev.verify=11.309ms
[labev] t=455178.682 ev.finalize=1.669ms
[labev] t=455178.682 ev.propose=0.002ms
[labev] t=455178.694 ev.verify=11.323ms
[labev] t=455178.695 ev.finalize=1.642ms
[labev] t=455178.695 ev.propose=0.002ms
[labev] t=455178.707 ev.verify=11.120ms
[labev] t=455178.708 ev.finalize=1.656ms
[labev] t=455178.708 ev.propose=0.002ms
[labev] t=455178.720 ev.verify=11.288ms
[labev] t=455178.721 ev.finalize=1.631ms
[labev] t=455178.721 ev.propose=0.002ms
[labev] t=455178.733 ev.verify=11.371ms
[labev] t=455178.735 ev.finalize=2.258ms
[labev] t=455178.735 ev.propose=0.002ms
[labev] t=455178.747 ev.verify=11.409ms
[labev] t=455178.748 ev.finalize=1.637ms
[labev] t=455178.748 ev.propose=0.002ms
[labev] t=455178.760 ev.verify=11.317ms
[labev] t=455178.761 ev.finalize=1.658ms
[labev] t=455178.762 ev.propose=0.002ms
[labev] t=455178.773 ev.verify=11.209ms
[labev] t=455178.774 ev.finalize=1.650ms
[labev] t=455178.775 ev.propose=0.002ms
[labev] t=455178.786 ev.verify=11.197ms
[labev] t=455178.787 ev.finalize=1.642ms
[labev] t=455178.788 ev.propose=0.002ms
[labev] t=455178.799 ev.verify=11.293ms
[labev] t=455178.801 ev.finalize=1.696ms
[labev] t=455178.801 ev.propose=0.002ms
[labev] t=455178.812 ev.verify=11.339ms
[labev] t=455178.814 ev.finalize=1.665ms
[labev] t=455178.814 ev.propose=0.002ms
[labev] t=455178.825 ev.verify=11.317ms
[labev] t=455178.827 ev.finalize=1.632ms
[labev] t=455178.827 ev.propose=0.002ms
[labev] t=455178.838 ev.verify=11.390ms
[labev] t=455178.840 ev.finalize=1.647ms
[labev] t=455178.840 ev.propose=0.002ms
[labev] t=455178.851 ev.verify=11.147ms
[labev] t=455178.853 ev.finalize=1.627ms
[labev] t=455178.853 ev.propose=0.002ms
[labev] t=455178.864 ev.verify=11.224ms
[labev] t=455178.866 ev.finalize=1.639ms
[labev] t=455178.866 ev.propose=0.002ms
[labev] t=455178.878 ev.verify=11.469ms
[labev] t=455178.879 ev.finalize=1.672ms
[labev] t=455178.879 ev.propose=0.002ms
[labev] t=455178.891 ev.verify=11.443ms
[labev] t=455178.893 ev.finalize=1.644ms
[labev] t=455178.893 ev.propose=0.002ms
[labev] t=455178.904 ev.verify=11.222ms
[labev] t=455178.906 ev.finalize=1.644ms
[labev] t=455178.906 ev.propose=0.002ms
[labev] t=455178.917 ev.verify=11.029ms
[labev] t=455178.918 ev.finalize=1.658ms
[labev] t=455178.918 ev.propose=0.002ms
[labev] t=455178.930 ev.verify=11.217ms
[labev] t=455178.931 ev.finalize=1.657ms
[labev] t=455178.932 ev.propose=0.002ms
[labev] t=455178.943 ev.verify=11.382ms
[labev] t=455178.945 ev.finalize=2.211ms
[labev] t=455178.945 ev.propose=0.002ms
[labev] t=455178.957 ev.verify=11.464ms
[labev] t=455178.958 ev.finalize=1.648ms
[labev] t=455178.959 ev.propose=0.002ms
[labev] t=455178.970 ev.verify=11.284ms
[labev] t=455178.972 ev.finalize=1.660ms
[labev] t=455178.972 ev.propose=0.002ms
[labev] t=455178.983 ev.verify=11.118ms
[labev] t=455178.985 ev.finalize=1.853ms
[labev] t=455178.985 ev.propose=0.002ms
[labev] t=455178.996 ev.verify=11.123ms
[labev] t=455178.998 ev.finalize=1.661ms
[labev] t=455178.998 ev.propose=0.002ms
[labev] t=455179.009 ev.verify=11.340ms
[labev] t=455179.011 ev.finalize=1.664ms
[labev] t=455179.011 ev.propose=0.002ms
[labev] t=455179.022 ev.verify=11.180ms
[labev] t=455179.024 ev.finalize=1.628ms
[labev] t=455179.024 ev.propose=0.002ms
[labev] t=455179.035 ev.verify=11.333ms
[labev] t=455179.037 ev.finalize=1.648ms
[labev] t=455179.037 ev.propose=0.002ms
[labev] t=455179.048 ev.verify=11.266ms
[labev] t=455179.050 ev.finalize=1.682ms
[labev] t=455179.050 ev.propose=0.002ms
[labev] t=455179.061 ev.verify=11.296ms
[labev] t=455179.063 ev.finalize=1.546ms
[labev] t=455179.063 ev.propose=0.002ms
[labev] t=455179.074 ev.verify=11.225ms
[labev] t=455179.076 ev.finalize=1.650ms
[labev] t=455179.076 ev.propose=0.002ms
[labev] t=455179.087 ev.verify=11.319ms
[labev] t=455179.089 ev.finalize=1.552ms
[labev] t=455179.089 ev.propose=0.002ms
[labev] t=455179.100 ev.verify=11.237ms
[labev] t=455179.102 ev.finalize=1.533ms
[labev] t=455179.102 ev.propose=0.002ms
[labev] t=455179.113 ev.verify=11.280ms
[labev] t=455179.115 ev.finalize=1.679ms
[labev] t=455179.115 ev.propose=0.002ms
[labev] t=455179.126 ev.verify=11.290ms
[labev] t=455179.128 ev.finalize=1.654ms
[labev] t=455179.128 ev.propose=0.002ms
[labev] t=455179.139 ev.verify=11.227ms
[labev] t=455179.141 ev.finalize=1.667ms
[labev] t=455179.141 ev.propose=0.002ms
[labev] t=455179.153 ev.verify=11.323ms
[labev] t=455179.154 ev.finalize=1.642ms
[labev] t=455179.154 ev.propose=0.002ms
[labev] t=455179.166 ev.verify=11.320ms
[labev] t=455179.167 ev.finalize=1.647ms
[labev] t=455179.167 ev.propose=0.002ms
[labev] t=455179.179 ev.verify=11.406ms
[labev] t=455179.181 ev.finalize=2.323ms
[labev] t=455179.181 ev.propose=0.002ms
[labev] t=455179.193 ev.verify=11.394ms
[labev] t=455179.194 ev.finalize=1.544ms
[labev] t=455179.194 ev.propose=0.002ms
[labev] t=455179.206 ev.verify=11.217ms
[labev] t=455179.207 ev.finalize=1.688ms
[labev] t=455179.207 ev.propose=0.002ms
[labev] t=455179.219 ev.verify=11.164ms
[labev] t=455179.220 ev.finalize=1.668ms
[labev] t=455179.220 ev.propose=0.002ms
[labev] t=455179.232 ev.verify=11.389ms
[labev] t=455179.234 ev.finalize=1.670ms
[labev] t=455179.234 ev.propose=0.002ms
[labev] t=455179.245 ev.verify=11.352ms
[labev] t=455179.247 ev.finalize=1.549ms
[labev] t=455179.247 ev.propose=0.002ms
[labev] t=455179.258 ev.verify=11.411ms
[labev] t=455179.260 ev.finalize=1.669ms
[labev] t=455179.260 ev.propose=0.002ms
[labev] t=455179.271 ev.verify=11.369ms
[labev] t=455179.273 ev.finalize=1.652ms
[labev] t=455179.273 ev.propose=0.002ms
[labev] t=455179.284 ev.verify=11.265ms
[labev] t=455179.286 ev.finalize=1.673ms
[labev] t=455179.286 ev.propose=0.002ms
[labev] t=455179.297 ev.verify=11.177ms
[labev] t=455179.299 ev.finalize=1.673ms
[labev] t=455179.299 ev.propose=0.002ms
[labev] t=455179.311 ev.verify=11.244ms
[labev] t=455179.312 ev.finalize=1.625ms
[labev] t=455179.312 ev.propose=0.002ms
[labev] t=455179.324 ev.verify=11.292ms
[labev] t=455179.325 ev.finalize=1.667ms
[labev] t=455179.325 ev.propose=0.002ms
[labev] t=455179.337 ev.verify=11.353ms
[labev] t=455179.338 ev.finalize=1.655ms
[labev] t=455179.339 ev.propose=0.002ms
[labev] t=455179.350 ev.verify=11.459ms
[labev] t=455179.352 ev.finalize=1.541ms
[labev] t=455179.352 ev.propose=0.002ms
[labev] t=455179.363 ev.verify=11.358ms
[labev] t=455179.365 ev.finalize=1.640ms
[labev] t=455179.365 ev.propose=0.002ms
[labev] t=455179.376 ev.verify=11.178ms
[labev] t=455179.378 ev.finalize=1.666ms
[labev] t=455179.378 ev.propose=0.002ms
[labev] t=455179.389 ev.verify=11.321ms
[labev] t=455179.391 ev.finalize=1.679ms
[labev] t=455179.391 ev.propose=0.002ms
[labev] t=455179.402 ev.verify=11.273ms
[labev] t=455179.405 ev.finalize=2.308ms
[labev] t=455179.405 ev.propose=0.002ms
[labev] t=455179.416 ev.verify=11.551ms
[labev] t=455179.418 ev.finalize=1.698ms
[labev] t=455179.418 ev.propose=0.002ms
[labev] t=455179.429 ev.verify=11.202ms
[labev] t=455179.431 ev.finalize=1.653ms
[labev] t=455179.431 ev.propose=0.002ms
[labev] t=455179.443 ev.verify=11.382ms
[labev] t=455179.444 ev.finalize=1.673ms
[labev] t=455179.444 ev.propose=0.002ms
[labev] t=455179.456 ev.verify=11.242ms
[labev] t=455179.457 ev.finalize=1.641ms
[labev] t=455179.457 ev.propose=0.002ms
[labev] t=455179.469 ev.verify=11.428ms
[labev] t=455179.471 ev.finalize=1.653ms
[labev] t=455179.471 ev.propose=0.002ms
[labev] t=455179.482 ev.verify=11.374ms
[labev] t=455179.484 ev.finalize=1.667ms
[labev] t=455179.484 ev.propose=0.002ms
[labev] t=455179.495 ev.verify=11.244ms
[labev] t=455179.497 ev.finalize=1.632ms
[labev] t=455179.497 ev.propose=0.002ms
[labev] t=455179.508 ev.verify=11.088ms
[labev] t=455179.510 ev.finalize=1.668ms
[labev] t=455179.510 ev.propose=0.002ms
[labev] t=455179.521 ev.verify=11.343ms
[labev] t=455179.523 ev.finalize=1.641ms
[labev] t=455179.523 ev.propose=0.002ms
[labev] t=455179.534 ev.verify=11.484ms
[labev] t=455179.536 ev.finalize=1.677ms
[labev] t=455179.536 ev.propose=0.002ms
[labev] t=455179.548 ev.verify=11.262ms
[labev] t=455179.549 ev.finalize=1.676ms
[labev] t=455179.549 ev.propose=0.002ms
[labev] t=455179.561 ev.verify=11.321ms
[labev] t=455179.562 ev.finalize=1.666ms
[labev] t=455179.563 ev.propose=0.002ms
[labev] t=455179.574 ev.verify=11.228ms
[labev] t=455179.575 ev.finalize=1.538ms
[labev] t=455179.575 ev.propose=0.002ms
[labev] t=455179.587 ev.verify=11.161ms
[labev] t=455179.588 ev.finalize=1.666ms
[labev] t=455179.588 ev.propose=0.002ms
[labev] t=455179.600 ev.verify=11.271ms
[labev] t=455179.601 ev.finalize=1.659ms
[labev] t=455179.602 ev.propose=0.002ms
[labev] t=455179.613 ev.verify=11.328ms
[labev] t=455179.615 ev.finalize=1.662ms
[labev] t=455179.615 ev.propose=0.002ms
[labev] t=455179.626 ev.verify=11.321ms
[labev] t=455179.628 ev.finalize=2.338ms
[labev] t=455179.628 ev.propose=0.002ms
[labev] t=455179.640 ev.verify=11.503ms
[labev] t=455179.642 ev.finalize=1.661ms
[labev] t=455179.642 ev.propose=0.002ms
[labev] t=455179.653 ev.verify=11.279ms
[labev] t=455179.655 ev.finalize=1.664ms
[labev] t=455179.655 ev.propose=0.002ms
[labev] t=455179.666 ev.verify=11.438ms
[labev] t=455179.668 ev.finalize=1.646ms
[labev] t=455179.668 ev.propose=0.002ms
[labev] t=455179.679 ev.verify=11.098ms
[labev] t=455179.681 ev.finalize=1.654ms
[labev] t=455179.681 ev.propose=0.002ms
[labev] t=455179.692 ev.verify=11.247ms
[labev] t=455179.694 ev.finalize=1.666ms
[labev] t=455179.694 ev.propose=0.002ms
[labev] t=455179.705 ev.verify=11.285ms
[labev] t=455179.707 ev.finalize=1.651ms
[labev] t=455179.707 ev.propose=0.002ms
[labev] t=455179.718 ev.verify=11.156ms
[labev] t=455179.720 ev.finalize=1.652ms
[labev] t=455179.720 ev.propose=0.002ms
[labev] t=455179.731 ev.verify=11.254ms
[labev] t=455179.733 ev.finalize=1.673ms
[labev] t=455179.733 ev.propose=0.002ms
[labev] t=455179.745 ev.verify=11.352ms
[labev] t=455179.746 ev.finalize=1.661ms
[labev] t=455179.746 ev.propose=0.002ms
[labev] t=455179.758 ev.verify=11.320ms
[labev] t=455179.759 ev.finalize=1.641ms
[labev] t=455179.759 ev.propose=0.002ms
[labev] t=455179.771 ev.verify=11.181ms
[labev] t=455179.772 ev.finalize=1.662ms
[labev] t=455179.772 ev.propose=0.002ms
[labev] t=455179.784 ev.verify=11.295ms
[labev] t=455179.786 ev.finalize=1.673ms
[labev] t=455179.786 ev.propose=0.002ms
[labev] t=455179.797 ev.verify=11.229ms
[labev] t=455179.798 ev.finalize=1.559ms
[labev] t=455179.799 ev.propose=0.002ms
[labev] t=455179.810 ev.verify=11.428ms
[labev] t=455179.812 ev.finalize=1.674ms
[labev] t=455179.812 ev.propose=0.002ms
[labev] t=455179.823 ev.verify=11.309ms
[labev] t=455179.825 ev.finalize=1.670ms
[labev] t=455179.825 ev.propose=0.002ms
[labev] t=455179.836 ev.verify=11.281ms
[labev] t=455179.839 ev.finalize=2.308ms
[labev] t=455179.839 ev.propose=0.003ms
[labev] t=455179.850 ev.verify=11.452ms
[labev] t=455179.852 ev.finalize=1.695ms
[labev] t=455179.852 ev.propose=0.002ms
[labev] t=455179.863 ev.verify=11.407ms
[labev] t=455179.865 ev.finalize=1.566ms
[labev] t=455179.865 ev.propose=0.002ms
[labev] t=455179.876 ev.verify=11.236ms
[labev] t=455179.878 ev.finalize=1.548ms
[labev] t=455179.878 ev.propose=0.002ms
[labev] t=455179.889 ev.verify=11.228ms
[labev] t=455179.891 ev.finalize=1.881ms
[labev] t=455179.891 ev.propose=0.002ms
[labev] t=455179.903 ev.verify=11.371ms
[labev] t=455179.905 ev.finalize=1.889ms
[labev] t=455179.905 ev.propose=0.002ms
[labev] t=455179.916 ev.verify=11.499ms
[labev] t=455179.918 ev.finalize=1.707ms
[labev] t=455179.918 ev.propose=0.002ms
[labev] t=455179.929 ev.verify=11.355ms
[labev] t=455179.931 ev.finalize=1.734ms
[labev] t=455179.931 ev.propose=0.002ms
[labev] t=455179.943 ev.verify=11.211ms
[labev] t=455179.944 ev.finalize=1.665ms
[labev] t=455179.944 ev.propose=0.002ms
[labev] t=455179.956 ev.verify=11.264ms
[labev] t=455179.957 ev.finalize=1.551ms
[labev] t=455179.957 ev.propose=0.002ms
[labev] t=455179.969 ev.verify=11.232ms
[labev] t=455179.970 ev.finalize=1.652ms
[labev] t=455179.970 ev.propose=0.002ms
[labev] t=455179.982 ev.verify=11.283ms
[labev] t=455179.983 ev.finalize=1.652ms
[labev] t=455179.984 ev.propose=0.002ms
[labev] t=455179.995 ev.verify=11.293ms
[labev] t=455179.997 ev.finalize=1.673ms
[labev] t=455179.997 ev.propose=0.002ms
[labev] t=455180.008 ev.verify=11.421ms
[labev] t=455180.010 ev.finalize=1.661ms
[labev] t=455180.010 ev.propose=0.002ms
[labev] t=455180.021 ev.verify=11.033ms
[labev] t=455180.023 ev.finalize=1.647ms
[labev] t=455180.023 ev.propose=0.002ms
[labev] t=455180.034 ev.verify=11.177ms
[labev] t=455180.036 ev.finalize=1.664ms
[labev] t=455180.036 ev.propose=0.002ms
[labev] t=455180.047 ev.verify=11.337ms
[labev] t=455180.049 ev.finalize=1.555ms
[labev] t=455180.049 ev.propose=0.002ms
[labev] t=455180.060 ev.verify=11.397ms
[labev] t=455180.062 ev.finalize=1.558ms
[labev] t=455180.062 ev.propose=0.002ms
[labev] t=455180.073 ev.verify=11.229ms
[labev] t=455180.075 ev.finalize=1.649ms
[labev] t=455180.075 ev.propose=0.002ms
[labev] t=455180.086 ev.verify=11.335ms
[labev] t=455180.089 ev.finalize=2.328ms
[labev] t=455180.089 ev.propose=0.002ms
[labev] t=455180.100 ev.verify=11.460ms
[labev] t=455180.102 ev.finalize=1.660ms
[labev] t=455180.102 ev.propose=0.002ms
[labev] t=455180.113 ev.verify=11.196ms
[labev] t=455180.115 ev.finalize=1.651ms
[labev] t=455180.115 ev.propose=0.002ms
[labev] t=455180.126 ev.verify=11.333ms
[labev] t=455180.128 ev.finalize=1.657ms
[labev] t=455180.128 ev.propose=0.002ms
[labev] t=455180.139 ev.verify=11.334ms
[labev] t=455180.141 ev.finalize=1.673ms
[labev] t=455180.141 ev.propose=0.002ms
[labev] t=455180.153 ev.verify=11.298ms
[labev] t=455180.154 ev.finalize=1.673ms
[labev] t=455180.154 ev.propose=0.002ms
[labev] t=455180.166 ev.verify=11.357ms
[labev] t=455180.167 ev.finalize=1.696ms
[labev] t=455180.168 ev.propose=0.002ms
[labev] t=455180.179 ev.verify=11.209ms
[labev] t=455180.180 ev.finalize=1.640ms
[labev] t=455180.181 ev.propose=0.002ms
[labev] t=455180.192 ev.verify=11.387ms
[labev] t=455180.194 ev.finalize=1.671ms
[labev] t=455180.194 ev.propose=0.002ms
[labev] t=455180.205 ev.verify=11.419ms
[labev] t=455180.207 ev.finalize=1.653ms
[labev] t=455180.207 ev.propose=0.002ms
[labev] t=455180.218 ev.verify=11.156ms
[labev] t=455180.220 ev.finalize=1.666ms
[labev] t=455180.220 ev.propose=0.002ms
[labev] t=455180.231 ev.verify=11.230ms
[labev] t=455180.233 ev.finalize=1.651ms
[labev] t=455180.233 ev.propose=0.002ms
[labev] t=455180.244 ev.verify=11.182ms
[labev] t=455180.246 ev.finalize=1.670ms
[labev] t=455180.246 ev.propose=0.002ms
[labev] t=455180.257 ev.verify=11.391ms
[labev] t=455180.259 ev.finalize=1.670ms
[labev] t=455180.259 ev.propose=0.002ms
[labev] t=455180.271 ev.verify=11.424ms
[labev] t=455180.272 ev.finalize=1.667ms
[labev] t=455180.273 ev.propose=0.002ms
[labev] t=455180.284 ev.verify=11.338ms
[labev] t=455180.286 ev.finalize=1.672ms
[labev] t=455180.286 ev.propose=0.002ms
[labev] t=455180.297 ev.verify=11.491ms
[labev] t=455180.300 ev.finalize=2.319ms
[labev] t=455180.300 ev.propose=0.002ms
[labev] t=455180.311 ev.verify=11.484ms
[labev] t=455180.313 ev.finalize=1.679ms
[labev] t=455180.313 ev.propose=0.002ms
[labev] t=455180.324 ev.verify=11.297ms
[labev] t=455180.326 ev.finalize=1.672ms
[labev] t=455180.326 ev.propose=0.002ms
[labev] t=455180.337 ev.verify=11.211ms
[labev] t=455180.339 ev.finalize=1.684ms
[labev] t=455180.339 ev.propose=0.002ms
[labev] t=455180.350 ev.verify=11.187ms
[labev] t=455180.352 ev.finalize=1.550ms
[labev] t=455180.352 ev.propose=0.002ms
[labev] t=455180.363 ev.verify=11.364ms
[labev] t=455180.365 ev.finalize=1.667ms
[labev] t=455180.365 ev.propose=0.002ms
[labev] t=455180.377 ev.verify=11.425ms
[labev] t=455180.378 ev.finalize=1.686ms
[labev] t=455180.378 ev.propose=0.002ms
[labev] t=455180.390 ev.verify=11.298ms
[labev] t=455180.391 ev.finalize=1.568ms
[labev] t=455180.391 ev.propose=0.002ms
[labev] t=455180.403 ev.verify=11.263ms
[labev] t=455180.404 ev.finalize=1.591ms
[labev] t=455180.404 ev.propose=0.002ms
[labev] t=455180.416 ev.verify=11.309ms
[labev] t=455180.417 ev.finalize=1.562ms
[labev] t=455180.418 ev.propose=0.002ms
[labev] t=455180.429 ev.verify=11.364ms
[labev] t=455180.431 ev.finalize=1.667ms
[labev] t=455180.431 ev.propose=0.002ms
[labev] t=455180.442 ev.verify=11.363ms
[labev] t=455180.444 ev.finalize=1.684ms
[labev] t=455180.444 ev.propose=0.002ms
[labev] t=455180.455 ev.verify=11.325ms
[labev] t=455180.457 ev.finalize=1.705ms
[labev] t=455180.457 ev.propose=0.002ms
[labev] t=455180.468 ev.verify=11.164ms
[labev] t=455180.470 ev.finalize=1.685ms
[labev] t=455180.470 ev.propose=0.002ms
[labev] t=455180.481 ev.verify=11.153ms
[labev] t=455180.483 ev.finalize=1.561ms
[labev] t=455180.483 ev.propose=0.002ms
[labev] t=455180.494 ev.verify=11.503ms
[labev] t=455180.496 ev.finalize=1.669ms
[labev] t=455180.496 ev.propose=0.002ms
[labev] t=455180.508 ev.verify=11.288ms
[labev] t=455180.509 ev.finalize=1.709ms
[labev] t=455180.509 ev.propose=0.002ms
[labev] t=455180.521 ev.verify=11.448ms
[labev] t=455180.523 ev.finalize=1.671ms
[labev] t=455180.523 ev.propose=0.002ms
[labev] t=455180.534 ev.verify=11.349ms
[labev] t=455180.536 ev.finalize=2.355ms
[labev] t=455180.537 ev.propose=0.002ms
[labev] t=455180.548 ev.verify=11.282ms
[labev] t=455180.550 ev.finalize=1.686ms
[labev] t=455180.550 ev.propose=0.002ms
[labev] t=455180.561 ev.verify=11.251ms
[labev] t=455180.563 ev.finalize=1.675ms
[labev] t=455180.563 ev.propose=0.002ms
[labev] t=455180.574 ev.verify=11.408ms
[labev] t=455180.576 ev.finalize=1.667ms
[labev] t=455180.576 ev.propose=0.002ms
[labev] t=455180.587 ev.verify=11.294ms
[labev] t=455180.589 ev.finalize=1.581ms
[labev] t=455180.589 ev.propose=0.002ms
[labev] t=455180.600 ev.verify=11.346ms
[labev] t=455180.602 ev.finalize=1.735ms
[labev] t=455180.602 ev.propose=0.002ms
[labev] t=455180.614 ev.verify=11.330ms
[labev] t=455180.615 ev.finalize=1.567ms
[labev] t=455180.615 ev.propose=0.002ms
[labev] t=455180.627 ev.verify=11.398ms
[labev] t=455180.628 ev.finalize=1.557ms
[labev] t=455180.628 ev.propose=0.002ms
[labev] t=455180.640 ev.verify=11.196ms
[labev] t=455180.641 ev.finalize=1.674ms
[labev] t=455180.641 ev.propose=0.002ms
[labev] t=455180.653 ev.verify=11.235ms
[labev] t=455180.654 ev.finalize=1.660ms
[labev] t=455180.654 ev.propose=0.002ms
[labev] t=455180.666 ev.verify=11.447ms
[labev] t=455180.668 ev.finalize=1.677ms
[labev] t=455180.668 ev.propose=0.002ms
[labev] t=455180.679 ev.verify=11.506ms
[labev] t=455180.681 ev.finalize=1.667ms
[labev] t=455180.681 ev.propose=0.002ms
[labev] t=455180.692 ev.verify=11.318ms
[labev] t=455180.694 ev.finalize=1.655ms
[labev] t=455180.694 ev.propose=0.002ms
[labev] t=455180.706 ev.verify=11.393ms
[labev] t=455180.707 ev.finalize=1.680ms
[labev] t=455180.707 ev.propose=0.002ms
[labev] t=455180.719 ev.verify=11.284ms
[labev] t=455180.720 ev.finalize=1.676ms
[labev] t=455180.720 ev.propose=0.002ms
[labev] t=455180.732 ev.verify=11.444ms
[labev] t=455180.734 ev.finalize=1.682ms
[labev] t=455180.734 ev.propose=0.002ms
[labev] t=455180.745 ev.verify=11.289ms
[labev] t=455180.747 ev.finalize=1.691ms
[labev] t=455180.747 ev.propose=0.002ms
[labev] t=455180.758 ev.verify=11.467ms
[labev] t=455180.760 ev.finalize=1.670ms
[labev] t=455180.760 ev.propose=0.002ms
[labev] t=455180.771 ev.verify=11.255ms
[labev] t=455180.774 ev.finalize=2.351ms
[labev] t=455180.774 ev.propose=0.002ms
[labev] t=455180.785 ev.verify=11.315ms
[labev] t=455180.787 ev.finalize=1.579ms
[labev] t=455180.787 ev.propose=0.002ms
[labev] t=455180.798 ev.verify=11.351ms
[labev] t=455180.800 ev.finalize=1.571ms
[labev] t=455180.800 ev.propose=0.002ms
[labev] t=455180.811 ev.verify=11.241ms
[labev] t=455180.813 ev.finalize=1.688ms
[labev] t=455180.813 ev.propose=0.002ms
[labev] t=455180.825 ev.verify=11.440ms
[labev] t=455180.826 ev.finalize=1.674ms
[labev] t=455180.826 ev.propose=0.002ms
[labev] t=455180.838 ev.verify=11.456ms
[labev] t=455180.840 ev.finalize=1.690ms
[labev] t=455180.840 ev.propose=0.002ms
[labev] t=455180.851 ev.verify=11.395ms
[labev] t=455180.853 ev.finalize=1.693ms
[labev] t=455180.853 ev.propose=0.002ms
[labev] t=455180.864 ev.verify=11.153ms
[labev] t=455180.866 ev.finalize=1.578ms
[labev] t=455180.866 ev.propose=0.002ms
[labev] t=455180.877 ev.verify=11.306ms
[labev] t=455180.879 ev.finalize=1.670ms
[labev] t=455180.879 ev.propose=0.002ms
[labev] t=455180.890 ev.verify=11.105ms
[labev] t=455180.892 ev.finalize=1.686ms
[labev] t=455180.892 ev.propose=0.002ms
[labev] t=455180.903 ev.verify=11.540ms
[labev] t=455180.905 ev.finalize=1.719ms
[labev] t=455180.905 ev.propose=0.002ms
[labev] t=455180.917 ev.verify=11.289ms
[labev] t=455180.918 ev.finalize=1.677ms
[labev] t=455180.918 ev.propose=0.002ms
[labev] t=455180.930 ev.verify=11.509ms
[labev] t=455180.932 ev.finalize=1.684ms
[labev] t=455180.932 ev.propose=0.002ms
[labev] t=455180.943 ev.verify=11.420ms
[labev] t=455180.945 ev.finalize=1.569ms
[labev] t=455180.945 ev.propose=0.001ms
[labev] t=455180.956 ev.verify=11.189ms
[labev] t=455180.958 ev.finalize=1.700ms
[labev] t=455180.958 ev.propose=0.002ms
[labev] t=455180.969 ev.verify=11.255ms
[labev] t=455180.971 ev.finalize=1.649ms
[labev] t=455180.971 ev.propose=0.002ms
[labev] t=455180.982 ev.verify=11.180ms
[labev] t=455180.984 ev.finalize=1.675ms
[labev] t=455180.984 ev.propose=0.002ms
[labev] t=455180.996 ev.verify=11.446ms
[labev] t=455180.997 ev.finalize=1.577ms
[labev] t=455180.997 ev.propose=0.002ms
[labev] t=455181.009 ev.verify=11.324ms
[labev] t=455181.011 ev.finalize=2.365ms
[labev] t=455181.011 ev.propose=0.002ms
[labev] t=455181.022 ev.verify=11.370ms
[labev] t=455181.024 ev.finalize=1.709ms
[labev] t=455181.024 ev.propose=0.002ms
[labev] t=455181.036 ev.verify=11.194ms
[labev] t=455181.037 ev.finalize=1.681ms
[labev] t=455181.037 ev.propose=0.002ms
[labev] t=455181.049 ev.verify=11.211ms
[labev] t=455181.050 ev.finalize=1.547ms
[labev] t=455181.050 ev.propose=0.002ms
[labev] t=455181.062 ev.verify=11.523ms
[labev] t=455181.063 ev.finalize=1.657ms
[labev] t=455181.064 ev.propose=0.002ms
[labev] t=455181.075 ev.verify=11.308ms
[labev] t=455181.077 ev.finalize=1.675ms
[labev] t=455181.077 ev.propose=0.002ms
[labev] t=455181.088 ev.verify=11.537ms
[labev] t=455181.090 ev.finalize=1.675ms
[labev] t=455181.090 ev.propose=0.002ms
[labev] t=455181.101 ev.verify=11.325ms
[labev] t=455181.103 ev.finalize=1.671ms
[labev] t=455181.103 ev.propose=0.002ms
[labev] t=455181.114 ev.verify=11.179ms
[labev] t=455181.116 ev.finalize=1.684ms
[labev] t=455181.116 ev.propose=0.002ms
[labev] t=455181.128 ev.verify=11.318ms
[labev] t=455181.129 ev.finalize=1.671ms
[labev] t=455181.129 ev.propose=0.002ms
[labev] t=455181.141 ev.verify=11.316ms
[labev] t=455181.142 ev.finalize=1.650ms
[labev] t=455181.143 ev.propose=0.002ms
[labev] t=455181.154 ev.verify=11.238ms
[labev] t=455181.156 ev.finalize=1.678ms
[labev] t=455181.156 ev.propose=0.002ms
[labev] t=455181.167 ev.verify=11.440ms
[labev] t=455181.169 ev.finalize=1.573ms
[labev] t=455181.169 ev.propose=0.002ms
[labev] t=455181.180 ev.verify=11.296ms
[labev] t=455181.182 ev.finalize=1.683ms
[labev] t=455181.182 ev.propose=0.002ms
[labev] t=455181.193 ev.verify=11.122ms
[labev] t=455181.195 ev.finalize=1.689ms
[labev] t=455181.195 ev.propose=0.002ms
[labev] t=455181.206 ev.verify=11.320ms
[labev] t=455181.208 ev.finalize=1.685ms
[labev] t=455181.208 ev.propose=0.002ms
[labev] t=455181.220 ev.verify=11.536ms
[labev] t=455181.221 ev.finalize=1.698ms
[labev] t=455181.221 ev.propose=0.002ms
[labev] t=455181.233 ev.verify=11.278ms
[labev] t=455181.235 ev.finalize=2.348ms
[labev] t=455181.235 ev.propose=0.002ms
[labev] t=455181.247 ev.verify=11.288ms
[labev] t=455181.248 ev.finalize=1.692ms
[labev] t=455181.248 ev.propose=0.002ms
[labev] t=455181.260 ev.verify=11.250ms
[labev] t=455181.261 ev.finalize=1.584ms
[labev] t=455181.261 ev.propose=0.002ms
[labev] t=455181.273 ev.verify=11.252ms
[labev] t=455181.274 ev.finalize=1.573ms
[labev] t=455181.274 ev.propose=0.002ms
[labev] t=455181.286 ev.verify=11.327ms
[labev] t=455181.287 ev.finalize=1.676ms
[labev] t=455181.287 ev.propose=0.002ms
[labev] t=455181.299 ev.verify=11.390ms
[labev] t=455181.301 ev.finalize=1.592ms
[labev] t=455181.301 ev.propose=0.002ms
[labev] t=455181.312 ev.verify=11.384ms
[labev] t=455181.314 ev.finalize=1.663ms
[labev] t=455181.314 ev.propose=0.002ms
[labev] t=455181.325 ev.verify=11.235ms
[labev] t=455181.327 ev.finalize=1.702ms
[labev] t=455181.327 ev.propose=0.002ms
[labev] t=455181.338 ev.verify=11.382ms
[labev] t=455181.340 ev.finalize=1.557ms
[labev] t=455181.340 ev.propose=0.002ms
[labev] t=455181.351 ev.verify=11.238ms
[labev] t=455181.353 ev.finalize=1.554ms
[labev] t=455181.353 ev.propose=0.002ms
[labev] t=455181.364 ev.verify=11.436ms
[labev] t=455181.366 ev.finalize=1.682ms
[labev] t=455181.366 ev.propose=0.002ms
[labev] t=455181.378 ev.verify=11.524ms
[labev] t=455181.380 ev.finalize=1.686ms
[labev] t=455181.380 ev.propose=0.002ms
[labev] t=455181.391 ev.verify=11.426ms
[labev] t=455181.393 ev.finalize=1.692ms
[labev] t=455181.393 ev.propose=0.002ms
[labev] t=455181.404 ev.verify=11.474ms
[labev] t=455181.406 ev.finalize=1.699ms
[labev] t=455181.406 ev.propose=0.002ms
[labev] t=455181.418 ev.verify=11.345ms
[labev] t=455181.419 ev.finalize=1.700ms
[labev] t=455181.419 ev.propose=0.002ms
[labev] t=455181.431 ev.verify=11.430ms
[labev] t=455181.433 ev.finalize=1.688ms
[labev] t=455181.433 ev.propose=0.002ms
[labev] t=455181.444 ev.verify=11.472ms
[labev] t=455181.446 ev.finalize=1.715ms
[labev] t=455181.446 ev.propose=0.002ms
[labev] t=455181.457 ev.verify=11.387ms
[labev] t=455181.459 ev.finalize=1.697ms
[labev] t=455181.459 ev.propose=0.002ms
[labev] t=455181.471 ev.verify=11.297ms
[labev] t=455181.472 ev.finalize=1.688ms
[labev] t=455181.472 ev.propose=0.002ms
[labev] t=455181.484 ev.verify=11.375ms
[labev] t=455181.486 ev.finalize=2.363ms
[labev] t=455181.486 ev.propose=0.002ms
[labev] t=455181.498 ev.verify=11.451ms
[labev] t=455181.500 ev.finalize=1.723ms
[labev] t=455181.500 ev.propose=0.002ms
[labev] t=455181.511 ev.verify=11.248ms
[labev] t=455181.513 ev.finalize=1.688ms
[labev] t=455181.513 ev.propose=0.002ms
[labev] t=455181.524 ev.verify=11.438ms
[labev] t=455181.526 ev.finalize=1.690ms
[labev] t=455181.526 ev.propose=0.002ms
[labev] t=455181.538 ev.verify=11.513ms
[labev] t=455181.539 ev.finalize=1.696ms
[labev] t=455181.539 ev.propose=0.002ms
[labev] t=455181.551 ev.verify=11.341ms
[labev] t=455181.552 ev.finalize=1.578ms
[labev] t=455181.552 ev.propose=0.002ms
[labev] t=455181.564 ev.verify=11.344ms
[labev] t=455181.565 ev.finalize=1.575ms
[labev] t=455181.566 ev.propose=0.002ms
[labev] t=455181.577 ev.verify=11.184ms
[labev] t=455181.579 ev.finalize=1.709ms
[labev] t=455181.579 ev.propose=0.002ms
[labev] t=455181.590 ev.verify=11.389ms
[labev] t=455181.592 ev.finalize=1.701ms
[labev] t=455181.592 ev.propose=0.002ms
[labev] t=455181.603 ev.verify=11.581ms
[labev] t=455181.605 ev.finalize=1.704ms
[labev] t=455181.605 ev.propose=0.002ms
[labev] t=455181.617 ev.verify=11.206ms
[labev] t=455181.618 ev.finalize=1.694ms
[labev] t=455181.618 ev.propose=0.002ms
[labev] t=455181.630 ev.verify=11.312ms
[labev] t=455181.631 ev.finalize=1.694ms
[labev] t=455181.631 ev.propose=0.002ms
[labev] t=455181.643 ev.verify=11.301ms
[labev] t=455181.645 ev.finalize=1.683ms
[labev] t=455181.645 ev.propose=0.002ms
[labev] t=455181.656 ev.verify=11.540ms
[labev] t=455181.658 ev.finalize=1.658ms
[labev] t=455181.658 ev.propose=0.002ms
[labev] t=455181.669 ev.verify=11.221ms
[labev] t=455181.671 ev.finalize=1.670ms
[labev] t=455181.671 ev.propose=0.002ms
[labev] t=455181.682 ev.verify=11.298ms
[labev] t=455181.684 ev.finalize=1.698ms
[labev] t=455181.684 ev.propose=0.002ms
[labev] t=455181.695 ev.verify=11.336ms
[labev] t=455181.697 ev.finalize=1.679ms
[labev] t=455181.697 ev.propose=0.002ms
[labev] t=455181.709 ev.verify=11.373ms
[labev] t=455181.711 ev.finalize=2.361ms
[labev] t=455181.711 ev.propose=0.002ms
[labev] t=455181.723 ev.verify=11.402ms
[labev] t=455181.724 ev.finalize=1.730ms
[labev] t=455181.725 ev.propose=0.002ms
[labev] t=455181.736 ev.verify=11.340ms
[labev] t=455181.738 ev.finalize=1.697ms
[labev] t=455181.738 ev.propose=0.002ms
[labev] t=455181.749 ev.verify=11.469ms
[labev] t=455181.751 ev.finalize=1.663ms
[labev] t=455181.751 ev.propose=0.002ms
[labev] t=455181.763 ev.verify=11.504ms
[labev] t=455181.764 ev.finalize=1.700ms
[labev] t=455181.764 ev.propose=0.002ms
[labev] t=455181.776 ev.verify=11.413ms
[labev] t=455181.778 ev.finalize=1.708ms
[labev] t=455181.778 ev.propose=0.002ms
[labev] t=455181.789 ev.verify=11.302ms
[labev] t=455181.791 ev.finalize=1.704ms
[labev] t=455181.791 ev.propose=0.002ms
[labev] t=455181.802 ev.verify=11.249ms
[labev] t=455181.804 ev.finalize=1.569ms
[labev] t=455181.804 ev.propose=0.002ms
[labev] t=455181.815 ev.verify=11.476ms
[labev] t=455181.817 ev.finalize=1.694ms
[labev] t=455181.817 ev.propose=0.002ms
[labev] t=455181.828 ev.verify=11.206ms
[labev] t=455181.830 ev.finalize=1.673ms
[labev] t=455181.830 ev.propose=0.002ms
[labev] t=455181.841 ev.verify=11.375ms
[labev] t=455181.843 ev.finalize=1.712ms
[labev] t=455181.843 ev.propose=0.002ms
[labev] t=455181.855 ev.verify=11.464ms
[labev] t=455181.857 ev.finalize=1.683ms
[labev] t=455181.857 ev.propose=0.002ms
[labev] t=455181.868 ev.verify=11.353ms
[labev] t=455181.870 ev.finalize=1.687ms
[labev] t=455181.870 ev.propose=0.002ms
[labev] t=455181.881 ev.verify=11.334ms
[labev] t=455181.883 ev.finalize=1.592ms
[labev] t=455181.883 ev.propose=0.002ms
[labev] t=455181.894 ev.verify=11.376ms
[labev] t=455181.896 ev.finalize=1.585ms
[labev] t=455181.896 ev.propose=0.002ms
[labev] t=455181.907 ev.verify=11.275ms
[labev] t=455181.909 ev.finalize=1.678ms
[labev] t=455181.909 ev.propose=0.002ms
[labev] t=455181.921 ev.verify=11.385ms
[labev] t=455181.922 ev.finalize=1.714ms
[labev] t=455181.922 ev.propose=0.002ms
[labev] t=455181.934 ev.verify=11.208ms
[labev] t=455181.936 ev.finalize=2.253ms
[labev] t=455181.936 ev.propose=0.002ms
[labev] t=455181.947 ev.verify=11.270ms
[labev] t=455181.949 ev.finalize=1.703ms
[labev] t=455181.949 ev.propose=0.002ms
[labev] t=455181.961 ev.verify=11.377ms
[labev] t=455181.962 ev.finalize=1.598ms
[labev] t=455181.962 ev.propose=0.002ms
[labev] t=455181.974 ev.verify=11.330ms
[labev] t=455181.975 ev.finalize=1.713ms
[labev] t=455181.975 ev.propose=0.002ms
[labev] t=455181.987 ev.verify=11.315ms
[labev] t=455181.989 ev.finalize=1.698ms
[labev] t=455181.989 ev.propose=0.002ms
[labev] t=455182.000 ev.verify=11.457ms
[labev] t=455182.002 ev.finalize=1.702ms
[labev] t=455182.002 ev.propose=0.002ms
[labev] t=455182.013 ev.verify=11.352ms
[labev] t=455182.015 ev.finalize=1.624ms
[labev] t=455182.015 ev.propose=0.002ms
[labev] t=455182.026 ev.verify=11.221ms
[labev] t=455182.028 ev.finalize=1.704ms
[labev] t=455182.028 ev.propose=0.002ms
[labev] t=455182.039 ev.verify=11.238ms
[labev] t=455182.041 ev.finalize=1.689ms
[labev] t=455182.043 req.start s1-p4096-o512-b4-r0=0.000ms
[labev] t=455182.043 req.handle=0.013ms
[labev] t=455182.064 tok.prepare=21.169ms
event=batching_admitted action=scheduler_admitted
[labev] t=455182.318 chunk.ord.total=253.622ms
[labev] t=455182.570 chunk.ord.total=252.232ms
[labev] t=455182.826 chunk.ord.total=255.808ms
[labev] t=455183.084 chunk.ord.total=257.887ms
[labev] t=455183.345 chunk.ord.total=260.843ms
[labev] t=455183.607 chunk.ord.total=261.797ms
[labev] t=455183.873 chunk.ord.total=265.722ms
[labev] t=455184.179 chunk.ord.total=306.503ms
[labev] t=455184.179 req.firsttoken s1-p4096-o512-b4-r0=2136.657ms
[labev] t=455184.320 ev.decode.rows1.cap0=140.508ms
[labev] t=455184.457 ev.decode.rows1.cap0=136.725ms
[labev] t=455184.593 ev.decode.rows1.cap0=136.773ms
[labev] t=455184.731 ev.decode.rows1.cap0=137.533ms
[labev] t=455184.868 ev.decode.rows1.cap0=137.308ms
[labev] t=455185.006 ev.decode.rows1.cap0=137.093ms
[labev] t=455185.143 ev.decode.rows1.cap0=136.991ms
[labev] t=455185.279 ev.decode.rows1.cap0=136.571ms
[labev] t=455185.416 ev.decode.rows1.cap0=137.013ms
[labev] t=455185.554 ev.decode.rows1.cap0=137.042ms
[labev] t=455185.690 ev.decode.rows1.cap0=136.477ms
[labev] t=455185.827 ev.decode.rows1.cap0=136.828ms
[labev] t=455185.964 ev.decode.rows1.cap0=137.024ms
[labev] t=455186.101 ev.decode.rows1.cap0=136.528ms
[labev] t=455186.238 ev.decode.rows1.cap0=137.098ms
[labev] t=455186.375 ev.decode.rows1.cap0=136.920ms
[labev] t=455186.512 ev.decode.rows1.cap0=136.951ms
[labev] t=455186.649 ev.decode.rows1.cap0=137.122ms
[labev] t=455186.786 ev.decode.rows1.cap0=137.085ms
[labev] t=455186.924 ev.decode.rows1.cap0=136.983ms
[labev] t=455187.061 ev.decode.rows1.cap0=137.241ms
[labev] t=455187.198 ev.decode.rows1.cap0=137.174ms
[labev] t=455187.335 ev.decode.rows1.cap0=136.862ms
[labev] t=455187.472 ev.decode.rows1.cap0=137.057ms
[labev] t=455187.610 ev.decode.rows1.cap0=137.222ms
[labev] t=455187.746 ev.decode.rows1.cap0=136.785ms
[labev] t=455187.884 ev.decode.rows1.cap0=137.259ms
[labprof] d0.performDecode.call=137.105ms/n27 f0.finalize.total=1.689ms/n557 f1.finalize.build=0.511ms/n557 f2.finalize.eval=1.140ms/n557 fc.finalize.call=1.695ms/n557 o1.ord.build=1.186ms/n441 o2.ord.eval=7.357ms/n441 p0.propose=0.002ms/n557 r0.round.interval=13.178ms/n555 s1.native.prefill.target=57.623ms/n11 s1.ord.prefill.target=40.157ms/n8 s2.native.prefill.drafter+eval=227.029ms/n11 s2.ord.prefill.eval=224.144ms/n8 s9.native.prefill.chunk.total=283.906ms/n12 s9.ord.prefill.chunk.total=264.331ms/n8 v0.verify.call=11.320ms/n557 v1.verify.build=0.856ms/n557 v2.verify.eval=10.353ms/n557
[labev] t=455188.021 ev.decode.rows1.cap0=137.460ms
[labev] t=455188.159 ev.decode.rows1.cap0=137.584ms
[labev] t=455188.297 ev.decode.rows1.cap0=137.463ms
[labev] t=455188.434 ev.decode.rows1.cap0=137.501ms
[labev] t=455188.563 ev.decode.rows1.cap0=128.958ms
[labev] t=455192.184 req.start s1-p4096-o512-b5-r0=0.001ms
[labev] t=455192.184 req.handle=0.049ms
[labev] t=455192.205 tok.prepare=20.955ms
event=batching_admitted action=scheduler_admitted
[labev] t=455192.499 chunk.native.total=293.615ms
[labev] t=455192.767 chunk.native.total=267.660ms
[labev] t=455193.037 chunk.native.total=270.044ms
[labev] t=455193.310 chunk.native.total=272.805ms
[labev] t=455193.587 chunk.native.total=276.785ms
[labev] t=455193.865 chunk.native.total=278.652ms
[labev] t=455194.148 chunk.native.total=282.012ms
[labev] t=455194.463 chunk.native.total=315.494ms
[labev] t=455194.463 req.firsttoken s1-p4096-o512-b5-r0=2279.081ms
[labev] t=455194.463 ev.propose=0.004ms
[labev] t=455194.475 ev.verify=11.449ms
[labev] t=455194.476 ev.finalize=1.689ms
[labev] t=455194.477 ev.propose=0.067ms
[labev] t=455194.488 ev.verify=11.636ms
[labev] t=455194.490 ev.finalize=1.664ms
[labev] t=455194.490 ev.propose=0.035ms
[labev] t=455194.502 ev.verify=11.383ms
[labev] t=455194.503 ev.finalize=1.677ms
[labev] t=455194.503 ev.propose=0.069ms
[labev] t=455194.515 ev.verify=11.191ms
[labev] t=455194.516 ev.finalize=1.685ms
[labev] t=455194.517 ev.propose=0.046ms
[labev] t=455194.528 ev.verify=11.261ms
[labev] t=455194.530 ev.finalize=1.729ms
[labev] t=455194.530 ev.propose=0.060ms
[labev] t=455194.541 ev.verify=11.325ms
[labev] t=455194.543 ev.finalize=1.653ms
[labev] t=455194.543 ev.propose=0.048ms
[labev] t=455194.554 ev.verify=11.452ms
[labev] t=455194.556 ev.finalize=1.728ms
[labev] t=455194.556 ev.propose=0.043ms
[labev] t=455194.568 ev.verify=11.322ms
[labev] t=455194.569 ev.finalize=1.634ms
[labev] t=455194.569 ev.propose=0.002ms
[labev] t=455194.581 ev.verify=11.149ms
[labev] t=455194.583 ev.finalize=2.276ms
[labev] t=455194.583 ev.propose=0.070ms
[labev] t=455194.595 ev.verify=11.372ms
[labev] t=455194.596 ev.finalize=1.689ms
[labev] t=455194.596 ev.propose=0.057ms
[labev] t=455194.608 ev.verify=11.231ms
[labev] t=455194.609 ev.finalize=1.640ms
[labev] t=455194.610 ev.propose=0.064ms
[labev] t=455194.621 ev.verify=11.113ms
[labev] t=455194.622 ev.finalize=1.551ms
[labev] t=455194.622 ev.propose=0.056ms
[labev] t=455194.634 ev.verify=11.117ms
[labev] t=455194.635 ev.finalize=1.641ms
[labev] t=455194.635 ev.propose=0.062ms
[labev] t=455194.647 ev.verify=11.207ms
[labev] t=455194.648 ev.finalize=1.633ms
[labev] t=455194.648 ev.propose=0.002ms
[labev] t=455194.660 ev.verify=11.533ms
[labev] t=455194.661 ev.finalize=1.541ms
[labev] t=455194.662 ev.propose=0.002ms
[labev] t=455194.673 ev.verify=11.282ms
[labev] t=455194.675 ev.finalize=1.682ms
[labev] t=455194.675 ev.propose=0.067ms
[labev] t=455194.686 ev.verify=11.215ms
[labev] t=455194.688 ev.finalize=1.649ms
[labev] t=455194.688 ev.propose=0.064ms
[labev] t=455194.699 ev.verify=11.184ms
[labev] t=455194.701 ev.finalize=1.743ms
[labev] t=455194.701 ev.propose=0.052ms
[labev] t=455194.712 ev.verify=11.179ms
[labev] t=455194.714 ev.finalize=1.677ms
[labev] t=455194.714 ev.propose=0.002ms
[labev] t=455194.725 ev.verify=11.326ms
[labev] t=455194.727 ev.finalize=1.637ms
[labev] t=455194.727 ev.propose=0.002ms
[labev] t=455194.738 ev.verify=11.214ms
[labev] t=455194.740 ev.finalize=1.660ms
[labev] t=455194.740 ev.propose=0.002ms
[labev] t=455194.751 ev.verify=11.282ms
[labev] t=455194.753 ev.finalize=1.639ms
[labev] t=455194.753 ev.propose=0.002ms
[labev] t=455194.765 ev.verify=11.378ms
[labev] t=455194.766 ev.finalize=1.730ms
[labev] t=455194.767 ev.propose=0.002ms
[labev] t=455194.778 ev.verify=11.230ms
[labev] t=455194.779 ev.finalize=1.649ms
[labev] t=455194.780 ev.propose=0.002ms
[labev] t=455194.791 ev.verify=11.319ms
[labev] t=455194.793 ev.finalize=1.634ms
[labev] t=455194.793 ev.propose=0.002ms
[labev] t=455194.804 ev.verify=11.335ms
[labev] t=455194.806 ev.finalize=2.321ms
[labev] t=455194.807 ev.propose=0.002ms
[labev] t=455194.818 ev.verify=11.403ms
[labev] t=455194.820 ev.finalize=1.667ms
[labev] t=455194.820 ev.propose=0.002ms
[labev] t=455194.831 ev.verify=11.282ms
[labev] t=455194.833 ev.finalize=1.685ms
[labev] t=455194.833 ev.propose=0.002ms
[labev] t=455194.844 ev.verify=11.289ms
[labev] t=455194.846 ev.finalize=1.630ms
[labev] t=455194.846 ev.propose=0.002ms
[labev] t=455194.857 ev.verify=11.251ms
[labev] t=455194.859 ev.finalize=1.657ms
[labev] t=455194.859 ev.propose=0.002ms
[labev] t=455194.870 ev.verify=11.243ms
[labev] t=455194.872 ev.finalize=1.657ms
[labev] t=455194.872 ev.propose=0.002ms
[labev] t=455194.883 ev.verify=11.231ms
[labev] t=455194.885 ev.finalize=1.693ms
[labev] t=455194.885 ev.propose=0.002ms
[labev] t=455194.896 ev.verify=11.234ms
[labev] t=455194.898 ev.finalize=1.673ms
[labev] t=455194.898 ev.propose=0.002ms
[labev] t=455194.910 ev.verify=11.364ms
[labev] t=455194.911 ev.finalize=1.731ms
[labev] t=455194.911 ev.propose=0.002ms
[labev] t=455194.923 ev.verify=11.176ms
[labev] t=455194.924 ev.finalize=1.643ms
[labev] t=455194.924 ev.propose=0.002ms
[labev] t=455194.936 ev.verify=11.187ms
[labev] t=455194.937 ev.finalize=1.669ms
[labev] t=455194.937 ev.propose=0.002ms
[labev] t=455194.949 ev.verify=11.422ms
[labev] t=455194.951 ev.finalize=1.684ms
[labev] t=455194.951 ev.propose=0.002ms
[labev] t=455194.962 ev.verify=11.395ms
[labev] t=455194.964 ev.finalize=1.677ms
[labev] t=455194.964 ev.propose=0.002ms
[labev] t=455194.975 ev.verify=11.177ms
[labev] t=455194.977 ev.finalize=1.724ms
[labev] t=455194.977 ev.propose=0.002ms
[labev] t=455194.988 ev.verify=11.077ms
[labev] t=455194.990 ev.finalize=1.660ms
[labev] t=455194.990 ev.propose=0.002ms
[labev] t=455195.001 ev.verify=11.273ms
[labev] t=455195.003 ev.finalize=1.665ms
[labev] t=455195.003 ev.propose=0.002ms
[labev] t=455195.014 ev.verify=11.413ms
[labev] t=455195.017 ev.finalize=2.289ms
[labev] t=455195.017 ev.propose=0.002ms
[labev] t=455195.028 ev.verify=11.462ms
[labev] t=455195.030 ev.finalize=1.692ms
[labev] t=455195.030 ev.propose=0.002ms
[labev] t=455195.041 ev.verify=11.251ms
[labev] t=455195.043 ev.finalize=1.652ms
[labev] t=455195.043 ev.propose=0.002ms
[labev] t=455195.054 ev.verify=11.055ms
[labev] t=455195.056 ev.finalize=1.720ms
[labev] t=455195.056 ev.propose=0.002ms
[labev] t=455195.067 ev.verify=11.143ms
[labev] t=455195.069 ev.finalize=1.648ms
[labev] t=455195.069 ev.propose=0.002ms
[labev] t=455195.080 ev.verify=11.302ms
[labev] t=455195.082 ev.finalize=1.692ms
[labev] t=455195.082 ev.propose=0.002ms
[labev] t=455195.093 ev.verify=11.190ms
[labev] t=455195.095 ev.finalize=1.654ms
[labev] t=455195.095 ev.propose=0.002ms
[labev] t=455195.107 ev.verify=11.302ms
[labev] t=455195.108 ev.finalize=1.663ms
[labev] t=455195.108 ev.propose=0.002ms
[labev] t=455195.120 ev.verify=11.231ms
[labev] t=455195.121 ev.finalize=1.657ms
[labev] t=455195.121 ev.propose=0.002ms
[labev] t=455195.133 ev.verify=11.301ms
[labev] t=455195.134 ev.finalize=1.558ms
[labev] t=455195.134 ev.propose=0.002ms
[labev] t=455195.146 ev.verify=11.185ms
[labev] t=455195.147 ev.finalize=1.631ms
[labev] t=455195.147 ev.propose=0.002ms
[labev] t=455195.159 ev.verify=11.323ms
[labev] t=455195.160 ev.finalize=1.671ms
[labev] t=455195.161 ev.propose=0.002ms
[labev] t=455195.172 ev.verify=11.121ms
[labev] t=455195.173 ev.finalize=1.704ms
[labev] t=455195.174 ev.propose=0.002ms
[labev] t=455195.185 ev.verify=11.248ms
[labev] t=455195.186 ev.finalize=1.660ms
[labev] t=455195.187 ev.propose=0.002ms
[labev] t=455195.198 ev.verify=11.272ms
[labev] t=455195.200 ev.finalize=1.646ms
[labev] t=455195.200 ev.propose=0.002ms
[labev] t=455195.211 ev.verify=11.231ms
[labev] t=455195.213 ev.finalize=1.639ms
[labev] t=455195.213 ev.propose=0.002ms
[labev] t=455195.224 ev.verify=11.232ms
[labev] t=455195.226 ev.finalize=1.657ms
[labev] t=455195.226 ev.propose=0.002ms
[labev] t=455195.237 ev.verify=11.154ms
[labev] t=455195.239 ev.finalize=2.295ms
[labev] t=455195.239 ev.propose=0.002ms
[labev] t=455195.251 ev.verify=11.182ms
[labev] t=455195.252 ev.finalize=1.771ms
[labev] t=455195.252 ev.propose=0.002ms
[labev] t=455195.264 ev.verify=11.258ms
[labev] t=455195.265 ev.finalize=1.568ms
[labev] t=455195.265 ev.propose=0.002ms
[labev] t=455195.277 ev.verify=11.040ms
[labev] t=455195.278 ev.finalize=1.693ms
[labev] t=455195.278 ev.propose=0.002ms
[labev] t=455195.290 ev.verify=11.495ms
[labev] t=455195.292 ev.finalize=1.679ms
[labev] t=455195.292 ev.propose=0.002ms
[labev] t=455195.303 ev.verify=11.097ms
[labev] t=455195.305 ev.finalize=1.704ms
[labev] t=455195.305 ev.propose=0.002ms
[labev] t=455195.316 ev.verify=11.206ms
[labev] t=455195.318 ev.finalize=1.724ms
[labev] t=455195.318 ev.propose=0.002ms
[labev] t=455195.329 ev.verify=11.226ms
[labev] t=455195.331 ev.finalize=1.651ms
[labev] t=455195.331 ev.propose=0.002ms
[labev] t=455195.342 ev.verify=11.207ms
[labev] t=455195.344 ev.finalize=1.541ms
[labev] t=455195.344 ev.propose=0.002ms
[labev] t=455195.355 ev.verify=11.347ms
[labev] t=455195.357 ev.finalize=1.631ms
[labev] t=455195.357 ev.propose=0.002ms
[labev] t=455195.368 ev.verify=11.245ms
[labev] t=455195.370 ev.finalize=1.550ms
[labev] t=455195.370 ev.propose=0.002ms
[labev] t=455195.381 ev.verify=11.175ms
[labev] t=455195.383 ev.finalize=1.659ms
[labev] t=455195.383 ev.propose=0.002ms
[labev] t=455195.394 ev.verify=11.389ms
[labev] t=455195.396 ev.finalize=1.666ms
[labev] t=455195.396 ev.propose=0.002ms
[labev] t=455195.407 ev.verify=11.266ms
[labev] t=455195.409 ev.finalize=1.669ms
[labev] t=455195.409 ev.propose=0.002ms
[labev] t=455195.420 ev.verify=11.236ms
[labev] t=455195.422 ev.finalize=1.662ms
[labev] t=455195.422 ev.propose=0.002ms
[labev] t=455195.433 ev.verify=11.387ms
[labev] t=455195.435 ev.finalize=1.666ms
[labev] t=455195.435 ev.propose=0.002ms
[labev] t=455195.447 ev.verify=11.422ms
[labev] t=455195.448 ev.finalize=1.549ms
[labev] t=455195.448 ev.propose=0.002ms
[labev] t=455195.460 ev.verify=11.471ms
[labev] t=455195.462 ev.finalize=1.652ms
[labev] t=455195.462 ev.propose=0.002ms
[labev] t=455195.473 ev.verify=11.200ms
[labev] t=455195.475 ev.finalize=2.286ms
[labev] t=455195.475 ev.propose=0.002ms
[labev] t=455195.487 ev.verify=11.433ms
[labev] t=455195.489 ev.finalize=1.675ms
[labev] t=455195.489 ev.propose=0.002ms
[labev] t=455195.500 ev.verify=11.206ms
[labev] t=455195.502 ev.finalize=1.631ms
[labev] t=455195.502 ev.propose=0.002ms
[labev] t=455195.513 ev.verify=11.182ms
[labev] t=455195.515 ev.finalize=1.672ms
[labev] t=455195.515 ev.propose=0.002ms
[labev] t=455195.526 ev.verify=11.195ms
[labev] t=455195.528 ev.finalize=1.652ms
[labev] t=455195.528 ev.propose=0.002ms
[labev] t=455195.539 ev.verify=11.149ms
[labev] t=455195.541 ev.finalize=1.669ms
[labev] t=455195.541 ev.propose=0.002ms
[labev] t=455195.552 ev.verify=11.307ms
[labev] t=455195.554 ev.finalize=1.675ms
[labev] t=455195.554 ev.propose=0.002ms
[labev] t=455195.565 ev.verify=11.373ms
[labev] t=455195.567 ev.finalize=1.670ms
[labev] t=455195.567 ev.propose=0.002ms
[labev] t=455195.578 ev.verify=11.186ms
[labev] t=455195.580 ev.finalize=1.627ms
[labev] t=455195.580 ev.propose=0.002ms
[labev] t=455195.591 ev.verify=11.229ms
[labev] t=455195.593 ev.finalize=1.652ms
[labev] t=455195.593 ev.propose=0.002ms
[labev] t=455195.604 ev.verify=11.248ms
[labev] t=455195.606 ev.finalize=1.667ms
[labev] t=455195.606 ev.propose=0.002ms
[labev] t=455195.617 ev.verify=11.356ms
[labev] t=455195.619 ev.finalize=1.671ms
[labev] t=455195.619 ev.propose=0.002ms
[labev] t=455195.630 ev.verify=11.236ms
[labev] t=455195.632 ev.finalize=1.685ms
[labev] t=455195.632 ev.propose=0.002ms
[labev] t=455195.643 ev.verify=11.170ms
[labev] t=455195.645 ev.finalize=1.740ms
[labev] t=455195.645 ev.propose=0.002ms
[labev] t=455195.657 ev.verify=11.348ms
[labev] t=455195.658 ev.finalize=1.773ms
[labev] t=455195.659 ev.propose=0.002ms
[labev] t=455195.670 ev.verify=11.378ms
[labev] t=455195.672 ev.finalize=1.678ms
[labev] t=455195.672 ev.propose=0.002ms
[labev] t=455195.683 ev.verify=11.244ms
[labev] t=455195.685 ev.finalize=2.306ms
[labev] t=455195.686 ev.propose=0.002ms
[labev] t=455195.697 ev.verify=11.393ms
[labev] t=455195.699 ev.finalize=1.682ms
[labev] t=455195.699 ev.propose=0.002ms
[labev] t=455195.710 ev.verify=11.444ms
[labev] t=455195.712 ev.finalize=1.658ms
[labev] t=455195.712 ev.propose=0.002ms
[labev] t=455195.723 ev.verify=11.191ms
[labev] t=455195.725 ev.finalize=1.727ms
[labev] t=455195.725 ev.propose=0.002ms
[labev] t=455195.736 ev.verify=11.371ms
[labev] t=455195.738 ev.finalize=1.700ms
[labev] t=455195.738 ev.propose=0.002ms
[labev] t=455195.749 ev.verify=11.175ms
[labev] t=455195.751 ev.finalize=1.660ms
[labev] t=455195.751 ev.propose=0.002ms
[labev] t=455195.763 ev.verify=11.433ms
[labev] t=455195.764 ev.finalize=1.668ms
[labev] t=455195.765 ev.propose=0.002ms
[labev] t=455195.776 ev.verify=11.244ms
[labev] t=455195.778 ev.finalize=1.692ms
[labev] t=455195.778 ev.propose=0.002ms
[labev] t=455195.789 ev.verify=11.184ms
[labev] t=455195.791 ev.finalize=1.731ms
[labev] t=455195.791 ev.propose=0.002ms
[labev] t=455195.802 ev.verify=11.307ms
[labev] t=455195.804 ev.finalize=1.674ms
[labev] t=455195.804 ev.propose=0.002ms
[labev] t=455195.815 ev.verify=11.377ms
[labev] t=455195.817 ev.finalize=1.662ms
[labev] t=455195.817 ev.propose=0.002ms
[labev] t=455195.828 ev.verify=11.104ms
[labev] t=455195.830 ev.finalize=1.663ms
[labev] t=455195.830 ev.propose=0.002ms
[labev] t=455195.841 ev.verify=11.181ms
[labev] t=455195.843 ev.finalize=1.673ms
[labev] t=455195.843 ev.propose=0.002ms
[labev] t=455195.854 ev.verify=11.157ms
[labev] t=455195.856 ev.finalize=1.760ms
[labev] t=455195.856 ev.propose=0.002ms
[labev] t=455195.867 ev.verify=11.295ms
[labev] t=455195.869 ev.finalize=1.684ms
[labev] t=455195.869 ev.propose=0.002ms
[labev] t=455195.881 ev.verify=11.403ms
[labev] t=455195.882 ev.finalize=1.692ms
[labev] t=455195.882 ev.propose=0.002ms
[labev] t=455195.894 ev.verify=11.465ms
[labev] t=455195.896 ev.finalize=2.335ms
[labev] t=455195.896 ev.propose=0.002ms
[labev] t=455195.908 ev.verify=11.474ms
[labev] t=455195.910 ev.finalize=1.676ms
[labev] t=455195.910 ev.propose=0.002ms
[labev] t=455195.921 ev.verify=11.269ms
[labev] t=455195.923 ev.finalize=1.672ms
[labev] t=455195.923 ev.propose=0.002ms
[labev] t=455195.934 ev.verify=11.381ms
[labev] t=455195.936 ev.finalize=1.676ms
[labev] t=455195.936 ev.propose=0.002ms
[labev] t=455195.947 ev.verify=11.242ms
[labev] t=455195.949 ev.finalize=1.662ms
[labev] t=455195.949 ev.propose=0.002ms
[labev] t=455195.960 ev.verify=11.164ms
[labev] t=455195.962 ev.finalize=1.649ms
[labev] t=455195.962 ev.propose=0.002ms
[labev] t=455195.973 ev.verify=11.257ms
[labev] t=455195.975 ev.finalize=1.686ms
[labev] t=455195.975 ev.propose=0.002ms
[labev] t=455195.986 ev.verify=11.295ms
[labev] t=455195.988 ev.finalize=1.671ms
[labev] t=455195.988 ev.propose=0.002ms
[labev] t=455196.000 ev.verify=11.498ms
[labev] t=455196.001 ev.finalize=1.714ms
[labev] t=455196.002 ev.propose=0.002ms
[labev] t=455196.013 ev.verify=11.116ms
[labev] t=455196.014 ev.finalize=1.650ms
[labev] t=455196.015 ev.propose=0.002ms
[labev] t=455196.026 ev.verify=11.224ms
[labev] t=455196.027 ev.finalize=1.697ms
[labev] t=455196.028 ev.propose=0.002ms
[labev] t=455196.039 ev.verify=11.207ms
[labev] t=455196.041 ev.finalize=1.661ms
[labev] t=455196.041 ev.propose=0.002ms
[labev] t=455196.052 ev.verify=11.279ms
[labev] t=455196.054 ev.finalize=1.670ms
[labev] t=455196.054 ev.propose=0.002ms
[labev] t=455196.065 ev.verify=11.261ms
[labev] t=455196.067 ev.finalize=1.681ms
[labev] t=455196.067 ev.propose=0.002ms
[labev] t=455196.078 ev.verify=11.386ms
[labev] t=455196.080 ev.finalize=1.688ms
[labev] t=455196.080 ev.propose=0.001ms
[labev] t=455196.091 ev.verify=11.351ms
[labev] t=455196.093 ev.finalize=1.678ms
[labev] t=455196.093 ev.propose=0.002ms
[labev] t=455196.105 ev.verify=11.276ms
[labev] t=455196.107 ev.finalize=2.299ms
[labev] t=455196.107 ev.propose=0.002ms
[labev] t=455196.118 ev.verify=11.241ms
[labev] t=455196.120 ev.finalize=1.698ms
[labev] t=455196.120 ev.propose=0.002ms
[labev] t=455196.131 ev.verify=11.240ms
[labev] t=455196.133 ev.finalize=1.647ms
[labev] t=455196.133 ev.propose=0.002ms
[labev] t=455196.145 ev.verify=11.447ms
[labev] t=455196.146 ev.finalize=1.696ms
[labev] t=455196.146 ev.propose=0.002ms
[labev] t=455196.158 ev.verify=11.413ms
[labev] t=455196.160 ev.finalize=1.676ms
[labev] t=455196.160 ev.propose=0.002ms
[labev] t=455196.171 ev.verify=11.247ms
[labev] t=455196.173 ev.finalize=1.665ms
[labev] t=455196.173 ev.propose=0.002ms
[labev] t=455196.184 ev.verify=11.492ms
[labev] t=455196.186 ev.finalize=1.674ms
[labev] t=455196.186 ev.propose=0.002ms
[labev] t=455196.197 ev.verify=11.349ms
[labev] t=455196.199 ev.finalize=1.685ms
[labev] t=455196.199 ev.propose=0.002ms
[labev] t=455196.211 ev.verify=11.483ms
[labev] t=455196.212 ev.finalize=1.678ms
[labev] t=455196.213 ev.propose=0.002ms
[labev] t=455196.224 ev.verify=11.422ms
[labev] t=455196.226 ev.finalize=1.658ms
[labev] t=455196.226 ev.propose=0.002ms
[labev] t=455196.237 ev.verify=11.448ms
[labev] t=455196.239 ev.finalize=1.687ms
[labev] t=455196.239 ev.propose=0.002ms
[labev] t=455196.251 ev.verify=11.384ms
[labev] t=455196.252 ev.finalize=1.649ms
[labev] t=455196.252 ev.propose=0.002ms
[labev] t=455196.264 ev.verify=11.412ms
[labev] t=455196.266 ev.finalize=1.759ms
[labev] t=455196.266 ev.propose=0.002ms
[labev] t=455196.277 ev.verify=11.221ms
[labev] t=455196.279 ev.finalize=1.666ms
[labev] t=455196.279 ev.propose=0.002ms
[labev] t=455196.290 ev.verify=11.485ms
[labev] t=455196.292 ev.finalize=1.671ms
[labev] t=455196.292 ev.propose=0.002ms
[labev] t=455196.303 ev.verify=11.409ms
[labev] t=455196.305 ev.finalize=1.670ms
[labev] t=455196.305 ev.propose=0.002ms
[labev] t=455196.317 ev.verify=11.450ms
[labev] t=455196.319 ev.finalize=2.329ms
[labev] t=455196.319 ev.propose=0.002ms
[labev] t=455196.330 ev.verify=11.231ms
[labev] t=455196.332 ev.finalize=1.687ms
[labev] t=455196.332 ev.propose=0.002ms
[labev] t=455196.344 ev.verify=11.369ms
[labev] t=455196.345 ev.finalize=1.691ms
[labev] t=455196.346 ev.propose=0.002ms
[labev] t=455196.357 ev.verify=11.308ms
[labev] t=455196.359 ev.finalize=1.663ms
[labev] t=455196.359 ev.propose=0.002ms
[labev] t=455196.370 ev.verify=11.434ms
[labev] t=455196.372 ev.finalize=1.673ms
[labev] t=455196.372 ev.propose=0.002ms
[labev] t=455196.383 ev.verify=11.352ms
[labev] t=455196.385 ev.finalize=1.552ms
[labev] t=455196.385 ev.propose=0.002ms
[labev] t=455196.396 ev.verify=11.239ms
[labev] t=455196.398 ev.finalize=1.582ms
[labev] t=455196.398 ev.propose=0.002ms
[labev] t=455196.409 ev.verify=11.325ms
[labev] t=455196.411 ev.finalize=1.710ms
[labev] t=455196.411 ev.propose=0.002ms
[labev] t=455196.423 ev.verify=11.348ms
[labev] t=455196.424 ev.finalize=1.674ms
[labev] t=455196.424 ev.propose=0.002ms
[labev] t=455196.436 ev.verify=11.355ms
[labev] t=455196.438 ev.finalize=1.843ms
[labev] t=455196.438 ev.propose=0.002ms
[labev] t=455196.449 ev.verify=11.426ms
[labev] t=455196.451 ev.finalize=1.761ms
[labev] t=455196.451 ev.propose=0.002ms
[labev] t=455196.462 ev.verify=11.368ms
[labev] t=455196.464 ev.finalize=1.682ms
[labev] t=455196.464 ev.propose=0.002ms
[labev] t=455196.476 ev.verify=11.286ms
[labev] t=455196.477 ev.finalize=1.712ms
[labev] t=455196.477 ev.propose=0.002ms
[labev] t=455196.489 ev.verify=11.264ms
[labev] t=455196.490 ev.finalize=1.694ms
[labev] t=455196.490 ev.propose=0.002ms
[labev] t=455196.502 ev.verify=11.384ms
[labev] t=455196.505 ev.finalize=2.729ms
[labev] t=455196.505 ev.propose=0.002ms
[labev] t=455196.516 ev.verify=11.268ms
[labev] t=455196.518 ev.finalize=1.793ms
[labev] t=455196.518 ev.propose=0.002ms
[labev] t=455196.529 ev.verify=11.293ms
[labev] t=455196.531 ev.finalize=1.686ms
[labev] t=455196.531 ev.propose=0.002ms
[labev] t=455196.542 ev.verify=11.365ms
[labev] t=455196.544 ev.finalize=1.741ms
[labev] t=455196.544 ev.propose=0.002ms
[labev] t=455196.556 ev.verify=11.506ms
[labev] t=455196.558 ev.finalize=2.332ms
[labev] t=455196.558 ev.propose=0.002ms
[labev] t=455196.570 ev.verify=11.432ms
[labev] t=455196.572 ev.finalize=1.712ms
[labev] t=455196.572 ev.propose=0.002ms
[labev] t=455196.583 ev.verify=11.224ms
[labev] t=455196.585 ev.finalize=1.694ms
[labev] t=455196.585 ev.propose=0.002ms
[labev] t=455196.596 ev.verify=11.303ms
[labev] t=455196.598 ev.finalize=1.688ms
[labev] t=455196.598 ev.propose=0.002ms
[labev] t=455196.609 ev.verify=11.266ms
[labev] t=455196.611 ev.finalize=1.685ms
[labev] t=455196.611 ev.propose=0.002ms
[labev] t=455196.622 ev.verify=11.427ms
[labev] t=455196.624 ev.finalize=1.765ms
[labev] t=455196.624 ev.propose=0.002ms
[labev] t=455196.636 ev.verify=11.324ms
[labev] t=455196.638 ev.finalize=1.804ms
[labev] t=455196.638 ev.propose=0.002ms
[labev] t=455196.649 ev.verify=11.244ms
[labev] t=455196.651 ev.finalize=1.675ms
[labev] t=455196.651 ev.propose=0.002ms
[labev] t=455196.662 ev.verify=11.340ms
[labev] t=455196.664 ev.finalize=1.561ms
[labev] t=455196.664 ev.propose=0.002ms
[labev] t=455196.675 ev.verify=11.045ms
[labev] t=455196.676 ev.finalize=1.615ms
[labev] t=455196.677 ev.propose=0.002ms
[labev] t=455196.688 ev.verify=11.561ms
[labev] t=455196.690 ev.finalize=1.660ms
[labev] t=455196.690 ev.propose=0.002ms
[labev] t=455196.702 ev.verify=11.543ms
[labev] t=455196.703 ev.finalize=1.668ms
[labev] t=455196.703 ev.propose=0.002ms
[labev] t=455196.715 ev.verify=11.567ms
[labev] t=455196.717 ev.finalize=1.662ms
[labev] t=455196.717 ev.propose=0.002ms
[labev] t=455196.728 ev.verify=11.418ms
[labev] t=455196.730 ev.finalize=1.653ms
[labev] t=455196.730 ev.propose=0.001ms
[labev] t=455196.741 ev.verify=11.245ms
[labev] t=455196.743 ev.finalize=1.713ms
[labev] t=455196.743 ev.propose=0.002ms
[labev] t=455196.754 ev.verify=11.302ms
[labev] t=455196.756 ev.finalize=1.686ms
[labev] t=455196.756 ev.propose=0.002ms
[labev] t=455196.768 ev.verify=11.408ms
[labev] t=455196.769 ev.finalize=1.673ms
[labev] t=455196.769 ev.propose=0.002ms
[labev] t=455196.781 ev.verify=11.373ms
[labev] t=455196.783 ev.finalize=2.306ms
[labev] t=455196.783 ev.propose=0.002ms
[labev] t=455196.795 ev.verify=11.305ms
[labev] t=455196.796 ev.finalize=1.680ms
[labev] t=455196.796 ev.propose=0.002ms
[labev] t=455196.808 ev.verify=11.441ms
[labev] t=455196.810 ev.finalize=1.686ms
[labev] t=455196.810 ev.propose=0.002ms
[labev] t=455196.821 ev.verify=11.438ms
[labev] t=455196.823 ev.finalize=1.687ms
[labev] t=455196.823 ev.propose=0.002ms
[labev] t=455196.834 ev.verify=11.100ms
[labev] t=455196.836 ev.finalize=1.702ms
[labev] t=455196.836 ev.propose=0.002ms
[labev] t=455196.847 ev.verify=11.457ms
[labev] t=455196.849 ev.finalize=1.746ms
[labev] t=455196.849 ev.propose=0.002ms
[labev] t=455196.861 ev.verify=11.373ms
[labev] t=455196.862 ev.finalize=1.663ms
[labev] t=455196.862 ev.propose=0.002ms
[labev] t=455196.874 ev.verify=11.400ms
[labev] t=455196.876 ev.finalize=1.688ms
[labev] t=455196.876 ev.propose=0.002ms
[labev] t=455196.887 ev.verify=11.399ms
[labev] t=455196.889 ev.finalize=1.677ms
[labev] t=455196.889 ev.propose=0.002ms
[labev] t=455196.900 ev.verify=11.270ms
[labev] t=455196.902 ev.finalize=1.566ms
[labev] t=455196.902 ev.propose=0.002ms
[labev] t=455196.913 ev.verify=11.152ms
[labev] t=455196.915 ev.finalize=1.737ms
[labev] t=455196.915 ev.propose=0.002ms
[labev] t=455196.926 ev.verify=11.356ms
[labev] t=455196.928 ev.finalize=1.577ms
[labev] t=455196.928 ev.propose=0.002ms
[labev] t=455196.939 ev.verify=11.352ms
[labev] t=455196.941 ev.finalize=1.699ms
[labev] t=455196.941 ev.propose=0.002ms
[labev] t=455196.953 ev.verify=11.390ms
[labev] t=455196.954 ev.finalize=1.567ms
[labev] t=455196.954 ev.propose=0.002ms
[labev] t=455196.966 ev.verify=11.435ms
[labev] t=455196.968 ev.finalize=1.685ms
[labev] t=455196.968 ev.propose=0.002ms
[labev] t=455196.979 ev.verify=11.380ms
[labev] t=455196.981 ev.finalize=1.693ms
[labev] t=455196.981 ev.propose=0.002ms
[labev] t=455196.992 ev.verify=11.363ms
[labev] t=455196.994 ev.finalize=1.607ms
[labev] t=455196.994 ev.propose=0.002ms
[labev] t=455197.005 ev.verify=11.243ms
[labev] t=455197.007 ev.finalize=1.697ms
[labev] t=455197.007 ev.propose=0.002ms
[labev] t=455197.018 ev.verify=11.105ms
[labev] t=455197.020 ev.finalize=1.570ms
[labev] t=455197.020 ev.propose=0.002ms
[labev] t=455197.031 ev.verify=11.233ms
[labev] t=455197.033 ev.finalize=2.219ms
[labev] t=455197.034 ev.propose=0.002ms
[labev] t=455197.045 ev.verify=11.254ms
[labev] t=455197.046 ev.finalize=1.573ms
[labev] t=455197.047 ev.propose=0.002ms
[labev] t=455197.058 ev.verify=11.433ms
[labev] t=455197.060 ev.finalize=1.670ms
[labev] t=455197.060 ev.propose=0.002ms
[labev] t=455197.071 ev.verify=11.357ms
[labev] t=455197.073 ev.finalize=1.685ms
[labev] t=455197.073 ev.propose=0.002ms
[labev] t=455197.084 ev.verify=11.419ms
[labev] t=455197.086 ev.finalize=1.683ms
[labev] t=455197.086 ev.propose=0.002ms
[labev] t=455197.098 ev.verify=11.255ms
[labev] t=455197.099 ev.finalize=1.560ms
[labev] t=455197.099 ev.propose=0.002ms
[labev] t=455197.110 ev.verify=11.117ms
[labev] t=455197.112 ev.finalize=1.702ms
[labev] t=455197.112 ev.propose=0.002ms
[labev] t=455197.124 ev.verify=11.296ms
[labev] t=455197.125 ev.finalize=1.679ms
[labev] t=455197.125 ev.propose=0.002ms
[labev] t=455197.137 ev.verify=11.296ms
[labev] t=455197.138 ev.finalize=1.683ms
[labev] t=455197.139 ev.propose=0.002ms
[labev] t=455197.150 ev.verify=11.362ms
[labev] t=455197.152 ev.finalize=1.674ms
[labev] t=455197.152 ev.propose=0.002ms
[labev] t=455197.163 ev.verify=11.475ms
[labev] t=455197.165 ev.finalize=1.714ms
[labev] t=455197.165 ev.propose=0.002ms
[labev] t=455197.177 ev.verify=11.511ms
[labev] t=455197.178 ev.finalize=1.656ms
[labev] t=455197.178 ev.propose=0.002ms
[labev] t=455197.190 ev.verify=11.297ms
[labev] t=455197.191 ev.finalize=1.699ms
[labev] t=455197.192 ev.propose=0.002ms
[labev] t=455197.203 ev.verify=11.183ms
[labev] t=455197.204 ev.finalize=1.700ms
[labev] t=455197.205 ev.propose=0.002ms
[labev] t=455197.216 ev.verify=11.328ms
[labev] t=455197.218 ev.finalize=1.557ms
[labev] t=455197.218 ev.propose=0.002ms
[labev] t=455197.229 ev.verify=10.998ms
[labev] t=455197.230 ev.finalize=1.592ms
[labev] t=455197.230 ev.propose=0.002ms
[labev] t=455197.242 ev.verify=11.111ms
[labev] t=455197.243 ev.finalize=1.700ms
[labev] t=455197.243 ev.propose=0.002ms
[labev] t=455197.255 ev.verify=11.158ms
[labev] t=455197.256 ev.finalize=1.679ms
[labev] t=455197.256 ev.propose=0.002ms
[labev] t=455197.268 ev.verify=11.430ms
[labev] t=455197.270 ev.finalize=2.357ms
[labev] t=455197.270 ev.propose=0.002ms
[labev] t=455197.282 ev.verify=11.474ms
[labev] t=455197.283 ev.finalize=1.663ms
[labev] t=455197.284 ev.propose=0.002ms
[labev] t=455197.295 ev.verify=11.315ms
[labev] t=455197.297 ev.finalize=1.688ms
[labev] t=455197.297 ev.propose=0.002ms
[labev] t=455197.308 ev.verify=11.443ms
[labev] t=455197.310 ev.finalize=1.561ms
[labev] t=455197.310 ev.propose=0.002ms
[labev] t=455197.321 ev.verify=11.552ms
[labev] t=455197.323 ev.finalize=1.710ms
[labev] t=455197.323 ev.propose=0.002ms
[labev] t=455197.334 ev.verify=11.133ms
[labev] t=455197.336 ev.finalize=1.689ms
[labev] t=455197.336 ev.propose=0.002ms
[labev] t=455197.348 ev.verify=11.474ms
[labev] t=455197.350 ev.finalize=1.695ms
[labev] t=455197.350 ev.propose=0.002ms
[labev] t=455197.361 ev.verify=11.408ms
[labev] t=455197.363 ev.finalize=1.686ms
[labev] t=455197.363 ev.propose=0.002ms
[labev] t=455197.374 ev.verify=11.447ms
[labev] t=455197.376 ev.finalize=1.678ms
[labev] t=455197.376 ev.propose=0.002ms
[labev] t=455197.388 ev.verify=11.390ms
[labev] t=455197.389 ev.finalize=1.580ms
[labev] t=455197.389 ev.propose=0.002ms
[labev] t=455197.401 ev.verify=11.370ms
[labev] t=455197.402 ev.finalize=1.695ms
[labev] t=455197.403 ev.propose=0.002ms
[labev] t=455197.414 ev.verify=11.429ms
[labev] t=455197.416 ev.finalize=1.760ms
[labev] t=455197.416 ev.propose=0.002ms
[labev] t=455197.427 ev.verify=11.376ms
[labev] t=455197.429 ev.finalize=1.682ms
[labev] t=455197.429 ev.propose=0.002ms
[labev] t=455197.440 ev.verify=11.334ms
[labev] t=455197.442 ev.finalize=1.699ms
[labev] t=455197.442 ev.propose=0.002ms
[labev] t=455197.454 ev.verify=11.330ms
[labev] t=455197.455 ev.finalize=1.572ms
[labev] t=455197.455 ev.propose=0.002ms
[labev] t=455197.467 ev.verify=11.326ms
[labev] t=455197.468 ev.finalize=1.612ms
[labev] t=455197.468 ev.propose=0.002ms
[labev] t=455197.480 ev.verify=11.200ms
[labev] t=455197.481 ev.finalize=1.695ms
[labev] t=455197.481 ev.propose=0.002ms
[labev] t=455197.493 ev.verify=11.280ms
[labev] t=455197.494 ev.finalize=1.693ms
[labev] t=455197.495 ev.propose=0.002ms
[labev] t=455197.506 ev.verify=11.387ms
[labev] t=455197.508 ev.finalize=2.355ms
[labev] t=455197.509 ev.propose=0.002ms
[labev] t=455197.520 ev.verify=11.205ms
[labev] t=455197.522 ev.finalize=1.764ms
[labev] t=455197.522 ev.propose=0.002ms
[labev] t=455197.533 ev.verify=11.382ms
[labev] t=455197.535 ev.finalize=1.679ms
[labev] t=455197.535 ev.propose=0.002ms
[labev] t=455197.546 ev.verify=11.368ms
[labev] t=455197.548 ev.finalize=1.695ms
[labev] t=455197.548 ev.propose=0.002ms
[labev] t=455197.560 ev.verify=11.489ms
[labev] t=455197.561 ev.finalize=1.700ms
[labev] t=455197.561 ev.propose=0.002ms
[labev] t=455197.573 ev.verify=11.375ms
[labev] t=455197.575 ev.finalize=1.687ms
[labev] t=455197.575 ev.propose=0.002ms
[labev] t=455197.586 ev.verify=11.454ms
[labev] t=455197.588 ev.finalize=1.768ms
[labev] t=455197.588 ev.propose=0.002ms
[labev] t=455197.599 ev.verify=11.510ms
[labev] t=455197.601 ev.finalize=1.699ms
[labev] t=455197.601 ev.propose=0.002ms
[labev] t=455197.612 ev.verify=11.133ms
[labev] t=455197.614 ev.finalize=1.712ms
[labev] t=455197.614 ev.propose=0.002ms
[labev] t=455197.626 ev.verify=11.279ms
[labev] t=455197.627 ev.finalize=1.689ms
[labev] t=455197.627 ev.propose=0.002ms
[labev] t=455197.639 ev.verify=11.428ms
[labev] t=455197.641 ev.finalize=1.708ms
[labev] t=455197.641 ev.propose=0.002ms
[labev] t=455197.652 ev.verify=11.287ms
[labev] t=455197.654 ev.finalize=1.702ms
[labev] t=455197.654 ev.propose=0.002ms
[labev] t=455197.665 ev.verify=11.309ms
[labev] t=455197.667 ev.finalize=1.782ms
[labev] t=455197.667 ev.propose=0.002ms
[labev] t=455197.679 ev.verify=11.443ms
[labev] t=455197.680 ev.finalize=1.707ms
[labev] t=455197.680 ev.propose=0.002ms
[labev] t=455197.692 ev.verify=11.560ms
[labev] t=455197.694 ev.finalize=1.696ms
[labev] t=455197.694 ev.propose=0.002ms
[labev] t=455197.705 ev.verify=11.337ms
[labev] t=455197.707 ev.finalize=1.718ms
[labev] t=455197.707 ev.propose=0.002ms
[labev] t=455197.718 ev.verify=11.372ms
[labev] t=455197.721 ev.finalize=2.375ms
[labev] t=455197.721 ev.propose=0.002ms
[labev] t=455197.732 ev.verify=11.354ms
[labev] t=455197.734 ev.finalize=1.703ms
[labev] t=455197.734 ev.propose=0.002ms
[labev] t=455197.746 ev.verify=11.326ms
[labev] t=455197.747 ev.finalize=1.575ms
[labev] t=455197.747 ev.propose=0.002ms
[labev] t=455197.759 ev.verify=11.395ms
[labev] t=455197.760 ev.finalize=1.677ms
[labev] t=455197.760 ev.propose=0.002ms
[labev] t=455197.772 ev.verify=11.381ms
[labev] t=455197.774 ev.finalize=1.686ms
[labev] t=455197.774 ev.propose=0.002ms
[labev] t=455197.785 ev.verify=11.388ms
[labev] t=455197.787 ev.finalize=1.683ms
[labev] t=455197.787 ev.propose=0.002ms
[labev] t=455197.798 ev.verify=11.210ms
[labev] t=455197.800 ev.finalize=1.574ms
[labev] t=455197.800 ev.propose=0.002ms
[labev] t=455197.811 ev.verify=11.245ms
[labev] t=455197.813 ev.finalize=1.682ms
[labev] t=455197.813 ev.propose=0.002ms
[labev] t=455197.824 ev.verify=11.194ms
[labev] t=455197.826 ev.finalize=1.697ms
[labev] t=455197.826 ev.propose=0.002ms
[labev] t=455197.837 ev.verify=11.308ms
[labev] t=455197.839 ev.finalize=1.688ms
[labev] t=455197.839 ev.propose=0.002ms
[labev] t=455197.851 ev.verify=11.446ms
[labev] t=455197.852 ev.finalize=1.653ms
[labev] t=455197.852 ev.propose=0.002ms
[labev] t=455197.864 ev.verify=11.467ms
[labev] t=455197.866 ev.finalize=1.686ms
[labev] t=455197.866 ev.propose=0.002ms
[labev] t=455197.877 ev.verify=11.356ms
[labev] t=455197.879 ev.finalize=1.700ms
[labev] t=455197.879 ev.propose=0.002ms
[labev] t=455197.890 ev.verify=11.292ms
[labev] t=455197.892 ev.finalize=1.575ms
[labev] t=455197.892 ev.propose=0.002ms
[labev] t=455197.903 ev.verify=11.327ms
[labev] t=455197.905 ev.finalize=1.704ms
[labev] t=455197.905 ev.propose=0.002ms
[labev] t=455197.917 ev.verify=11.408ms
[labev] t=455197.918 ev.finalize=1.718ms
[labev] t=455197.918 ev.propose=0.002ms
[labev] t=455197.930 ev.verify=11.382ms
[labev] t=455197.932 ev.finalize=1.627ms
[labev] t=455197.932 ev.propose=0.002ms
[labev] t=455197.943 ev.verify=11.468ms
[labev] t=455197.945 ev.finalize=1.740ms
[labev] t=455197.945 ev.propose=0.002ms
[labev] t=455197.956 ev.verify=11.419ms
[labev] t=455197.959 ev.finalize=2.181ms
[labev] t=455197.959 ev.propose=0.002ms
[labev] t=455197.970 ev.verify=11.580ms
[labev] t=455197.972 ev.finalize=1.729ms
[labev] t=455197.972 ev.propose=0.002ms
[labev] t=455197.984 ev.verify=11.365ms
[labev] t=455197.985 ev.finalize=1.715ms
[labev] t=455197.985 ev.propose=0.002ms
[labev] t=455197.997 ev.verify=11.389ms
[labev] t=455197.999 ev.finalize=1.705ms
[labev] t=455197.999 ev.propose=0.002ms
[labev] t=455198.010 ev.verify=11.526ms
[labev] t=455198.012 ev.finalize=1.689ms
[labev] t=455198.012 ev.propose=0.002ms
[labev] t=455198.024 ev.verify=11.387ms
[labev] t=455198.025 ev.finalize=1.714ms
[labev] t=455198.025 ev.propose=0.002ms
[labev] t=455198.037 ev.verify=11.483ms
[labev] t=455198.039 ev.finalize=1.708ms
[labev] t=455198.039 ev.propose=0.002ms
[labev] t=455198.050 ev.verify=11.396ms
[labev] t=455198.052 ev.finalize=1.706ms
[labev] t=455198.053 req.start s1-p4096-o512-b5-r0=0.000ms
[labev] t=455198.053 req.handle=0.013ms
[labev] t=455198.075 tok.prepare=21.089ms
event=batching_admitted action=scheduler_admitted
[labev] t=455198.329 chunk.ord.total=253.762ms
[labev] t=455198.580 chunk.ord.total=251.351ms
[labev] t=455198.835 chunk.ord.total=254.964ms
[labev] t=455199.094 chunk.ord.total=258.260ms
[labev] t=455199.353 chunk.ord.total=259.901ms
[labev] t=455199.614 chunk.ord.total=260.882ms
[labev] t=455199.879 chunk.ord.total=264.725ms
[labev] t=455200.184 chunk.ord.total=304.903ms
[labev] t=455200.184 req.firsttoken s1-p4096-o512-b5-r0=2130.884ms
[labev] t=455200.323 ev.decode.rows1.cap0=138.372ms
[labev] t=455200.459 ev.decode.rows1.cap0=136.283ms
[labev] t=455200.595 ev.decode.rows1.cap0=136.032ms
[labev] t=455200.732 ev.decode.rows1.cap0=136.339ms
[labev] t=455200.868 ev.decode.rows1.cap0=136.065ms
[labev] t=455201.004 ev.decode.rows1.cap0=135.641ms
[labev] t=455201.140 ev.decode.rows1.cap0=135.957ms
[labev] t=455201.275 ev.decode.rows1.cap0=135.700ms
[labev] t=455201.411 ev.decode.rows1.cap0=135.683ms
[labev] t=455201.547 ev.decode.rows1.cap0=135.913ms
[labev] t=455201.683 ev.decode.rows1.cap0=136.238ms
[labev] t=455201.820 ev.decode.rows1.cap0=136.026ms
[labev] t=455201.956 ev.decode.rows1.cap0=136.251ms
[labev] t=455202.092 ev.decode.rows1.cap0=135.861ms
[labev] t=455202.228 ev.decode.rows1.cap0=136.373ms
[labev] t=455202.365 ev.decode.rows1.cap0=136.167ms
[labev] t=455202.501 ev.decode.rows1.cap0=135.966ms
[labev] t=455202.637 ev.decode.rows1.cap0=136.234ms
[labev] t=455202.773 ev.decode.rows1.cap0=136.208ms
[labev] t=455202.910 ev.decode.rows1.cap0=136.655ms
[labev] t=455203.047 ev.decode.rows1.cap0=137.038ms
[labev] t=455203.184 ev.decode.rows1.cap0=136.801ms
[labev] t=455203.321 ev.decode.rows1.cap0=136.879ms
[labev] t=455203.458 ev.decode.rows1.cap0=136.458ms
[labev] t=455203.595 ev.decode.rows1.cap0=136.754ms
[labev] t=455203.731 ev.decode.rows1.cap0=136.531ms
[labev] t=455203.868 ev.decode.rows1.cap0=136.525ms
[labev] t=455204.005 ev.decode.rows1.cap0=136.594ms
[labev] t=455204.142 ev.decode.rows1.cap0=137.060ms
[labev] t=455204.279 ev.decode.rows1.cap0=136.874ms
[labev] t=455204.416 ev.decode.rows1.cap0=137.379ms
[labev] t=455204.545 ev.decode.rows1.cap0=129.059ms
[labev] t=455208.180 req.start s1-p4096-o512-b6-r0=0.000ms
[labev] t=455208.180 req.handle=0.052ms
[labev] t=455208.201 tok.prepare=20.869ms
event=batching_admitted action=scheduler_admitted
[labprof] d0.performDecode.call=136.127ms/n37 f0.finalize.total=1.710ms/n272 f1.finalize.build=0.510ms/n272 f2.finalize.eval=1.156ms/n272 fc.finalize.call=1.715ms/n272 o1.ord.build=1.185ms/n581 o2.ord.eval=7.323ms/n581 p0.propose=0.002ms/n272 r0.round.interval=13.194ms/n271 s1.native.prefill.target=36.058ms/n9 s1.ord.prefill.target=39.952ms/n8 s2.native.prefill.drafter+eval=241.899ms/n8 s2.ord.prefill.eval=223.640ms/n8 s9.native.prefill.chunk.total=282.169ms/n8 s9.ord.prefill.chunk.total=263.626ms/n8 v0.verify.call=11.318ms/n272 v1.verify.build=0.852ms/n272 v2.verify.eval=10.354ms/n272
[labev] t=455208.479 chunk.native.total=278.115ms
[labev] t=455208.748 chunk.native.total=268.800ms
[labev] t=455209.017 chunk.native.total=269.267ms
[labev] t=455209.291 chunk.native.total=273.424ms
[labev] t=455209.567 chunk.native.total=276.494ms
[labev] t=455209.847 chunk.native.total=279.568ms
[labev] t=455210.129 chunk.native.total=281.941ms
[labev] t=455210.446 chunk.native.total=316.767ms
[labev] t=455210.446 req.firsttoken s1-p4096-o512-b6-r0=2266.307ms
[labev] t=455210.446 ev.propose=0.004ms
[labev] t=455210.457 ev.verify=11.396ms
[labev] t=455210.459 ev.finalize=1.695ms
[labev] t=455210.459 ev.propose=0.091ms
[labev] t=455210.471 ev.verify=11.540ms
[labev] t=455210.473 ev.finalize=1.695ms
[labev] t=455210.473 ev.propose=0.052ms
[labev] t=455210.484 ev.verify=11.405ms
[labev] t=455210.486 ev.finalize=1.628ms
[labev] t=455210.486 ev.propose=0.044ms
[labev] t=455210.497 ev.verify=11.143ms
[labev] t=455210.499 ev.finalize=1.677ms
[labev] t=455210.499 ev.propose=0.063ms
[labev] t=455210.510 ev.verify=11.228ms
[labev] t=455210.512 ev.finalize=1.655ms
[labev] t=455210.512 ev.propose=0.063ms
[labev] t=455210.524 ev.verify=11.243ms
[labev] t=455210.525 ev.finalize=1.672ms
[labev] t=455210.525 ev.propose=0.054ms
[labev] t=455210.537 ev.verify=11.441ms
[labev] t=455210.539 ev.finalize=1.742ms
[labev] t=455210.539 ev.propose=0.057ms
[labev] t=455210.550 ev.verify=11.328ms
[labev] t=455210.552 ev.finalize=1.648ms
[labev] t=455210.552 ev.propose=0.049ms
[labev] t=455210.563 ev.verify=11.055ms
[labev] t=455210.565 ev.finalize=2.300ms
[labev] t=455210.566 ev.propose=0.075ms
[labev] t=455210.577 ev.verify=11.356ms
[labev] t=455210.579 ev.finalize=1.674ms
[labev] t=455210.579 ev.propose=0.053ms
[labev] t=455210.590 ev.verify=11.190ms
[labev] t=455210.592 ev.finalize=1.660ms
[labev] t=455210.592 ev.propose=0.052ms
[labev] t=455210.603 ev.verify=11.156ms
[labev] t=455210.605 ev.finalize=1.552ms
[labev] t=455210.605 ev.propose=0.074ms
[labev] t=455210.616 ev.verify=11.180ms
[labev] t=455210.618 ev.finalize=1.564ms
[labev] t=455210.618 ev.propose=0.002ms
[labev] t=455210.629 ev.verify=11.252ms
[labev] t=455210.631 ev.finalize=1.669ms
[labev] t=455210.631 ev.propose=0.072ms
[labev] t=455210.642 ev.verify=11.327ms
[labev] t=455210.644 ev.finalize=1.598ms
[labev] t=455210.644 ev.propose=0.068ms
[labev] t=455210.655 ev.verify=11.181ms
[labev] t=455210.657 ev.finalize=1.679ms
[labev] t=455210.657 ev.propose=0.002ms
[labev] t=455210.668 ev.verify=11.195ms
[labev] t=455210.670 ev.finalize=1.734ms
[labev] t=455210.670 ev.propose=0.002ms
[labev] t=455210.682 ev.verify=11.250ms
[labev] t=455210.683 ev.finalize=1.669ms
[labev] t=455210.683 ev.propose=0.002ms
[labev] t=455210.695 ev.verify=11.219ms
[labev] t=455210.696 ev.finalize=1.680ms
[labev] t=455210.696 ev.propose=0.057ms
[labev] t=455210.708 ev.verify=11.226ms
[labev] t=455210.709 ev.finalize=1.667ms
[labev] t=455210.710 ev.propose=0.066ms
[labev] t=455210.721 ev.verify=11.097ms
[labev] t=455210.722 ev.finalize=1.633ms
[labev] t=455210.722 ev.propose=0.002ms
[labev] t=455210.734 ev.verify=11.241ms
[labev] t=455210.736 ev.finalize=1.744ms
[labev] t=455210.736 ev.propose=0.002ms
[labev] t=455210.747 ev.verify=11.388ms
[labev] t=455210.749 ev.finalize=1.673ms
[labev] t=455210.749 ev.propose=0.002ms
[labev] t=455210.760 ev.verify=11.285ms
[labev] t=455210.762 ev.finalize=1.655ms
[labev] t=455210.762 ev.propose=0.059ms
[labev] t=455210.773 ev.verify=11.238ms
[labev] t=455210.775 ev.finalize=1.683ms
[labev] t=455210.775 ev.propose=0.002ms
[labev] t=455210.786 ev.verify=11.331ms
[labev] t=455210.789 ev.finalize=2.304ms
[labev] t=455210.789 ev.propose=0.002ms
[labev] t=455210.800 ev.verify=11.392ms
[labev] t=455210.802 ev.finalize=1.665ms
[labev] t=455210.802 ev.propose=0.002ms
[labev] t=455210.813 ev.verify=11.243ms
[labev] t=455210.815 ev.finalize=1.687ms
[labev] t=455210.815 ev.propose=0.002ms
[labev] t=455210.827 ev.verify=11.306ms
[labev] t=455210.828 ev.finalize=1.758ms
[labev] t=455210.828 ev.propose=0.002ms
[labev] t=455210.840 ev.verify=11.233ms
[labev] t=455210.841 ev.finalize=1.692ms
[labev] t=455210.842 ev.propose=0.003ms
[labev] t=455210.853 ev.verify=11.336ms
[labev] t=455210.855 ev.finalize=1.767ms
[labev] t=455210.855 ev.propose=0.002ms
[labev] t=455210.866 ev.verify=11.246ms
[labev] t=455210.868 ev.finalize=1.681ms
[labev] t=455210.868 ev.propose=0.002ms
[labev] t=455210.879 ev.verify=11.231ms
[labev] t=455210.881 ev.finalize=1.695ms
[labev] t=455210.881 ev.propose=0.002ms
[labev] t=455210.892 ev.verify=11.362ms
[labev] t=455210.894 ev.finalize=1.658ms
[labev] t=455210.894 ev.propose=0.002ms
[labev] t=455210.905 ev.verify=11.175ms
[labev] t=455210.907 ev.finalize=1.645ms
[labev] t=455210.907 ev.propose=0.002ms
[labev] t=455210.918 ev.verify=11.242ms
[labev] t=455210.920 ev.finalize=1.681ms
[labev] t=455210.920 ev.propose=0.002ms
[labev] t=455210.932 ev.verify=11.422ms
[labev] t=455210.933 ev.finalize=1.689ms
[labev] t=455210.934 ev.propose=0.002ms
[labev] t=455210.945 ev.verify=11.418ms
[labev] t=455210.947 ev.finalize=1.681ms
[labev] t=455210.947 ev.propose=0.002ms
[labev] t=455210.958 ev.verify=11.105ms
[labev] t=455210.960 ev.finalize=1.672ms
[labev] t=455210.960 ev.propose=0.002ms
[labev] t=455210.971 ev.verify=11.042ms
[labev] t=455210.973 ev.finalize=1.660ms
[labev] t=455210.973 ev.propose=0.002ms
[labev] t=455210.984 ev.verify=11.206ms
[labev] t=455210.986 ev.finalize=1.662ms
[labev] t=455210.986 ev.propose=0.002ms
[labev] t=455210.997 ev.verify=11.415ms
[labev] t=455210.999 ev.finalize=2.315ms
[labev] t=455211.000 ev.propose=0.002ms
[labev] t=455211.011 ev.verify=11.435ms
[labev] t=455211.013 ev.finalize=1.658ms
[labev] t=455211.013 ev.propose=0.002ms
[labev] t=455211.024 ev.verify=11.235ms
[labev] t=455211.026 ev.finalize=1.654ms
[labev] t=455211.026 ev.propose=0.002ms
[labev] t=455211.037 ev.verify=11.050ms
[labev] t=455211.039 ev.finalize=1.664ms
[labev] t=455211.039 ev.propose=0.002ms
[labev] t=455211.050 ev.verify=11.155ms
[labev] t=455211.052 ev.finalize=1.662ms
[labev] t=455211.052 ev.propose=0.002ms
[labev] t=455211.063 ev.verify=11.328ms
[labev] t=455211.065 ev.finalize=1.649ms
[labev] t=455211.065 ev.propose=0.002ms
[labev] t=455211.076 ev.verify=11.208ms
[labev] t=455211.078 ev.finalize=1.683ms
[labev] t=455211.078 ev.propose=0.002ms
[labev] t=455211.089 ev.verify=11.272ms
[labev] t=455211.091 ev.finalize=1.684ms
[labev] t=455211.091 ev.propose=0.002ms
[labev] t=455211.102 ev.verify=11.179ms
[labev] t=455211.104 ev.finalize=1.683ms
[labev] t=455211.104 ev.propose=0.002ms
[labev] t=455211.115 ev.verify=11.246ms
[labev] t=455211.117 ev.finalize=1.739ms
[labev] t=455211.117 ev.propose=0.002ms
[labev] t=455211.128 ev.verify=11.148ms
[labev] t=455211.130 ev.finalize=1.661ms
[labev] t=455211.130 ev.propose=0.002ms
[labev] t=455211.142 ev.verify=11.321ms
[labev] t=455211.143 ev.finalize=1.667ms
[labev] t=455211.143 ev.propose=0.002ms
[labev] t=455211.155 ev.verify=11.303ms
[labev] t=455211.156 ev.finalize=1.662ms
[labev] t=455211.157 ev.propose=0.002ms
[labev] t=455211.168 ev.verify=11.324ms
[labev] t=455211.170 ev.finalize=1.767ms
[labev] t=455211.170 ev.propose=0.002ms
[labev] t=455211.181 ev.verify=11.143ms
[labev] t=455211.183 ev.finalize=1.643ms
[labev] t=455211.183 ev.propose=0.002ms
[labev] t=455211.194 ev.verify=11.203ms
[labev] t=455211.196 ev.finalize=1.607ms
[labev] t=455211.196 ev.propose=0.002ms
[labev] t=455211.207 ev.verify=11.207ms
[labev] t=455211.209 ev.finalize=1.583ms
[labev] t=455211.209 ev.propose=0.002ms
[labev] t=455211.220 ev.verify=11.325ms
[labev] t=455211.222 ev.finalize=1.692ms
[labev] t=455211.222 ev.propose=0.002ms
[labev] t=455211.233 ev.verify=11.162ms
[labev] t=455211.237 ev.finalize=3.509ms
[labev] t=455211.237 ev.propose=0.002ms
[labev] t=455211.248 ev.verify=11.354ms
[labev] t=455211.250 ev.finalize=1.679ms
[labev] t=455211.250 ev.propose=0.002ms
[labev] t=455211.261 ev.verify=11.258ms
[labev] t=455211.263 ev.finalize=1.653ms
[labev] t=455211.263 ev.propose=0.002ms
[labev] t=455211.274 ev.verify=11.191ms
[labev] t=455211.276 ev.finalize=1.549ms
[labev] t=455211.276 ev.propose=0.002ms
[labev] t=455211.287 ev.verify=11.209ms
[labev] t=455211.289 ev.finalize=1.657ms
[labev] t=455211.289 ev.propose=0.002ms
[labev] t=455211.300 ev.verify=11.066ms
[labev] t=455211.302 ev.finalize=1.662ms
[labev] t=455211.302 ev.propose=0.002ms
[labev] t=455211.313 ev.verify=11.107ms
[labev] t=455211.315 ev.finalize=1.732ms
[labev] t=455211.315 ev.propose=0.002ms
[labev] t=455211.326 ev.verify=11.179ms
[labev] t=455211.328 ev.finalize=1.540ms
[labev] t=455211.328 ev.propose=0.002ms
[labev] t=455211.339 ev.verify=11.287ms
[labev] t=455211.341 ev.finalize=1.569ms
[labev] t=455211.341 ev.propose=0.002ms
[labev] t=455211.352 ev.verify=11.269ms
[labev] t=455211.354 ev.finalize=1.560ms
[labev] t=455211.354 ev.propose=0.002ms
[labev] t=455211.365 ev.verify=11.290ms
[labev] t=455211.367 ev.finalize=1.589ms
[labev] t=455211.367 ev.propose=0.002ms
[labev] t=455211.378 ev.verify=11.186ms
[labev] t=455211.380 ev.finalize=1.627ms
[labev] t=455211.380 ev.propose=0.002ms
[labev] t=455211.391 ev.verify=11.063ms
[labev] t=455211.392 ev.finalize=1.679ms
[labev] t=455211.393 ev.propose=0.002ms
[labev] t=455211.404 ev.verify=11.331ms
[labev] t=455211.406 ev.finalize=1.685ms
[labev] t=455211.406 ev.propose=0.002ms
[labev] t=455211.417 ev.verify=11.244ms
[labev] t=455211.419 ev.finalize=1.642ms
[labev] t=455211.419 ev.propose=0.002ms
[labev] t=455211.430 ev.verify=11.231ms
[labev] t=455211.432 ev.finalize=1.676ms
[labev] t=455211.432 ev.propose=0.002ms
[labev] t=455211.443 ev.verify=11.520ms
[labev] t=455211.445 ev.finalize=1.704ms
[labev] t=455211.445 ev.propose=0.002ms
[labev] t=455211.456 ev.verify=11.215ms
[labev] t=455211.458 ev.finalize=1.661ms
[labev] t=455211.458 ev.propose=0.002ms
[labev] t=455211.470 ev.verify=11.437ms
[labev] t=455211.471 ev.finalize=1.666ms
[labev] t=455211.472 ev.propose=0.002ms
[labev] t=455211.483 ev.verify=11.371ms
[labev] t=455211.485 ev.finalize=2.303ms
[labev] t=455211.485 ev.propose=0.002ms
[labev] t=455211.497 ev.verify=11.475ms
[labev] t=455211.499 ev.finalize=1.673ms
[labev] t=455211.499 ev.propose=0.002ms
[labev] t=455211.510 ev.verify=11.211ms
[labev] t=455211.512 ev.finalize=1.675ms
[labev] t=455211.512 ev.propose=0.002ms
[labev] t=455211.523 ev.verify=11.274ms
[labev] t=455211.525 ev.finalize=1.771ms
[labev] t=455211.525 ev.propose=0.002ms
[labev] t=455211.536 ev.verify=11.091ms
[labev] t=455211.538 ev.finalize=1.670ms
[labev] t=455211.538 ev.propose=0.002ms
[labev] t=455211.549 ev.verify=11.198ms
[labev] t=455211.551 ev.finalize=1.658ms
[labev] t=455211.551 ev.propose=0.002ms
[labev] t=455211.562 ev.verify=11.391ms
[labev] t=455211.564 ev.finalize=1.680ms
[labev] t=455211.564 ev.propose=0.002ms
[labev] t=455211.575 ev.verify=11.205ms
[labev] t=455211.577 ev.finalize=1.669ms
[labev] t=455211.577 ev.propose=0.002ms
[labev] t=455211.589 ev.verify=11.296ms
[labev] t=455211.590 ev.finalize=1.679ms
[labev] t=455211.590 ev.propose=0.002ms
[labev] t=455211.602 ev.verify=11.165ms
[labev] t=455211.603 ev.finalize=1.657ms
[labev] t=455211.603 ev.propose=0.002ms
[labev] t=455211.615 ev.verify=11.459ms
[labev] t=455211.617 ev.finalize=1.683ms
[labev] t=455211.617 ev.propose=0.002ms
[labev] t=455211.628 ev.verify=11.213ms
[labev] t=455211.630 ev.finalize=1.656ms
[labev] t=455211.630 ev.propose=0.002ms
[labev] t=455211.641 ev.verify=11.385ms
[labev] t=455211.643 ev.finalize=1.723ms
[labev] t=455211.643 ev.propose=0.002ms
[labev] t=455211.654 ev.verify=11.215ms
[labev] t=455211.656 ev.finalize=1.698ms
[labev] t=455211.656 ev.propose=0.002ms
[labev] t=455211.668 ev.verify=11.430ms
[labev] t=455211.669 ev.finalize=1.699ms
[labev] t=455211.669 ev.propose=0.002ms
[labev] t=455211.681 ev.verify=11.282ms
[labev] t=455211.682 ev.finalize=1.561ms
[labev] t=455211.682 ev.propose=0.002ms
[labev] t=455211.694 ev.verify=11.270ms
[labev] t=455211.696 ev.finalize=2.353ms
[labev] t=455211.696 ev.propose=0.002ms
[labev] t=455211.707 ev.verify=11.217ms
[labev] t=455211.709 ev.finalize=1.556ms
[labev] t=455211.709 ev.propose=0.002ms
[labev] t=455211.720 ev.verify=11.124ms
[labev] t=455211.722 ev.finalize=1.668ms
[labev] t=455211.722 ev.propose=0.002ms
[labev] t=455211.733 ev.verify=11.191ms
[labev] t=455211.735 ev.finalize=1.741ms
[labev] t=455211.735 ev.propose=0.002ms
[labev] t=455211.747 ev.verify=11.435ms
[labev] t=455211.748 ev.finalize=1.569ms
[labev] t=455211.748 ev.propose=0.002ms
[labev] t=455211.760 ev.verify=11.190ms
[labev] t=455211.761 ev.finalize=1.701ms
[labev] t=455211.761 ev.propose=0.002ms
[labev] t=455211.773 ev.verify=11.364ms
[labev] t=455211.774 ev.finalize=1.674ms
[labev] t=455211.775 ev.propose=0.002ms
[labev] t=455211.786 ev.verify=11.198ms
[labev] t=455211.788 ev.finalize=1.693ms
[labev] t=455211.788 ev.propose=0.002ms
[labev] t=455211.799 ev.verify=11.266ms
[labev] t=455211.801 ev.finalize=1.698ms
[labev] t=455211.801 ev.propose=0.002ms
[labev] t=455211.812 ev.verify=11.216ms
[labev] t=455211.814 ev.finalize=1.652ms
[labev] t=455211.814 ev.propose=0.002ms
[labev] t=455211.825 ev.verify=11.369ms
[labev] t=455211.827 ev.finalize=1.568ms
[labev] t=455211.827 ev.propose=0.002ms
[labev] t=455211.838 ev.verify=11.351ms
[labev] t=455211.840 ev.finalize=1.688ms
[labev] t=455211.840 ev.propose=0.002ms
[labev] t=455211.851 ev.verify=11.338ms
[labev] t=455211.853 ev.finalize=1.690ms
[labev] t=455211.853 ev.propose=0.002ms
[labev] t=455211.864 ev.verify=11.199ms
[labev] t=455211.866 ev.finalize=1.692ms
[labev] t=455211.866 ev.propose=0.002ms
[labev] t=455211.878 ev.verify=11.497ms
[labev] t=455211.880 ev.finalize=1.657ms
[labev] t=455211.880 ev.propose=0.002ms
[labev] t=455211.891 ev.verify=11.115ms
[labev] t=455211.892 ev.finalize=1.654ms
[labev] t=455211.893 ev.propose=0.002ms
[labev] t=455211.904 ev.verify=11.261ms
[labev] t=455211.906 ev.finalize=1.680ms
[labev] t=455211.906 ev.propose=0.002ms
[labev] t=455211.917 ev.verify=11.290ms
[labev] t=455211.919 ev.finalize=1.671ms
[labev] t=455211.919 ev.propose=0.002ms
[labev] t=455211.930 ev.verify=11.126ms
[labev] t=455211.932 ev.finalize=2.330ms
[labev] t=455211.932 ev.propose=0.002ms
[labev] t=455211.944 ev.verify=11.133ms
[labev] t=455211.945 ev.finalize=1.583ms
[labev] t=455211.945 ev.propose=0.002ms
[labev] t=455211.957 ev.verify=11.272ms
[labev] t=455211.958 ev.finalize=1.686ms
[labev] t=455211.958 ev.propose=0.002ms
[labev] t=455211.970 ev.verify=11.335ms
[labev] t=455211.972 ev.finalize=1.693ms
[labev] t=455211.972 ev.propose=0.002ms
[labev] t=455211.983 ev.verify=11.371ms
[labev] t=455211.985 ev.finalize=1.676ms
[labev] t=455211.985 ev.propose=0.002ms
[labev] t=455211.996 ev.verify=11.154ms
[labev] t=455211.998 ev.finalize=1.665ms
[labev] t=455211.998 ev.propose=0.002ms
[labev] t=455212.009 ev.verify=11.195ms
[labev] t=455212.011 ev.finalize=1.676ms
[labev] t=455212.011 ev.propose=0.002ms
[labev] t=455212.022 ev.verify=11.472ms
[labev] t=455212.024 ev.finalize=1.651ms
[labev] t=455212.024 ev.propose=0.002ms
[labev] t=455212.036 ev.verify=11.320ms
[labev] t=455212.037 ev.finalize=1.716ms
[labev] t=455212.037 ev.propose=0.002ms
[labev] t=455212.049 ev.verify=11.342ms
[labev] t=455212.051 ev.finalize=1.775ms
[labev] t=455212.051 ev.propose=0.002ms
[labev] t=455212.062 ev.verify=11.382ms
[labev] t=455212.064 ev.finalize=1.784ms
[labev] t=455212.064 ev.propose=0.002ms
[labev] t=455212.075 ev.verify=11.307ms
[labev] t=455212.077 ev.finalize=1.905ms
[labev] t=455212.077 ev.propose=0.002ms
[labev] t=455212.089 ev.verify=11.258ms
[labev] t=455212.091 ev.finalize=1.865ms
[labev] t=455212.091 ev.propose=0.002ms
[labev] t=455212.102 ev.verify=11.401ms
[labev] t=455212.104 ev.finalize=1.820ms
[labev] t=455212.104 ev.propose=0.002ms
[labev] t=455212.115 ev.verify=11.259ms
[labev] t=455212.117 ev.finalize=1.882ms
[labev] t=455212.117 ev.propose=0.002ms
[labev] t=455212.129 ev.verify=11.301ms
[labev] t=455212.131 ev.finalize=1.893ms
[labev] t=455212.131 ev.propose=0.002ms
[labev] t=455212.142 ev.verify=11.402ms
[labev] t=455212.144 ev.finalize=1.777ms
[labev] t=455212.144 ev.propose=0.002ms
[labev] t=455212.155 ev.verify=11.286ms
[labev] t=455212.158 ev.finalize=2.370ms
[labev] t=455212.158 ev.propose=0.002ms
[labev] t=455212.169 ev.verify=11.214ms
[labev] t=455212.171 ev.finalize=1.715ms
[labev] t=455212.171 ev.propose=0.002ms
[labev] t=455212.182 ev.verify=11.354ms
[labev] t=455212.184 ev.finalize=1.669ms
[labev] t=455212.184 ev.propose=0.002ms
[labev] t=455212.195 ev.verify=11.115ms
[labev] t=455212.197 ev.finalize=1.899ms
[labev] t=455212.197 ev.propose=0.002ms
[labev] t=455212.209 ev.verify=11.239ms
[labev] t=455212.210 ev.finalize=1.687ms
[labev] t=455212.210 ev.propose=0.002ms
[labev] t=455212.222 ev.verify=11.193ms
[labev] t=455212.223 ev.finalize=1.661ms
[labev] t=455212.223 ev.propose=0.002ms
[labev] t=455212.235 ev.verify=11.211ms
[labev] t=455212.236 ev.finalize=1.709ms
[labev] t=455212.237 ev.propose=0.001ms
[labev] t=455212.248 ev.verify=11.200ms
[labev] t=455212.249 ev.finalize=1.657ms
[labev] t=455212.250 ev.propose=0.002ms
[labev] t=455212.261 ev.verify=11.238ms
[labev] t=455212.262 ev.finalize=1.679ms
[labev] t=455212.263 ev.propose=0.002ms
[labev] t=455212.274 ev.verify=11.412ms
[labev] t=455212.276 ev.finalize=1.691ms
[labev] t=455212.276 ev.propose=0.002ms
[labev] t=455212.287 ev.verify=11.423ms
[labev] t=455212.289 ev.finalize=1.671ms
[labev] t=455212.289 ev.propose=0.002ms
[labev] t=455212.300 ev.verify=11.199ms
[labev] t=455212.302 ev.finalize=1.684ms
[labev] t=455212.302 ev.propose=0.002ms
[labev] t=455212.313 ev.verify=11.297ms
[labev] t=455212.315 ev.finalize=1.670ms
[labev] t=455212.315 ev.propose=0.002ms
[labev] t=455212.326 ev.verify=11.050ms
[labev] t=455212.328 ev.finalize=1.671ms
[labev] t=455212.328 ev.propose=0.002ms
[labev] t=455212.340 ev.verify=11.551ms
[labev] t=455212.341 ev.finalize=1.657ms
[labev] t=455212.342 ev.propose=0.002ms
[labev] t=455212.353 ev.verify=11.285ms
[labev] t=455212.355 ev.finalize=1.700ms
[labev] t=455212.355 ev.propose=0.002ms
[labev] t=455212.366 ev.verify=11.440ms
[labev] t=455212.369 ev.finalize=2.335ms
[labev] t=455212.369 ev.propose=0.002ms
[labev] t=455212.380 ev.verify=11.399ms
[labev] t=455212.382 ev.finalize=1.686ms
[labev] t=455212.382 ev.propose=0.002ms
[labev] t=455212.393 ev.verify=11.214ms
[labev] t=455212.395 ev.finalize=1.684ms
[labev] t=455212.395 ev.propose=0.002ms
[labev] t=455212.406 ev.verify=11.371ms
[labev] t=455212.408 ev.finalize=1.759ms
[labev] t=455212.408 ev.propose=0.002ms
[labev] t=455212.420 ev.verify=11.278ms
[labev] t=455212.421 ev.finalize=1.719ms
[labev] t=455212.421 ev.propose=0.002ms
[labev] t=455212.433 ev.verify=11.493ms
[labev] t=455212.435 ev.finalize=1.687ms
[labev] t=455212.435 ev.propose=0.002ms
[labev] t=455212.446 ev.verify=11.430ms
[labev] t=455212.448 ev.finalize=1.683ms
[labev] t=455212.448 ev.propose=0.002ms
[labev] t=455212.459 ev.verify=11.405ms
[labev] t=455212.461 ev.finalize=1.733ms
[labev] t=455212.461 ev.propose=0.002ms
[labev] t=455212.473 ev.verify=11.450ms
[labev] t=455212.475 ev.finalize=1.712ms
[labev] t=455212.475 ev.propose=0.002ms
[labev] t=455212.486 ev.verify=11.366ms
[labev] t=455212.488 ev.finalize=1.713ms
[labev] t=455212.488 ev.propose=0.002ms
[labev] t=455212.499 ev.verify=11.371ms
[labev] t=455212.501 ev.finalize=1.581ms
[labev] t=455212.501 ev.propose=0.002ms
[labev] t=455212.512 ev.verify=11.382ms
[labev] t=455212.514 ev.finalize=1.615ms
[labev] t=455212.514 ev.propose=0.002ms
[labev] t=455212.526 ev.verify=11.381ms
[labev] t=455212.527 ev.finalize=1.577ms
[labev] t=455212.527 ev.propose=0.002ms
[labev] t=455212.539 ev.verify=11.385ms
[labev] t=455212.540 ev.finalize=1.679ms
[labev] t=455212.540 ev.propose=0.001ms
[labev] t=455212.552 ev.verify=11.377ms
[labev] t=455212.554 ev.finalize=1.720ms
[labev] t=455212.554 ev.propose=0.002ms
[labev] t=455212.565 ev.verify=11.277ms
[labev] t=455212.567 ev.finalize=1.681ms
[labev] t=455212.567 ev.propose=0.002ms
[labev] t=455212.578 ev.verify=11.286ms
[labev] t=455212.580 ev.finalize=1.690ms
[labev] t=455212.580 ev.propose=0.002ms
[labev] t=455212.591 ev.verify=11.242ms
[labev] t=455212.593 ev.finalize=1.564ms
[labev] t=455212.593 ev.propose=0.002ms
[labev] t=455212.604 ev.verify=11.180ms
[labev] t=455212.606 ev.finalize=2.218ms
[labev] t=455212.607 ev.propose=0.002ms
[labev] t=455212.618 ev.verify=11.269ms
[labev] t=455212.620 ev.finalize=1.691ms
[labev] t=455212.620 ev.propose=0.002ms
[labev] t=455212.631 ev.verify=11.300ms
[labev] t=455212.633 ev.finalize=1.691ms
[labev] t=455212.633 ev.propose=0.002ms
[labev] t=455212.644 ev.verify=11.401ms
[labev] t=455212.646 ev.finalize=1.575ms
[labev] t=455212.646 ev.propose=0.002ms
[labev] t=455212.657 ev.verify=11.409ms
[labev] t=455212.659 ev.finalize=1.661ms
[labev] t=455212.659 ev.propose=0.002ms
[labev] t=455212.671 ev.verify=11.358ms
[labev] t=455212.672 ev.finalize=1.675ms
[labev] t=455212.672 ev.propose=0.002ms
[labev] t=455212.684 ev.verify=11.351ms
[labev] t=455212.685 ev.finalize=1.669ms
[labev] t=455212.686 ev.propose=0.002ms
[labev] t=455212.697 ev.verify=11.344ms
[labev] t=455212.699 ev.finalize=1.671ms
[labev] t=455212.699 ev.propose=0.002ms
[labev] t=455212.710 ev.verify=11.040ms
[labev] t=455212.712 ev.finalize=1.742ms
[labev] t=455212.712 ev.propose=0.002ms
[labev] t=455212.723 ev.verify=11.344ms
[labev] t=455212.725 ev.finalize=1.672ms
[labev] t=455212.725 ev.propose=0.002ms
[labev] t=455212.736 ev.verify=11.307ms
[labev] t=455212.738 ev.finalize=1.713ms
[labev] t=455212.738 ev.propose=0.002ms
[labev] t=455212.749 ev.verify=11.189ms
[labev] t=455212.751 ev.finalize=1.694ms
[labev] t=455212.751 ev.propose=0.002ms
[labev] t=455212.763 ev.verify=11.462ms
[labev] t=455212.764 ev.finalize=1.715ms
[labev] t=455212.764 ev.propose=0.002ms
[labev] t=455212.776 ev.verify=11.283ms
[labev] t=455212.778 ev.finalize=1.693ms
[labev] t=455212.778 ev.propose=0.002ms
[labev] t=455212.789 ev.verify=11.286ms
[labev] t=455212.791 ev.finalize=1.699ms
[labev] t=455212.791 ev.propose=0.002ms
[labev] t=455212.802 ev.verify=11.453ms
[labev] t=455212.804 ev.finalize=1.693ms
[labev] t=455212.804 ev.propose=0.002ms
[labev] t=455212.815 ev.verify=11.284ms
[labev] t=455212.818 ev.finalize=2.349ms
[labev] t=455212.818 ev.propose=0.002ms
[labev] t=455212.829 ev.verify=11.512ms
[labev] t=455212.831 ev.finalize=1.701ms
[labev] t=455212.831 ev.propose=0.002ms
[labev] t=455212.843 ev.verify=11.313ms
[labev] t=455212.844 ev.finalize=1.583ms
[labev] t=455212.844 ev.propose=0.002ms
[labev] t=455212.856 ev.verify=11.353ms
[labev] t=455212.857 ev.finalize=1.694ms
[labev] t=455212.858 ev.propose=0.002ms
[labev] t=455212.869 ev.verify=11.189ms
[labev] t=455212.871 ev.finalize=1.702ms
[labev] t=455212.871 ev.propose=0.002ms
[labev] t=455212.882 ev.verify=11.439ms
[labev] t=455212.884 ev.finalize=1.762ms
[labev] t=455212.884 ev.propose=0.002ms
[labev] t=455212.895 ev.verify=11.335ms
[labev] t=455212.897 ev.finalize=1.677ms
[labev] t=455212.897 ev.propose=0.002ms
[labev] t=455212.908 ev.verify=11.247ms
[labev] t=455212.910 ev.finalize=1.675ms
[labev] t=455212.910 ev.propose=0.002ms
[labev] t=455212.922 ev.verify=11.458ms
[labev] t=455212.923 ev.finalize=1.571ms
[labev] t=455212.923 ev.propose=0.001ms
[labev] t=455212.935 ev.verify=11.389ms
[labev] t=455212.937 ev.finalize=1.703ms
[labev] t=455212.937 ev.propose=0.002ms
[labev] t=455212.948 ev.verify=11.377ms
[labev] t=455212.950 ev.finalize=1.569ms
[labev] t=455212.950 ev.propose=0.002ms
[labev] t=455212.961 ev.verify=11.335ms
[labev] t=455212.963 ev.finalize=1.685ms
[labev] t=455212.963 ev.propose=0.002ms
[labev] t=455212.974 ev.verify=11.298ms
[labev] t=455212.976 ev.finalize=1.554ms
[labev] t=455212.976 ev.propose=0.002ms
[labev] t=455212.987 ev.verify=11.106ms
[labev] t=455212.989 ev.finalize=1.584ms
[labev] t=455212.989 ev.propose=0.002ms
[labev] t=455213.000 ev.verify=11.364ms
[labev] t=455213.002 ev.finalize=1.570ms
[labev] t=455213.002 ev.propose=0.002ms
[labev] t=455213.013 ev.verify=11.361ms
[labev] t=455213.015 ev.finalize=1.687ms
[labev] t=455213.015 ev.propose=0.002ms
[labev] t=455213.027 ev.verify=11.531ms
[labev] t=455213.028 ev.finalize=1.694ms
[labev] t=455213.028 ev.propose=0.002ms
[labev] t=455213.040 ev.verify=11.303ms
[labev] t=455213.042 ev.finalize=1.705ms
[labev] t=455213.042 ev.propose=0.002ms
[labev] t=455213.053 ev.verify=11.349ms
[labev] t=455213.055 ev.finalize=1.689ms
[labev] t=455213.055 ev.propose=0.002ms
[labev] t=455213.066 ev.verify=11.469ms
[labev] t=455213.069 ev.finalize=2.318ms
[labev] t=455213.069 ev.propose=0.002ms
[labev] t=455213.080 ev.verify=11.308ms
[labev] t=455213.082 ev.finalize=1.688ms
[labev] t=455213.082 ev.propose=0.002ms
[labev] t=455213.093 ev.verify=11.376ms
[labev] t=455213.095 ev.finalize=1.691ms
[labev] t=455213.095 ev.propose=0.002ms
[labev] t=455213.107 ev.verify=11.451ms
[labev] t=455213.108 ev.finalize=1.688ms
[labev] t=455213.109 ev.propose=0.002ms
[labev] t=455213.120 ev.verify=11.346ms
[labev] t=455213.122 ev.finalize=1.791ms
[labev] t=455213.122 ev.propose=0.002ms
[labev] t=455213.133 ev.verify=11.248ms
[labev] t=455213.135 ev.finalize=1.788ms
[labev] t=455213.135 ev.propose=0.002ms
[labev] t=455213.146 ev.verify=11.354ms
[labev] t=455213.148 ev.finalize=1.624ms
[labev] t=455213.148 ev.propose=0.002ms
[labev] t=455213.160 ev.verify=11.463ms
[labev] t=455213.161 ev.finalize=1.682ms
[labev] t=455213.161 ev.propose=0.002ms
[labev] t=455213.173 ev.verify=11.405ms
[labev] t=455213.175 ev.finalize=1.727ms
[labev] t=455213.175 ev.propose=0.002ms
[labev] t=455213.186 ev.verify=11.404ms
[labev] t=455213.188 ev.finalize=1.713ms
[labev] t=455213.188 ev.propose=0.002ms
[labev] t=455213.199 ev.verify=11.349ms
[labev] t=455213.201 ev.finalize=1.733ms
[labev] t=455213.201 ev.propose=0.002ms
[labev] t=455213.213 ev.verify=11.284ms
[labev] t=455213.214 ev.finalize=1.613ms
[labev] t=455213.214 ev.propose=0.002ms
[labev] t=455213.226 ev.verify=11.188ms
[labev] t=455213.227 ev.finalize=1.687ms
[labev] t=455213.227 ev.propose=0.002ms
[labev] t=455213.239 ev.verify=11.342ms
[labev] t=455213.240 ev.finalize=1.587ms
[labev] t=455213.240 ev.propose=0.002ms
[labev] t=455213.252 ev.verify=11.354ms
[labev] t=455213.254 ev.finalize=1.701ms
[labev] t=455213.254 ev.propose=0.002ms
[labev] t=455213.265 ev.verify=11.199ms
[labev] t=455213.267 ev.finalize=1.711ms
[labev] t=455213.267 ev.propose=0.002ms
[labev] t=455213.278 ev.verify=11.439ms
[labev] t=455213.280 ev.finalize=1.734ms
[labev] t=455213.280 ev.propose=0.002ms
[labev] t=455213.292 ev.verify=11.499ms
[labev] t=455213.293 ev.finalize=1.767ms
[labev] t=455213.293 ev.propose=0.002ms
[labev] t=455213.305 ev.verify=11.165ms
[labev] t=455213.307 ev.finalize=2.359ms
[labev] t=455213.307 ev.propose=0.002ms
[labev] t=455213.318 ev.verify=11.287ms
[labev] t=455213.320 ev.finalize=1.714ms
[labev] t=455213.320 ev.propose=0.002ms
[labev] t=455213.332 ev.verify=11.196ms
[labev] t=455213.333 ev.finalize=1.620ms
[labev] t=455213.333 ev.propose=0.002ms
[labev] t=455213.345 ev.verify=11.242ms
[labev] t=455213.346 ev.finalize=1.734ms
[labev] t=455213.346 ev.propose=0.002ms
[labev] t=455213.358 ev.verify=11.215ms
[labev] t=455213.359 ev.finalize=1.604ms
[labev] t=455213.359 ev.propose=0.002ms
[labev] t=455213.371 ev.verify=11.294ms
[labev] t=455213.372 ev.finalize=1.698ms
[labev] t=455213.373 ev.propose=0.001ms
[labev] t=455213.384 ev.verify=11.272ms
[labev] t=455213.386 ev.finalize=1.712ms
[labev] t=455213.386 ev.propose=0.002ms
[labev] t=455213.397 ev.verify=11.600ms
[labev] t=455213.399 ev.finalize=1.712ms
[labev] t=455213.399 ev.propose=0.002ms
[labev] t=455213.411 ev.verify=11.394ms
[labev] t=455213.412 ev.finalize=1.731ms
[labev] t=455213.413 ev.propose=0.002ms
[labev] t=455213.424 ev.verify=11.187ms
[labev] t=455213.425 ev.finalize=1.731ms
[labev] t=455213.426 ev.propose=0.002ms
[labev] t=455213.437 ev.verify=11.330ms
[labev] t=455213.439 ev.finalize=1.624ms
[labev] t=455213.439 ev.propose=0.002ms
[labev] t=455213.450 ev.verify=11.161ms
[labev] t=455213.452 ev.finalize=1.674ms
[labev] t=455213.452 ev.propose=0.002ms
[labev] t=455213.463 ev.verify=11.321ms
[labev] t=455213.465 ev.finalize=1.712ms
[labev] t=455213.465 ev.propose=0.002ms
[labev] t=455213.476 ev.verify=11.226ms
[labev] t=455213.478 ev.finalize=1.719ms
[labev] t=455213.478 ev.propose=0.002ms
[labev] t=455213.490 ev.verify=11.564ms
[labev] t=455213.491 ev.finalize=1.756ms
[labev] t=455213.492 ev.propose=0.002ms
[labev] t=455213.503 ev.verify=11.361ms
[labev] t=455213.505 ev.finalize=1.724ms
[labev] t=455213.505 ev.propose=0.002ms
[labev] t=455213.516 ev.verify=11.233ms
[labev] t=455213.518 ev.finalize=1.706ms
[labev] t=455213.518 ev.propose=0.002ms
[labev] t=455213.529 ev.verify=11.385ms
[labev] t=455213.532 ev.finalize=2.301ms
[labev] t=455213.532 ev.propose=0.002ms
[labev] t=455213.543 ev.verify=11.384ms
[labev] t=455213.545 ev.finalize=1.702ms
[labev] t=455213.545 ev.propose=0.002ms
[labev] t=455213.556 ev.verify=11.480ms
[labev] t=455213.558 ev.finalize=1.708ms
[labev] t=455213.558 ev.propose=0.002ms
[labev] t=455213.570 ev.verify=11.321ms
[labev] t=455213.571 ev.finalize=1.602ms
[labev] t=455213.571 ev.propose=0.002ms
[labev] t=455213.583 ev.verify=11.194ms
[labev] t=455213.584 ev.finalize=1.605ms
[labev] t=455213.584 ev.propose=0.002ms
[labev] t=455213.596 ev.verify=11.293ms
[labev] t=455213.597 ev.finalize=1.729ms
[labev] t=455213.597 ev.propose=0.002ms
[labev] t=455213.609 ev.verify=11.246ms
[labev] t=455213.611 ev.finalize=1.722ms
[labev] t=455213.611 ev.propose=0.002ms
[labev] t=455213.622 ev.verify=11.546ms
[labev] t=455213.624 ev.finalize=1.727ms
[labev] t=455213.624 ev.propose=0.002ms
[labev] t=455213.636 ev.verify=11.431ms
[labev] t=455213.637 ev.finalize=1.690ms
[labev] t=455213.637 ev.propose=0.002ms
[labev] t=455213.649 ev.verify=11.257ms
[labev] t=455213.651 ev.finalize=1.842ms
[labev] t=455213.651 ev.propose=0.002ms
[labev] t=455213.662 ev.verify=11.291ms
[labev] t=455213.664 ev.finalize=1.897ms
[labev] t=455213.664 ev.propose=0.002ms
[labev] t=455213.675 ev.verify=11.210ms
[labev] t=455213.677 ev.finalize=1.695ms
[labev] t=455213.677 ev.propose=0.002ms
[labev] t=455213.688 ev.verify=11.394ms
[labev] t=455213.690 ev.finalize=1.719ms
[labev] t=455213.690 ev.propose=0.002ms
[labev] t=455213.702 ev.verify=11.439ms
[labev] t=455213.704 ev.finalize=1.713ms
[labev] t=455213.704 ev.propose=0.002ms
[labev] t=455213.715 ev.verify=11.232ms
[labev] t=455213.717 ev.finalize=1.585ms
[labev] t=455213.717 ev.propose=0.002ms
[labev] t=455213.728 ev.verify=11.539ms
[labev] t=455213.730 ev.finalize=1.598ms
[labev] t=455213.730 ev.propose=0.002ms
[labev] t=455213.741 ev.verify=11.301ms
[labev] t=455213.743 ev.finalize=1.568ms
[labev] t=455213.743 ev.propose=0.002ms
[labev] t=455213.754 ev.verify=11.324ms
[labev] t=455213.756 ev.finalize=1.690ms
[labev] t=455213.756 ev.propose=0.002ms
[labev] t=455213.768 ev.verify=11.544ms
[labev] t=455213.769 ev.finalize=1.701ms
[labev] t=455213.770 ev.propose=0.002ms
[labev] t=455213.781 ev.verify=11.128ms
[labev] t=455213.783 ev.finalize=2.357ms
[labev] t=455213.783 ev.propose=0.002ms
[labev] t=455213.795 ev.verify=11.493ms
[labev] t=455213.796 ev.finalize=1.686ms
[labev] t=455213.797 ev.propose=0.002ms
[labev] t=455213.808 ev.verify=11.322ms
[labev] t=455213.810 ev.finalize=1.706ms
[labev] t=455213.810 ev.propose=0.002ms
[labev] t=455213.821 ev.verify=11.230ms
[labev] t=455213.823 ev.finalize=1.685ms
[labev] t=455213.823 ev.propose=0.002ms
[labev] t=455213.834 ev.verify=11.434ms
[labev] t=455213.836 ev.finalize=1.727ms
[labev] t=455213.836 ev.propose=0.002ms
[labev] t=455213.847 ev.verify=11.214ms
[labev] t=455213.849 ev.finalize=1.721ms
[labev] t=455213.849 ev.propose=0.002ms
[labev] t=455213.861 ev.verify=11.514ms
[labev] t=455213.862 ev.finalize=1.713ms
[labev] t=455213.863 ev.propose=0.002ms
[labev] t=455213.874 ev.verify=11.258ms
[labev] t=455213.876 ev.finalize=1.696ms
[labev] t=455213.876 ev.propose=0.002ms
[labev] t=455213.887 ev.verify=11.337ms
[labev] t=455213.889 ev.finalize=1.707ms
[labev] t=455213.889 ev.propose=0.002ms
[labev] t=455213.900 ev.verify=11.503ms
[labev] t=455213.902 ev.finalize=1.599ms
[labev] t=455213.902 ev.propose=0.002ms
[labev] t=455213.914 ev.verify=11.458ms
[labev] t=455213.915 ev.finalize=1.717ms
[labev] t=455213.916 ev.propose=0.002ms
[labev] t=455213.927 ev.verify=11.245ms
[labev] t=455213.929 ev.finalize=1.698ms
[labev] t=455213.929 ev.propose=0.002ms
[labev] t=455213.940 ev.verify=11.520ms
[labev] t=455213.942 ev.finalize=1.685ms
[labev] t=455213.942 ev.propose=0.002ms
[labev] t=455213.953 ev.verify=11.442ms
[labev] t=455213.955 ev.finalize=1.691ms
[labev] t=455213.955 ev.propose=0.002ms
[labev] t=455213.967 ev.verify=11.475ms
[labev] t=455213.968 ev.finalize=1.576ms
[labev] t=455213.968 ev.propose=0.002ms
[labev] t=455213.980 ev.verify=11.511ms
[labev] t=455213.982 ev.finalize=1.703ms
[labev] t=455213.982 ev.propose=0.002ms
[labev] t=455213.993 ev.verify=11.475ms
[labev] t=455213.995 ev.finalize=1.715ms
[labev] t=455213.995 ev.propose=0.002ms
[labev] t=455214.007 ev.verify=11.432ms
[labev] t=455214.009 ev.finalize=2.723ms
[labev] t=455214.010 ev.propose=0.002ms
[labev] t=455214.021 ev.verify=11.342ms
[labev] t=455214.023 ev.finalize=1.720ms
[labev] t=455214.023 ev.propose=0.002ms
[labev] t=455214.034 ev.verify=11.212ms
[labev] t=455214.036 ev.finalize=1.671ms
[labev] t=455214.036 ev.propose=0.002ms
[labev] t=455214.047 ev.verify=11.335ms
[labev] t=455214.049 ev.finalize=1.742ms
[labev] t=455214.049 ev.propose=0.002ms
[labev] t=455214.060 ev.verify=11.474ms
[labev] t=455214.062 ev.finalize=1.712ms
[labev] t=455214.062 ev.propose=0.002ms
[labev] t=455214.074 ev.verify=11.463ms
[labev] t=455214.076 ev.finalize=1.725ms
[labev] t=455214.076 ev.propose=0.002ms
[labev] t=455214.087 ev.verify=11.333ms
[labev] t=455214.089 ev.finalize=1.711ms
[labev] t=455214.089 ev.propose=0.002ms
[labev] t=455214.104 ev.verify=15.200ms
[labev] t=455214.106 ev.finalize=1.590ms
[labev] t=455214.107 req.start s1-p4096-o512-b6-r0=0.000ms
[labev] t=455214.107 req.handle=0.018ms
[labev] t=455214.128 tok.prepare=21.054ms
event=batching_admitted action=scheduler_admitted
[labev] t=455214.383 chunk.ord.total=255.077ms
[labev] t=455214.636 chunk.ord.total=252.806ms
[labev] t=455214.892 chunk.ord.total=255.391ms
[labev] t=455215.151 chunk.ord.total=259.473ms
[labev] t=455215.412 chunk.ord.total=260.766ms
[labev] t=455215.675 chunk.ord.total=262.579ms
[labev] t=455215.941 chunk.ord.total=266.365ms
[labev] t=455216.248 chunk.ord.total=306.657ms
[labev] t=455216.248 req.firsttoken s1-p4096-o512-b6-r0=2141.216ms
[labev] t=455216.384 ev.decode.rows1.cap0=136.288ms
[labev] t=455216.520 ev.decode.rows1.cap0=135.977ms
[labev] t=455216.656 ev.decode.rows1.cap0=135.539ms
[labev] t=455216.792 ev.decode.rows1.cap0=135.755ms
[labev] t=455216.928 ev.decode.rows1.cap0=135.777ms
[labev] t=455217.064 ev.decode.rows1.cap0=135.765ms
[labev] t=455217.200 ev.decode.rows1.cap0=135.980ms
[labev] t=455217.336 ev.decode.rows1.cap0=136.173ms
[labev] t=455217.472 ev.decode.rows1.cap0=135.969ms
[labev] t=455217.608 ev.decode.rows1.cap0=135.941ms
[labev] t=455217.744 ev.decode.rows1.cap0=136.030ms
[labev] t=455217.881 ev.decode.rows1.cap0=136.170ms
[labev] t=455218.017 ev.decode.rows1.cap0=136.031ms
[labev] t=455218.153 ev.decode.rows1.cap0=136.155ms
[labev] t=455218.289 ev.decode.rows1.cap0=135.807ms
[labev] t=455218.425 ev.decode.rows1.cap0=136.103ms
[labev] t=455218.561 ev.decode.rows1.cap0=136.118ms
[labev] t=455218.697 ev.decode.rows1.cap0=136.121ms
[labev] t=455218.834 ev.decode.rows1.cap0=136.050ms
[labev] t=455218.970 ev.decode.rows1.cap0=136.153ms
[labev] t=455219.106 ev.decode.rows1.cap0=136.238ms
[labev] t=455219.243 ev.decode.rows1.cap0=136.422ms
[labev] t=455219.379 ev.decode.rows1.cap0=136.385ms
[labev] t=455219.516 ev.decode.rows1.cap0=136.388ms
[labev] t=455219.652 ev.decode.rows1.cap0=136.086ms
[labev] t=455219.789 ev.decode.rows1.cap0=136.598ms
[labev] t=455219.925 ev.decode.rows1.cap0=136.209ms
[labev] t=455220.061 ev.decode.rows1.cap0=136.510ms
[labev] t=455220.198 ev.decode.rows1.cap0=136.628ms
[labev] t=455220.335 ev.decode.rows1.cap0=136.333ms
[labev] t=455220.471 ev.decode.rows1.cap0=136.416ms
[labev] t=455220.599 ev.decode.rows1.cap0=128.188ms
[labev] t=455224.217 req.start s1-p4096-o512-b7-r0=0.000ms
[labev] t=455224.217 req.handle=0.035ms
[labev] t=455224.238 tok.prepare=21.026ms
event=batching_admitted action=scheduler_admitted
[labev] t=455224.538 chunk.ord.total=299.765ms
[labev] t=455224.791 chunk.ord.total=253.124ms
[labev] t=455225.048 chunk.ord.total=256.575ms
[labev] t=455225.306 chunk.ord.total=258.390ms
[labev] t=455225.569 chunk.ord.total=262.467ms
[labev] t=455225.831 chunk.ord.total=262.130ms
[labev] t=455226.097 chunk.ord.total=265.272ms
[labev] t=455226.403 chunk.ord.total=306.671ms
[labev] t=455226.403 req.firsttoken s1-p4096-o512-b7-r0=2186.592ms
[labev] t=455226.540 ev.decode.rows1.cap0=136.544ms
[labev] t=455226.676 ev.decode.rows1.cap0=136.013ms
[labev] t=455226.813 ev.decode.rows1.cap0=136.705ms
[labev] t=455226.949 ev.decode.rows1.cap0=136.339ms
[labev] t=455227.085 ev.decode.rows1.cap0=135.816ms
[labev] t=455227.221 ev.decode.rows1.cap0=135.883ms
[labev] t=455227.357 ev.decode.rows1.cap0=135.693ms
[labev] t=455227.493 ev.decode.rows1.cap0=135.587ms
[labev] t=455227.629 ev.decode.rows1.cap0=135.882ms
[labev] t=455227.765 ev.decode.rows1.cap0=135.988ms
[labev] t=455227.906 ev.decode.rows1.cap0=141.417ms
[labev] t=455228.043 ev.decode.rows1.cap0=136.506ms
[labev] t=455228.179 ev.decode.rows1.cap0=136.363ms
[labprof] d0.performDecode.call=136.059ms/n45 f0.finalize.total=1.719ms/n277 f1.finalize.build=0.515ms/n277 f2.finalize.eval=1.161ms/n277 fc.finalize.call=1.725ms/n277 o1.ord.build=1.190ms/n722 o2.ord.eval=7.295ms/n722 p0.propose=0.002ms/n277 r0.round.interval=13.199ms/n276 s1.native.prefill.target=45.795ms/n7 s1.ord.prefill.target=40.264ms/n16 s2.native.prefill.drafter+eval=240.136ms/n8 s2.ord.prefill.eval=227.453ms/n16 s9.native.prefill.chunk.total=280.585ms/n8 s9.ord.prefill.chunk.total=267.755ms/n16 v0.verify.call=11.319ms/n277 v1.verify.build=0.876ms/n277 v2.verify.eval=10.331ms/n277
[labev] t=455228.316 ev.decode.rows1.cap0=136.105ms
[labev] t=455228.452 ev.decode.rows1.cap0=136.153ms
[labev] t=455228.588 ev.decode.rows1.cap0=136.053ms
[labev] t=455228.724 ev.decode.rows1.cap0=136.169ms
[labev] t=455228.860 ev.decode.rows1.cap0=136.117ms
[labev] t=455228.997 ev.decode.rows1.cap0=136.226ms
[labev] t=455229.133 ev.decode.rows1.cap0=136.102ms
[labev] t=455229.270 ev.decode.rows1.cap0=136.518ms
[labev] t=455229.406 ev.decode.rows1.cap0=136.373ms
[labev] t=455229.543 ev.decode.rows1.cap0=136.388ms
[labev] t=455229.679 ev.decode.rows1.cap0=136.438ms
[labev] t=455229.815 ev.decode.rows1.cap0=136.258ms
[labev] t=455229.952 ev.decode.rows1.cap0=136.371ms
[labev] t=455230.088 ev.decode.rows1.cap0=136.193ms
[labev] t=455230.225 ev.decode.rows1.cap0=136.656ms
[labev] t=455230.362 ev.decode.rows1.cap0=136.631ms
[labev] t=455230.498 ev.decode.rows1.cap0=136.489ms
[labev] t=455230.635 ev.decode.rows1.cap0=136.574ms
[labev] t=455230.763 ev.decode.rows1.cap0=127.871ms
[labev] t=455230.764 req.start s1-p4096-o512-b7-r0=0.000ms
[labev] t=455230.764 req.handle=0.021ms
[labev] t=455230.785 tok.prepare=21.017ms
event=batching_admitted action=scheduler_admitted
[labev] t=455231.051 chunk.native.total=266.085ms
[labev] t=455231.317 chunk.native.total=266.020ms
[labev] t=455231.587 chunk.native.total=269.670ms
[labev] t=455231.861 chunk.native.total=273.253ms
[labev] t=455232.136 chunk.native.total=275.562ms
[labev] t=455232.414 chunk.native.total=277.488ms
[labev] t=455232.696 chunk.native.total=281.763ms
[labev] t=455233.012 chunk.native.total=316.549ms
[labev] t=455233.012 req.firsttoken s1-p4096-o512-b7-r0=2248.413ms
[labev] t=455233.012 ev.propose=0.004ms
[labev] t=455233.030 ev.verify=17.794ms
[labev] t=455233.032 ev.finalize=1.754ms
[labev] t=455233.032 ev.propose=0.088ms
[labev] t=455233.044 ev.verify=11.530ms
[labev] t=455233.045 ev.finalize=1.679ms
[labev] t=455233.046 ev.propose=0.064ms
[labev] t=455233.057 ev.verify=11.326ms
[labev] t=455233.059 ev.finalize=1.666ms
[labev] t=455233.059 ev.propose=0.046ms
[labev] t=455233.070 ev.verify=11.180ms
[labev] t=455233.072 ev.finalize=1.662ms
[labev] t=455233.072 ev.propose=0.052ms
[labev] t=455233.083 ev.verify=11.277ms
[labev] t=455233.085 ev.finalize=1.670ms
[labev] t=455233.085 ev.propose=0.047ms
[labev] t=455233.096 ev.verify=11.285ms
[labev] t=455233.098 ev.finalize=1.732ms
[labev] t=455233.098 ev.propose=0.048ms
[labev] t=455233.110 ev.verify=11.418ms
[labev] t=455233.111 ev.finalize=1.661ms
[labev] t=455233.112 ev.propose=0.046ms
[labev] t=455233.123 ev.verify=11.351ms
[labev] t=455233.125 ev.finalize=1.664ms
[labev] t=455233.125 ev.propose=0.058ms
[labev] t=455233.136 ev.verify=11.105ms
[labev] t=455233.138 ev.finalize=2.309ms
[labev] t=455233.139 ev.propose=0.073ms
[labev] t=455233.150 ev.verify=11.339ms
[labev] t=455233.152 ev.finalize=1.659ms
[labev] t=455233.152 ev.propose=0.070ms
[labev] t=455233.163 ev.verify=11.143ms
[labev] t=455233.165 ev.finalize=1.670ms
[labev] t=455233.165 ev.propose=0.061ms
[labev] t=455233.176 ev.verify=11.100ms
[labev] t=455233.178 ev.finalize=1.794ms
[labev] t=455233.178 ev.propose=0.059ms
[labev] t=455233.189 ev.verify=11.149ms
[labev] t=455233.191 ev.finalize=1.554ms
[labev] t=455233.191 ev.propose=0.067ms
[labev] t=455233.202 ev.verify=11.226ms
[labev] t=455233.204 ev.finalize=1.661ms
[labev] t=455233.204 ev.propose=0.071ms
[labev] t=455233.215 ev.verify=11.208ms
[labev] t=455233.217 ev.finalize=1.547ms
[labev] t=455233.217 ev.propose=0.071ms
[labev] t=455233.228 ev.verify=11.160ms
[labev] t=455233.230 ev.finalize=1.653ms
[labev] t=455233.230 ev.propose=0.063ms
[labev] t=455233.241 ev.verify=11.135ms
[labev] t=455233.243 ev.finalize=1.654ms
[labev] t=455233.243 ev.propose=0.002ms
[labev] t=455233.254 ev.verify=11.234ms
[labev] t=455233.256 ev.finalize=1.650ms
[labev] t=455233.256 ev.propose=0.057ms
[labev] t=455233.267 ev.verify=11.156ms
[labev] t=455233.269 ev.finalize=1.655ms
[labev] t=455233.269 ev.propose=0.002ms
[labev] t=455233.280 ev.verify=11.306ms
[labev] t=455233.282 ev.finalize=1.650ms
[labev] t=455233.282 ev.propose=0.004ms
[labev] t=455233.293 ev.verify=11.225ms
[labev] t=455233.295 ev.finalize=1.662ms
[labev] t=455233.295 ev.propose=0.002ms
[labev] t=455233.306 ev.verify=11.266ms
[labev] t=455233.308 ev.finalize=1.660ms
[labev] t=455233.308 ev.propose=0.002ms
[labev] t=455233.320 ev.verify=11.365ms
[labev] t=455233.321 ev.finalize=1.700ms
[labev] t=455233.321 ev.propose=0.002ms
[labev] t=455233.333 ev.verify=11.216ms
[labev] t=455233.334 ev.finalize=1.653ms
[labev] t=455233.334 ev.propose=0.002ms
[labev] t=455233.346 ev.verify=11.280ms
[labev] t=455233.348 ev.finalize=1.668ms
[labev] t=455233.348 ev.propose=0.002ms
[labev] t=455233.359 ev.verify=11.274ms
[labev] t=455233.361 ev.finalize=2.318ms
[labev] t=455233.361 ev.propose=0.002ms
[labev] t=455233.373 ev.verify=11.351ms
[labev] t=455233.374 ev.finalize=1.696ms
[labev] t=455233.375 ev.propose=0.002ms
[labev] t=455233.386 ev.verify=11.338ms
[labev] t=455233.388 ev.finalize=1.666ms
[labev] t=455233.388 ev.propose=0.002ms
[labev] t=455233.399 ev.verify=11.322ms
[labev] t=455233.401 ev.finalize=1.699ms
[labev] t=455233.401 ev.propose=0.002ms
[labev] t=455233.412 ev.verify=11.159ms
[labev] t=455233.414 ev.finalize=1.618ms
[labev] t=455233.414 ev.propose=0.002ms
[labev] t=455233.425 ev.verify=11.165ms
[labev] t=455233.427 ev.finalize=1.656ms
[labev] t=455233.427 ev.propose=0.002ms
[labev] t=455233.438 ev.verify=11.222ms
[labev] t=455233.440 ev.finalize=1.663ms
[labev] t=455233.440 ev.propose=0.002ms
[labev] t=455233.451 ev.verify=11.281ms
[labev] t=455233.453 ev.finalize=1.659ms
[labev] t=455233.453 ev.propose=0.002ms
[labev] t=455233.464 ev.verify=11.372ms
[labev] t=455233.466 ev.finalize=1.644ms
[labev] t=455233.466 ev.propose=0.002ms
[labev] t=455233.477 ev.verify=11.216ms
[labev] t=455233.479 ev.finalize=1.630ms
[labev] t=455233.479 ev.propose=0.002ms
[labev] t=455233.490 ev.verify=11.244ms
[labev] t=455233.492 ev.finalize=1.661ms
[labev] t=455233.492 ev.propose=0.002ms
[labev] t=455233.504 ev.verify=11.410ms
[labev] t=455233.505 ev.finalize=1.655ms
[labev] t=455233.505 ev.propose=0.002ms
[labev] t=455233.517 ev.verify=11.379ms
[labev] t=455233.519 ev.finalize=1.649ms
[labev] t=455233.519 ev.propose=0.002ms
[labev] t=455233.530 ev.verify=11.133ms
[labev] t=455233.531 ev.finalize=1.654ms
[labev] t=455233.532 ev.propose=0.002ms
[labev] t=455233.543 ev.verify=11.046ms
[labev] t=455233.544 ev.finalize=1.640ms
[labev] t=455233.544 ev.propose=0.002ms
[labev] t=455233.556 ev.verify=11.310ms
[labev] t=455233.557 ev.finalize=1.673ms
[labev] t=455233.558 ev.propose=0.002ms
[labev] t=455233.569 ev.verify=11.381ms
[labev] t=455233.571 ev.finalize=2.317ms
[labev] t=455233.571 ev.propose=0.002ms
[labev] t=455233.583 ev.verify=11.398ms
[labev] t=455233.585 ev.finalize=1.665ms
[labev] t=455233.585 ev.propose=0.002ms
[labev] t=455233.596 ev.verify=11.228ms
[labev] t=455233.598 ev.finalize=1.658ms
[labev] t=455233.598 ev.propose=0.002ms
[labev] t=455233.609 ev.verify=11.042ms
[labev] t=455233.610 ev.finalize=1.663ms
[labev] t=455233.611 ev.propose=0.002ms
[labev] t=455233.622 ev.verify=11.092ms
[labev] t=455233.623 ev.finalize=1.717ms
[labev] t=455233.624 ev.propose=0.002ms
[labev] t=455233.635 ev.verify=11.294ms
[labev] t=455233.637 ev.finalize=1.835ms
[labev] t=455233.637 ev.propose=0.002ms
[labev] t=455233.648 ev.verify=11.141ms
[labev] t=455233.650 ev.finalize=1.658ms
[labev] t=455233.650 ev.propose=0.002ms
[labev] t=455233.661 ev.verify=11.253ms
[labev] t=455233.663 ev.finalize=1.627ms
[labev] t=455233.663 ev.propose=0.002ms
[labev] t=455233.674 ev.verify=11.182ms
[labev] t=455233.676 ev.finalize=1.623ms
[labev] t=455233.676 ev.propose=0.002ms
[labev] t=455233.687 ev.verify=11.072ms
[labev] t=455233.688 ev.finalize=1.622ms
[labev] t=455233.689 ev.propose=0.002ms
[labev] t=455233.700 ev.verify=11.337ms
[labev] t=455233.701 ev.finalize=1.515ms
[labev] t=455233.702 ev.propose=0.002ms
[labev] t=455233.713 ev.verify=11.293ms
[labev] t=455233.715 ev.finalize=1.644ms
[labev] t=455233.715 ev.propose=0.002ms
[labev] t=455233.726 ev.verify=11.341ms
[labev] t=455233.728 ev.finalize=1.649ms
[labev] t=455233.728 ev.propose=0.002ms
[labev] t=455233.739 ev.verify=11.228ms
[labev] t=455233.741 ev.finalize=1.644ms
[labev] t=455233.741 ev.propose=0.002ms
[labev] t=455233.752 ev.verify=11.340ms
[labev] t=455233.754 ev.finalize=1.660ms
[labev] t=455233.754 ev.propose=0.002ms
[labev] t=455233.765 ev.verify=11.123ms
[labev] t=455233.767 ev.finalize=1.655ms
[labev] t=455233.767 ev.propose=0.002ms
[labev] t=455233.778 ev.verify=11.202ms
[labev] t=455233.780 ev.finalize=1.658ms
[labev] t=455233.780 ev.propose=0.002ms
[labev] t=455233.791 ev.verify=11.238ms
[labev] t=455233.794 ev.finalize=2.266ms
[labev] t=455233.794 ev.propose=0.002ms
[labev] t=455233.805 ev.verify=11.460ms
[labev] t=455233.807 ev.finalize=1.682ms
[labev] t=455233.807 ev.propose=0.002ms
[labev] t=455233.818 ev.verify=11.409ms
[labev] t=455233.820 ev.finalize=1.657ms
[labev] t=455233.820 ev.propose=0.002ms
[labev] t=455233.831 ev.verify=11.300ms
[labev] t=455233.833 ev.finalize=1.678ms
[labev] t=455233.833 ev.propose=0.002ms
[labev] t=455233.845 ev.verify=11.308ms
[labev] t=455233.846 ev.finalize=1.659ms
[labev] t=455233.846 ev.propose=0.002ms
[labev] t=455233.858 ev.verify=11.246ms
[labev] t=455233.859 ev.finalize=1.670ms
[labev] t=455233.859 ev.propose=0.002ms
[labev] t=455233.871 ev.verify=11.452ms
[labev] t=455233.873 ev.finalize=1.659ms
[labev] t=455233.873 ev.propose=0.002ms
[labev] t=455233.884 ev.verify=11.257ms
[labev] t=455233.886 ev.finalize=1.639ms
[labev] t=455233.886 ev.propose=0.002ms
[labev] t=455233.897 ev.verify=11.422ms
[labev] t=455233.899 ev.finalize=1.646ms
[labev] t=455233.899 ev.propose=0.002ms
[labev] t=455233.910 ev.verify=11.242ms
[labev] t=455233.912 ev.finalize=1.679ms
[labev] t=455233.912 ev.propose=0.002ms
[labev] t=455233.923 ev.verify=11.177ms
[labev] t=455233.925 ev.finalize=1.651ms
[labev] t=455233.925 ev.propose=0.002ms
[labev] t=455233.936 ev.verify=11.217ms
[labev] t=455233.938 ev.finalize=1.671ms
[labev] t=455233.938 ev.propose=0.002ms
[labev] t=455233.949 ev.verify=11.236ms
[labev] t=455233.951 ev.finalize=1.663ms
[labev] t=455233.951 ev.propose=0.002ms
[labev] t=455233.963 ev.verify=11.382ms
[labev] t=455233.964 ev.finalize=1.660ms
[labev] t=455233.964 ev.propose=0.002ms
[labev] t=455233.976 ev.verify=11.345ms
[labev] t=455233.977 ev.finalize=1.644ms
[labev] t=455233.977 ev.propose=0.002ms
[labev] t=455233.989 ev.verify=11.132ms
[labev] t=455233.990 ev.finalize=1.662ms
[labev] t=455233.990 ev.propose=0.002ms
[labev] t=455234.002 ev.verify=11.361ms
[labev] t=455234.004 ev.finalize=2.314ms
[labev] t=455234.004 ev.propose=0.002ms
[labev] t=455234.016 ev.verify=11.359ms
[labev] t=455234.017 ev.finalize=1.564ms
[labev] t=455234.017 ev.propose=0.002ms
[labev] t=455234.029 ev.verify=11.268ms
[labev] t=455234.030 ev.finalize=1.655ms
[labev] t=455234.030 ev.propose=0.002ms
[labev] t=455234.042 ev.verify=11.327ms
[labev] t=455234.044 ev.finalize=1.670ms
[labev] t=455234.044 ev.propose=0.002ms
[labev] t=455234.055 ev.verify=11.347ms
[labev] t=455234.057 ev.finalize=1.654ms
[labev] t=455234.057 ev.propose=0.002ms
[labev] t=455234.068 ev.verify=11.247ms
[labev] t=455234.070 ev.finalize=1.672ms
[labev] t=455234.070 ev.propose=0.002ms
[labev] t=455234.081 ev.verify=11.232ms
[labev] t=455234.083 ev.finalize=1.642ms
[labev] t=455234.083 ev.propose=0.002ms
[labev] t=455234.094 ev.verify=11.415ms
[labev] t=455234.096 ev.finalize=1.661ms
[labev] t=455234.096 ev.propose=0.002ms
[labev] t=455234.107 ev.verify=11.104ms
[labev] t=455234.109 ev.finalize=1.674ms
[labev] t=455234.109 ev.propose=0.002ms
[labev] t=455234.120 ev.verify=11.195ms
[labev] t=455234.122 ev.finalize=1.655ms
[labev] t=455234.122 ev.propose=0.002ms
[labev] t=455234.133 ev.verify=11.218ms
[labev] t=455234.135 ev.finalize=1.681ms
[labev] t=455234.135 ev.propose=0.002ms
[labev] t=455234.146 ev.verify=11.148ms
[labev] t=455234.148 ev.finalize=1.658ms
[labev] t=455234.148 ev.propose=0.002ms
[labev] t=455234.159 ev.verify=11.059ms
[labev] t=455234.161 ev.finalize=1.665ms
[labev] t=455234.161 ev.propose=0.002ms
[labev] t=455234.172 ev.verify=11.242ms
[labev] t=455234.174 ev.finalize=1.671ms
[labev] t=455234.174 ev.propose=0.002ms
[labev] t=455234.185 ev.verify=11.224ms
[labev] t=455234.187 ev.finalize=1.672ms
[labev] t=455234.187 ev.propose=0.002ms
[labev] t=455234.198 ev.verify=11.261ms
[labev] t=455234.200 ev.finalize=1.673ms
[labev] t=455234.200 ev.propose=0.002ms
[labev] t=455234.211 ev.verify=11.354ms
[labev] t=455234.214 ev.finalize=2.279ms
[labev] t=455234.214 ev.propose=0.002ms
[labev] t=455234.225 ev.verify=11.165ms
[labev] t=455234.227 ev.finalize=1.550ms
[labev] t=455234.227 ev.propose=0.002ms
[labev] t=455234.238 ev.verify=11.194ms
[labev] t=455234.240 ev.finalize=1.674ms
[labev] t=455234.240 ev.propose=0.002ms
[labev] t=455234.251 ev.verify=11.273ms
[labev] t=455234.253 ev.finalize=1.663ms
[labev] t=455234.253 ev.propose=0.002ms
[labev] t=455234.264 ev.verify=11.244ms
[labev] t=455234.266 ev.finalize=1.666ms
[labev] t=455234.266 ev.propose=0.002ms
[labev] t=455234.277 ev.verify=11.289ms
[labev] t=455234.279 ev.finalize=1.722ms
[labev] t=455234.279 ev.propose=0.002ms
[labev] t=455234.291 ev.verify=11.353ms
[labev] t=455234.292 ev.finalize=1.668ms
[labev] t=455234.292 ev.propose=0.002ms
[labev] t=455234.304 ev.verify=11.235ms
[labev] t=455234.305 ev.finalize=1.664ms
[labev] t=455234.305 ev.propose=0.002ms
[labev] t=455234.317 ev.verify=11.204ms
[labev] t=455234.318 ev.finalize=1.651ms
[labev] t=455234.318 ev.propose=0.002ms
[labev] t=455234.330 ev.verify=11.153ms
[labev] t=455234.331 ev.finalize=1.533ms
[labev] t=455234.331 ev.propose=0.002ms
[labev] t=455234.343 ev.verify=11.352ms
[labev] t=455234.344 ev.finalize=1.679ms
[labev] t=455234.344 ev.propose=0.002ms
[labev] t=455234.356 ev.verify=11.224ms
[labev] t=455234.357 ev.finalize=1.689ms
[labev] t=455234.357 ev.propose=0.002ms
[labev] t=455234.369 ev.verify=11.333ms
[labev] t=455234.371 ev.finalize=1.683ms
[labev] t=455234.371 ev.propose=0.002ms
[labev] t=455234.382 ev.verify=11.373ms
[labev] t=455234.384 ev.finalize=1.662ms
[labev] t=455234.384 ev.propose=0.002ms
[labev] t=455234.395 ev.verify=11.312ms
[labev] t=455234.397 ev.finalize=1.673ms
[labev] t=455234.397 ev.propose=0.002ms
[labev] t=455234.408 ev.verify=11.289ms
[labev] t=455234.410 ev.finalize=1.765ms
[labev] t=455234.410 ev.propose=0.002ms
[labev] t=455234.422 ev.verify=11.323ms
[labev] t=455234.423 ev.finalize=1.885ms
[labev] t=455234.424 ev.propose=0.002ms
[labev] t=455234.435 ev.verify=11.399ms
[labev] t=455234.437 ev.finalize=2.249ms
[labev] t=455234.437 ev.propose=0.002ms
[labev] t=455234.449 ev.verify=11.289ms
[labev] t=455234.450 ev.finalize=1.668ms
[labev] t=455234.450 ev.propose=0.002ms
[labev] t=455234.462 ev.verify=11.326ms
[labev] t=455234.464 ev.finalize=1.682ms
[labev] t=455234.464 ev.propose=0.002ms
[labev] t=455234.475 ev.verify=11.396ms
[labev] t=455234.477 ev.finalize=1.697ms
[labev] t=455234.477 ev.propose=0.002ms
[labev] t=455234.488 ev.verify=11.080ms
[labev] t=455234.490 ev.finalize=1.659ms
[labev] t=455234.490 ev.propose=0.002ms
[labev] t=455234.501 ev.verify=11.141ms
[labev] t=455234.503 ev.finalize=1.695ms
[labev] t=455234.503 ev.propose=0.002ms
[labev] t=455234.514 ev.verify=11.431ms
[labev] t=455234.516 ev.finalize=1.673ms
[labev] t=455234.516 ev.propose=0.002ms
[labev] t=455234.527 ev.verify=11.392ms
[labev] t=455234.529 ev.finalize=1.661ms
[labev] t=455234.529 ev.propose=0.002ms
[labev] t=455234.541 ev.verify=11.431ms
[labev] t=455234.542 ev.finalize=1.637ms
[labev] t=455234.542 ev.propose=0.002ms
[labev] t=455234.554 ev.verify=11.060ms
[labev] t=455234.555 ev.finalize=1.662ms
[labev] t=455234.555 ev.propose=0.002ms
[labev] t=455234.567 ev.verify=11.431ms
[labev] t=455234.569 ev.finalize=1.683ms
[labev] t=455234.569 ev.propose=0.002ms
[labev] t=455234.580 ev.verify=11.425ms
[labev] t=455234.582 ev.finalize=1.666ms
[labev] t=455234.582 ev.propose=0.002ms
[labev] t=455234.593 ev.verify=11.259ms
[labev] t=455234.595 ev.finalize=1.685ms
[labev] t=455234.595 ev.propose=0.002ms
[labev] t=455234.606 ev.verify=11.495ms
[labev] t=455234.608 ev.finalize=1.682ms
[labev] t=455234.608 ev.propose=0.002ms
[labev] t=455234.620 ev.verify=11.441ms
[labev] t=455234.621 ev.finalize=1.672ms
[labev] t=455234.622 ev.propose=0.002ms
[labev] t=455234.633 ev.verify=11.231ms
[labev] t=455234.635 ev.finalize=1.675ms
[labev] t=455234.635 ev.propose=0.002ms
[labev] t=455234.646 ev.verify=11.479ms
[labev] t=455234.649 ev.finalize=2.342ms
[labev] t=455234.649 ev.propose=0.002ms
[labev] t=455234.660 ev.verify=11.366ms
[labev] t=455234.662 ev.finalize=1.696ms
[labev] t=455234.662 ev.propose=0.002ms
[labev] t=455234.673 ev.verify=11.373ms
[labev] t=455234.675 ev.finalize=1.685ms
[labev] t=455234.675 ev.propose=0.002ms
[labev] t=455234.686 ev.verify=11.253ms
[labev] t=455234.688 ev.finalize=1.672ms
[labev] t=455234.688 ev.propose=0.002ms
[labev] t=455234.700 ev.verify=11.416ms
[labev] t=455234.701 ev.finalize=1.689ms
[labev] t=455234.701 ev.propose=0.002ms
[labev] t=455234.713 ev.verify=11.296ms
[labev] t=455234.714 ev.finalize=1.656ms
[labev] t=455234.715 ev.propose=0.002ms
[labev] t=455234.726 ev.verify=11.428ms
[labev] t=455234.728 ev.finalize=1.663ms
[labev] t=455234.728 ev.propose=0.002ms
[labev] t=455234.739 ev.verify=11.180ms
[labev] t=455234.741 ev.finalize=1.716ms
[labev] t=455234.741 ev.propose=0.002ms
[labev] t=455234.752 ev.verify=11.468ms
[labev] t=455234.754 ev.finalize=1.665ms
[labev] t=455234.754 ev.propose=0.002ms
[labev] t=455234.766 ev.verify=11.373ms
[labev] t=455234.767 ev.finalize=1.656ms
[labev] t=455234.767 ev.propose=0.002ms
[labev] t=455234.779 ev.verify=11.391ms
[labev] t=455234.780 ev.finalize=1.684ms
[labev] t=455234.781 ev.propose=0.002ms
[labev] t=455234.792 ev.verify=11.232ms
[labev] t=455234.793 ev.finalize=1.575ms
[labev] t=455234.794 ev.propose=0.002ms
[labev] t=455234.805 ev.verify=11.298ms
[labev] t=455234.807 ev.finalize=1.674ms
[labev] t=455234.807 ev.propose=0.002ms
[labev] t=455234.818 ev.verify=11.394ms
[labev] t=455234.820 ev.finalize=1.674ms
[labev] t=455234.820 ev.propose=0.002ms
[labev] t=455234.831 ev.verify=11.242ms
[labev] t=455234.833 ev.finalize=1.657ms
[labev] t=455234.833 ev.propose=0.002ms
[labev] t=455234.844 ev.verify=11.373ms
[labev] t=455234.846 ev.finalize=1.540ms
[labev] t=455234.846 ev.propose=0.002ms
[labev] t=455234.857 ev.verify=11.303ms
[labev] t=455234.859 ev.finalize=1.601ms
[labev] t=455234.859 ev.propose=0.002ms
[labev] t=455234.870 ev.verify=11.308ms
[labev] t=455234.872 ev.finalize=1.734ms
[labev] t=455234.872 ev.propose=0.002ms
[labev] t=455234.884 ev.verify=12.029ms
[labev] t=455234.887 ev.finalize=2.496ms
[labev] t=455234.887 ev.propose=0.004ms
[labev] t=455234.899 ev.verify=12.334ms
[labev] t=455234.901 ev.finalize=1.709ms
[labev] t=455234.901 ev.propose=0.003ms
[labev] t=455234.914 ev.verify=12.167ms
[labev] t=455234.915 ev.finalize=1.908ms
[labev] t=455234.916 ev.propose=0.002ms
[labev] t=455234.928 ev.verify=12.332ms
[labev] t=455234.930 ev.finalize=1.914ms
[labev] t=455234.930 ev.propose=0.002ms
[labev] t=455234.942 ev.verify=12.212ms
[labev] t=455234.944 ev.finalize=1.692ms
[labev] t=455234.944 ev.propose=0.003ms
[labev] t=455234.957 ev.verify=12.363ms
[labev] t=455234.958 ev.finalize=1.817ms
[labev] t=455234.959 ev.propose=0.002ms
[labev] t=455234.971 ev.verify=12.294ms
[labev] t=455234.973 ev.finalize=1.762ms
[labev] t=455234.973 ev.propose=0.002ms
[labev] t=455234.985 ev.verify=12.187ms
[labev] t=455234.987 ev.finalize=1.866ms
[labev] t=455234.987 ev.propose=0.003ms
[labev] t=455235.000 ev.verify=12.353ms
[labev] t=455235.001 ev.finalize=1.897ms
[labev] t=455235.002 ev.propose=0.003ms
[labev] t=455235.014 ev.verify=12.108ms
[labev] t=455235.016 ev.finalize=1.937ms
[labev] t=455235.016 ev.propose=0.003ms
[labev] t=455235.031 ev.verify=14.823ms
[labev] t=455235.033 ev.finalize=2.130ms
[labev] t=455235.033 ev.propose=0.003ms
[labev] t=455235.045 ev.verify=11.542ms
[labev] t=455235.046 ev.finalize=1.719ms
[labev] t=455235.047 ev.propose=0.002ms
[labev] t=455235.058 ev.verify=11.208ms
[labev] t=455235.060 ev.finalize=1.772ms
[labev] t=455235.060 ev.propose=0.002ms
[labev] t=455235.071 ev.verify=11.378ms
[labev] t=455235.073 ev.finalize=1.693ms
[labev] t=455235.073 ev.propose=0.002ms
[labev] t=455235.084 ev.verify=11.330ms
[labev] t=455235.086 ev.finalize=1.689ms
[labev] t=455235.086 ev.propose=0.002ms
[labev] t=455235.097 ev.verify=11.405ms
[labev] t=455235.099 ev.finalize=1.697ms
[labev] t=455235.099 ev.propose=0.002ms
[labev] t=455235.111 ev.verify=11.387ms
[labev] t=455235.112 ev.finalize=1.662ms
[labev] t=455235.112 ev.propose=0.002ms
[labev] t=455235.124 ev.verify=11.439ms
[labev] t=455235.126 ev.finalize=1.683ms
[labev] t=455235.126 ev.propose=0.002ms
[labev] t=455235.137 ev.verify=11.424ms
[labev] t=455235.140 ev.finalize=2.317ms
[labev] t=455235.140 ev.propose=0.002ms
[labev] t=455235.151 ev.verify=11.255ms
[labev] t=455235.153 ev.finalize=1.690ms
[labev] t=455235.153 ev.propose=0.002ms
[labev] t=455235.164 ev.verify=11.151ms
[labev] t=455235.166 ev.finalize=1.696ms
[labev] t=455235.166 ev.propose=0.002ms
[labev] t=455235.177 ev.verify=11.324ms
[labev] t=455235.179 ev.finalize=1.663ms
[labev] t=455235.179 ev.propose=0.002ms
[labev] t=455235.190 ev.verify=11.346ms
[labev] t=455235.192 ev.finalize=1.679ms
[labev] t=455235.192 ev.propose=0.002ms
[labev] t=455235.203 ev.verify=11.237ms
[labev] t=455235.205 ev.finalize=1.692ms
[labev] t=455235.205 ev.propose=0.002ms
[labev] t=455235.217 ev.verify=11.414ms
[labev] t=455235.218 ev.finalize=1.675ms
[labev] t=455235.218 ev.propose=0.002ms
[labev] t=455235.230 ev.verify=11.200ms
[labev] t=455235.231 ev.finalize=1.686ms
[labev] t=455235.231 ev.propose=0.002ms
[labev] t=455235.243 ev.verify=11.322ms
[labev] t=455235.244 ev.finalize=1.670ms
[labev] t=455235.245 ev.propose=0.002ms
[labev] t=455235.256 ev.verify=11.433ms
[labev] t=455235.258 ev.finalize=1.690ms
[labev] t=455235.258 ev.propose=0.002ms
[labev] t=455235.269 ev.verify=11.416ms
[labev] t=455235.271 ev.finalize=1.681ms
[labev] t=455235.271 ev.propose=0.002ms
[labev] t=455235.282 ev.verify=11.383ms
[labev] t=455235.284 ev.finalize=1.674ms
[labev] t=455235.284 ev.propose=0.002ms
[labev] t=455235.296 ev.verify=11.222ms
[labev] t=455235.297 ev.finalize=1.571ms
[labev] t=455235.297 ev.propose=0.002ms
[labev] t=455235.309 ev.verify=11.341ms
[labev] t=455235.310 ev.finalize=1.740ms
[labev] t=455235.310 ev.propose=0.002ms
[labev] t=455235.322 ev.verify=11.243ms
[labev] t=455235.323 ev.finalize=1.669ms
[labev] t=455235.324 ev.propose=0.002ms
[labev] t=455235.335 ev.verify=11.545ms
[labev] t=455235.337 ev.finalize=1.678ms
[labev] t=455235.337 ev.propose=0.002ms
[labev] t=455235.348 ev.verify=11.300ms
[labev] t=455235.351 ev.finalize=2.390ms
[labev] t=455235.351 ev.propose=0.002ms
[labev] t=455235.362 ev.verify=11.484ms
[labev] t=455235.364 ev.finalize=1.711ms
[labev] t=455235.364 ev.propose=0.002ms
[labev] t=455235.375 ev.verify=11.250ms
[labev] t=455235.377 ev.finalize=1.657ms
[labev] t=455235.377 ev.propose=0.002ms
[labev] t=455235.389 ev.verify=11.411ms
[labev] t=455235.390 ev.finalize=1.670ms
[labev] t=455235.390 ev.propose=0.002ms
[labev] t=455235.402 ev.verify=11.329ms
[labev] t=455235.403 ev.finalize=1.675ms
[labev] t=455235.404 ev.propose=0.002ms
[labev] t=455235.415 ev.verify=11.458ms
[labev] t=455235.417 ev.finalize=1.657ms
[labev] t=455235.417 ev.propose=0.002ms
[labev] t=455235.428 ev.verify=11.104ms
[labev] t=455235.430 ev.finalize=1.570ms
[labev] t=455235.430 ev.propose=0.002ms
[labev] t=455235.441 ev.verify=11.254ms
[labev] t=455235.443 ev.finalize=1.678ms
[labev] t=455235.443 ev.propose=0.002ms
[labev] t=455235.454 ev.verify=11.304ms
[labev] t=455235.456 ev.finalize=1.675ms
[labev] t=455235.456 ev.propose=0.002ms
[labev] t=455235.467 ev.verify=11.441ms
[labev] t=455235.469 ev.finalize=1.564ms
[labev] t=455235.469 ev.propose=0.002ms
[labev] t=455235.480 ev.verify=11.241ms
[labev] t=455235.482 ev.finalize=1.561ms
[labev] t=455235.482 ev.propose=0.002ms
[labev] t=455235.494 ev.verify=11.530ms
[labev] t=455235.495 ev.finalize=1.671ms
[labev] t=455235.495 ev.propose=0.002ms
[labev] t=455235.507 ev.verify=11.385ms
[labev] t=455235.508 ev.finalize=1.707ms
[labev] t=455235.509 ev.propose=0.002ms
[labev] t=455235.520 ev.verify=11.477ms
[labev] t=455235.522 ev.finalize=1.676ms
[labev] t=455235.522 ev.propose=0.002ms
[labev] t=455235.533 ev.verify=11.338ms
[labev] t=455235.535 ev.finalize=1.676ms
[labev] t=455235.535 ev.propose=0.002ms
[labev] t=455235.547 ev.verify=11.492ms
[labev] t=455235.548 ev.finalize=1.689ms
[labev] t=455235.548 ev.propose=0.002ms
[labev] t=455235.560 ev.verify=11.386ms
[labev] t=455235.561 ev.finalize=1.686ms
[labev] t=455235.562 ev.propose=0.002ms
[labev] t=455235.573 ev.verify=11.432ms
[labev] t=455235.575 ev.finalize=1.680ms
[labev] t=455235.575 ev.propose=0.002ms
[labev] t=455235.586 ev.verify=11.095ms
[labev] t=455235.588 ev.finalize=2.366ms
[labev] t=455235.588 ev.propose=0.002ms
[labev] t=455235.600 ev.verify=11.404ms
[labev] t=455235.602 ev.finalize=1.703ms
[labev] t=455235.602 ev.propose=0.002ms
[labev] t=455235.613 ev.verify=11.327ms
[labev] t=455235.615 ev.finalize=1.671ms
[labev] t=455235.615 ev.propose=0.002ms
[labev] t=455235.626 ev.verify=11.245ms
[labev] t=455235.628 ev.finalize=1.690ms
[labev] t=455235.628 ev.propose=0.002ms
[labev] t=455235.639 ev.verify=11.297ms
[labev] t=455235.641 ev.finalize=1.580ms
[labev] t=455235.641 ev.propose=0.002ms
[labev] t=455235.652 ev.verify=11.336ms
[labev] t=455235.654 ev.finalize=1.595ms
[labev] t=455235.654 ev.propose=0.002ms
[labev] t=455235.665 ev.verify=11.300ms
[labev] t=455235.667 ev.finalize=1.696ms
[labev] t=455235.667 ev.propose=0.002ms
[labev] t=455235.679 ev.verify=11.352ms
[labev] t=455235.680 ev.finalize=1.720ms
[labev] t=455235.680 ev.propose=0.002ms
[labev] t=455235.692 ev.verify=11.514ms
[labev] t=455235.694 ev.finalize=1.703ms
[labev] t=455235.694 ev.propose=0.002ms
[labev] t=455235.705 ev.verify=11.145ms
[labev] t=455235.707 ev.finalize=1.677ms
[labev] t=455235.707 ev.propose=0.002ms
[labev] t=455235.718 ev.verify=11.244ms
[labev] t=455235.720 ev.finalize=1.698ms
[labev] t=455235.720 ev.propose=0.002ms
[labev] t=455235.731 ev.verify=11.174ms
[labev] t=455235.733 ev.finalize=1.676ms
[labev] t=455235.733 ev.propose=0.002ms
[labev] t=455235.744 ev.verify=11.157ms
[labev] t=455235.746 ev.finalize=1.668ms
[labev] t=455235.746 ev.propose=0.002ms
[labev] t=455235.757 ev.verify=11.341ms
[labev] t=455235.759 ev.finalize=1.685ms
[labev] t=455235.759 ev.propose=0.002ms
[labev] t=455235.771 ev.verify=11.444ms
[labev] t=455235.772 ev.finalize=1.728ms
[labev] t=455235.772 ev.propose=0.002ms
[labev] t=455235.784 ev.verify=11.430ms
[labev] t=455235.786 ev.finalize=1.674ms
[labev] t=455235.786 ev.propose=0.002ms
[labev] t=455235.797 ev.verify=11.288ms
[labev] t=455235.799 ev.finalize=1.683ms
[labev] t=455235.799 ev.propose=0.002ms
[labev] t=455235.810 ev.verify=11.463ms
[labev] t=455235.813 ev.finalize=2.338ms
[labev] t=455235.813 ev.propose=0.002ms
[labev] t=455235.824 ev.verify=11.484ms
[labev] t=455235.826 ev.finalize=1.569ms
[labev] t=455235.826 ev.propose=0.002ms
[labev] t=455235.837 ev.verify=11.240ms
[labev] t=455235.839 ev.finalize=1.700ms
[labev] t=455235.839 ev.propose=0.002ms
[labev] t=455235.850 ev.verify=11.306ms
[labev] t=455235.852 ev.finalize=1.586ms
[labev] t=455235.852 ev.propose=0.002ms
[labev] t=455235.863 ev.verify=11.355ms
[labev] t=455235.865 ev.finalize=1.672ms
[labev] t=455235.865 ev.propose=0.002ms
[labev] t=455235.877 ev.verify=11.538ms
[labev] t=455235.878 ev.finalize=1.687ms
[labev] t=455235.879 ev.propose=0.002ms
[labev] t=455235.890 ev.verify=11.207ms
[labev] t=455235.892 ev.finalize=1.694ms
[labev] t=455235.892 ev.propose=0.002ms
[labev] t=455235.903 ev.verify=11.415ms
[labev] t=455235.905 ev.finalize=1.688ms
[labev] t=455235.905 ev.propose=0.002ms
[labev] t=455235.916 ev.verify=11.252ms
[labev] t=455235.918 ev.finalize=1.681ms
[labev] t=455235.918 ev.propose=0.002ms
[labev] t=455235.929 ev.verify=11.281ms
[labev] t=455235.931 ev.finalize=1.563ms
[labev] t=455235.931 ev.propose=0.002ms
[labev] t=455235.942 ev.verify=11.439ms
[labev] t=455235.944 ev.finalize=1.690ms
[labev] t=455235.944 ev.propose=0.002ms
[labev] t=455235.956 ev.verify=11.444ms
[labev] t=455235.957 ev.finalize=1.696ms
[labev] t=455235.958 ev.propose=0.002ms
[labev] t=455235.969 ev.verify=11.107ms
[labev] t=455235.970 ev.finalize=1.712ms
[labev] t=455235.971 ev.propose=0.002ms
[labev] t=455235.982 ev.verify=11.342ms
[labev] t=455235.984 ev.finalize=1.705ms
[labev] t=455235.984 ev.propose=0.002ms
[labev] t=455235.995 ev.verify=11.340ms
[labev] t=455235.997 ev.finalize=1.691ms
[labev] t=455235.997 ev.propose=0.002ms
[labev] t=455236.008 ev.verify=11.537ms
[labev] t=455236.010 ev.finalize=1.568ms
[labev] t=455236.010 ev.propose=0.002ms
[labev] t=455236.021 ev.verify=11.298ms
[labev] t=455236.023 ev.finalize=1.913ms
[labev] t=455236.024 ev.propose=0.002ms
[labev] t=455236.035 ev.verify=11.479ms
[labev] t=455236.037 ev.finalize=1.699ms
[labev] t=455236.037 ev.propose=0.002ms
[labev] t=455236.048 ev.verify=11.430ms
[labev] t=455236.051 ev.finalize=2.235ms
[labev] t=455236.051 ev.propose=0.002ms
[labev] t=455236.062 ev.verify=11.487ms
[labev] t=455236.064 ev.finalize=1.678ms
[labev] t=455236.064 ev.propose=0.002ms
[labev] t=455236.075 ev.verify=11.350ms
[labev] t=455236.077 ev.finalize=1.679ms
[labev] t=455236.077 ev.propose=0.002ms
[labev] t=455236.088 ev.verify=11.195ms
[labev] t=455236.090 ev.finalize=1.690ms
[labev] t=455236.090 ev.propose=0.002ms
[labev] t=455236.101 ev.verify=11.078ms
[labev] t=455236.103 ev.finalize=1.652ms
[labev] t=455236.103 ev.propose=0.002ms
[labev] t=455236.114 ev.verify=11.270ms
[labev] t=455236.116 ev.finalize=1.574ms
[labev] t=455236.116 ev.propose=0.002ms
[labev] t=455236.127 ev.verify=11.274ms
[labev] t=455236.129 ev.finalize=1.543ms
[labev] t=455236.129 ev.propose=0.002ms
[labev] t=455236.140 ev.verify=11.285ms
[labev] t=455236.142 ev.finalize=1.617ms
[labev] t=455236.142 ev.propose=0.002ms
[labev] t=455236.154 ev.verify=11.420ms
[labev] t=455236.155 ev.finalize=1.791ms
[labev] t=455236.156 ev.propose=0.003ms
[labev] t=455236.167 ev.verify=11.335ms
[labev] t=455236.169 ev.finalize=1.869ms
[labev] t=455236.169 ev.propose=0.003ms
[labev] t=455236.181 ev.verify=11.616ms
[labev] t=455236.183 ev.finalize=1.825ms
[labev] t=455236.183 ev.propose=0.003ms
[labev] t=455236.194 ev.verify=11.430ms
[labev] t=455236.196 ev.finalize=1.721ms
[labev] t=455236.196 ev.propose=0.002ms
[labev] t=455236.207 ev.verify=11.332ms
[labev] t=455236.209 ev.finalize=1.670ms
[labev] t=455236.209 ev.propose=0.002ms
[labev] t=455236.220 ev.verify=11.151ms
[labev] t=455236.222 ev.finalize=1.650ms
[labev] t=455236.222 ev.propose=0.002ms
[labev] t=455236.233 ev.verify=11.066ms
[labev] t=455236.235 ev.finalize=1.723ms
[labev] t=455236.235 ev.propose=0.002ms
[labev] t=455236.247 ev.verify=11.562ms
[labev] t=455236.248 ev.finalize=1.563ms
[labev] t=455236.248 ev.propose=0.002ms
[labev] t=455236.260 ev.verify=11.484ms
[labev] t=455236.262 ev.finalize=1.656ms
[labev] t=455236.262 ev.propose=0.002ms
[labev] t=455236.273 ev.verify=11.303ms
[labev] t=455236.275 ev.finalize=1.697ms
[labev] t=455236.275 ev.propose=0.002ms
[labev] t=455236.286 ev.verify=11.408ms
[labev] t=455236.289 ev.finalize=2.347ms
[labev] t=455236.289 ev.propose=0.003ms
[labev] t=455236.300 ev.verify=11.643ms
[labev] t=455236.302 ev.finalize=1.698ms
[labev] t=455236.302 ev.propose=0.002ms
[labev] t=455236.314 ev.verify=11.580ms
[labev] t=455236.316 ev.finalize=1.697ms
[labev] t=455236.316 ev.propose=0.002ms
[labev] t=455236.327 ev.verify=11.304ms
[labev] t=455236.329 ev.finalize=1.708ms
[labev] t=455236.329 ev.propose=0.001ms
[labev] t=455236.340 ev.verify=11.371ms
[labev] t=455236.342 ev.finalize=1.712ms
[labev] t=455236.342 ev.propose=0.002ms
[labev] t=455236.353 ev.verify=11.399ms
[labev] t=455236.355 ev.finalize=1.682ms
[labev] t=455236.355 ev.propose=0.002ms
[labev] t=455236.367 ev.verify=11.502ms
[labev] t=455236.368 ev.finalize=1.666ms
[labev] t=455236.369 ev.propose=0.002ms
[labev] t=455236.380 ev.verify=11.393ms
[labev] t=455236.382 ev.finalize=1.702ms
[labev] t=455236.382 ev.propose=0.002ms
[labev] t=455236.393 ev.verify=11.288ms
[labev] t=455236.395 ev.finalize=1.593ms
[labev] t=455236.395 ev.propose=0.002ms
[labev] t=455236.406 ev.verify=11.337ms
[labev] t=455236.408 ev.finalize=1.593ms
[labev] t=455236.408 ev.propose=0.002ms
[labev] t=455236.419 ev.verify=11.436ms
[labev] t=455236.421 ev.finalize=1.659ms
[labev] t=455236.421 ev.propose=0.002ms
[labev] t=455236.432 ev.verify=11.218ms
[labev] t=455236.434 ev.finalize=1.714ms
[labev] t=455236.434 ev.propose=0.002ms
[labev] t=455236.446 ev.verify=11.312ms
[labev] t=455236.447 ev.finalize=1.656ms
[labev] t=455236.447 ev.propose=0.002ms
[labev] t=455236.459 ev.verify=11.506ms
[labev] t=455236.461 ev.finalize=1.703ms
[labev] t=455236.461 ev.propose=0.002ms
[labev] t=455236.472 ev.verify=11.309ms
[labev] t=455236.474 ev.finalize=1.706ms
[labev] t=455236.474 ev.propose=0.002ms
[labev] t=455236.485 ev.verify=11.406ms
[labev] t=455236.487 ev.finalize=1.686ms
[labev] t=455236.487 ev.propose=0.002ms
[labev] t=455236.499 ev.verify=11.384ms
[labev] t=455236.500 ev.finalize=1.662ms
[labev] t=455236.500 ev.propose=0.002ms
[labev] t=455236.512 ev.verify=11.437ms
[labev] t=455236.514 ev.finalize=2.250ms
[labev] t=455236.514 ev.propose=0.002ms
[labev] t=455236.526 ev.verify=11.466ms
[labev] t=455236.527 ev.finalize=1.702ms
[labev] t=455236.528 ev.propose=0.002ms
[labev] t=455236.539 ev.verify=11.581ms
[labev] t=455236.541 ev.finalize=1.706ms
[labev] t=455236.541 ev.propose=0.002ms
[labev] t=455236.553 ev.verify=11.537ms
[labev] t=455236.554 ev.finalize=1.732ms
[labev] t=455236.554 ev.propose=0.002ms
[labev] t=455236.566 ev.verify=11.403ms
[labev] t=455236.568 ev.finalize=1.710ms
[labev] t=455236.568 ev.propose=0.002ms
[labev] t=455236.579 ev.verify=11.484ms
[labev] t=455236.581 ev.finalize=1.670ms
[labev] t=455236.581 ev.propose=0.002ms
[labev] t=455236.592 ev.verify=11.417ms
[labev] t=455236.594 ev.finalize=1.694ms
[labev] t=455236.594 ev.propose=0.002ms
[labev] t=455236.606 ev.verify=11.411ms
[labev] t=455236.607 ev.finalize=1.691ms
[labev] t=455240.184 req.start s1-p4096-o512-b8-r0=0.000ms
[labev] t=455240.184 req.handle=0.045ms
[labev] t=455240.205 tok.prepare=21.015ms
event=batching_admitted action=scheduler_admitted
[labev] t=455240.486 chunk.native.total=280.962ms
[labev] t=455240.754 chunk.native.total=267.270ms
[labev] t=455241.024 chunk.native.total=269.965ms
[labev] t=455241.297 chunk.native.total=273.486ms
[labev] t=455241.574 chunk.native.total=277.330ms
[labev] t=455241.854 chunk.native.total=279.923ms
[labev] t=455242.137 chunk.native.total=282.717ms
[labev] t=455242.454 chunk.native.total=316.778ms
[labev] t=455242.454 req.firsttoken s1-p4096-o512-b8-r0=2270.469ms
[labev] t=455242.454 ev.propose=0.003ms
[labev] t=455242.466 ev.verify=11.461ms
[labev] t=455242.467 ev.finalize=1.687ms
[labev] t=455242.468 ev.propose=0.066ms
[labev] t=455242.479 ev.verify=11.625ms
[labev] t=455242.481 ev.finalize=1.655ms
[labev] t=455242.481 ev.propose=0.064ms
[labev] t=455242.492 ev.verify=11.242ms
[labev] t=455242.494 ev.finalize=1.654ms
[labev] t=455242.494 ev.propose=0.045ms
[labev] t=455242.505 ev.verify=11.109ms
[labev] t=455242.507 ev.finalize=1.651ms
[labev] t=455242.507 ev.propose=0.045ms
[labev] t=455242.518 ev.verify=11.235ms
[labev] t=455242.520 ev.finalize=1.699ms
[labev] t=455242.520 ev.propose=0.002ms
[labev] t=455242.532 ev.verify=11.369ms
[labev] t=455242.533 ev.finalize=1.725ms
[labev] t=455242.534 ev.propose=0.057ms
[labev] t=455242.545 ev.verify=11.411ms
[labev] t=455242.547 ev.finalize=1.634ms
[labev] t=455242.547 ev.propose=0.056ms
[labev] t=455242.558 ev.verify=11.345ms
[labev] t=455242.560 ev.finalize=1.657ms
[labev] t=455242.560 ev.propose=0.065ms
[labev] t=455242.571 ev.verify=11.062ms
[labev] t=455242.573 ev.finalize=2.275ms
[labev] t=455242.574 ev.propose=0.054ms
[labev] t=455242.585 ev.verify=11.253ms
[labev] t=455242.587 ev.finalize=1.674ms
[labev] t=455242.587 ev.propose=0.052ms
[labev] t=455242.598 ev.verify=11.164ms
[labev] t=455242.600 ev.finalize=1.724ms
[labev] t=455242.600 ev.propose=0.060ms
[labev] t=455242.611 ev.verify=11.129ms
[labev] t=455242.613 ev.finalize=1.556ms
[labev] t=455242.613 ev.propose=0.058ms
[labev] t=455242.624 ev.verify=11.160ms
[labev] t=455242.626 ev.finalize=1.544ms
[labev] t=455242.626 ev.propose=0.054ms
[labev] t=455242.637 ev.verify=11.201ms
[labev] t=455242.639 ev.finalize=1.655ms
[labev] t=455242.639 ev.propose=0.002ms
[labev] t=455242.650 ev.verify=11.267ms
[labev] t=455242.652 ev.finalize=1.552ms
[labev] t=455242.652 ev.propose=0.002ms
[labev] t=455242.663 ev.verify=11.248ms
[labev] t=455242.665 ev.finalize=1.633ms
[labev] t=455242.665 ev.propose=0.002ms
[labev] t=455242.676 ev.verify=11.185ms
[labev] t=455242.678 ev.finalize=1.622ms
[labev] t=455242.678 ev.propose=0.061ms
[labev] t=455242.689 ev.verify=11.169ms
[labev] t=455242.691 ev.finalize=1.666ms
[labev] t=455242.691 ev.propose=0.061ms
[labev] t=455242.702 ev.verify=11.096ms
[labev] t=455242.704 ev.finalize=1.663ms
[labev] t=455242.704 ev.propose=0.067ms
[labev] t=455242.715 ev.verify=11.184ms
[labev] t=455242.717 ev.finalize=1.643ms
[labev] t=455242.717 ev.propose=0.002ms
[labev] t=455242.728 ev.verify=11.205ms
[labev] t=455242.730 ev.finalize=1.847ms
[labev] t=455242.730 ev.propose=0.002ms
[labev] t=455242.741 ev.verify=11.239ms
[labev] t=455242.743 ev.finalize=1.637ms
[labev] t=455242.743 ev.propose=0.002ms
[labev] t=455242.754 ev.verify=11.342ms
[labev] t=455242.756 ev.finalize=1.642ms
[labev] t=455242.756 ev.propose=0.002ms
[labev] t=455242.767 ev.verify=11.203ms
[labev] t=455242.769 ev.finalize=1.654ms
[labev] t=455242.769 ev.propose=0.002ms
[labev] t=455242.780 ev.verify=11.195ms
[labev] t=455242.782 ev.finalize=1.651ms
[labev] t=455242.782 ev.propose=0.002ms
[labev] t=455242.793 ev.verify=11.265ms
[labev] t=455242.796 ev.finalize=2.294ms
[labev] t=455242.796 ev.propose=0.002ms
[labev] t=455242.807 ev.verify=11.320ms
[labev] t=455242.809 ev.finalize=1.634ms
[labev] t=455242.809 ev.propose=0.002ms
[labev] t=455242.820 ev.verify=11.316ms
[labev] t=455242.822 ev.finalize=1.648ms
[labev] t=455242.822 ev.propose=0.002ms
[labev] t=455242.833 ev.verify=11.351ms
[labev] t=455242.835 ev.finalize=1.673ms
[labev] t=455242.835 ev.propose=0.002ms
[labev] t=455242.847 ev.verify=11.247ms
[labev] t=455242.848 ev.finalize=1.652ms
[labev] t=455242.848 ev.propose=0.002ms
[labev] t=455242.860 ev.verify=11.207ms
[labev] t=455242.861 ev.finalize=1.656ms
[labev] t=455242.861 ev.propose=0.002ms
[labev] t=455242.873 ev.verify=11.223ms
[labev] t=455242.874 ev.finalize=1.646ms
[labev] t=455242.874 ev.propose=0.002ms
[labev] t=455242.886 ev.verify=11.294ms
[labev] t=455242.887 ev.finalize=1.650ms
[labev] t=455242.887 ev.propose=0.002ms
[labev] t=455242.899 ev.verify=11.498ms
[labev] t=455242.901 ev.finalize=1.650ms
[labev] t=455242.901 ev.propose=0.002ms
[labev] t=455242.912 ev.verify=11.267ms
[labev] t=455242.914 ev.finalize=1.623ms
[labev] t=455242.914 ev.propose=0.002ms
[labev] t=455242.925 ev.verify=11.087ms
[labev] t=455242.927 ev.finalize=1.656ms
[labev] t=455242.927 ev.propose=0.002ms
[labev] t=455242.938 ev.verify=11.431ms
[labev] t=455242.940 ev.finalize=1.648ms
[labev] t=455242.940 ev.propose=0.002ms
[labev] t=455242.951 ev.verify=11.380ms
[labev] t=455242.953 ev.finalize=1.659ms
[labev] t=455242.953 ev.propose=0.002ms
[labev] t=455242.964 ev.verify=11.161ms
[labev] t=455242.966 ev.finalize=1.653ms
[labev] t=455242.966 ev.propose=0.002ms
[labev] t=455242.977 ev.verify=11.026ms
[labev] t=455242.979 ev.finalize=1.644ms
[labev] t=455242.979 ev.propose=0.002ms
[labev] t=455242.990 ev.verify=11.170ms
[labev] t=455242.992 ev.finalize=1.649ms
[labev] t=455242.992 ev.propose=0.002ms
[labev] t=455243.003 ev.verify=11.367ms
[labev] t=455243.006 ev.finalize=2.304ms
[labev] t=455243.006 ev.propose=0.002ms
[labev] t=455243.017 ev.verify=11.449ms
[labev] t=455243.019 ev.finalize=1.652ms
[labev] t=455243.019 ev.propose=0.002ms
[labev] t=455243.030 ev.verify=11.297ms
[labev] t=455243.032 ev.finalize=1.662ms
[labev] t=455243.032 ev.propose=0.002ms
[labev] t=455243.043 ev.verify=11.075ms
[labev] t=455243.045 ev.finalize=1.654ms
[labev] t=455243.045 ev.propose=0.002ms
[labev] t=455243.056 ev.verify=11.147ms
[labev] t=455243.058 ev.finalize=1.653ms
[labev] t=455243.058 ev.propose=0.002ms
[labev] t=455243.069 ev.verify=11.266ms
[labev] t=455243.071 ev.finalize=1.658ms
[labev] t=455243.071 ev.propose=0.002ms
[labev] t=455243.082 ev.verify=11.166ms
[labev] t=455243.084 ev.finalize=1.652ms
[labev] t=455243.084 ev.propose=0.002ms
[labev] t=455243.095 ev.verify=11.256ms
[labev] t=455243.097 ev.finalize=1.651ms
[labev] t=455243.097 ev.propose=0.002ms
[labev] t=455243.108 ev.verify=11.165ms
[labev] t=455243.110 ev.finalize=1.659ms
[labev] t=455243.110 ev.propose=0.002ms
[labev] t=455243.121 ev.verify=11.207ms
[labev] t=455243.123 ev.finalize=1.538ms
[labev] t=455243.123 ev.propose=0.002ms
[labev] t=455243.134 ev.verify=11.119ms
[labev] t=455243.136 ev.finalize=1.658ms
[labev] t=455243.136 ev.propose=0.002ms
[labev] t=455243.147 ev.verify=11.316ms
[labev] t=455243.149 ev.finalize=1.631ms
[labev] t=455243.149 ev.propose=0.002ms
[labev] t=455243.160 ev.verify=11.303ms
[labev] t=455243.162 ev.finalize=1.665ms
[labev] t=455243.162 ev.propose=0.002ms
[labev] t=455243.173 ev.verify=11.334ms
[labev] t=455243.175 ev.finalize=1.659ms
[labev] t=455243.175 ev.propose=0.002ms
[labev] t=455243.186 ev.verify=11.107ms
[labev] t=455243.188 ev.finalize=1.627ms
[labev] t=455243.188 ev.propose=0.002ms
[labev] t=455243.199 ev.verify=11.192ms
[labev] t=455243.201 ev.finalize=1.535ms
[labev] t=455243.201 ev.propose=0.002ms
[labev] t=455243.212 ev.verify=11.323ms
[labev] t=455243.214 ev.finalize=1.656ms
[labev] t=455243.214 ev.propose=0.002ms
[labev] t=455243.225 ev.verify=11.421ms
[labev] t=455243.227 ev.finalize=1.556ms
[labev] t=455243.227 ev.propose=0.002ms
[labev] t=455243.238 ev.verify=11.252ms
[labev] t=455243.241 ev.finalize=2.188ms
[labev] t=455243.241 ev.propose=0.002ms
[labev] t=455243.252 ev.verify=11.234ms
[labev] t=455243.254 ev.finalize=1.660ms
[labev] t=455243.254 ev.propose=0.002ms
[labev] t=455243.265 ev.verify=11.346ms
[labev] t=455243.267 ev.finalize=1.547ms
[labev] t=455243.267 ev.propose=0.002ms
[labev] t=455243.278 ev.verify=11.158ms
[labev] t=455243.280 ev.finalize=1.674ms
[labev] t=455243.280 ev.propose=0.002ms
[labev] t=455243.291 ev.verify=11.227ms
[labev] t=455243.293 ev.finalize=1.620ms
[labev] t=455243.293 ev.propose=0.002ms
[labev] t=455243.304 ev.verify=11.207ms
[labev] t=455243.306 ev.finalize=1.644ms
[labev] t=455243.306 ev.propose=0.002ms
[labev] t=455243.317 ev.verify=11.367ms
[labev] t=455243.319 ev.finalize=1.526ms
[labev] t=455243.319 ev.propose=0.002ms
[labev] t=455243.330 ev.verify=11.160ms
[labev] t=455243.332 ev.finalize=1.668ms
[labev] t=455243.332 ev.propose=0.002ms
[labev] t=455243.343 ev.verify=11.027ms
[labev] t=455243.345 ev.finalize=1.656ms
[labev] t=455243.345 ev.propose=0.002ms
[labev] t=455243.356 ev.verify=11.267ms
[labev] t=455243.358 ev.finalize=1.548ms
[labev] t=455243.358 ev.propose=0.002ms
[labev] t=455243.369 ev.verify=11.412ms
[labev] t=455243.371 ev.finalize=1.675ms
[labev] t=455243.371 ev.propose=0.002ms
[labev] t=455243.382 ev.verify=11.169ms
[labev] t=455243.384 ev.finalize=1.657ms
[labev] t=455243.384 ev.propose=0.002ms
[labev] t=455243.395 ev.verify=11.322ms
[labev] t=455243.397 ev.finalize=1.668ms
[labev] t=455243.397 ev.propose=0.002ms
[labev] t=455243.408 ev.verify=11.277ms
[labev] t=455243.410 ev.finalize=1.653ms
[labev] t=455243.410 ev.propose=0.002ms
[labev] t=455243.421 ev.verify=11.235ms
[labev] t=455243.423 ev.finalize=1.792ms
[labev] t=455243.423 ev.propose=0.002ms
[labev] t=455243.435 ev.verify=11.270ms
[labev] t=455243.437 ev.finalize=1.859ms
[labev] t=455243.437 ev.propose=0.002ms
[labev] t=455243.448 ev.verify=11.312ms
[labev] t=455243.450 ev.finalize=1.852ms
[labev] t=455243.450 ev.propose=0.002ms
[labev] t=455243.461 ev.verify=11.216ms
[labev] t=455243.464 ev.finalize=2.469ms
[labev] t=455243.464 ev.propose=0.002ms
[labev] t=455243.475 ev.verify=11.266ms
[labev] t=455243.477 ev.finalize=1.624ms
[labev] t=455243.477 ev.propose=0.002ms
[labev] t=455243.488 ev.verify=11.276ms
[labev] t=455243.490 ev.finalize=1.702ms
[labev] t=455243.490 ev.propose=0.002ms
[labev] t=455243.501 ev.verify=11.168ms
[labev] t=455243.503 ev.finalize=1.644ms
[labev] t=455243.503 ev.propose=0.002ms
[labev] t=455243.514 ev.verify=11.228ms
[labev] t=455243.516 ev.finalize=1.648ms
[labev] t=455243.516 ev.propose=0.002ms
[labev] t=455243.527 ev.verify=11.328ms
[labev] t=455243.529 ev.finalize=1.643ms
[labev] t=455243.529 ev.propose=0.002ms
[labev] t=455243.541 ev.verify=11.454ms
[labev] t=455243.542 ev.finalize=1.626ms
[labev] t=455243.542 ev.propose=0.002ms
[labev] t=455243.553 ev.verify=11.079ms
[labev] t=455243.555 ev.finalize=1.647ms
[labev] t=455243.555 ev.propose=0.002ms
[labev] t=455243.567 ev.verify=11.385ms
[labev] t=455243.568 ev.finalize=1.661ms
[labev] t=455243.568 ev.propose=0.002ms
[labev] t=455243.580 ev.verify=11.202ms
[labev] t=455243.581 ev.finalize=1.685ms
[labev] t=455243.581 ev.propose=0.002ms
[labev] t=455243.593 ev.verify=11.405ms
[labev] t=455243.595 ev.finalize=1.669ms
[labev] t=455243.595 ev.propose=0.002ms
[labev] t=455243.606 ev.verify=11.107ms
[labev] t=455243.607 ev.finalize=1.525ms
[labev] t=455243.607 ev.propose=0.002ms
[labev] t=455243.619 ev.verify=11.169ms
[labev] t=455243.620 ev.finalize=1.665ms
[labev] t=455243.620 ev.propose=0.002ms
[labev] t=455243.632 ev.verify=11.258ms
[labev] t=455243.633 ev.finalize=1.693ms
[labev] t=455243.634 ev.propose=0.002ms
[labev] t=455243.645 ev.verify=11.365ms
[labev] t=455243.647 ev.finalize=1.667ms
[labev] t=455243.647 ev.propose=0.002ms
[labev] t=455243.658 ev.verify=11.146ms
[labev] t=455243.660 ev.finalize=1.667ms
[labev] t=455243.660 ev.propose=0.002ms
[labev] t=455243.671 ev.verify=11.252ms
[labev] t=455243.673 ev.finalize=1.652ms
[labev] t=455243.673 ev.propose=0.002ms
[labev] t=455243.684 ev.verify=11.188ms
[labev] t=455243.686 ev.finalize=2.330ms
[labev] t=455243.686 ev.propose=0.002ms
[labev] t=455243.698 ev.verify=11.487ms
[labev] t=455243.700 ev.finalize=1.676ms
[labev] t=455243.700 ev.propose=0.002ms
[labev] t=455243.711 ev.verify=11.264ms
[labev] t=455243.713 ev.finalize=1.650ms
[labev] t=455243.713 ev.propose=0.002ms
[labev] t=455243.724 ev.verify=11.266ms
[labev] t=455243.726 ev.finalize=1.643ms
[labev] t=455243.726 ev.propose=0.002ms
[labev] t=455243.737 ev.verify=11.321ms
[labev] t=455243.739 ev.finalize=1.657ms
[labev] t=455243.739 ev.propose=0.002ms
[labev] t=455243.750 ev.verify=11.273ms
[labev] t=455243.752 ev.finalize=1.640ms
[labev] t=455243.752 ev.propose=0.002ms
[labev] t=455243.763 ev.verify=11.322ms
[labev] t=455243.765 ev.finalize=1.655ms
[labev] t=455243.765 ev.propose=0.002ms
[labev] t=455243.777 ev.verify=11.333ms
[labev] t=455243.778 ev.finalize=1.667ms
[labev] t=455243.778 ev.propose=0.002ms
[labev] t=455243.790 ev.verify=11.279ms
[labev] t=455243.791 ev.finalize=1.667ms
[labev] t=455243.791 ev.propose=0.002ms
[labev] t=455243.803 ev.verify=11.290ms
[labev] t=455243.804 ev.finalize=1.649ms
[labev] t=455243.805 ev.propose=0.002ms
[labev] t=455243.816 ev.verify=11.199ms
[labev] t=455243.817 ev.finalize=1.657ms
[labev] t=455243.818 ev.propose=0.002ms
[labev] t=455243.829 ev.verify=11.174ms
[labev] t=455243.830 ev.finalize=1.671ms
[labev] t=455243.831 ev.propose=0.002ms
[labev] t=455243.842 ev.verify=11.302ms
[labev] t=455243.844 ev.finalize=1.639ms
[labev] t=455243.844 ev.propose=0.002ms
[labev] t=455243.855 ev.verify=11.496ms
[labev] t=455243.857 ev.finalize=1.528ms
[labev] t=455243.857 ev.propose=0.002ms
[labev] t=455243.868 ev.verify=11.401ms
[labev] t=455243.870 ev.finalize=1.666ms
[labev] t=455243.870 ev.propose=0.002ms
[labev] t=455243.881 ev.verify=11.185ms
[labev] t=455243.883 ev.finalize=1.659ms
[labev] t=455243.883 ev.propose=0.002ms
[labev] t=455243.894 ev.verify=11.301ms
[labev] t=455243.897 ev.finalize=2.325ms
[labev] t=455243.897 ev.propose=0.002ms
[labev] t=455243.908 ev.verify=11.212ms
[labev] t=455243.910 ev.finalize=1.677ms
[labev] t=455243.910 ev.propose=0.002ms
[labev] t=455243.921 ev.verify=11.481ms
[labev] t=455243.923 ev.finalize=1.681ms
[labev] t=455243.923 ev.propose=0.002ms
[labev] t=455243.934 ev.verify=11.247ms
[labev] t=455243.936 ev.finalize=1.652ms
[labev] t=455243.936 ev.propose=0.002ms
[labev] t=455243.948 ev.verify=11.422ms
[labev] t=455243.949 ev.finalize=1.674ms
[labev] t=455243.949 ev.propose=0.002ms
[labev] t=455243.961 ev.verify=11.242ms
[labev] t=455243.962 ev.finalize=1.652ms
[labev] t=455243.962 ev.propose=0.002ms
[labev] t=455243.974 ev.verify=11.397ms
[labev] t=455243.976 ev.finalize=1.686ms
[labev] t=455243.976 ev.propose=0.002ms
[labev] t=455243.987 ev.verify=11.311ms
[labev] t=455243.989 ev.finalize=1.662ms
[labev] t=455243.989 ev.propose=0.002ms
[labev] t=455244.000 ev.verify=11.254ms
[labev] t=455244.002 ev.finalize=1.640ms
[labev] t=455244.002 ev.propose=0.002ms
[labev] t=455244.013 ev.verify=11.074ms
[labev] t=455244.015 ev.finalize=1.655ms
[labev] t=455244.015 ev.propose=0.002ms
[labev] t=455244.026 ev.verify=11.364ms
[labev] t=455244.028 ev.finalize=1.669ms
[labev] t=455244.028 ev.propose=0.002ms
[labev] t=455244.039 ev.verify=11.377ms
[labev] t=455244.041 ev.finalize=1.668ms
[labev] t=455244.041 ev.propose=0.002ms
[labev] t=455244.053 ev.verify=11.346ms
[labev] t=455244.054 ev.finalize=1.654ms
[labev] t=455244.054 ev.propose=0.002ms
[labev] t=455244.066 ev.verify=11.430ms
[labev] t=455244.067 ev.finalize=1.674ms
[labev] t=455244.068 ev.propose=0.002ms
[labev] t=455244.079 ev.verify=11.243ms
[labev] t=455244.080 ev.finalize=1.555ms
[labev] t=455244.081 ev.propose=0.002ms
[labev] t=455244.092 ev.verify=11.320ms
[labev] t=455244.094 ev.finalize=1.665ms
[labev] t=455244.094 ev.propose=0.002ms
[labev] t=455244.105 ev.verify=11.243ms
[labev] t=455244.107 ev.finalize=1.633ms
[labev] t=455244.107 ev.propose=0.002ms
[labev] t=455244.118 ev.verify=11.195ms
[labev] t=455244.120 ev.finalize=2.324ms
[labev] t=455244.120 ev.propose=0.002ms
[labev] t=455244.132 ev.verify=11.253ms
[labev] t=455244.133 ev.finalize=1.630ms
[labev] t=455244.133 ev.propose=0.002ms
[labev] t=455244.145 ev.verify=11.437ms
[labev] t=455244.147 ev.finalize=1.666ms
[labev] t=455244.147 ev.propose=0.002ms
[labev] t=455244.158 ev.verify=11.273ms
[labev] t=455244.160 ev.finalize=1.670ms
[labev] t=455244.160 ev.propose=0.002ms
[labev] t=455244.171 ev.verify=11.486ms
[labev] t=455244.173 ev.finalize=1.665ms
[labev] t=455244.173 ev.propose=0.002ms
[labev] t=455244.184 ev.verify=11.252ms
[labev] t=455244.186 ev.finalize=1.633ms
[labev] t=455244.186 ev.propose=0.002ms
[labev] t=455244.197 ev.verify=11.168ms
[labev] t=455244.199 ev.finalize=1.533ms
[labev] t=455244.199 ev.propose=0.002ms
[labev] t=455244.210 ev.verify=11.190ms
[labev] t=455244.212 ev.finalize=1.541ms
[labev] t=455244.212 ev.propose=0.002ms
[labev] t=455244.223 ev.verify=11.195ms
[labev] t=455244.225 ev.finalize=1.546ms
[labev] t=455244.225 ev.propose=0.002ms
[labev] t=455244.236 ev.verify=11.122ms
[labev] t=455244.238 ev.finalize=1.657ms
[labev] t=455244.238 ev.propose=0.002ms
[labev] t=455244.249 ev.verify=11.311ms
[labev] t=455244.251 ev.finalize=1.662ms
[labev] t=455244.251 ev.propose=0.002ms
[labev] t=455244.262 ev.verify=11.301ms
[labev] t=455244.264 ev.finalize=1.693ms
[labev] t=455244.264 ev.propose=0.002ms
[labev] t=455244.275 ev.verify=11.290ms
[labev] t=455244.277 ev.finalize=1.685ms
[labev] t=455244.277 ev.propose=0.002ms
[labev] t=455244.288 ev.verify=11.138ms
[labev] t=455244.290 ev.finalize=1.669ms
[labev] t=455244.290 ev.propose=0.002ms
[labev] t=455244.301 ev.verify=11.208ms
[labev] t=455244.303 ev.finalize=1.745ms
[labev] t=455244.303 ev.propose=0.002ms
[labev] t=455244.314 ev.verify=11.123ms
[labev] t=455244.316 ev.finalize=1.559ms
[labev] t=455244.316 ev.propose=0.002ms
[labev] t=455244.327 ev.verify=11.269ms
[labev] t=455244.329 ev.finalize=1.549ms
[labev] t=455244.329 ev.propose=0.002ms
[labev] t=455244.340 ev.verify=11.327ms
[labev] t=455244.342 ev.finalize=1.540ms
[labev] t=455244.342 ev.propose=0.002ms
[labev] t=455244.353 ev.verify=11.169ms
[labev] t=455244.355 ev.finalize=1.667ms
[labev] t=455244.355 ev.propose=0.002ms
[labev] t=455244.366 ev.verify=11.179ms
[labev] t=455244.368 ev.finalize=2.333ms
[labev] t=455244.369 ev.propose=0.002ms
[labev] t=455244.380 ev.verify=11.380ms
[labev] t=455244.382 ev.finalize=1.574ms
[labev] t=455244.382 ev.propose=0.002ms
[labev] t=455244.393 ev.verify=11.197ms
[labev] t=455244.395 ev.finalize=1.673ms
[labev] t=455244.395 ev.propose=0.002ms
[labev] t=455244.406 ev.verify=11.426ms
[labev] t=455244.408 ev.finalize=1.535ms
[labev] t=455244.408 ev.propose=0.002ms
[labev] t=455244.419 ev.verify=11.419ms
[labev] t=455244.421 ev.finalize=1.671ms
[labev] t=455244.421 ev.propose=0.002ms
[labev] t=455244.432 ev.verify=11.240ms
[labev] t=455244.434 ev.finalize=1.680ms
[labev] t=455244.434 ev.propose=0.002ms
[labev] t=455244.446 ev.verify=11.629ms
[labev] t=455244.447 ev.finalize=1.681ms
[labev] t=455244.448 ev.propose=0.002ms
[labev] t=455244.459 ev.verify=11.215ms
[labev] t=455244.461 ev.finalize=1.666ms
[labev] t=455244.461 ev.propose=0.002ms
[labev] t=455244.472 ev.verify=11.220ms
[labev] t=455244.473 ev.finalize=1.554ms
[labev] t=455244.474 ev.propose=0.002ms
[labev] t=455244.485 ev.verify=11.226ms
[labev] t=455244.487 ev.finalize=1.680ms
[labev] t=455244.487 ev.propose=0.002ms
[labev] t=455244.498 ev.verify=11.203ms
[labev] t=455244.500 ev.finalize=1.670ms
[labev] t=455244.500 ev.propose=0.002ms
[labev] t=455244.511 ev.verify=11.292ms
[labev] t=455244.513 ev.finalize=1.657ms
[labev] t=455244.513 ev.propose=0.002ms
[labev] t=455244.524 ev.verify=11.393ms
[labev] t=455244.526 ev.finalize=1.562ms
[labev] t=455244.526 ev.propose=0.002ms
[labev] t=455244.537 ev.verify=11.245ms
[labev] t=455244.539 ev.finalize=1.665ms
[labev] t=455244.539 ev.propose=0.002ms
[labev] t=455244.550 ev.verify=11.122ms
[labev] t=455244.552 ev.finalize=1.584ms
[labev] t=455244.552 ev.propose=0.002ms
[labev] t=455244.563 ev.verify=11.243ms
[labev] t=455244.565 ev.finalize=1.654ms
[labev] t=455244.565 ev.propose=0.002ms
[labev] t=455244.576 ev.verify=11.306ms
[labev] t=455244.578 ev.finalize=1.684ms
[labev] t=455244.578 ev.propose=0.002ms
[labev] t=455244.589 ev.verify=11.248ms
[labev] t=455244.591 ev.finalize=1.563ms
[labev] t=455244.591 ev.propose=0.002ms
[labev] t=455244.602 ev.verify=11.453ms
[labev] t=455244.604 ev.finalize=1.564ms
[labev] t=455244.604 ev.propose=0.002ms
[labev] t=455244.615 ev.verify=11.133ms
[labev] t=455244.617 ev.finalize=1.558ms
[labev] t=455244.617 ev.propose=0.002ms
[labev] t=455244.628 ev.verify=11.102ms
[labev] t=455244.630 ev.finalize=2.355ms
[labev] t=455244.631 ev.propose=0.002ms
[labev] t=455244.642 ev.verify=11.504ms
[labev] t=455244.644 ev.finalize=1.681ms
[labev] t=455244.644 ev.propose=0.002ms
[labev] t=455244.655 ev.verify=11.269ms
[labev] t=455244.657 ev.finalize=1.654ms
[labev] t=455244.657 ev.propose=0.002ms
[labev] t=455244.668 ev.verify=11.422ms
[labev] t=455244.670 ev.finalize=1.672ms
[labev] t=455244.670 ev.propose=0.002ms
[labev] t=455244.681 ev.verify=11.200ms
[labev] t=455244.683 ev.finalize=1.642ms
[labev] t=455244.683 ev.propose=0.002ms
[labev] t=455244.694 ev.verify=11.214ms
[labev] t=455244.696 ev.finalize=1.677ms
[labev] t=455244.696 ev.propose=0.002ms
[labev] t=455244.707 ev.verify=11.282ms
[labev] t=455244.709 ev.finalize=1.662ms
[labev] t=455244.709 ev.propose=0.002ms
[labev] t=455244.721 ev.verify=11.315ms
[labev] t=455244.722 ev.finalize=1.674ms
[labev] t=455244.722 ev.propose=0.002ms
[labev] t=455244.734 ev.verify=11.377ms
[labev] t=455244.736 ev.finalize=1.659ms
[labev] t=455244.736 ev.propose=0.002ms
[labev] t=455244.747 ev.verify=11.373ms
[labev] t=455244.749 ev.finalize=1.662ms
[labev] t=455244.749 ev.propose=0.002ms
[labev] t=455244.760 ev.verify=11.272ms
[labev] t=455244.762 ev.finalize=1.673ms
[labev] t=455244.762 ev.propose=0.002ms
[labev] t=455244.773 ev.verify=11.304ms
[labev] t=455244.775 ev.finalize=1.674ms
[labev] t=455244.775 ev.propose=0.002ms
[labev] t=455244.787 ev.verify=11.401ms
[labev] t=455244.788 ev.finalize=1.675ms
[labev] t=455244.788 ev.propose=0.002ms
[labev] t=455244.800 ev.verify=11.303ms
[labev] t=455244.801 ev.finalize=1.544ms
[labev] t=455244.801 ev.propose=0.002ms
[labev] t=455244.813 ev.verify=11.403ms
[labev] t=455244.814 ev.finalize=1.685ms
[labev] t=455244.815 ev.propose=0.002ms
[labev] t=455244.826 ev.verify=11.211ms
[labev] t=455244.827 ev.finalize=1.666ms
[labev] t=455244.828 ev.propose=0.002ms
[labev] t=455244.839 ev.verify=11.148ms
[labev] t=455244.840 ev.finalize=1.694ms
[labev] t=455244.841 ev.propose=0.002ms
[labev] t=455244.852 ev.verify=11.371ms
[labev] t=455244.854 ev.finalize=2.340ms
[labev] t=455244.854 ev.propose=0.002ms
[labev] t=455244.866 ev.verify=11.261ms
[labev] t=455244.867 ev.finalize=1.689ms
[labev] t=455244.868 ev.propose=0.002ms
[labev] t=455244.879 ev.verify=11.443ms
[labev] t=455244.881 ev.finalize=1.663ms
[labev] t=455244.881 ev.propose=0.002ms
[labev] t=455244.892 ev.verify=11.564ms
[labev] t=455244.894 ev.finalize=1.843ms
[labev] t=455244.894 ev.propose=0.002ms
[labev] t=455244.906 ev.verify=11.828ms
[labev] t=455244.908 ev.finalize=1.710ms
[labev] t=455244.908 ev.propose=0.002ms
[labev] t=455244.920 ev.verify=11.428ms
[labev] t=455244.921 ev.finalize=1.691ms
[labev] t=455244.921 ev.propose=0.002ms
[labev] t=455244.933 ev.verify=11.499ms
[labev] t=455244.935 ev.finalize=1.703ms
[labev] t=455244.935 ev.propose=0.002ms
[labev] t=455244.946 ev.verify=11.416ms
[labev] t=455244.948 ev.finalize=1.710ms
[labev] t=455244.948 ev.propose=0.002ms
[labev] t=455244.960 ev.verify=11.445ms
[labev] t=455244.961 ev.finalize=1.578ms
[labev] t=455244.961 ev.propose=0.002ms
[labev] t=455244.973 ev.verify=11.470ms
[labev] t=455244.974 ev.finalize=1.694ms
[labev] t=455244.975 ev.propose=0.002ms
[labev] t=455244.986 ev.verify=11.528ms
[labev] t=455244.988 ev.finalize=1.702ms
[labev] t=455244.988 ev.propose=0.002ms
[labev] t=455244.999 ev.verify=11.323ms
[labev] t=455245.001 ev.finalize=1.692ms
[labev] t=455245.001 ev.propose=0.002ms
[labev] t=455245.013 ev.verify=11.548ms
[labev] t=455245.014 ev.finalize=1.691ms
[labev] t=455245.015 ev.propose=0.002ms
[labev] t=455245.026 ev.verify=11.370ms
[labev] t=455245.028 ev.finalize=1.696ms
[labev] t=455245.028 ev.propose=0.002ms
[labev] t=455245.039 ev.verify=11.331ms
[labev] t=455245.041 ev.finalize=1.705ms
[labev] t=455245.041 ev.propose=0.002ms
[labev] t=455245.052 ev.verify=11.423ms
[labev] t=455245.054 ev.finalize=1.763ms
[labev] t=455245.054 ev.propose=0.002ms
[labev] t=455245.066 ev.verify=11.369ms
[labev] t=455245.068 ev.finalize=2.339ms
[labev] t=455245.068 ev.propose=0.002ms
[labev] t=455245.080 ev.verify=11.356ms
[labev] t=455245.081 ev.finalize=1.658ms
[labev] t=455245.081 ev.propose=0.002ms
[labev] t=455245.093 ev.verify=11.397ms
[labev] t=455245.094 ev.finalize=1.705ms
[labev] t=455245.095 ev.propose=0.002ms
[labev] t=455245.106 ev.verify=11.405ms
[labev] t=455245.108 ev.finalize=1.676ms
[labev] t=455245.108 ev.propose=0.002ms
[labev] t=455245.119 ev.verify=11.188ms
[labev] t=455245.121 ev.finalize=1.567ms
[labev] t=455245.121 ev.propose=0.002ms
[labev] t=455245.132 ev.verify=11.395ms
[labev] t=455245.134 ev.finalize=1.707ms
[labev] t=455245.134 ev.propose=0.002ms
[labev] t=455245.145 ev.verify=11.324ms
[labev] t=455245.147 ev.finalize=1.692ms
[labev] t=455245.147 ev.propose=0.002ms
[labev] t=455245.159 ev.verify=11.426ms
[labev] t=455245.160 ev.finalize=1.675ms
[labev] t=455245.160 ev.propose=0.002ms
[labev] t=455245.172 ev.verify=11.591ms
[labev] t=455245.174 ev.finalize=1.677ms
[labev] t=455245.174 ev.propose=0.002ms
[labev] t=455245.185 ev.verify=11.280ms
[labev] t=455245.187 ev.finalize=1.700ms
[labev] t=455245.187 ev.propose=0.002ms
[labev] t=455245.198 ev.verify=11.379ms
[labev] t=455245.200 ev.finalize=1.691ms
[labev] t=455245.200 ev.propose=0.002ms
[labev] t=455245.212 ev.verify=11.392ms
[labev] t=455245.213 ev.finalize=1.689ms
[labev] t=455245.213 ev.propose=0.002ms
[labev] t=455245.225 ev.verify=11.367ms
[labev] t=455245.227 ev.finalize=1.696ms
[labev] t=455245.227 ev.propose=0.002ms
[labev] t=455245.238 ev.verify=11.391ms
[labev] t=455245.240 ev.finalize=1.662ms
[labev] t=455245.240 ev.propose=0.002ms
[labev] t=455245.251 ev.verify=11.507ms
[labev] t=455245.253 ev.finalize=1.690ms
[labev] t=455245.253 ev.propose=0.002ms
[labev] t=455245.265 ev.verify=11.343ms
[labev] t=455245.266 ev.finalize=1.568ms
[labev] t=455245.266 ev.propose=0.002ms
[labev] t=455245.278 ev.verify=11.393ms
[labev] t=455245.279 ev.finalize=1.687ms
[labev] t=455245.280 ev.propose=0.002ms
[labev] t=455245.291 ev.verify=11.121ms
[labev] t=455245.293 ev.finalize=2.356ms
[labev] t=455245.293 ev.propose=0.002ms
[labev] t=455245.305 ev.verify=11.369ms
[labev] t=455245.306 ev.finalize=1.713ms
[labev] t=455245.306 ev.propose=0.002ms
[labev] t=455245.318 ev.verify=11.299ms
[labev] t=455245.319 ev.finalize=1.583ms
[labev] t=455245.319 ev.propose=0.002ms
[labev] t=455245.331 ev.verify=11.338ms
[labev] t=455245.332 ev.finalize=1.560ms
[labev] t=455245.333 ev.propose=0.002ms
[labev] t=455245.344 ev.verify=11.431ms
[labev] t=455245.346 ev.finalize=1.710ms
[labev] t=455245.346 ev.propose=0.002ms
[labev] t=455245.357 ev.verify=11.271ms
[labev] t=455245.359 ev.finalize=1.677ms
[labev] t=455245.359 ev.propose=0.002ms
[labev] t=455245.370 ev.verify=11.440ms
[labev] t=455245.372 ev.finalize=1.716ms
[labev] t=455245.372 ev.propose=0.002ms
[labev] t=455245.384 ev.verify=11.430ms
[labev] t=455245.385 ev.finalize=1.683ms
[labev] t=455245.385 ev.propose=0.002ms
[labev] t=455245.397 ev.verify=11.421ms
[labev] t=455245.399 ev.finalize=1.711ms
[labev] t=455245.399 ev.propose=0.002ms
[labev] t=455245.410 ev.verify=11.429ms
[labev] t=455245.412 ev.finalize=1.674ms
[labev] t=455245.412 ev.propose=0.002ms
[labev] t=455245.424 ev.verify=11.530ms
[labev] t=455245.425 ev.finalize=1.695ms
[labev] t=455245.425 ev.propose=0.002ms
[labev] t=455245.437 ev.verify=11.164ms
[labev] t=455245.438 ev.finalize=1.677ms
[labev] t=455245.438 ev.propose=0.002ms
[labev] t=455245.450 ev.verify=11.299ms
[labev] t=455245.451 ev.finalize=1.684ms
[labev] t=455245.452 ev.propose=0.002ms
[labev] t=455245.463 ev.verify=11.152ms
[labev] t=455245.464 ev.finalize=1.699ms
[labev] t=455245.465 ev.propose=0.002ms
[labev] t=455245.476 ev.verify=11.386ms
[labev] t=455245.478 ev.finalize=1.591ms
[labev] t=455245.478 ev.propose=0.002ms
[labev] t=455245.489 ev.verify=11.440ms
[labev] t=455245.491 ev.finalize=1.699ms
[labev] t=455245.491 ev.propose=0.002ms
[labev] t=455245.503 ev.verify=11.529ms
[labev] t=455245.504 ev.finalize=1.703ms
[labev] t=455245.504 ev.propose=0.002ms
[labev] t=455245.516 ev.verify=11.540ms
[labev] t=455245.518 ev.finalize=1.695ms
[labev] t=455245.518 ev.propose=0.002ms
[labev] t=455245.529 ev.verify=11.317ms
[labev] t=455245.532 ev.finalize=2.378ms
[labev] t=455245.532 ev.propose=0.002ms
[labev] t=455245.543 ev.verify=11.281ms
[labev] t=455245.545 ev.finalize=1.698ms
[labev] t=455245.545 ev.propose=0.002ms
[labev] t=455245.556 ev.verify=11.142ms
[labev] t=455245.558 ev.finalize=1.678ms
[labev] t=455245.558 ev.propose=0.002ms
[labev] t=455245.569 ev.verify=11.272ms
[labev] t=455245.571 ev.finalize=1.704ms
[labev] t=455245.571 ev.propose=0.002ms
[labev] t=455245.582 ev.verify=11.368ms
[labev] t=455245.584 ev.finalize=1.702ms
[labev] t=455245.584 ev.propose=0.002ms
[labev] t=455245.596 ev.verify=11.478ms
[labev] t=455245.597 ev.finalize=1.694ms
[labev] t=455245.597 ev.propose=0.002ms
[labev] t=455245.609 ev.verify=11.519ms
[labev] t=455245.611 ev.finalize=1.701ms
[labev] t=455245.611 ev.propose=0.002ms
[labev] t=455245.622 ev.verify=11.315ms
[labev] t=455245.624 ev.finalize=1.712ms
[labev] t=455245.624 ev.propose=0.002ms
[labev] t=455245.635 ev.verify=11.094ms
[labev] t=455245.637 ev.finalize=1.710ms
[labev] t=455245.637 ev.propose=0.002ms
[labev] t=455245.648 ev.verify=11.377ms
[labev] t=455245.650 ev.finalize=1.700ms
[labev] t=455245.650 ev.propose=0.002ms
[labev] t=455245.662 ev.verify=11.485ms
[labev] t=455245.663 ev.finalize=1.718ms
[labev] t=455245.664 ev.propose=0.002ms
[labev] t=455245.675 ev.verify=11.529ms
[labev] t=455245.677 ev.finalize=1.709ms
[labev] t=455245.677 ev.propose=0.002ms
[labev] t=455245.688 ev.verify=11.261ms
[labev] t=455245.690 ev.finalize=1.706ms
[labev] t=455245.690 ev.propose=0.002ms
[labev] t=455245.701 ev.verify=11.187ms
[labev] t=455245.703 ev.finalize=1.896ms
[labev] t=455245.703 ev.propose=0.002ms
[labev] t=455245.715 ev.verify=11.285ms
[labev] t=455245.716 ev.finalize=1.728ms
[labev] t=455245.716 ev.propose=0.002ms
[labev] t=455245.728 ev.verify=11.316ms
[labev] t=455245.730 ev.finalize=1.688ms
[labev] t=455245.730 ev.propose=0.002ms
[labev] t=455245.741 ev.verify=11.275ms
[labev] t=455245.743 ev.finalize=1.591ms
[labev] t=455245.743 ev.propose=0.002ms
[labev] t=455245.754 ev.verify=11.268ms
[labev] t=455245.756 ev.finalize=2.271ms
[labev] t=455245.756 ev.propose=0.002ms
[labev] t=455245.768 ev.verify=11.371ms
[labev] t=455245.769 ev.finalize=1.591ms
[labev] t=455245.769 ev.propose=0.002ms
[labev] t=455245.781 ev.verify=11.490ms
[labev] t=455245.783 ev.finalize=1.707ms
[labev] t=455245.783 ev.propose=0.002ms
[labev] t=455245.794 ev.verify=11.478ms
[labev] t=455245.796 ev.finalize=1.714ms
[labev] t=455245.796 ev.propose=0.002ms
[labev] t=455245.807 ev.verify=11.291ms
[labev] t=455245.809 ev.finalize=1.688ms
[labev] t=455245.809 ev.propose=0.002ms
[labev] t=455245.821 ev.verify=11.239ms
[labev] t=455245.822 ev.finalize=1.683ms
[labev] t=455245.822 ev.propose=0.002ms
[labev] t=455245.834 ev.verify=11.420ms
[labev] t=455245.836 ev.finalize=1.679ms
[labev] t=455245.836 ev.propose=0.002ms
[labev] t=455245.847 ev.verify=11.332ms
[labev] t=455245.849 ev.finalize=1.682ms
[labev] t=455245.849 ev.propose=0.002ms
[labev] t=455245.860 ev.verify=11.425ms
[labev] t=455245.862 ev.finalize=1.704ms
[labev] t=455245.862 ev.propose=0.002ms
[labev] t=455245.873 ev.verify=11.298ms
[labev] t=455245.875 ev.finalize=1.681ms
[labev] t=455245.875 ev.propose=0.001ms
[labev] t=455245.887 ev.verify=11.374ms
[labev] t=455245.888 ev.finalize=1.680ms
[labev] t=455245.888 ev.propose=0.001ms
[labev] t=455245.900 ev.verify=11.206ms
[labev] t=455245.901 ev.finalize=1.679ms
[labev] t=455245.901 ev.propose=0.002ms
[labev] t=455245.913 ev.verify=11.409ms
[labev] t=455245.915 ev.finalize=1.689ms
[labev] t=455245.915 ev.propose=0.002ms
[labev] t=455245.926 ev.verify=11.423ms
[labev] t=455245.928 ev.finalize=1.685ms
[labev] t=455245.928 ev.propose=0.002ms
[labev] t=455245.939 ev.verify=11.218ms
[labev] t=455245.941 ev.finalize=1.696ms
[labev] t=455245.941 ev.propose=0.002ms
[labev] t=455245.952 ev.verify=11.341ms
[labev] t=455245.954 ev.finalize=1.669ms
[labev] t=455245.954 ev.propose=0.002ms
[labev] t=455245.966 ev.verify=11.435ms
[labev] t=455245.968 ev.finalize=2.268ms
[labev] t=455245.968 ev.propose=0.002ms
[labev] t=455245.979 ev.verify=11.296ms
[labev] t=455245.981 ev.finalize=1.684ms
[labev] t=455245.981 ev.propose=0.002ms
[labev] t=455245.993 ev.verify=11.339ms
[labev] t=455245.994 ev.finalize=1.604ms
[labev] t=455245.994 ev.propose=0.002ms
[labev] t=455246.006 ev.verify=11.445ms
[labev] t=455246.007 ev.finalize=1.694ms
[labev] t=455246.008 ev.propose=0.002ms
[labev] t=455246.019 ev.verify=11.178ms
[labev] t=455246.020 ev.finalize=1.703ms
[labev] t=455246.021 ev.propose=0.002ms
[labev] t=455246.032 ev.verify=11.580ms
[labev] t=455246.034 ev.finalize=1.697ms
[labev] t=455246.034 ev.propose=0.002ms
[labev] t=455246.045 ev.verify=11.320ms
[labev] t=455246.047 ev.finalize=1.734ms
[labev] t=455246.047 ev.propose=0.002ms
[labev] t=455246.059 ev.verify=11.281ms
[labev] t=455246.060 ev.finalize=1.698ms
[labev] t=455246.060 ev.propose=0.002ms
[labev] t=455246.075 ev.verify=15.104ms
[labev] t=455246.077 ev.finalize=1.582ms
[labev] t=455246.078 req.start s1-p4096-o512-b8-r0=0.000ms
[labev] t=455246.078 req.handle=0.018ms
[labev] t=455246.100 tok.prepare=21.169ms
event=batching_admitted action=scheduler_admitted
[labev] t=455246.354 chunk.ord.total=254.308ms
[labev] t=455246.606 chunk.ord.total=252.244ms
[labev] t=455246.863 chunk.ord.total=255.998ms
[labev] t=455247.121 chunk.ord.total=258.645ms
[labev] t=455247.383 chunk.ord.total=261.404ms
[labev] t=455247.646 chunk.ord.total=262.711ms
[labev] t=455247.911 chunk.ord.total=265.702ms
[labprof] d0.performDecode.call=135.876ms/n19 f0.finalize.total=1.702ms/n546 f1.finalize.build=0.514ms/n546 f2.finalize.eval=1.147ms/n546 fc.finalize.call=1.707ms/n546 o1.ord.build=1.175ms/n300 o2.ord.eval=7.317ms/n300 p0.propose=0.002ms/n546 r0.round.interval=13.213ms/n544 s1.native.prefill.target=40.322ms/n16 s1.ord.prefill.target=40.258ms/n8 s2.native.prefill.drafter+eval=239.353ms/n16 s2.ord.prefill.eval=256.429ms/n7 s9.native.prefill.chunk.total=279.711ms/n16 s9.ord.prefill.chunk.total=258.745ms/n7 v0.verify.call=11.352ms/n546 v1.verify.build=0.868ms/n546 v2.verify.eval=10.370ms/n546
[labev] t=455248.218 chunk.ord.total=306.515ms
[labev] t=455248.218 req.firsttoken s1-p4096-o512-b8-r0=2139.753ms
[labev] t=455248.355 ev.decode.rows1.cap0=137.216ms
[labev] t=455248.492 ev.decode.rows1.cap0=136.636ms
[labev] t=455248.628 ev.decode.rows1.cap0=135.978ms
[labev] t=455248.764 ev.decode.rows1.cap0=136.001ms
[labev] t=455248.900 ev.decode.rows1.cap0=136.210ms
[labev] t=455249.037 ev.decode.rows1.cap0=136.006ms
[labev] t=455249.173 ev.decode.rows1.cap0=136.097ms
[labev] t=455249.309 ev.decode.rows1.cap0=135.790ms
[labev] t=455249.445 ev.decode.rows1.cap0=135.941ms
[labev] t=455249.581 ev.decode.rows1.cap0=136.083ms
[labev] t=455249.718 ev.decode.rows1.cap0=136.716ms
[labev] t=455249.854 ev.decode.rows1.cap0=136.439ms
[labev] t=455249.990 ev.decode.rows1.cap0=136.150ms
[labev] t=455250.127 ev.decode.rows1.cap0=136.936ms
[labev] t=455250.264 ev.decode.rows1.cap0=136.179ms
[labev] t=455250.400 ev.decode.rows1.cap0=136.256ms
[labev] t=455250.537 ev.decode.rows1.cap0=136.711ms
[labev] t=455250.673 ev.decode.rows1.cap0=136.184ms
[labev] t=455250.810 ev.decode.rows1.cap0=136.635ms
[labev] t=455250.947 ev.decode.rows1.cap0=136.735ms
[labev] t=455251.083 ev.decode.rows1.cap0=136.430ms
[labev] t=455251.220 ev.decode.rows1.cap0=136.670ms
[labev] t=455251.357 ev.decode.rows1.cap0=136.660ms
[labev] t=455251.493 ev.decode.rows1.cap0=136.356ms
[labev] t=455251.630 ev.decode.rows1.cap0=136.536ms
[labev] t=455251.767 ev.decode.rows1.cap0=136.590ms
[labev] t=455251.903 ev.decode.rows1.cap0=136.724ms
[labev] t=455252.040 ev.decode.rows1.cap0=136.843ms
[labev] t=455252.177 ev.decode.rows1.cap0=136.632ms
[labev] t=455252.314 ev.decode.rows1.cap0=136.751ms
[labev] t=455252.451 ev.decode.rows1.cap0=136.794ms
[labev] t=455252.579 ev.decode.rows1.cap0=128.277ms
[labev] t=455256.197 req.start s1-p4096-o512-b9-r0=0.000ms
[labev] t=455256.197 req.handle=0.066ms
[labev] t=455256.218 tok.prepare=20.767ms
event=batching_admitted action=scheduler_admitted
[labev] t=455256.537 chunk.native.total=318.165ms
[labev] t=455256.804 chunk.native.total=266.932ms
[labev] t=455257.074 chunk.native.total=270.361ms
[labev] t=455257.348 chunk.native.total=273.439ms
[labev] t=455257.625 chunk.native.total=277.185ms
[labev] t=455257.903 chunk.native.total=278.235ms
[labev] t=455258.186 chunk.native.total=282.822ms
[labev] t=455258.503 chunk.native.total=316.766ms
[labev] t=455258.503 req.firsttoken s1-p4096-o512-b9-r0=2305.785ms
[labev] t=455258.503 ev.propose=0.003ms
[labev] t=455258.514 ev.verify=11.299ms
[labev] t=455258.516 ev.finalize=1.905ms
[labev] t=455258.516 ev.propose=0.070ms
[labev] t=455258.528 ev.verify=11.568ms
[labev] t=455258.530 ev.finalize=1.704ms
[labev] t=455258.530 ev.propose=0.036ms
[labev] t=455258.541 ev.verify=11.373ms
[labev] t=455258.543 ev.finalize=1.704ms
[labev] t=455258.543 ev.propose=0.044ms
[labev] t=455258.554 ev.verify=11.254ms
[labev] t=455258.556 ev.finalize=1.731ms
[labev] t=455258.556 ev.propose=0.038ms
[labev] t=455258.568 ev.verify=11.311ms
[labev] t=455258.570 ev.finalize=1.778ms
[labev] t=455258.570 ev.propose=0.056ms
[labev] t=455258.581 ev.verify=11.302ms
[labev] t=455258.583 ev.finalize=1.765ms
[labev] t=455258.583 ev.propose=0.059ms
[labev] t=455258.594 ev.verify=11.434ms
[labev] t=455258.596 ev.finalize=1.673ms
[labev] t=455258.596 ev.propose=0.075ms
[labev] t=455258.608 ev.verify=11.343ms
[labev] t=455258.610 ev.finalize=1.834ms
[labev] t=455258.610 ev.propose=0.050ms
[labev] t=455258.621 ev.verify=11.041ms
[labev] t=455258.623 ev.finalize=2.480ms
[labev] t=455258.624 ev.propose=0.051ms
[labev] t=455258.635 ev.verify=11.295ms
[labev] t=455258.637 ev.finalize=1.661ms
[labev] t=455258.637 ev.propose=0.053ms
[labev] t=455258.648 ev.verify=11.260ms
[labev] t=455258.650 ev.finalize=1.650ms
[labev] t=455258.650 ev.propose=0.060ms
[labev] t=455258.661 ev.verify=11.230ms
[labev] t=455258.663 ev.finalize=1.684ms
[labev] t=455258.663 ev.propose=0.069ms
[labev] t=455258.674 ev.verify=11.188ms
[labev] t=455258.676 ev.finalize=1.550ms
[labev] t=455258.676 ev.propose=0.072ms
[labev] t=455258.687 ev.verify=11.236ms
[labev] t=455258.689 ev.finalize=1.686ms
[labev] t=455258.689 ev.propose=0.069ms
[labev] t=455258.700 ev.verify=11.335ms
[labev] t=455258.702 ev.finalize=1.554ms
[labev] t=455258.702 ev.propose=0.002ms
[labev] t=455258.713 ev.verify=11.335ms
[labev] t=455258.715 ev.finalize=1.622ms
[labev] t=455258.715 ev.propose=0.002ms
[labev] t=455258.727 ev.verify=11.326ms
[labev] t=455258.728 ev.finalize=1.666ms
[labev] t=455258.728 ev.propose=0.057ms
[labev] t=455258.740 ev.verify=11.212ms
[labev] t=455258.741 ev.finalize=1.650ms
[labev] t=455258.742 ev.propose=0.061ms
[labev] t=455258.753 ev.verify=11.147ms
[labev] t=455258.754 ev.finalize=1.642ms
[labev] t=455258.755 ev.propose=0.052ms
[labev] t=455258.766 ev.verify=11.313ms
[labev] t=455258.768 ev.finalize=1.616ms
[labev] t=455258.768 ev.propose=0.059ms
[labev] t=455258.779 ev.verify=11.170ms
[labev] t=455258.781 ev.finalize=1.641ms
[labev] t=455258.781 ev.propose=0.002ms
[labev] t=455258.792 ev.verify=11.341ms
[labev] t=455258.794 ev.finalize=1.660ms
[labev] t=455258.794 ev.propose=0.064ms
[labev] t=455258.805 ev.verify=11.318ms
[labev] t=455258.807 ev.finalize=1.619ms
[labev] t=455258.807 ev.propose=0.002ms
[labev] t=455258.818 ev.verify=11.416ms
[labev] t=455258.820 ev.finalize=1.644ms
[labev] t=455258.820 ev.propose=0.002ms
[labev] t=455258.832 ev.verify=11.284ms
[labev] t=455258.833 ev.finalize=1.657ms
[labev] t=455258.833 ev.propose=0.002ms
[labev] t=455258.845 ev.verify=11.391ms
[labev] t=455258.847 ev.finalize=2.298ms
[labev] t=455258.847 ev.propose=0.002ms
[labev] t=455258.859 ev.verify=11.392ms
[labev] t=455258.860 ev.finalize=1.664ms
[labev] t=455258.860 ev.propose=0.002ms
[labev] t=455258.872 ev.verify=11.433ms
[labev] t=455258.874 ev.finalize=1.645ms
[labev] t=455258.874 ev.propose=0.002ms
[labev] t=455258.885 ev.verify=11.531ms
[labev] t=455258.887 ev.finalize=1.660ms
[labev] t=455258.887 ev.propose=0.002ms
[labev] t=455258.898 ev.verify=11.424ms
[labev] t=455258.900 ev.finalize=1.651ms
[labev] t=455258.900 ev.propose=0.002ms
[labev] t=455258.912 ev.verify=11.418ms
[labev] t=455258.913 ev.finalize=1.644ms
[labev] t=455258.913 ev.propose=0.002ms
[labev] t=455258.925 ev.verify=11.153ms
[labev] t=455258.926 ev.finalize=1.642ms
[labev] t=455258.926 ev.propose=0.002ms
[labev] t=455258.938 ev.verify=11.305ms
[labev] t=455258.939 ev.finalize=1.645ms
[labev] t=455258.940 ev.propose=0.002ms
[labev] t=455258.951 ev.verify=11.434ms
[labev] t=455258.953 ev.finalize=1.643ms
[labev] t=455258.953 ev.propose=0.002ms
[labev] t=455258.964 ev.verify=11.257ms
[labev] t=455258.966 ev.finalize=1.638ms
[labev] t=455258.966 ev.propose=0.002ms
[labev] t=455258.977 ev.verify=11.176ms
[labev] t=455258.979 ev.finalize=1.651ms
[labev] t=455258.979 ev.propose=0.002ms
[labev] t=455258.990 ev.verify=11.491ms
[labev] t=455258.992 ev.finalize=1.654ms
[labev] t=455258.992 ev.propose=0.002ms
[labev] t=455259.003 ev.verify=11.342ms
[labev] t=455259.005 ev.finalize=1.635ms
[labev] t=455259.005 ev.propose=0.002ms
[labev] t=455259.016 ev.verify=11.198ms
[labev] t=455259.018 ev.finalize=1.656ms
[labev] t=455259.018 ev.propose=0.002ms
[labev] t=455259.029 ev.verify=11.102ms
[labev] t=455259.031 ev.finalize=1.664ms
[labev] t=455259.031 ev.propose=0.002ms
[labev] t=455259.043 ev.verify=11.280ms
[labev] t=455259.044 ev.finalize=1.660ms
[labev] t=455259.044 ev.propose=0.002ms
[labev] t=455259.056 ev.verify=11.399ms
[labev] t=455259.058 ev.finalize=2.294ms
[labev] t=455259.058 ev.propose=0.002ms
[labev] t=455259.070 ev.verify=11.474ms
[labev] t=455259.071 ev.finalize=1.683ms
[labev] t=455259.072 ev.propose=0.002ms
[labev] t=455259.083 ev.verify=11.276ms
[labev] t=455259.084 ev.finalize=1.648ms
[labev] t=455259.085 ev.propose=0.002ms
[labev] t=455259.096 ev.verify=11.126ms
[labev] t=455259.097 ev.finalize=1.642ms
[labev] t=455259.098 ev.propose=0.002ms
[labev] t=455259.109 ev.verify=11.221ms
[labev] t=455259.110 ev.finalize=1.653ms
[labev] t=455259.111 ev.propose=0.002ms
[labev] t=455259.122 ev.verify=11.363ms
[labev] t=455259.124 ev.finalize=1.667ms
[labev] t=455259.124 ev.propose=0.002ms
[labev] t=455259.135 ev.verify=11.188ms
[labev] t=455259.137 ev.finalize=1.662ms
[labev] t=455259.137 ev.propose=0.002ms
[labev] t=455259.148 ev.verify=11.300ms
[labev] t=455259.150 ev.finalize=1.657ms
[labev] t=455259.150 ev.propose=0.002ms
[labev] t=455259.161 ev.verify=11.252ms
[labev] t=455259.163 ev.finalize=1.647ms
[labev] t=455259.163 ev.propose=0.002ms
[labev] t=455259.174 ev.verify=11.318ms
[labev] t=455259.176 ev.finalize=1.663ms
[labev] t=455259.176 ev.propose=0.002ms
[labev] t=455259.187 ev.verify=11.173ms
[labev] t=455259.189 ev.finalize=1.540ms
[labev] t=455259.189 ev.propose=0.002ms
[labev] t=455259.200 ev.verify=11.308ms
[labev] t=455259.202 ev.finalize=1.655ms
[labev] t=455259.202 ev.propose=0.002ms
[labev] t=455259.213 ev.verify=11.231ms
[labev] t=455259.215 ev.finalize=1.566ms
[labev] t=455259.215 ev.propose=0.002ms
[labev] t=455259.226 ev.verify=11.311ms
[labev] t=455259.228 ev.finalize=1.672ms
[labev] t=455259.228 ev.propose=0.002ms
[labev] t=455259.239 ev.verify=11.305ms
[labev] t=455259.241 ev.finalize=1.656ms
[labev] t=455259.241 ev.propose=0.002ms
[labev] t=455259.252 ev.verify=11.233ms
[labev] t=455259.254 ev.finalize=1.670ms
[labev] t=455259.254 ev.propose=0.002ms
[labev] t=455259.265 ev.verify=11.080ms
[labev] t=455259.267 ev.finalize=1.658ms
[labev] t=455259.267 ev.propose=0.002ms
[labev] t=455259.279 ev.verify=11.359ms
[labev] t=455259.280 ev.finalize=1.537ms
[labev] t=455259.280 ev.propose=0.002ms
[labev] t=455259.291 ev.verify=11.154ms
[labev] t=455259.294 ev.finalize=2.191ms
[labev] t=455259.294 ev.propose=0.002ms
[labev] t=455259.305 ev.verify=11.280ms
[labev] t=455259.307 ev.finalize=1.675ms
[labev] t=455259.307 ev.propose=0.002ms
[labev] t=455259.318 ev.verify=11.146ms
[labev] t=455259.320 ev.finalize=1.542ms
[labev] t=455259.320 ev.propose=0.002ms
[labev] t=455259.331 ev.verify=10.971ms
[labev] t=455259.332 ev.finalize=1.558ms
[labev] t=455259.332 ev.propose=0.002ms
[labev] t=455259.344 ev.verify=11.262ms
[labev] t=455259.345 ev.finalize=1.673ms
[labev] t=455259.345 ev.propose=0.002ms
[labev] t=455259.357 ev.verify=11.145ms
[labev] t=455259.358 ev.finalize=1.650ms
[labev] t=455259.358 ev.propose=0.002ms
[labev] t=455259.370 ev.verify=11.354ms
[labev] t=455259.371 ev.finalize=1.657ms
[labev] t=455259.372 ev.propose=0.002ms
[labev] t=455259.383 ev.verify=11.290ms
[labev] t=455259.385 ev.finalize=1.657ms
[labev] t=455259.385 ev.propose=0.002ms
[labev] t=455259.396 ev.verify=11.208ms
[labev] t=455259.398 ev.finalize=1.667ms
[labev] t=455259.398 ev.propose=0.002ms
[labev] t=455259.409 ev.verify=11.180ms
[labev] t=455259.411 ev.finalize=1.652ms
[labev] t=455259.411 ev.propose=0.002ms
[labev] t=455259.422 ev.verify=11.289ms
[labev] t=455259.424 ev.finalize=1.657ms
[labev] t=455259.424 ev.propose=0.002ms
[labev] t=455259.435 ev.verify=11.428ms
[labev] t=455259.437 ev.finalize=1.637ms
[labev] t=455259.437 ev.propose=0.002ms
[labev] t=455259.448 ev.verify=11.327ms
[labev] t=455259.450 ev.finalize=1.663ms
[labev] t=455259.450 ev.propose=0.002ms
[labev] t=455259.462 ev.verify=11.432ms
[labev] t=455259.463 ev.finalize=1.567ms
[labev] t=455259.463 ev.propose=0.002ms
[labev] t=455259.475 ev.verify=11.358ms
[labev] t=455259.476 ev.finalize=1.681ms
[labev] t=455259.477 ev.propose=0.002ms
[labev] t=455259.488 ev.verify=11.212ms
[labev] t=455259.490 ev.finalize=1.728ms
[labev] t=455259.490 ev.propose=0.002ms
[labev] t=455259.501 ev.verify=11.409ms
[labev] t=455259.503 ev.finalize=1.697ms
[labev] t=455259.503 ev.propose=0.002ms
[labev] t=455259.515 ev.verify=11.771ms
[labev] t=455259.517 ev.finalize=2.276ms
[labev] t=455259.517 ev.propose=0.002ms
[labev] t=455259.529 ev.verify=11.568ms
[labev] t=455259.531 ev.finalize=1.688ms
[labev] t=455259.531 ev.propose=0.002ms
[labev] t=455259.542 ev.verify=11.351ms
[labev] t=455259.544 ev.finalize=1.671ms
[labev] t=455259.544 ev.propose=0.002ms
[labev] t=455259.555 ev.verify=11.434ms
[labev] t=455259.557 ev.finalize=1.682ms
[labev] t=455259.557 ev.propose=0.002ms
[labev] t=455259.568 ev.verify=11.250ms
[labev] t=455259.570 ev.finalize=1.666ms
[labev] t=455259.570 ev.propose=0.002ms
[labev] t=455259.582 ev.verify=11.438ms
[labev] t=455259.583 ev.finalize=1.653ms
[labev] t=455259.583 ev.propose=0.002ms
[labev] t=455259.595 ev.verify=11.337ms
[labev] t=455259.596 ev.finalize=1.553ms
[labev] t=455259.596 ev.propose=0.002ms
[labev] t=455259.608 ev.verify=11.252ms
[labev] t=455259.610 ev.finalize=1.732ms
[labev] t=455259.610 ev.propose=0.002ms
[labev] t=455259.621 ev.verify=11.203ms
[labev] t=455259.622 ev.finalize=1.542ms
[labev] t=455259.623 ev.propose=0.002ms
[labev] t=455259.634 ev.verify=11.222ms
[labev] t=455259.635 ev.finalize=1.671ms
[labev] t=455259.636 ev.propose=0.002ms
[labev] t=455259.647 ev.verify=11.167ms
[labev] t=455259.648 ev.finalize=1.641ms
[labev] t=455259.649 ev.propose=0.002ms
[labev] t=455259.660 ev.verify=11.344ms
[labev] t=455259.661 ev.finalize=1.533ms
[labev] t=455259.662 ev.propose=0.002ms
[labev] t=455259.673 ev.verify=11.156ms
[labev] t=455259.674 ev.finalize=1.646ms
[labev] t=455259.675 ev.propose=0.002ms
[labev] t=455259.686 ev.verify=11.307ms
[labev] t=455259.688 ev.finalize=1.646ms
[labev] t=455259.688 ev.propose=0.002ms
[labev] t=455259.699 ev.verify=11.377ms
[labev] t=455259.701 ev.finalize=1.551ms
[labev] t=455259.701 ev.propose=0.002ms
[labev] t=455259.712 ev.verify=11.224ms
[labev] t=455259.714 ev.finalize=1.657ms
[labev] t=455259.714 ev.propose=0.002ms
[labev] t=455259.725 ev.verify=11.456ms
[labev] t=455259.727 ev.finalize=1.662ms
[labev] t=455259.727 ev.propose=0.002ms
[labev] t=455259.739 ev.verify=11.539ms
[labev] t=455259.740 ev.finalize=1.662ms
[labev] t=455259.740 ev.propose=0.002ms
[labev] t=455259.752 ev.verify=11.516ms
[labev] t=455259.754 ev.finalize=2.320ms
[labev] t=455259.754 ev.propose=0.002ms
[labev] t=455259.766 ev.verify=11.322ms
[labev] t=455259.767 ev.finalize=1.667ms
[labev] t=455259.768 ev.propose=0.002ms
[labev] t=455259.779 ev.verify=11.541ms
[labev] t=455259.781 ev.finalize=1.671ms
[labev] t=455259.781 ev.propose=0.002ms
[labev] t=455259.792 ev.verify=11.151ms
[labev] t=455259.794 ev.finalize=1.660ms
[labev] t=455259.794 ev.propose=0.002ms
[labev] t=455259.805 ev.verify=11.189ms
[labev] t=455259.807 ev.finalize=1.701ms
[labev] t=455259.807 ev.propose=0.002ms
[labev] t=455259.818 ev.verify=11.317ms
[labev] t=455259.820 ev.finalize=1.667ms
[labev] t=455259.820 ev.propose=0.002ms
[labev] t=455259.832 ev.verify=11.382ms
[labev] t=455259.833 ev.finalize=1.558ms
[labev] t=455259.833 ev.propose=0.002ms
[labev] t=455259.845 ev.verify=11.368ms
[labev] t=455259.846 ev.finalize=1.689ms
[labev] t=455259.846 ev.propose=0.002ms
[labev] t=455259.858 ev.verify=11.335ms
[labev] t=455259.859 ev.finalize=1.689ms
[labev] t=455259.860 ev.propose=0.002ms
[labev] t=455259.871 ev.verify=11.401ms
[labev] t=455259.873 ev.finalize=1.682ms
[labev] t=455259.873 ev.propose=0.002ms
[labev] t=455259.884 ev.verify=11.431ms
[labev] t=455259.886 ev.finalize=1.673ms
[labev] t=455259.886 ev.propose=0.002ms
[labev] t=455259.897 ev.verify=11.187ms
[labev] t=455259.899 ev.finalize=1.668ms
[labev] t=455259.899 ev.propose=0.002ms
[labev] t=455259.910 ev.verify=11.266ms
[labev] t=455259.912 ev.finalize=1.663ms
[labev] t=455259.912 ev.propose=0.002ms
[labev] t=455259.924 ev.verify=11.362ms
[labev] t=455259.925 ev.finalize=1.681ms
[labev] t=455259.925 ev.propose=0.002ms
[labev] t=455259.937 ev.verify=11.258ms
[labev] t=455259.938 ev.finalize=1.682ms
[labev] t=455259.938 ev.propose=0.002ms
[labev] t=455259.950 ev.verify=11.326ms
[labev] t=455259.951 ev.finalize=1.578ms
[labev] t=455259.952 ev.propose=0.002ms
[labev] t=455259.963 ev.verify=11.377ms
[labev] t=455259.965 ev.finalize=1.667ms
[labev] t=455259.965 ev.propose=0.002ms
[labev] t=455259.976 ev.verify=11.201ms
[labev] t=455259.977 ev.finalize=1.546ms
[labev] t=455259.978 ev.propose=0.002ms
[labev] t=455259.989 ev.verify=11.205ms
[labev] t=455259.991 ev.finalize=2.227ms
[labev] t=455259.991 ev.propose=0.002ms
[labev] t=455260.003 ev.verify=11.312ms
[labev] t=455260.004 ev.finalize=1.678ms
[labev] t=455260.004 ev.propose=0.002ms
[labev] t=455260.016 ev.verify=11.260ms
[labev] t=455260.017 ev.finalize=1.685ms
[labev] t=455260.017 ev.propose=0.002ms
[labev] t=455260.029 ev.verify=11.509ms
[labev] t=455260.031 ev.finalize=1.563ms
[labev] t=455260.031 ev.propose=0.002ms
[labev] t=455260.042 ev.verify=11.442ms
[labev] t=455260.044 ev.finalize=1.667ms
[labev] t=455260.044 ev.propose=0.002ms
[labev] t=455260.055 ev.verify=11.297ms
[labev] t=455260.057 ev.finalize=1.654ms
[labev] t=455260.057 ev.propose=0.002ms
[labev] t=455260.068 ev.verify=11.381ms
[labev] t=455260.070 ev.finalize=1.677ms
[labev] t=455260.070 ev.propose=0.002ms
[labev] t=455260.082 ev.verify=11.407ms
[labev] t=455260.083 ev.finalize=1.684ms
[labev] t=455260.083 ev.propose=0.002ms
[labev] t=455260.095 ev.verify=11.402ms
[labev] t=455260.097 ev.finalize=1.677ms
[labev] t=455260.097 ev.propose=0.002ms
[labev] t=455260.108 ev.verify=11.313ms
[labev] t=455260.110 ev.finalize=1.563ms
[labev] t=455260.110 ev.propose=0.002ms
[labev] t=455260.121 ev.verify=11.380ms
[labev] t=455260.123 ev.finalize=1.672ms
[labev] t=455260.123 ev.propose=0.002ms
[labev] t=455260.134 ev.verify=11.236ms
[labev] t=455260.136 ev.finalize=1.648ms
[labev] t=455260.136 ev.propose=0.002ms
[labev] t=455260.147 ev.verify=11.470ms
[labev] t=455260.149 ev.finalize=1.657ms
[labev] t=455260.149 ev.propose=0.002ms
[labev] t=455260.160 ev.verify=11.223ms
[labev] t=455260.162 ev.finalize=1.676ms
[labev] t=455260.162 ev.propose=0.002ms
[labev] t=455260.174 ev.verify=11.462ms
[labev] t=455260.175 ev.finalize=1.655ms
[labev] t=455260.176 ev.propose=0.002ms
[labev] t=455260.187 ev.verify=11.141ms
[labev] t=455260.188 ev.finalize=1.659ms
[labev] t=455260.189 ev.propose=0.002ms
[labev] t=455260.200 ev.verify=11.180ms
[labev] t=455260.201 ev.finalize=1.685ms
[labev] t=455260.202 ev.propose=0.002ms
[labev] t=455260.213 ev.verify=11.241ms
[labev] t=455260.215 ev.finalize=2.203ms
[labev] t=455260.215 ev.propose=0.003ms
[labev] t=455260.227 ev.verify=11.401ms
[labev] t=455260.228 ev.finalize=1.695ms
[labev] t=455260.228 ev.propose=0.002ms
[labev] t=455260.240 ev.verify=11.149ms
[labev] t=455260.241 ev.finalize=1.646ms
[labev] t=455260.241 ev.propose=0.002ms
[labev] t=455260.253 ev.verify=11.355ms
[labev] t=455260.254 ev.finalize=1.658ms
[labev] t=455260.255 ev.propose=0.002ms
[labev] t=455260.266 ev.verify=11.398ms
[labev] t=455260.268 ev.finalize=1.658ms
[labev] t=455260.268 ev.propose=0.002ms
[labev] t=455260.279 ev.verify=11.450ms
[labev] t=455260.281 ev.finalize=1.556ms
[labev] t=455260.281 ev.propose=0.002ms
[labev] t=455260.292 ev.verify=11.295ms
[labev] t=455260.294 ev.finalize=1.678ms
[labev] t=455260.294 ev.propose=0.002ms
[labev] t=455260.306 ev.verify=11.469ms
[labev] t=455260.307 ev.finalize=1.570ms
[labev] t=455260.307 ev.propose=0.002ms
[labev] t=455260.318 ev.verify=11.209ms
[labev] t=455260.320 ev.finalize=1.690ms
[labev] t=455260.320 ev.propose=0.002ms
[labev] t=455260.332 ev.verify=11.253ms
[labev] t=455260.333 ev.finalize=1.683ms
[labev] t=455260.333 ev.propose=0.002ms
[labev] t=455260.345 ev.verify=11.307ms
[labev] t=455260.346 ev.finalize=1.675ms
[labev] t=455260.346 ev.propose=0.002ms
[labev] t=455260.358 ev.verify=11.258ms
[labev] t=455260.359 ev.finalize=1.679ms
[labev] t=455260.360 ev.propose=0.002ms
[labev] t=455260.371 ev.verify=11.194ms
[labev] t=455260.372 ev.finalize=1.663ms
[labev] t=455260.373 ev.propose=0.002ms
[labev] t=455260.384 ev.verify=11.350ms
[labev] t=455260.386 ev.finalize=1.656ms
[labev] t=455260.386 ev.propose=0.002ms
[labev] t=455260.397 ev.verify=11.201ms
[labev] t=455260.399 ev.finalize=1.679ms
[labev] t=455260.399 ev.propose=0.002ms
[labev] t=455260.410 ev.verify=11.465ms
[labev] t=455260.412 ev.finalize=1.606ms
[labev] t=455260.412 ev.propose=0.002ms
[labev] t=455260.423 ev.verify=11.346ms
[labev] t=455260.425 ev.finalize=1.683ms
[labev] t=455260.425 ev.propose=0.002ms
[labev] t=455260.437 ev.verify=11.444ms
[labev] t=455260.438 ev.finalize=1.571ms
[labev] t=455260.438 ev.propose=0.002ms
[labev] t=455260.450 ev.verify=11.206ms
[labev] t=455260.452 ev.finalize=2.314ms
[labev] t=455260.452 ev.propose=0.002ms
[labev] t=455260.464 ev.verify=11.475ms
[labev] t=455260.465 ev.finalize=1.681ms
[labev] t=455260.465 ev.propose=0.002ms
[labev] t=455260.477 ev.verify=11.385ms
[labev] t=455260.478 ev.finalize=1.690ms
[labev] t=455260.479 ev.propose=0.002ms
[labev] t=455260.490 ev.verify=11.179ms
[labev] t=455260.492 ev.finalize=1.695ms
[labev] t=455260.492 ev.propose=0.002ms
[labev] t=455260.503 ev.verify=11.243ms
[labev] t=455260.505 ev.finalize=1.677ms
[labev] t=455260.505 ev.propose=0.002ms
[labev] t=455260.516 ev.verify=11.270ms
[labev] t=455260.518 ev.finalize=1.658ms
[labev] t=455260.518 ev.propose=0.002ms
[labev] t=455260.529 ev.verify=11.477ms
[labev] t=455260.531 ev.finalize=1.686ms
[labev] t=455260.531 ev.propose=0.002ms
[labev] t=455260.542 ev.verify=11.298ms
[labev] t=455260.544 ev.finalize=1.679ms
[labev] t=455260.544 ev.propose=0.002ms
[labev] t=455260.556 ev.verify=11.239ms
[labev] t=455260.557 ev.finalize=1.666ms
[labev] t=455260.557 ev.propose=0.002ms
[labev] t=455260.569 ev.verify=11.463ms
[labev] t=455260.570 ev.finalize=1.668ms
[labev] t=455260.571 ev.propose=0.002ms
[labev] t=455260.582 ev.verify=11.492ms
[labev] t=455260.584 ev.finalize=1.696ms
[labev] t=455260.584 ev.propose=0.002ms
[labev] t=455260.595 ev.verify=11.435ms
[labev] t=455260.597 ev.finalize=1.665ms
[labev] t=455260.597 ev.propose=0.002ms
[labev] t=455260.608 ev.verify=11.275ms
[labev] t=455260.610 ev.finalize=1.695ms
[labev] t=455260.610 ev.propose=0.002ms
[labev] t=455260.622 ev.verify=11.268ms
[labev] t=455260.623 ev.finalize=1.709ms
[labev] t=455260.623 ev.propose=0.002ms
[labev] t=455260.635 ev.verify=11.258ms
[labev] t=455260.636 ev.finalize=1.582ms
[labev] t=455260.636 ev.propose=0.002ms
[labev] t=455260.648 ev.verify=11.453ms
[labev] t=455260.650 ev.finalize=1.673ms
[labev] t=455260.650 ev.propose=0.002ms
[labev] t=455260.661 ev.verify=11.465ms
[labev] t=455260.663 ev.finalize=1.553ms
[labev] t=455260.663 ev.propose=0.002ms
[labev] t=455260.674 ev.verify=11.383ms
[labev] t=455260.677 ev.finalize=2.339ms
[labev] t=455260.677 ev.propose=0.002ms
[labev] t=455260.688 ev.verify=11.540ms
[labev] t=455260.690 ev.finalize=1.678ms
[labev] t=455260.690 ev.propose=0.002ms
[labev] t=455260.702 ev.verify=11.317ms
[labev] t=455260.703 ev.finalize=1.561ms
[labev] t=455260.703 ev.propose=0.002ms
[labev] t=455260.715 ev.verify=11.394ms
[labev] t=455260.716 ev.finalize=1.677ms
[labev] t=455260.716 ev.propose=0.002ms
[labev] t=455260.728 ev.verify=11.209ms
[labev] t=455260.729 ev.finalize=1.795ms
[labev] t=455260.730 ev.propose=0.002ms
[labev] t=455260.741 ev.verify=11.215ms
[labev] t=455260.743 ev.finalize=1.700ms
[labev] t=455260.743 ev.propose=0.002ms
[labev] t=455260.754 ev.verify=11.482ms
[labev] t=455260.756 ev.finalize=1.687ms
[labev] t=455260.756 ev.propose=0.002ms
[labev] t=455260.767 ev.verify=11.307ms
[labev] t=455260.769 ev.finalize=1.656ms
[labev] t=455260.769 ev.propose=0.002ms
[labev] t=455260.781 ev.verify=11.475ms
[labev] t=455260.782 ev.finalize=1.685ms
[labev] t=455260.782 ev.propose=0.002ms
[labev] t=455260.794 ev.verify=11.379ms
[labev] t=455260.796 ev.finalize=1.685ms
[labev] t=455260.796 ev.propose=0.002ms
[labev] t=455260.807 ev.verify=11.411ms
[labev] t=455260.809 ev.finalize=1.732ms
[labev] t=455260.809 ev.propose=0.002ms
[labev] t=455260.820 ev.verify=11.435ms
[labev] t=455260.822 ev.finalize=1.688ms
[labev] t=455260.822 ev.propose=0.002ms
[labev] t=455260.834 ev.verify=11.351ms
[labev] t=455260.835 ev.finalize=1.684ms
[labev] t=455260.835 ev.propose=0.002ms
[labev] t=455260.847 ev.verify=11.340ms
[labev] t=455260.848 ev.finalize=1.661ms
[labev] t=455260.849 ev.propose=0.002ms
[labev] t=455260.860 ev.verify=11.331ms
[labev] t=455260.862 ev.finalize=1.695ms
[labev] t=455260.862 ev.propose=0.002ms
[labev] t=455260.873 ev.verify=11.375ms
[labev] t=455260.875 ev.finalize=1.683ms
[labev] t=455260.875 ev.propose=0.002ms
[labev] t=455260.886 ev.verify=11.387ms
[labev] t=455260.888 ev.finalize=1.566ms
[labev] t=455260.888 ev.propose=0.002ms
[labev] t=455260.900 ev.verify=11.456ms
[labev] t=455260.902 ev.finalize=2.343ms
[labev] t=455260.902 ev.propose=0.002ms
[labev] t=455260.914 ev.verify=11.497ms
[labev] t=455260.915 ev.finalize=1.673ms
[labev] t=455260.915 ev.propose=0.002ms
[labev] t=455260.927 ev.verify=11.412ms
[labev] t=455260.928 ev.finalize=1.572ms
[labev] t=455260.929 ev.propose=0.002ms
[labev] t=455260.940 ev.verify=11.337ms
[labev] t=455260.942 ev.finalize=1.697ms
[labev] t=455260.942 ev.propose=0.002ms
[labev] t=455260.953 ev.verify=11.257ms
[labev] t=455260.955 ev.finalize=1.584ms
[labev] t=455260.955 ev.propose=0.002ms
[labev] t=455260.966 ev.verify=11.426ms
[labev] t=455260.968 ev.finalize=1.683ms
[labev] t=455260.968 ev.propose=0.002ms
[labev] t=455260.979 ev.verify=11.341ms
[labev] t=455260.981 ev.finalize=1.691ms
[labev] t=455260.981 ev.propose=0.002ms
[labev] t=455260.992 ev.verify=11.262ms
[labev] t=455260.994 ev.finalize=1.680ms
[labev] t=455260.994 ev.propose=0.002ms
[labev] t=455261.006 ev.verify=11.244ms
[labev] t=455261.007 ev.finalize=1.573ms
[labev] t=455261.007 ev.propose=0.002ms
[labev] t=455261.019 ev.verify=11.559ms
[labev] t=455261.021 ev.finalize=1.672ms
[labev] t=455261.021 ev.propose=0.002ms
[labev] t=455261.032 ev.verify=11.327ms
[labev] t=455261.034 ev.finalize=1.687ms
[labev] t=455261.034 ev.propose=0.002ms
[labev] t=455261.045 ev.verify=11.590ms
[labev] t=455261.047 ev.finalize=1.700ms
[labev] t=455261.047 ev.propose=0.002ms
[labev] t=455261.059 ev.verify=11.417ms
[labev] t=455261.060 ev.finalize=1.680ms
[labev] t=455261.060 ev.propose=0.002ms
[labev] t=455261.072 ev.verify=11.340ms
[labev] t=455261.074 ev.finalize=1.692ms
[labev] t=455261.074 ev.propose=0.002ms
[labev] t=455261.085 ev.verify=11.527ms
[labev] t=455261.087 ev.finalize=1.677ms
[labev] t=455261.087 ev.propose=0.002ms
[labev] t=455261.098 ev.verify=11.368ms
[labev] t=455261.100 ev.finalize=1.692ms
[labev] t=455261.100 ev.propose=0.002ms
[labev] t=455261.112 ev.verify=11.566ms
[labev] t=455261.114 ev.finalize=1.688ms
[labev] t=455261.114 ev.propose=0.002ms
[labev] t=455261.125 ev.verify=11.722ms
[labev] t=455261.127 ev.finalize=1.697ms
[labev] t=455261.127 ev.propose=0.002ms
[labev] t=455261.139 ev.verify=11.458ms
[labev] t=455261.141 ev.finalize=2.370ms
[labev] t=455261.141 ev.propose=0.002ms
[labev] t=455261.153 ev.verify=11.284ms
[labev] t=455261.154 ev.finalize=1.679ms
[labev] t=455261.154 ev.propose=0.002ms
[labev] t=455261.166 ev.verify=11.410ms
[labev] t=455261.167 ev.finalize=1.690ms
[labev] t=455261.168 ev.propose=0.001ms
[labev] t=455261.179 ev.verify=11.424ms
[labev] t=455261.181 ev.finalize=1.680ms
[labev] t=455261.181 ev.propose=0.002ms
[labev] t=455261.192 ev.verify=11.547ms
[labev] t=455261.194 ev.finalize=1.680ms
[labev] t=455261.194 ev.propose=0.002ms
[labev] t=455261.206 ev.verify=11.385ms
[labev] t=455261.207 ev.finalize=1.672ms
[labev] t=455261.207 ev.propose=0.002ms
[labev] t=455261.219 ev.verify=11.461ms
[labev] t=455261.221 ev.finalize=1.677ms
[labev] t=455261.221 ev.propose=0.002ms
[labev] t=455261.232 ev.verify=11.493ms
[labev] t=455261.234 ev.finalize=1.573ms
[labev] t=455261.234 ev.propose=0.002ms
[labev] t=455261.245 ev.verify=11.413ms
[labev] t=455261.247 ev.finalize=1.695ms
[labev] t=455261.247 ev.propose=0.002ms
[labev] t=455261.259 ev.verify=11.485ms
[labev] t=455261.260 ev.finalize=1.573ms
[labev] t=455261.260 ev.propose=0.002ms
[labev] t=455261.272 ev.verify=11.462ms
[labev] t=455261.274 ev.finalize=1.701ms
[labev] t=455261.274 ev.propose=0.002ms
[labev] t=455261.285 ev.verify=11.462ms
[labev] t=455261.287 ev.finalize=1.696ms
[labev] t=455261.287 ev.propose=0.002ms
[labev] t=455261.299 ev.verify=11.491ms
[labev] t=455261.300 ev.finalize=1.564ms
[labev] t=455261.300 ev.propose=0.002ms
[labev] t=455261.312 ev.verify=11.559ms
[labev] t=455261.313 ev.finalize=1.575ms
[labev] t=455261.314 ev.propose=0.002ms
[labev] t=455261.325 ev.verify=11.426ms
[labev] t=455261.327 ev.finalize=1.687ms
[labev] t=455261.327 ev.propose=0.002ms
[labev] t=455261.338 ev.verify=11.324ms
[labev] t=455261.340 ev.finalize=1.568ms
[labev] t=455261.340 ev.propose=0.002ms
[labev] t=455261.351 ev.verify=11.479ms
[labev] t=455261.353 ev.finalize=1.554ms
[labev] t=455261.353 ev.propose=0.002ms
[labev] t=455261.365 ev.verify=11.462ms
[labev] t=455261.366 ev.finalize=1.565ms
[labev] t=455261.366 ev.propose=0.002ms
[labev] t=455261.378 ev.verify=11.353ms
[labev] t=455261.379 ev.finalize=1.552ms
[labev] t=455261.379 ev.propose=0.002ms
[labev] t=455261.391 ev.verify=11.329ms
[labev] t=455261.392 ev.finalize=1.680ms
[labev] t=455261.392 ev.propose=0.002ms
[labev] t=455261.404 ev.verify=11.354ms
[labev] t=455261.406 ev.finalize=2.357ms
[labev] t=455261.406 ev.propose=0.002ms
[labev] t=455261.418 ev.verify=11.567ms
[labev] t=455261.420 ev.finalize=1.590ms
[labev] t=455261.420 ev.propose=0.002ms
[labev] t=455261.431 ev.verify=11.288ms
[labev] t=455261.433 ev.finalize=1.704ms
[labev] t=455261.433 ev.propose=0.002ms
[labev] t=455261.444 ev.verify=11.189ms
[labev] t=455261.446 ev.finalize=1.693ms
[labev] t=455261.446 ev.propose=0.002ms
[labev] t=455261.457 ev.verify=11.394ms
[labev] t=455261.459 ev.finalize=1.705ms
[labev] t=455261.459 ev.propose=0.002ms
[labev] t=455261.471 ev.verify=11.540ms
[labev] t=455261.472 ev.finalize=1.687ms
[labev] t=455261.472 ev.propose=0.002ms
[labev] t=455261.484 ev.verify=11.367ms
[labev] t=455261.486 ev.finalize=1.681ms
[labev] t=455261.486 ev.propose=0.002ms
[labev] t=455261.497 ev.verify=11.473ms
[labev] t=455261.499 ev.finalize=1.679ms
[labev] t=455261.499 ev.propose=0.002ms
[labev] t=455261.510 ev.verify=11.391ms
[labev] t=455261.512 ev.finalize=1.680ms
[labev] t=455261.512 ev.propose=0.002ms
[labev] t=455261.524 ev.verify=11.398ms
[labev] t=455261.525 ev.finalize=1.704ms
[labev] t=455261.525 ev.propose=0.002ms
[labev] t=455261.537 ev.verify=11.384ms
[labev] t=455261.539 ev.finalize=1.687ms
[labev] t=455261.539 ev.propose=0.002ms
[labev] t=455261.550 ev.verify=11.448ms
[labev] t=455261.552 ev.finalize=1.667ms
[labev] t=455261.552 ev.propose=0.002ms
[labev] t=455261.563 ev.verify=11.355ms
[labev] t=455261.565 ev.finalize=1.682ms
[labev] t=455261.565 ev.propose=0.002ms
[labev] t=455261.577 ev.verify=11.376ms
[labev] t=455261.578 ev.finalize=1.653ms
[labev] t=455261.578 ev.propose=0.002ms
[labev] t=455261.590 ev.verify=11.283ms
[labev] t=455261.591 ev.finalize=1.693ms
[labev] t=455261.591 ev.propose=0.002ms
[labev] t=455261.603 ev.verify=11.352ms
[labev] t=455261.605 ev.finalize=1.685ms
[labev] t=455261.605 ev.propose=0.002ms
[labev] t=455261.616 ev.verify=11.500ms
[labev] t=455261.619 ev.finalize=2.350ms
[labev] t=455261.619 ev.propose=0.002ms
[labev] t=455261.630 ev.verify=11.341ms
[labev] t=455261.632 ev.finalize=1.675ms
[labev] t=455261.632 ev.propose=0.002ms
[labev] t=455261.643 ev.verify=11.224ms
[labev] t=455261.645 ev.finalize=1.691ms
[labev] t=455261.645 ev.propose=0.002ms
[labev] t=455261.656 ev.verify=11.288ms
[labev] t=455261.658 ev.finalize=1.701ms
[labev] t=455261.658 ev.propose=0.002ms
[labev] t=455261.669 ev.verify=11.355ms
[labev] t=455261.671 ev.finalize=1.667ms
[labev] t=455261.671 ev.propose=0.002ms
[labev] t=455261.683 ev.verify=11.471ms
[labev] t=455261.684 ev.finalize=1.661ms
[labev] t=455261.685 ev.propose=0.002ms
[labev] t=455261.696 ev.verify=11.291ms
[labev] t=455261.698 ev.finalize=1.669ms
[labev] t=455261.698 ev.propose=0.002ms
[labev] t=455261.709 ev.verify=11.286ms
[labev] t=455261.711 ev.finalize=1.678ms
[labev] t=455261.711 ev.propose=0.002ms
[labev] t=455261.722 ev.verify=11.346ms
[labev] t=455261.724 ev.finalize=1.677ms
[labev] t=455261.724 ev.propose=0.002ms
[labev] t=455261.735 ev.verify=11.399ms
[labev] t=455261.737 ev.finalize=1.564ms
[labev] t=455261.737 ev.propose=0.002ms
[labev] t=455261.748 ev.verify=11.287ms
[labev] t=455261.750 ev.finalize=1.664ms
[labev] t=455261.750 ev.propose=0.002ms
[labev] t=455261.762 ev.verify=11.465ms
[labev] t=455261.763 ev.finalize=1.766ms
[labev] t=455261.764 ev.propose=0.002ms
[labev] t=455261.775 ev.verify=11.271ms
[labev] t=455261.777 ev.finalize=1.665ms
[labev] t=455261.777 ev.propose=0.002ms
[labev] t=455261.788 ev.verify=11.443ms
[labev] t=455261.790 ev.finalize=1.670ms
[labev] t=455261.790 ev.propose=0.002ms
[labev] t=455261.801 ev.verify=11.251ms
[labev] t=455261.803 ev.finalize=1.662ms
[labev] t=455261.803 ev.propose=0.002ms
[labev] t=455261.814 ev.verify=11.212ms
[labev] t=455261.816 ev.finalize=1.691ms
[labev] t=455261.816 ev.propose=0.002ms
[labev] t=455261.827 ev.verify=11.352ms
[labev] t=455261.829 ev.finalize=1.719ms
[labev] t=455261.829 ev.propose=0.002ms
[labev] t=455261.841 ev.verify=11.469ms
[labev] t=455261.843 ev.finalize=2.347ms
[labev] t=455261.843 ev.propose=0.002ms
[labev] t=455261.855 ev.verify=11.467ms
[labev] t=455261.856 ev.finalize=1.683ms
[labev] t=455261.857 ev.propose=0.002ms
[labev] t=455261.868 ev.verify=11.343ms
[labev] t=455261.870 ev.finalize=1.571ms
[labev] t=455261.870 ev.propose=0.002ms
[labev] t=455261.881 ev.verify=11.277ms
[labev] t=455261.883 ev.finalize=1.554ms
[labev] t=455261.883 ev.propose=0.002ms
[labev] t=455261.894 ev.verify=11.358ms
[labev] t=455261.896 ev.finalize=1.582ms
[labev] t=455261.896 ev.propose=0.002ms
[labev] t=455261.907 ev.verify=11.457ms
[labev] t=455261.909 ev.finalize=1.581ms
[labev] t=455261.909 ev.propose=0.002ms
[labev] t=455261.920 ev.verify=11.275ms
[labev] t=455261.922 ev.finalize=1.709ms
[labev] t=455261.922 ev.propose=0.002ms
[labev] t=455261.933 ev.verify=11.281ms
[labev] t=455261.935 ev.finalize=1.690ms
[labev] t=455261.935 ev.propose=0.002ms
[labev] t=455261.947 ev.verify=11.379ms
[labev] t=455261.948 ev.finalize=1.586ms
[labev] t=455261.948 ev.propose=0.002ms
[labev] t=455261.960 ev.verify=11.349ms
[labev] t=455261.961 ev.finalize=1.687ms
[labev] t=455261.961 ev.propose=0.002ms
[labev] t=455261.973 ev.verify=11.417ms
[labev] t=455261.975 ev.finalize=1.720ms
[labev] t=455261.975 ev.propose=0.002ms
[labev] t=455261.986 ev.verify=11.474ms
[labev] t=455261.988 ev.finalize=1.706ms
[labev] t=455261.988 ev.propose=0.002ms
[labev] t=455262.000 ev.verify=11.456ms
[labev] t=455262.001 ev.finalize=1.702ms
[labev] t=455262.001 ev.propose=0.002ms
[labev] t=455262.013 ev.verify=11.546ms
[labev] t=455262.015 ev.finalize=1.695ms
[labev] t=455262.015 ev.propose=0.002ms
[labev] t=455262.026 ev.verify=11.183ms
[labev] t=455262.028 ev.finalize=1.687ms
[labev] t=455262.028 ev.propose=0.002ms
[labev] t=455262.039 ev.verify=11.422ms
[labev] t=455262.041 ev.finalize=1.597ms
[labev] t=455262.041 ev.propose=0.002ms
[labev] t=455262.053 ev.verify=11.475ms
[labev] t=455262.054 ev.finalize=1.706ms
[labev] t=455262.054 ev.propose=0.002ms
[labev] t=455262.066 ev.verify=11.313ms
[labev] t=455262.067 ev.finalize=1.706ms
[labev] t=455262.068 ev.propose=0.002ms
[labev] t=455262.079 ev.verify=11.379ms
[labev] t=455262.081 ev.finalize=1.706ms
[labev] t=455262.081 ev.propose=0.002ms
[labev] t=455262.092 ev.verify=11.327ms
[labev] t=455262.094 ev.finalize=2.255ms
[labev] t=455262.094 ev.propose=0.002ms
[labev] t=455262.106 ev.verify=11.256ms
[labev] t=455262.107 ev.finalize=1.705ms
[labev] t=455262.108 ev.propose=0.002ms
[labev] t=455262.119 ev.verify=11.396ms
[labev] t=455262.121 ev.finalize=1.692ms
[labev] t=455262.121 ev.propose=0.002ms
[labev] t=455262.132 ev.verify=11.263ms
[labev] t=455262.134 ev.finalize=1.699ms
[labev] t=455262.134 ev.propose=0.002ms
[labev] t=455262.145 ev.verify=11.236ms
[labev] t=455262.147 ev.finalize=1.692ms
[labev] t=455262.147 ev.propose=0.002ms
[labev] t=455262.159 ev.verify=11.450ms
[labev] t=455262.160 ev.finalize=1.574ms
[labev] t=455262.160 ev.propose=0.002ms
[labev] t=455262.171 ev.verify=11.241ms
[labev] t=455262.173 ev.finalize=1.575ms
[labev] t=455262.173 ev.propose=0.002ms
[labev] t=455262.184 ev.verify=11.214ms
[labev] t=455262.186 ev.finalize=1.566ms
[labev] t=455262.186 ev.propose=0.002ms
[labev] t=455262.198 ev.verify=11.435ms
[labev] t=455262.199 ev.finalize=1.688ms
[labev] t=455262.201 req.start s1-p4096-o512-b9-r0=0.000ms
[labev] t=455262.201 req.handle=0.019ms
[labev] t=455262.222 tok.prepare=20.779ms
event=batching_admitted action=scheduler_admitted
[labev] t=455262.473 chunk.ord.total=251.404ms
[labev] t=455262.724 chunk.ord.total=250.376ms
[labev] t=455262.980 chunk.ord.total=256.498ms
[labev] t=455263.240 chunk.ord.total=259.162ms
[labev] t=455263.501 chunk.ord.total=261.182ms
[labev] t=455263.763 chunk.ord.total=262.116ms
[labev] t=455264.030 chunk.ord.total=266.782ms
[labev] t=455264.337 chunk.ord.total=306.684ms
[labev] t=455264.337 req.firsttoken s1-p4096-o512-b9-r0=2136.088ms
[labev] t=455264.474 ev.decode.rows1.cap0=137.003ms
[labev] t=455264.610 ev.decode.rows1.cap0=136.037ms
[labev] t=455264.746 ev.decode.rows1.cap0=136.106ms
[labev] t=455264.883 ev.decode.rows1.cap0=136.248ms
[labev] t=455265.018 ev.decode.rows1.cap0=135.780ms
[labev] t=455265.155 ev.decode.rows1.cap0=136.034ms
[labev] t=455265.299 ev.decode.rows1.cap0=143.952ms
[labev] t=455265.444 ev.decode.rows1.cap0=145.315ms
[labev] t=455265.580 ev.decode.rows1.cap0=136.344ms
[labev] t=455265.717 ev.decode.rows1.cap0=136.692ms
[labev] t=455265.854 ev.decode.rows1.cap0=136.163ms
[labev] t=455265.990 ev.decode.rows1.cap0=136.410ms
[labev] t=455266.126 ev.decode.rows1.cap0=136.025ms
[labev] t=455266.263 ev.decode.rows1.cap0=136.300ms
[labev] t=455266.400 ev.decode.rows1.cap0=136.846ms
[labev] t=455266.536 ev.decode.rows1.cap0=136.466ms
[labev] t=455266.674 ev.decode.rows1.cap0=137.959ms
[labev] t=455266.811 ev.decode.rows1.cap0=136.254ms
[labev] t=455266.947 ev.decode.rows1.cap0=136.460ms
[labev] t=455267.084 ev.decode.rows1.cap0=136.729ms
[labev] t=455267.221 ev.decode.rows1.cap0=136.525ms
[labev] t=455267.357 ev.decode.rows1.cap0=136.527ms
[labev] t=455267.494 ev.decode.rows1.cap0=136.375ms
[labev] t=455267.630 ev.decode.rows1.cap0=135.933ms
[labev] t=455267.766 ev.decode.rows1.cap0=136.467ms
[labev] t=455267.903 ev.decode.rows1.cap0=136.496ms
[labev] t=455268.040 ev.decode.rows1.cap0=136.732ms
[labev] t=455268.177 ev.decode.rows1.cap0=136.867ms
[labprof] d0.performDecode.call=136.580ms/n60 f0.finalize.total=1.690ms/n280 f1.finalize.build=0.515ms/n280 f2.finalize.eval=1.136ms/n280 fc.finalize.call=1.695ms/n280 o1.ord.build=1.196ms/n964 o2.ord.eval=7.322ms/n964 p0.propose=0.002ms/n280 r0.round.interval=13.201ms/n279 s1.native.prefill.target=40.370ms/n8 s1.ord.prefill.target=40.207ms/n8 s2.native.prefill.drafter+eval=245.117ms/n8 s2.ord.prefill.eval=199.211ms/n9 s9.native.prefill.chunk.total=285.526ms/n8 s9.ord.prefill.chunk.total=269.000ms/n9 v0.verify.call=11.344ms/n280 v1.verify.build=0.856ms/n280 v2.verify.eval=10.375ms/n280
[labev] t=455268.313 ev.decode.rows1.cap0=136.453ms
[labev] t=455268.450 ev.decode.rows1.cap0=136.882ms
[labev] t=455268.587 ev.decode.rows1.cap0=136.572ms
[labev] t=455268.715 ev.decode.rows1.cap0=127.947ms
exit=0 tag=w6-on1 end 17:20:42
