start 17:20:42 tag=w6-on2 bin=3e4b1855f7c9bd2d env=MLX_LM_QWEN35_COMPILED_VERIFY=1 MACPROVIDER_LAB_DUMP_DIR=<studio-home>/lab-332/mtp/dumps/w6-on2
[labev] t=455303.833 chunk.ord.total=245.060ms
[labev] t=455303.847 chunk.ord.total=14.088ms
[labev] t=455303.856 ev.decode.rows1.cap0=8.822ms
[labev] t=455303.865 ev.decode.rows1.cap0=8.692ms
[labev] t=455303.874 ev.decode.rows1.cap0=8.668ms
[labev] t=455303.882 ev.decode.rows1.cap0=8.643ms
[labev] t=455303.891 ev.decode.rows1.cap0=8.612ms
[labev] t=455303.900 ev.decode.rows1.cap0=8.614ms
[labev] t=455303.908 ev.decode.rows1.cap0=8.597ms
[labev] t=455303.917 ev.decode.rows1.cap0=8.614ms
[labev] t=455303.926 ev.decode.rows1.cap0=8.622ms
[labev] t=455303.934 ev.decode.rows1.cap0=8.803ms
[labev] t=455303.943 ev.decode.rows1.cap0=8.638ms
[labev] t=455303.952 ev.decode.rows1.cap0=8.597ms
[labev] t=455303.961 ev.decode.rows1.cap0=8.701ms
[labev] t=455303.969 ev.decode.rows1.cap0=8.670ms
[labev] t=455303.978 ev.decode.rows1.cap0=8.637ms
[labev] t=455303.987 ev.decode.rows1.cap0=8.614ms
[labev] t=455303.995 ev.decode.rows1.cap0=8.638ms
[labev] t=455304.004 ev.decode.rows1.cap0=8.659ms
[labev] t=455304.013 ev.decode.rows1.cap0=8.655ms
[labev] t=455304.021 ev.decode.rows1.cap0=8.680ms
[labev] t=455304.030 ev.decode.rows1.cap0=8.533ms
[labev] t=455304.038 ev.decode.rows1.cap0=8.616ms
[labev] t=455304.047 ev.decode.rows1.cap0=8.617ms
[labev] t=455304.056 ev.decode.rows1.cap0=8.654ms
[labev] t=455304.064 ev.decode.rows1.cap0=8.568ms
[labev] t=455304.073 ev.decode.rows1.cap0=8.637ms
[labev] t=455304.082 ev.decode.rows1.cap0=8.646ms
[labev] t=455304.090 ev.decode.rows1.cap0=8.616ms
[labev] t=455304.099 ev.decode.rows1.cap0=8.645ms
[labev] t=455304.108 ev.decode.rows1.cap0=8.740ms
[labev] t=455304.117 ev.decode.rows1.cap0=8.626ms
[labev] t=455304.125 ev.decode.rows1.cap0=8.614ms
[labev] t=455304.134 ev.decode.rows1.cap0=8.583ms
[labev] t=455304.142 ev.decode.rows1.cap0=8.596ms
[labev] t=455304.151 ev.decode.rows1.cap0=8.627ms
[labev] t=455304.160 ev.decode.rows1.cap0=8.578ms
[labev] t=455304.168 ev.decode.rows1.cap0=8.534ms
[labev] t=455304.177 ev.decode.rows1.cap0=8.641ms
[labev] t=455304.185 ev.decode.rows1.cap0=8.571ms
[labev] t=455304.194 ev.decode.rows1.cap0=8.583ms
[labev] t=455304.203 ev.decode.rows1.cap0=8.634ms
[labev] t=455304.211 ev.decode.rows1.cap0=8.624ms
[labev] t=455304.220 ev.decode.rows1.cap0=8.584ms
[labev] t=455304.229 ev.decode.rows1.cap0=8.675ms
[labev] t=455304.237 ev.decode.rows1.cap0=8.670ms
[labev] t=455304.246 ev.decode.rows1.cap0=8.656ms
[labev] t=455304.255 ev.decode.rows1.cap0=8.653ms
[labev] t=455304.709 ev.decode.rows2.cap0=12.337ms
[labev] t=455304.722 ev.decode.rows2.cap0=12.250ms
[labev] t=455304.734 ev.decode.rows2.cap0=12.146ms
[labev] t=455304.746 ev.decode.rows2.cap0=12.139ms
[labev] t=455304.758 ev.decode.rows2.cap0=12.052ms
[labev] t=455304.770 ev.decode.rows2.cap0=12.239ms
[labev] t=455304.783 ev.decode.rows2.cap0=12.217ms
[labev] t=455304.795 ev.decode.rows2.cap0=12.156ms
[labev] t=455304.807 ev.decode.rows2.cap0=12.184ms
[labev] t=455304.819 ev.decode.rows2.cap0=12.132ms
[labev] t=455304.831 ev.decode.rows2.cap0=12.159ms
[labev] t=455304.844 ev.decode.rows2.cap0=12.154ms
[labev] t=455304.856 ev.decode.rows2.cap0=12.093ms
[labev] t=455304.868 ev.decode.rows2.cap0=12.164ms
[labev] t=455304.880 ev.decode.rows2.cap0=12.158ms
[labev] t=455304.892 ev.decode.rows2.cap0=12.176ms
[labev] t=455304.905 ev.decode.rows2.cap0=12.132ms
[labev] t=455304.917 ev.decode.rows2.cap0=12.193ms
[labev] t=455304.929 ev.decode.rows2.cap0=12.211ms
[labev] t=455304.941 ev.decode.rows2.cap0=12.199ms
[labev] t=455304.953 ev.decode.rows2.cap0=12.149ms
[labev] t=455304.966 ev.decode.rows2.cap0=12.142ms
[labev] t=455304.978 ev.decode.rows2.cap0=12.377ms
[labev] t=455304.990 ev.decode.rows2.cap0=12.232ms
[labev] t=455305.003 ev.decode.rows2.cap0=12.173ms
[labev] t=455305.015 ev.decode.rows2.cap0=12.035ms
[labev] t=455305.027 ev.decode.rows2.cap0=12.185ms
[labev] t=455305.039 ev.decode.rows2.cap0=12.152ms
[labev] t=455305.051 ev.decode.rows2.cap0=12.159ms
[labev] t=455305.063 ev.decode.rows2.cap0=12.161ms
[labev] t=455305.076 ev.decode.rows2.cap0=12.082ms
[labev] t=455305.088 ev.decode.rows2.cap0=12.165ms
[labev] t=455305.100 ev.decode.rows2.cap0=12.210ms
[labev] t=455305.112 ev.decode.rows2.cap0=12.152ms
[labev] t=455305.124 ev.decode.rows2.cap0=12.210ms
[labev] t=455305.137 ev.decode.rows2.cap0=12.133ms
[labev] t=455305.149 ev.decode.rows2.cap0=12.153ms
[labev] t=455305.161 ev.decode.rows2.cap0=12.142ms
[labev] t=455305.173 ev.decode.rows2.cap0=12.019ms
[labev] t=455305.185 ev.decode.rows2.cap0=12.094ms
[labev] t=455305.197 ev.decode.rows2.cap0=12.075ms
[labev] t=455305.209 ev.decode.rows2.cap0=12.171ms
[labev] t=455305.222 ev.decode.rows2.cap0=12.120ms
[labev] t=455305.234 ev.decode.rows2.cap0=12.138ms
[labev] t=455305.246 ev.decode.rows2.cap0=12.181ms
[labev] t=455305.258 ev.decode.rows2.cap0=12.174ms
[labev] t=455305.270 ev.decode.rows2.cap0=12.197ms
[labev] t=455305.298 chunk.ord.total=27.745ms
[labev] t=455305.326 chunk.ord.total=27.164ms
[labev] t=455305.338 ev.decode.rows2.cap0=12.025ms
[paged-kv] moe-isolation first prefill=[271,271] serial=[271,271] decodeA=[248068] serialA=[248068] decodeB=[248068] serialB=[248068]
[labev] t=455305.469 chunk.ord.total=27.944ms
[labev] t=455305.481 ev.decode.rows2.cap0=11.927ms
[paged-kv] moe-isolation rejoin decodeA=[198] serialA=[198] decodeB=[248068] serialB=[248068]
[paged-kv] batched-isolation model=qwen/qwen3.6-35b-a3b challenge pair 0 not distinguishing; trying next
[labev] t=455306.936 chunk.ord.total=240.682ms
[labev] t=455306.945 chunk.ord.total=8.605ms
[labev] t=455306.954 ev.decode.rows1.cap0=8.603ms
[labev] t=455306.962 ev.decode.rows1.cap0=8.648ms
[labev] t=455306.971 ev.decode.rows1.cap0=8.651ms
[labev] t=455306.980 ev.decode.rows1.cap0=8.537ms
[labev] t=455306.988 ev.decode.rows1.cap0=8.541ms
[labev] t=455306.997 ev.decode.rows1.cap0=8.574ms
[labev] t=455307.005 ev.decode.rows1.cap0=8.534ms
[labev] t=455307.014 ev.decode.rows1.cap0=8.572ms
[labev] t=455307.022 ev.decode.rows1.cap0=8.560ms
[labev] t=455307.031 ev.decode.rows1.cap0=8.611ms
[labev] t=455307.040 ev.decode.rows1.cap0=8.609ms
[labev] t=455307.048 ev.decode.rows1.cap0=8.618ms
[labev] t=455307.057 ev.decode.rows1.cap0=8.631ms
[labev] t=455307.066 ev.decode.rows1.cap0=8.703ms
[labev] t=455307.074 ev.decode.rows1.cap0=8.616ms
[labev] t=455307.083 ev.decode.rows1.cap0=8.615ms
[labev] t=455307.092 ev.decode.rows1.cap0=8.663ms
[labev] t=455307.100 ev.decode.rows1.cap0=8.652ms
[labev] t=455307.109 ev.decode.rows1.cap0=8.676ms
[labev] t=455307.118 ev.decode.rows1.cap0=8.638ms
[labev] t=455307.127 ev.decode.rows1.cap0=8.609ms
[labev] t=455307.135 ev.decode.rows1.cap0=8.655ms
[labev] t=455307.144 ev.decode.rows1.cap0=8.616ms
[labev] t=455307.152 ev.decode.rows1.cap0=8.576ms
[labev] t=455307.161 ev.decode.rows1.cap0=8.748ms
[labev] t=455307.170 ev.decode.rows1.cap0=8.654ms
[labev] t=455307.179 ev.decode.rows1.cap0=8.642ms
[labev] t=455307.187 ev.decode.rows1.cap0=8.677ms
[labev] t=455307.196 ev.decode.rows1.cap0=8.598ms
[labev] t=455307.205 ev.decode.rows1.cap0=8.613ms
[labev] t=455307.213 ev.decode.rows1.cap0=8.635ms
[labev] t=455307.222 ev.decode.rows1.cap0=8.645ms
[labev] t=455307.231 ev.decode.rows1.cap0=8.610ms
[labev] t=455307.239 ev.decode.rows1.cap0=8.581ms
[labev] t=455307.248 ev.decode.rows1.cap0=8.593ms
[labev] t=455307.256 ev.decode.rows1.cap0=8.584ms
[labev] t=455307.265 ev.decode.rows1.cap0=8.562ms
[labev] t=455307.274 ev.decode.rows1.cap0=8.564ms
[labev] t=455307.282 ev.decode.rows1.cap0=8.603ms
[labev] t=455307.291 ev.decode.rows1.cap0=8.602ms
[labev] t=455307.299 ev.decode.rows1.cap0=8.564ms
[labev] t=455307.308 ev.decode.rows1.cap0=8.588ms
[labev] t=455307.317 ev.decode.rows1.cap0=8.546ms
[labev] t=455307.325 ev.decode.rows1.cap0=8.613ms
[labev] t=455307.334 ev.decode.rows1.cap0=8.649ms
[labev] t=455307.343 ev.decode.rows1.cap0=8.718ms
[labev] t=455307.351 ev.decode.rows1.cap0=8.581ms
[labev] t=455307.800 ev.decode.rows2.cap0=12.171ms
[labev] t=455307.812 ev.decode.rows2.cap0=12.197ms
[labev] t=455307.824 ev.decode.rows2.cap0=12.095ms
[labev] t=455307.836 ev.decode.rows2.cap0=12.066ms
[labev] t=455307.849 ev.decode.rows2.cap0=12.168ms
[labev] t=455307.861 ev.decode.rows2.cap0=12.072ms
[labev] t=455307.873 ev.decode.rows2.cap0=12.084ms
[labev] t=455307.885 ev.decode.rows2.cap0=12.000ms
[labev] t=455307.897 ev.decode.rows2.cap0=12.086ms
[labev] t=455307.909 ev.decode.rows2.cap0=11.986ms
[labev] t=455307.921 ev.decode.rows2.cap0=12.073ms
[labev] t=455307.933 ev.decode.rows2.cap0=12.066ms
[labev] t=455307.945 ev.decode.rows2.cap0=12.069ms
[labev] t=455307.957 ev.decode.rows2.cap0=11.862ms
[labev] t=455307.969 ev.decode.rows2.cap0=12.067ms
[labev] t=455307.981 ev.decode.rows2.cap0=12.108ms
[labev] t=455307.994 ev.decode.rows2.cap0=12.065ms
[labev] t=455308.006 ev.decode.rows2.cap0=12.062ms
[labev] t=455308.018 ev.decode.rows2.cap0=12.143ms
[labev] t=455308.030 ev.decode.rows2.cap0=11.930ms
[labev] t=455308.042 ev.decode.rows2.cap0=12.042ms
[labev] t=455308.054 ev.decode.rows2.cap0=12.041ms
[labev] t=455308.066 ev.decode.rows2.cap0=12.041ms
[labev] t=455308.078 ev.decode.rows2.cap0=12.099ms
[labev] t=455308.090 ev.decode.rows2.cap0=12.064ms
[labev] t=455308.102 ev.decode.rows2.cap0=12.042ms
[labev] t=455308.114 ev.decode.rows2.cap0=12.049ms
[labev] t=455308.126 ev.decode.rows2.cap0=12.032ms
[labev] t=455308.139 ev.decode.rows2.cap0=12.022ms
[labev] t=455308.151 ev.decode.rows2.cap0=12.029ms
[labev] t=455308.163 ev.decode.rows2.cap0=11.994ms
[labev] t=455308.175 ev.decode.rows2.cap0=12.026ms
[labev] t=455308.187 ev.decode.rows2.cap0=12.147ms
[labev] t=455308.199 ev.decode.rows2.cap0=12.113ms
[labev] t=455308.211 ev.decode.rows2.cap0=12.062ms
[labev] t=455308.223 ev.decode.rows2.cap0=12.097ms
[labev] t=455308.235 ev.decode.rows2.cap0=12.070ms
[labev] t=455308.248 ev.decode.rows2.cap0=12.118ms
[labev] t=455308.260 ev.decode.rows2.cap0=12.012ms
[labev] t=455308.272 ev.decode.rows2.cap0=12.101ms
[labev] t=455308.284 ev.decode.rows2.cap0=12.174ms
[labev] t=455308.296 ev.decode.rows2.cap0=12.081ms
[labev] t=455308.308 ev.decode.rows2.cap0=12.154ms
[labev] t=455308.320 ev.decode.rows2.cap0=12.099ms
[labev] t=455308.332 ev.decode.rows2.cap0=12.088ms
[labev] t=455308.345 ev.decode.rows2.cap0=12.167ms
[labev] t=455308.357 ev.decode.rows2.cap0=12.024ms
[labev] t=455308.384 chunk.ord.total=27.053ms
[labev] t=455308.412 chunk.ord.total=28.287ms
[labev] t=455308.424 ev.decode.rows2.cap0=11.925ms
[paged-kv] moe-isolation first prefill=[2943,414] serial=[2943,414] decodeA=[11] serialA=[11] decodeB=[11] serialB=[11]
[labev] t=455308.550 chunk.ord.total=29.210ms
[labev] t=455308.562 ev.decode.rows2.cap0=12.457ms
[paged-kv] moe-isolation rejoin decodeA=[4097] serialA=[4097] decodeB=[11] serialB=[11]
[paged-kv] batched-isolation model=qwen/qwen3.6-35b-a3b challenge pair 1 not distinguishing; trying next
[labev] t=455310.023 chunk.ord.total=244.226ms
[labev] t=455310.032 chunk.ord.total=8.571ms
[labev] t=455310.041 ev.decode.rows1.cap0=8.662ms
[labev] t=455310.049 ev.decode.rows1.cap0=8.629ms
[labev] t=455310.058 ev.decode.rows1.cap0=8.629ms
[labev] t=455310.067 ev.decode.rows1.cap0=8.551ms
[labev] t=455310.075 ev.decode.rows1.cap0=8.604ms
[labev] t=455310.084 ev.decode.rows1.cap0=8.595ms
[labev] t=455310.093 ev.decode.rows1.cap0=8.602ms
[labev] t=455310.101 ev.decode.rows1.cap0=8.607ms
[labev] t=455310.110 ev.decode.rows1.cap0=8.605ms
[labev] t=455310.118 ev.decode.rows1.cap0=8.566ms
[labev] t=455310.127 ev.decode.rows1.cap0=8.571ms
[labev] t=455310.136 ev.decode.rows1.cap0=8.659ms
[labev] t=455310.144 ev.decode.rows1.cap0=8.671ms
[labev] t=455310.153 ev.decode.rows1.cap0=8.665ms
[labev] t=455310.162 ev.decode.rows1.cap0=8.641ms
[labev] t=455310.170 ev.decode.rows1.cap0=8.678ms
[labev] t=455310.179 ev.decode.rows1.cap0=8.599ms
[labev] t=455310.188 ev.decode.rows1.cap0=8.699ms
[labev] t=455310.197 ev.decode.rows1.cap0=8.696ms
[labev] t=455310.205 ev.decode.rows1.cap0=8.625ms
[labev] t=455310.214 ev.decode.rows1.cap0=8.622ms
[labev] t=455310.223 ev.decode.rows1.cap0=8.653ms
[labev] t=455310.231 ev.decode.rows1.cap0=8.647ms
[labev] t=455310.240 ev.decode.rows1.cap0=8.631ms
[labev] t=455310.249 ev.decode.rows1.cap0=8.671ms
[labev] t=455310.257 ev.decode.rows1.cap0=8.620ms
[labev] t=455310.266 ev.decode.rows1.cap0=8.655ms
[labev] t=455310.275 ev.decode.rows1.cap0=8.595ms
[labev] t=455310.283 ev.decode.rows1.cap0=8.655ms
[labev] t=455310.292 ev.decode.rows1.cap0=8.632ms
[labev] t=455310.300 ev.decode.rows1.cap0=8.589ms
[labev] t=455310.309 ev.decode.rows1.cap0=8.617ms
[labev] t=455310.318 ev.decode.rows1.cap0=8.651ms
[labev] t=455310.326 ev.decode.rows1.cap0=8.573ms
[labev] t=455310.335 ev.decode.rows1.cap0=8.553ms
[labev] t=455310.344 ev.decode.rows1.cap0=8.621ms
[labev] t=455310.352 ev.decode.rows1.cap0=8.628ms
[labev] t=455310.361 ev.decode.rows1.cap0=8.728ms
[labev] t=455310.370 ev.decode.rows1.cap0=8.557ms
[labev] t=455310.378 ev.decode.rows1.cap0=8.564ms
[labev] t=455310.387 ev.decode.rows1.cap0=8.549ms
[labev] t=455310.395 ev.decode.rows1.cap0=8.623ms
[labev] t=455310.404 ev.decode.rows1.cap0=8.559ms
[labev] t=455310.413 ev.decode.rows1.cap0=8.632ms
[labev] t=455310.421 ev.decode.rows1.cap0=8.631ms
[labev] t=455310.430 ev.decode.rows1.cap0=8.719ms
[labev] t=455310.439 ev.decode.rows1.cap0=8.630ms
[labev] t=455310.890 ev.decode.rows2.cap0=12.229ms
[labev] t=455310.902 ev.decode.rows2.cap0=12.149ms
[labev] t=455310.914 ev.decode.rows2.cap0=12.009ms
[labev] t=455310.926 ev.decode.rows2.cap0=12.196ms
[labev] t=455310.938 ev.decode.rows2.cap0=12.168ms
[labev] t=455310.951 ev.decode.rows2.cap0=12.197ms
[labev] t=455310.963 ev.decode.rows2.cap0=12.205ms
[labev] t=455310.975 ev.decode.rows2.cap0=12.135ms
[labev] t=455310.987 ev.decode.rows2.cap0=12.201ms
[labev] t=455310.999 ev.decode.rows2.cap0=12.125ms
[labev] t=455311.012 ev.decode.rows2.cap0=12.135ms
[labev] t=455311.024 ev.decode.rows2.cap0=12.131ms
[labev] t=455311.036 ev.decode.rows2.cap0=12.162ms
[labev] t=455311.048 ev.decode.rows2.cap0=12.185ms
[labev] t=455311.060 ev.decode.rows2.cap0=12.088ms
[labev] t=455311.072 ev.decode.rows2.cap0=12.102ms
[labev] t=455311.085 ev.decode.rows2.cap0=12.186ms
[labev] t=455311.097 ev.decode.rows2.cap0=12.157ms
[labev] t=455311.109 ev.decode.rows2.cap0=12.147ms
[labev] t=455311.121 ev.decode.rows2.cap0=12.158ms
[labev] t=455311.133 ev.decode.rows2.cap0=12.156ms
[labev] t=455311.146 ev.decode.rows2.cap0=12.163ms
[labev] t=455311.158 ev.decode.rows2.cap0=12.117ms
[labev] t=455311.170 ev.decode.rows2.cap0=12.074ms
[labev] t=455311.182 ev.decode.rows2.cap0=12.081ms
[labev] t=455311.194 ev.decode.rows2.cap0=12.166ms
[labev] t=455311.206 ev.decode.rows2.cap0=12.078ms
[labev] t=455311.218 ev.decode.rows2.cap0=12.074ms
[labev] t=455311.230 ev.decode.rows2.cap0=12.051ms
[labev] t=455311.243 ev.decode.rows2.cap0=12.129ms
[labev] t=455311.255 ev.decode.rows2.cap0=12.043ms
[labev] t=455311.267 ev.decode.rows2.cap0=12.084ms
[labev] t=455311.279 ev.decode.rows2.cap0=12.124ms
[labev] t=455311.291 ev.decode.rows2.cap0=12.075ms
[labev] t=455311.303 ev.decode.rows2.cap0=12.138ms
[labev] t=455311.315 ev.decode.rows2.cap0=11.907ms
[labev] t=455311.327 ev.decode.rows2.cap0=12.171ms
[labev] t=455311.340 ev.decode.rows2.cap0=12.155ms
[labev] t=455311.352 ev.decode.rows2.cap0=12.173ms
[labev] t=455311.364 ev.decode.rows2.cap0=12.098ms
[labev] t=455311.376 ev.decode.rows2.cap0=12.170ms
[labev] t=455311.388 ev.decode.rows2.cap0=12.157ms
[labev] t=455311.401 ev.decode.rows2.cap0=12.111ms
[labev] t=455311.413 ev.decode.rows2.cap0=12.108ms
[labev] t=455311.425 ev.decode.rows2.cap0=12.182ms
[labev] t=455311.437 ev.decode.rows2.cap0=12.135ms
[labev] t=455311.449 ev.decode.rows2.cap0=12.186ms
[labev] t=455311.474 chunk.ord.total=24.253ms
[labev] t=455311.501 chunk.ord.total=27.185ms
[labev] t=455311.513 ev.decode.rows2.cap0=12.205ms
[paged-kv] moe-isolation first prefill=[264,198] serial=[264,198] decodeA=[478] serialA=[478] decodeB=[406] serialB=[406]
[labev] t=455311.633 chunk.ord.total=27.963ms
[labev] t=455311.645 ev.decode.rows2.cap0=12.502ms
[paged-kv] moe-isolation rejoin decodeA=[292] serialA=[292] decodeB=[406] serialB=[406]
[paged-kv] parity model=qwen/qwen3.6-35b-a3b established=true nLayers=10 nNew=32 gatherKernelCalls=640 expectCalls=640 maxLogicalBlocks=9 nonIdentityPermutation=true
[paged-kv] batched-isolation model=qwen/qwen3.6-35b-a3b requiresMoE=true proven=true rowsDecoded=2 rowFailures=0 crossRowDivergences=0 challengeDistinguishing=true
[paged-kv] measure OK: runtime measurement complete, paged-KV attach eligible for model=qwen/qwen3.6-35b-a3b
[paged-kv] runtime-identity model=qwen/qwen3.6-35b-a3b model_sha256=3fed776d41b6883888541d19f71a3866acc3bc6e628402066b67e5ac0a676ff1 hardware_class=apple-silicon:Apple M3 Ultra:ram-256gb metallib_sha256=f42aef609211980ad87cf72f75b5551b767a0160858257b997bac49f0e95a756 kernel_identifier=macprovider_paged_kv_gather_v1
[labev] t=455315.196 req.start s1-p4096-o512-b-1-r0=0.001ms
[labev] t=455315.196 req.handle=0.087ms
[labev] t=455315.217 tok.prepare=20.512ms
event=batching_admitted action=scheduler_admitted
[labev] t=455315.506 chunk.ord.total=288.405ms
[labev] t=455315.760 chunk.ord.total=253.889ms
[labev] t=455316.016 chunk.ord.total=255.434ms
[labev] t=455316.273 chunk.ord.total=257.450ms
[labev] t=455316.535 chunk.ord.total=261.527ms
[labev] t=455316.798 chunk.ord.total=263.048ms
[labev] t=455317.064 chunk.ord.total=266.474ms
[labev] t=455317.370 chunk.ord.total=305.691ms
[labev] t=455317.370 req.firsttoken s1-p4096-o512-b-1-r0=2174.096ms
[labev] t=455317.506 ev.decode.rows1.cap0=135.978ms
[labev] t=455317.642 ev.decode.rows1.cap0=135.622ms
[labev] t=455317.778 ev.decode.rows1.cap0=135.439ms
[labev] t=455317.913 ev.decode.rows1.cap0=135.189ms
[labev] t=455318.048 ev.decode.rows1.cap0=135.465ms
[labev] t=455318.184 ev.decode.rows1.cap0=135.525ms
[labev] t=455318.320 ev.decode.rows1.cap0=135.437ms
[labev] t=455318.455 ev.decode.rows1.cap0=135.633ms
[labev] t=455318.591 ev.decode.rows1.cap0=135.609ms
[labev] t=455318.727 ev.decode.rows1.cap0=135.412ms
[labev] t=455318.862 ev.decode.rows1.cap0=135.295ms
[labev] t=455318.998 ev.decode.rows1.cap0=135.491ms
[labev] t=455319.133 ev.decode.rows1.cap0=135.330ms
[labev] t=455319.269 ev.decode.rows1.cap0=135.451ms
[labev] t=455319.404 ev.decode.rows1.cap0=135.161ms
[labev] t=455319.539 ev.decode.rows1.cap0=135.191ms
[labev] t=455319.674 ev.decode.rows1.cap0=135.224ms
[labev] t=455319.810 ev.decode.rows1.cap0=135.595ms
[labev] t=455319.946 ev.decode.rows1.cap0=136.030ms
[labev] t=455320.082 ev.decode.rows1.cap0=135.274ms
[labev] t=455320.217 ev.decode.rows1.cap0=135.568ms
[labev] t=455320.353 ev.decode.rows1.cap0=135.667ms
[labev] t=455320.489 ev.decode.rows1.cap0=135.656ms
[labev] t=455320.625 ev.decode.rows1.cap0=135.871ms
[labev] t=455320.760 ev.decode.rows1.cap0=135.345ms
[labev] t=455320.896 ev.decode.rows1.cap0=135.900ms
[labev] t=455321.032 ev.decode.rows1.cap0=135.674ms
[labev] t=455321.168 ev.decode.rows1.cap0=136.021ms
[labev] t=455321.304 ev.decode.rows1.cap0=135.617ms
[labev] t=455321.439 ev.decode.rows1.cap0=135.492ms
[labev] t=455321.575 ev.decode.rows1.cap0=135.706ms
[labev] t=455321.703 ev.decode.rows1.cap0=127.363ms
[labev] t=455321.705 req.start s1-p4096-o512-b-1-r0=0.000ms
[labev] t=455321.705 req.handle=0.022ms
[labev] t=455321.725 tok.prepare=20.537ms
event=batching_admitted action=scheduler_admitted
[labev] t=455321.993 chunk.native.total=267.833ms
[labev] t=455322.259 chunk.native.total=265.871ms
[labev] t=455322.527 chunk.native.total=267.935ms
[labev] t=455322.799 chunk.native.total=271.191ms
[labev] t=455323.073 chunk.native.total=274.723ms
[labev] t=455323.350 chunk.native.total=276.245ms
[labprof] d0.performDecode.call=22.897ms/n320 o1.ord.build=1.147ms/n799 o2.ord.eval=7.899ms/n799 s1.native.prefill.target=2.151ms/n7 s1.ord.prefill.target=26.203ms/n23 s2.native.prefill.drafter+eval=270.004ms/n7 s2.ord.prefill.eval=111.182ms/n23 s9.native.prefill.chunk.total=270.671ms/n6 s9.ord.prefill.chunk.total=137.432ms/n23
[labev] t=455323.631 chunk.native.total=281.342ms
[labev] t=455323.946 chunk.native.total=315.050ms
[labev] t=455323.946 req.firsttoken s1-p4096-o512-b-1-r0=2241.742ms
[labev] t=455323.947 ev.propose=0.179ms
[labev] t=455323.968 ev.verify=21.171ms
[labev] t=455323.971 ev.finalize=2.726ms
[labev] t=455323.971 ev.propose=0.106ms
[labev] t=455323.982 ev.verify=11.431ms
[labev] t=455323.984 ev.finalize=1.664ms
[labev] t=455323.984 ev.propose=0.074ms
[labev] t=455323.995 ev.verify=11.227ms
[labev] t=455323.997 ev.finalize=1.659ms
[labev] t=455323.997 ev.propose=0.055ms
[labev] t=455324.008 ev.verify=11.142ms
[labev] t=455324.010 ev.finalize=1.680ms
[labev] t=455324.010 ev.propose=0.053ms
[labev] t=455324.022 ev.verify=11.173ms
[labev] t=455324.023 ev.finalize=1.614ms
[labev] t=455324.023 ev.propose=0.056ms
[labev] t=455324.035 ev.verify=11.232ms
[labev] t=455324.036 ev.finalize=1.639ms
[labev] t=455324.036 ev.propose=0.068ms
[labev] t=455324.048 ev.verify=11.355ms
[labev] t=455324.050 ev.finalize=1.646ms
[labev] t=455324.050 ev.propose=0.066ms
[labev] t=455324.061 ev.verify=11.261ms
[labev] t=455324.063 ev.finalize=1.624ms
[labev] t=455324.063 ev.propose=0.049ms
[labev] t=455324.074 ev.verify=11.015ms
[labev] t=455324.076 ev.finalize=2.257ms
[labev] t=455324.076 ev.propose=0.062ms
[labev] t=455324.088 ev.verify=11.229ms
[labev] t=455324.089 ev.finalize=1.643ms
[labev] t=455324.089 ev.propose=0.060ms
[labev] t=455324.101 ev.verify=11.154ms
[labev] t=455324.102 ev.finalize=1.630ms
[labev] t=455324.102 ev.propose=0.050ms
[labev] t=455324.114 ev.verify=11.095ms
[labev] t=455324.117 ev.finalize=3.349ms
[labev] t=455324.117 ev.propose=0.063ms
[labev] t=455324.128 ev.verify=11.092ms
[labev] t=455324.130 ev.finalize=1.529ms
[labev] t=455324.130 ev.propose=0.070ms
[labev] t=455324.141 ev.verify=11.114ms
[labev] t=455324.143 ev.finalize=1.633ms
[labev] t=455324.143 ev.propose=0.002ms
[labev] t=455324.154 ev.verify=11.229ms
[labev] t=455324.156 ev.finalize=1.510ms
[labev] t=455324.156 ev.propose=0.002ms
[labev] t=455324.167 ev.verify=11.180ms
[labev] t=455324.169 ev.finalize=1.624ms
[labev] t=455324.169 ev.propose=0.067ms
[labev] t=455324.180 ev.verify=11.079ms
[labev] t=455324.182 ev.finalize=1.647ms
[labev] t=455324.182 ev.propose=0.061ms
[labev] t=455324.193 ev.verify=11.061ms
[labev] t=455324.197 ev.finalize=1.620ms
[labev] t=455324.197 ev.propose=0.002ms
[labev] t=455324.209 ev.verify=11.215ms
[labev] t=455324.210 ev.finalize=1.642ms
[labev] t=455324.210 ev.propose=0.002ms
[labev] t=455324.222 ev.verify=11.257ms
[labev] t=455324.223 ev.finalize=1.656ms
[labev] t=455324.223 ev.propose=0.065ms
[labev] t=455324.235 ev.verify=11.072ms
[labev] t=455324.236 ev.finalize=1.645ms
[labev] t=455324.236 ev.propose=0.002ms
[labev] t=455324.248 ev.verify=11.250ms
[labev] t=455324.249 ev.finalize=1.659ms
[labev] t=455324.249 ev.propose=0.002ms
[labev] t=455324.261 ev.verify=11.303ms
[labev] t=455324.262 ev.finalize=1.647ms
[labev] t=455324.263 ev.propose=0.002ms
[labev] t=455324.274 ev.verify=11.118ms
[labev] t=455324.275 ev.finalize=1.650ms
[labev] t=455324.275 ev.propose=0.002ms
[labev] t=455324.287 ev.verify=11.265ms
[labev] t=455324.288 ev.finalize=1.655ms
[labev] t=455324.289 ev.propose=0.060ms
[labev] t=455324.300 ev.verify=11.273ms
[labev] t=455324.303 ev.finalize=2.641ms
[labev] t=455324.303 ev.propose=0.003ms
[labev] t=455324.314 ev.verify=11.270ms
[labev] t=455324.316 ev.finalize=1.668ms
[labev] t=455324.316 ev.propose=0.002ms
[labev] t=455324.327 ev.verify=11.297ms
[labev] t=455324.329 ev.finalize=1.655ms
[labev] t=455324.329 ev.propose=0.002ms
[labev] t=455324.340 ev.verify=11.286ms
[labev] t=455324.342 ev.finalize=1.654ms
[labev] t=455324.342 ev.propose=0.002ms
[labev] t=455324.353 ev.verify=11.202ms
[labev] t=455324.355 ev.finalize=1.628ms
[labev] t=455324.355 ev.propose=0.002ms
[labev] t=455324.366 ev.verify=11.197ms
[labev] t=455324.368 ev.finalize=1.863ms
[labev] t=455324.368 ev.propose=0.002ms
[labev] t=455324.379 ev.verify=11.098ms
[labev] t=455324.381 ev.finalize=1.648ms
[labev] t=455324.381 ev.propose=0.002ms
[labev] t=455324.392 ev.verify=11.175ms
[labev] t=455324.394 ev.finalize=1.658ms
[labev] t=455324.394 ev.propose=0.002ms
[labev] t=455324.405 ev.verify=11.333ms
[labev] t=455324.407 ev.finalize=1.642ms
[labev] t=455324.407 ev.propose=0.002ms
[labev] t=455324.418 ev.verify=11.159ms
[labev] t=455324.420 ev.finalize=1.650ms
[labev] t=455324.420 ev.propose=0.002ms
[labev] t=455324.431 ev.verify=11.175ms
[labev] t=455324.433 ev.finalize=1.642ms
[labev] t=455324.433 ev.propose=0.002ms
[labev] t=455324.445 ev.verify=11.383ms
[labev] t=455324.446 ev.finalize=1.641ms
[labev] t=455324.446 ev.propose=0.002ms
[labev] t=455324.458 ev.verify=11.327ms
[labev] t=455324.459 ev.finalize=1.652ms
[labev] t=455324.460 ev.propose=0.002ms
[labev] t=455324.471 ev.verify=11.117ms
[labev] t=455324.472 ev.finalize=1.635ms
[labev] t=455324.472 ev.propose=0.002ms
[labev] t=455324.484 ev.verify=11.066ms
[labev] t=455324.485 ev.finalize=1.622ms
[labev] t=455324.485 ev.propose=0.002ms
[labev] t=455324.496 ev.verify=11.146ms
[labev] t=455324.498 ev.finalize=1.624ms
[labev] t=455324.498 ev.propose=0.002ms
[labev] t=455324.509 ev.verify=11.170ms
[labev] t=455324.512 ev.finalize=2.222ms
[labev] t=455324.512 ev.propose=0.002ms
[labev] t=455324.523 ev.verify=11.538ms
[labev] t=455324.525 ev.finalize=1.682ms
[labev] t=455324.525 ev.propose=0.002ms
[labev] t=455324.536 ev.verify=11.290ms
[labev] t=455324.538 ev.finalize=1.631ms
[labev] t=455324.538 ev.propose=0.002ms
[labev] t=455324.549 ev.verify=11.047ms
[labev] t=455324.551 ev.finalize=1.639ms
[labev] t=455324.551 ev.propose=0.002ms
[labev] t=455324.562 ev.verify=11.142ms
[labev] t=455324.564 ev.finalize=1.664ms
[labev] t=455324.564 ev.propose=0.002ms
[labev] t=455324.575 ev.verify=11.320ms
[labev] t=455324.577 ev.finalize=1.661ms
[labev] t=455324.577 ev.propose=0.002ms
[labev] t=455324.588 ev.verify=11.182ms
[labev] t=455324.590 ev.finalize=1.654ms
[labev] t=455324.590 ev.propose=0.002ms
[labev] t=455324.601 ev.verify=11.244ms
[labev] t=455324.603 ev.finalize=1.654ms
[labev] t=455324.603 ev.propose=0.002ms
[labev] t=455324.614 ev.verify=11.142ms
[labev] t=455324.616 ev.finalize=1.669ms
[labev] t=455324.616 ev.propose=0.002ms
[labev] t=455324.627 ev.verify=11.234ms
[labev] t=455324.629 ev.finalize=1.591ms
[labev] t=455324.629 ev.propose=0.002ms
[labev] t=455324.640 ev.verify=11.095ms
[labev] t=455324.642 ev.finalize=1.542ms
[labev] t=455324.642 ev.propose=0.002ms
[labev] t=455324.653 ev.verify=11.252ms
[labev] t=455324.655 ev.finalize=1.526ms
[labev] t=455324.655 ev.propose=0.002ms
[labev] t=455324.666 ev.verify=11.262ms
[labev] t=455324.668 ev.finalize=1.627ms
[labev] t=455324.668 ev.propose=0.002ms
[labev] t=455324.679 ev.verify=11.272ms
[labev] t=455324.681 ev.finalize=1.668ms
[labev] t=455324.681 ev.propose=0.002ms
[labev] t=455324.692 ev.verify=11.231ms
[labev] t=455324.694 ev.finalize=1.637ms
[labev] t=455324.694 ev.propose=0.002ms
[labev] t=455324.705 ev.verify=11.276ms
[labev] t=455324.707 ev.finalize=1.616ms
[labev] t=455324.707 ev.propose=0.002ms
[labev] t=455324.718 ev.verify=11.097ms
[labev] t=455324.720 ev.finalize=1.667ms
[labev] t=455324.720 ev.propose=0.002ms
[labev] t=455324.731 ev.verify=11.078ms
[labev] t=455324.733 ev.finalize=1.652ms
[labev] t=455324.733 ev.propose=0.002ms
[labev] t=455324.744 ev.verify=10.999ms
[labev] t=455324.746 ev.finalize=2.321ms
[labev] t=455324.746 ev.propose=0.002ms
[labev] t=455324.758 ev.verify=11.231ms
[labev] t=455324.759 ev.finalize=1.575ms
[labev] t=455324.759 ev.propose=0.002ms
[labev] t=455324.771 ev.verify=11.428ms
[labev] t=455324.772 ev.finalize=1.675ms
[labev] t=455324.773 ev.propose=0.002ms
[labev] t=455324.784 ev.verify=11.204ms
[labev] t=455324.785 ev.finalize=1.603ms
[labev] t=455324.786 ev.propose=0.002ms
[labev] t=455324.797 ev.verify=11.366ms
[labev] t=455324.799 ev.finalize=1.613ms
[labev] t=455324.799 ev.propose=0.002ms
[labev] t=455324.810 ev.verify=11.253ms
[labev] t=455324.812 ev.finalize=1.606ms
[labev] t=455324.812 ev.propose=0.002ms
[labev] t=455324.823 ev.verify=11.396ms
[labev] t=455324.825 ev.finalize=1.623ms
[labev] t=455324.825 ev.propose=0.002ms
[labev] t=455324.836 ev.verify=11.150ms
[labev] t=455324.838 ev.finalize=1.650ms
[labev] t=455324.838 ev.propose=0.002ms
[labev] t=455324.849 ev.verify=11.321ms
[labev] t=455324.851 ev.finalize=1.623ms
[labev] t=455324.851 ev.propose=0.002ms
[labev] t=455324.862 ev.verify=10.981ms
[labev] t=455324.864 ev.finalize=1.592ms
[labev] t=455324.864 ev.propose=0.002ms
[labev] t=455324.875 ev.verify=11.045ms
[labev] t=455324.876 ev.finalize=1.604ms
[labev] t=455324.877 ev.propose=0.002ms
[labev] t=455324.888 ev.verify=11.252ms
[labev] t=455324.889 ev.finalize=1.628ms
[labev] t=455324.890 ev.propose=0.002ms
[labev] t=455324.901 ev.verify=11.185ms
[labev] t=455324.902 ev.finalize=1.623ms
[labev] t=455324.903 ev.propose=0.002ms
[labev] t=455324.914 ev.verify=11.318ms
[labev] t=455324.916 ev.finalize=1.653ms
[labev] t=455324.916 ev.propose=0.002ms
[labev] t=455324.927 ev.verify=11.125ms
[labev] t=455324.928 ev.finalize=1.588ms
[labev] t=455324.929 ev.propose=0.002ms
[labev] t=455324.940 ev.verify=11.389ms
[labev] t=455324.942 ev.finalize=1.606ms
[labev] t=455324.942 ev.propose=0.002ms
[labev] t=455324.953 ev.verify=11.255ms
[labev] t=455324.955 ev.finalize=2.201ms
[labev] t=455324.955 ev.propose=0.002ms
[labev] t=455324.967 ev.verify=11.294ms
[labev] t=455324.968 ev.finalize=1.657ms
[labev] t=455324.968 ev.propose=0.002ms
[labev] t=455324.980 ev.verify=11.172ms
[labev] t=455324.981 ev.finalize=1.813ms
[labev] t=455324.982 ev.propose=0.002ms
[labev] t=455324.993 ev.verify=11.206ms
[labev] t=455324.994 ev.finalize=1.590ms
[labev] t=455324.994 ev.propose=0.002ms
[labev] t=455325.006 ev.verify=11.257ms
[labev] t=455325.007 ev.finalize=1.509ms
[labev] t=455325.007 ev.propose=0.002ms
[labev] t=455325.019 ev.verify=11.151ms
[labev] t=455325.020 ev.finalize=1.631ms
[labev] t=455325.020 ev.propose=0.002ms
[labev] t=455325.031 ev.verify=11.112ms
[labev] t=455325.033 ev.finalize=1.538ms
[labev] t=455325.033 ev.propose=0.002ms
[labev] t=455325.044 ev.verify=11.211ms
[labev] t=455325.046 ev.finalize=1.641ms
[labev] t=455325.046 ev.propose=0.002ms
[labev] t=455325.057 ev.verify=11.158ms
[labev] t=455325.059 ev.finalize=1.632ms
[labev] t=455325.059 ev.propose=0.002ms
[labev] t=455325.070 ev.verify=11.289ms
[labev] t=455325.072 ev.finalize=1.649ms
[labev] t=455325.072 ev.propose=0.002ms
[labev] t=455325.083 ev.verify=11.310ms
[labev] t=455325.085 ev.finalize=1.624ms
[labev] t=455325.085 ev.propose=0.002ms
[labev] t=455325.097 ev.verify=11.268ms
[labev] t=455325.098 ev.finalize=1.609ms
[labev] t=455325.098 ev.propose=0.002ms
[labev] t=455325.109 ev.verify=11.137ms
[labev] t=455325.111 ev.finalize=1.582ms
[labev] t=455325.111 ev.propose=0.002ms
[labev] t=455325.122 ev.verify=11.267ms
[labev] t=455325.124 ev.finalize=1.623ms
[labev] t=455325.124 ev.propose=0.002ms
[labev] t=455325.136 ev.verify=11.301ms
[labev] t=455325.137 ev.finalize=1.613ms
[labev] t=455325.137 ev.propose=0.002ms
[labev] t=455325.148 ev.verify=11.164ms
[labev] t=455325.150 ev.finalize=1.645ms
[labev] t=455325.150 ev.propose=0.002ms
[labev] t=455325.162 ev.verify=11.228ms
[labev] t=455325.163 ev.finalize=1.629ms
[labev] t=455325.163 ev.propose=0.002ms
[labev] t=455325.175 ev.verify=11.357ms
[labev] t=455325.177 ev.finalize=2.325ms
[labev] t=455325.177 ev.propose=0.002ms
[labev] t=455325.188 ev.verify=11.060ms
[labev] t=455325.190 ev.finalize=1.627ms
[labev] t=455325.190 ev.propose=0.002ms
[labev] t=455325.201 ev.verify=11.401ms
[labev] t=455325.203 ev.finalize=1.635ms
[labev] t=455325.203 ev.propose=0.002ms
[labev] t=455325.214 ev.verify=11.193ms
[labev] t=455325.216 ev.finalize=1.639ms
[labev] t=455325.216 ev.propose=0.002ms
[labev] t=455325.228 ev.verify=11.367ms
[labev] t=455325.229 ev.finalize=1.603ms
[labev] t=455325.229 ev.propose=0.001ms
[labev] t=455325.241 ev.verify=11.218ms
[labev] t=455325.242 ev.finalize=1.657ms
[labev] t=455325.242 ev.propose=0.002ms
[labev] t=455325.254 ev.verify=11.207ms
[labev] t=455325.255 ev.finalize=1.799ms
[labev] t=455325.256 ev.propose=0.002ms
[labev] t=455325.267 ev.verify=11.611ms
[labev] t=455325.269 ev.finalize=1.649ms
[labev] t=455325.269 ev.propose=0.003ms
[labev] t=455325.280 ev.verify=11.414ms
[labev] t=455325.282 ev.finalize=1.652ms
[labev] t=455325.282 ev.propose=0.002ms
[labev] t=455325.293 ev.verify=11.116ms
[labev] t=455325.295 ev.finalize=1.667ms
[labev] t=455325.295 ev.propose=0.002ms
[labev] t=455325.306 ev.verify=11.216ms
[labev] t=455325.308 ev.finalize=1.667ms
[labev] t=455325.308 ev.propose=0.002ms
[labev] t=455325.319 ev.verify=11.180ms
[labev] t=455325.321 ev.finalize=1.634ms
[labev] t=455325.321 ev.propose=0.002ms
[labev] t=455325.333 ev.verify=11.387ms
[labev] t=455325.334 ev.finalize=1.580ms
[labev] t=455325.334 ev.propose=0.003ms
[labev] t=455325.346 ev.verify=11.446ms
[labev] t=455325.347 ev.finalize=1.651ms
[labev] t=455325.348 ev.propose=0.002ms
[labev] t=455325.359 ev.verify=11.240ms
[labev] t=455325.361 ev.finalize=1.616ms
[labev] t=455325.361 ev.propose=0.002ms
[labev] t=455325.372 ev.verify=11.297ms
[labev] t=455325.374 ev.finalize=1.635ms
[labev] t=455325.374 ev.propose=0.002ms
[labev] t=455325.385 ev.verify=11.258ms
[labev] t=455325.387 ev.finalize=1.620ms
[labev] t=455325.387 ev.propose=0.002ms
[labev] t=455325.398 ev.verify=11.201ms
[labev] t=455325.400 ev.finalize=2.296ms
[labev] t=455325.400 ev.propose=0.002ms
[labev] t=455325.412 ev.verify=11.330ms
[labev] t=455325.413 ev.finalize=1.655ms
[labev] t=455325.414 ev.propose=0.002ms
[labev] t=455325.425 ev.verify=11.307ms
[labev] t=455325.427 ev.finalize=1.610ms
[labev] t=455325.427 ev.propose=0.002ms
[labev] t=455325.438 ev.verify=11.268ms
[labev] t=455325.440 ev.finalize=1.633ms
[labev] t=455325.440 ev.propose=0.002ms
[labev] t=455325.451 ev.verify=11.162ms
[labev] t=455325.453 ev.finalize=1.623ms
[labev] t=455325.453 ev.propose=0.002ms
[labev] t=455325.464 ev.verify=11.169ms
[labev] t=455325.465 ev.finalize=1.634ms
[labev] t=455325.466 ev.propose=0.002ms
[labev] t=455325.477 ev.verify=11.189ms
[labev] t=455325.478 ev.finalize=1.627ms
[labev] t=455325.479 ev.propose=0.001ms
[labev] t=455325.490 ev.verify=11.303ms
[labev] t=455325.492 ev.finalize=1.629ms
[labev] t=455325.492 ev.propose=0.002ms
[labev] t=455325.503 ev.verify=11.232ms
[labev] t=455325.504 ev.finalize=1.513ms
[labev] t=455325.505 ev.propose=0.002ms
[labev] t=455325.516 ev.verify=11.159ms
[labev] t=455325.517 ev.finalize=1.499ms
[labev] t=455325.517 ev.propose=0.002ms
[labev] t=455325.529 ev.verify=11.167ms
[labev] t=455325.530 ev.finalize=1.610ms
[labev] t=455325.530 ev.propose=0.002ms
[labev] t=455325.541 ev.verify=11.070ms
[labev] t=455325.543 ev.finalize=1.631ms
[labev] t=455325.543 ev.propose=0.002ms
[labev] t=455325.554 ev.verify=11.323ms
[labev] t=455325.556 ev.finalize=1.505ms
[labev] t=455325.556 ev.propose=0.002ms
[labev] t=455325.567 ev.verify=11.376ms
[labev] t=455325.569 ev.finalize=1.533ms
[labev] t=455325.569 ev.propose=0.002ms
[labev] t=455325.580 ev.verify=11.286ms
[labev] t=455325.582 ev.finalize=1.517ms
[labev] t=455325.582 ev.propose=0.002ms
[labev] t=455325.593 ev.verify=11.109ms
[labev] t=455325.595 ev.finalize=1.634ms
[labev] t=455325.595 ev.propose=0.002ms
[labev] t=455325.606 ev.verify=11.163ms
[labev] t=455325.608 ev.finalize=1.696ms
[labev] t=455325.608 ev.propose=0.002ms
[labev] t=455325.619 ev.verify=11.181ms
[labev] t=455325.621 ev.finalize=1.505ms
[labev] t=455325.621 ev.propose=0.002ms
[labev] t=455325.632 ev.verify=11.111ms
[labev] t=455325.634 ev.finalize=1.515ms
[labev] t=455325.634 ev.propose=0.002ms
[labev] t=455325.645 ev.verify=11.144ms
[labev] t=455325.646 ev.finalize=1.505ms
[labev] t=455325.647 ev.propose=0.002ms
[labev] t=455325.658 ev.verify=11.011ms
[labev] t=455325.659 ev.finalize=1.527ms
[labev] t=455325.659 ev.propose=0.002ms
[labev] t=455325.671 ev.verify=11.321ms
[labev] t=455325.673 ev.finalize=2.061ms
[labev] t=455325.673 ev.propose=0.002ms
[labev] t=455325.684 ev.verify=11.025ms
[labev] t=455325.685 ev.finalize=1.644ms
[labev] t=455325.686 ev.propose=0.002ms
[labev] t=455325.697 ev.verify=11.477ms
[labev] t=455325.699 ev.finalize=1.634ms
[labev] t=455325.699 ev.propose=0.001ms
[labev] t=455325.710 ev.verify=10.976ms
[labev] t=455325.711 ev.finalize=1.493ms
[labev] t=455325.711 ev.propose=0.002ms
[labev] t=455325.723 ev.verify=11.163ms
[labev] t=455325.724 ev.finalize=1.514ms
[labev] t=455325.724 ev.propose=0.002ms
[labev] t=455325.736 ev.verify=11.374ms
[labev] t=455325.737 ev.finalize=1.645ms
[labev] t=455325.737 ev.propose=0.002ms
[labev] t=455325.749 ev.verify=11.233ms
[labev] t=455325.750 ev.finalize=1.619ms
[labev] t=455325.750 ev.propose=0.002ms
[labev] t=455325.762 ev.verify=11.147ms
[labev] t=455325.763 ev.finalize=1.641ms
[labev] t=455325.763 ev.propose=0.002ms
[labev] t=455325.775 ev.verify=11.132ms
[labev] t=455325.776 ev.finalize=1.638ms
[labev] t=455325.776 ev.propose=0.002ms
[labev] t=455325.788 ev.verify=11.363ms
[labev] t=455325.789 ev.finalize=1.631ms
[labev] t=455325.790 ev.propose=0.002ms
[labev] t=455325.801 ev.verify=11.300ms
[labev] t=455325.803 ev.finalize=1.616ms
[labev] t=455325.803 ev.propose=0.002ms
[labev] t=455325.814 ev.verify=11.034ms
[labev] t=455325.815 ev.finalize=1.649ms
[labev] t=455325.815 ev.propose=0.002ms
[labev] t=455325.827 ev.verify=11.094ms
[labev] t=455325.828 ev.finalize=1.645ms
[labev] t=455325.828 ev.propose=0.002ms
[labev] t=455325.840 ev.verify=11.162ms
[labev] t=455325.841 ev.finalize=1.614ms
[labev] t=455325.841 ev.propose=0.002ms
[labev] t=455325.853 ev.verify=11.332ms
[labev] t=455325.854 ev.finalize=1.643ms
[labev] t=455325.854 ev.propose=0.002ms
[labev] t=455325.866 ev.verify=11.137ms
[labev] t=455325.867 ev.finalize=1.641ms
[labev] t=455325.867 ev.propose=0.002ms
[labev] t=455325.879 ev.verify=11.184ms
[labev] t=455325.880 ev.finalize=1.633ms
[labev] t=455325.880 ev.propose=0.002ms
[labev] t=455325.892 ev.verify=11.371ms
[labev] t=455325.894 ev.finalize=2.295ms
[labev] t=455325.894 ev.propose=0.002ms
[labev] t=455325.906 ev.verify=11.396ms
[labev] t=455325.907 ev.finalize=1.659ms
[labev] t=455325.907 ev.propose=0.002ms
[labev] t=455325.919 ev.verify=11.412ms
[labev] t=455325.920 ev.finalize=1.641ms
[labev] t=455325.921 ev.propose=0.002ms
[labev] t=455325.932 ev.verify=11.159ms
[labev] t=455325.933 ev.finalize=1.639ms
[labev] t=455325.934 ev.propose=0.002ms
[labev] t=455325.945 ev.verify=11.194ms
[labev] t=455325.946 ev.finalize=1.631ms
[labev] t=455325.947 ev.propose=0.002ms
[labev] t=455325.958 ev.verify=11.136ms
[labev] t=455325.959 ev.finalize=1.631ms
[labev] t=455325.959 ev.propose=0.001ms
[labev] t=455325.971 ev.verify=11.307ms
[labev] t=455325.972 ev.finalize=1.641ms
[labev] t=455325.973 ev.propose=0.002ms
[labev] t=455325.984 ev.verify=11.283ms
[labev] t=455325.986 ev.finalize=1.662ms
[labev] t=455325.986 ev.propose=0.002ms
[labev] t=455325.997 ev.verify=11.419ms
[labev] t=455325.999 ev.finalize=1.529ms
[labev] t=455325.999 ev.propose=0.002ms
[labev] t=455326.010 ev.verify=11.216ms
[labev] t=455326.012 ev.finalize=1.654ms
[labev] t=455326.012 ev.propose=0.001ms
[labev] t=455326.023 ev.verify=11.373ms
[labev] t=455326.025 ev.finalize=1.636ms
[labev] t=455326.025 ev.propose=0.002ms
[labev] t=455326.036 ev.verify=11.172ms
[labev] t=455326.038 ev.finalize=1.627ms
[labev] t=455326.038 ev.propose=0.002ms
[labev] t=455326.049 ev.verify=11.007ms
[labev] t=455326.051 ev.finalize=1.638ms
[labev] t=455326.051 ev.propose=0.002ms
[labev] t=455326.062 ev.verify=11.362ms
[labev] t=455326.064 ev.finalize=1.636ms
[labev] t=455326.064 ev.propose=0.002ms
[labev] t=455326.075 ev.verify=11.433ms
[labev] t=455326.077 ev.finalize=1.524ms
[labev] t=455326.077 ev.propose=0.002ms
[labev] t=455326.088 ev.verify=11.350ms
[labev] t=455326.090 ev.finalize=1.658ms
[labev] t=455326.090 ev.propose=0.002ms
[labev] t=455326.101 ev.verify=11.112ms
[labev] t=455326.103 ev.finalize=1.638ms
[labev] t=455326.103 ev.propose=0.001ms
[labev] t=455326.115 ev.verify=11.393ms
[labev] t=455326.117 ev.finalize=2.322ms
[labev] t=455326.117 ev.propose=0.002ms
[labev] t=455326.128 ev.verify=11.201ms
[labev] t=455326.130 ev.finalize=1.638ms
[labev] t=455326.130 ev.propose=0.002ms
[labev] t=455326.141 ev.verify=11.101ms
[labev] t=455326.143 ev.finalize=1.624ms
[labev] t=455326.143 ev.propose=0.002ms
[labev] t=455326.154 ev.verify=11.350ms
[labev] t=455326.156 ev.finalize=1.612ms
[labev] t=455326.156 ev.propose=0.002ms
[labev] t=455326.167 ev.verify=11.255ms
[labev] t=455326.169 ev.finalize=1.637ms
[labev] t=455326.169 ev.propose=0.002ms
[labev] t=455326.180 ev.verify=11.206ms
[labev] t=455326.182 ev.finalize=1.641ms
[labev] t=455326.182 ev.propose=0.002ms
[labev] t=455326.193 ev.verify=11.358ms
[labev] t=455326.195 ev.finalize=1.649ms
[labev] t=455326.195 ev.propose=0.002ms
[labev] t=455326.206 ev.verify=11.189ms
[labev] t=455326.208 ev.finalize=1.643ms
[labev] t=455326.208 ev.propose=0.002ms
[labev] t=455326.220 ev.verify=11.277ms
[labev] t=455326.221 ev.finalize=1.872ms
[labev] t=455326.222 ev.propose=0.002ms
[labev] t=455326.233 ev.verify=11.296ms
[labev] t=455326.235 ev.finalize=1.843ms
[labev] t=455326.235 ev.propose=0.002ms
[labev] t=455326.246 ev.verify=11.196ms
[labev] t=455326.248 ev.finalize=1.636ms
[labev] t=455326.248 ev.propose=0.002ms
[labev] t=455326.259 ev.verify=11.183ms
[labev] t=455326.261 ev.finalize=1.632ms
[labev] t=455326.261 ev.propose=0.002ms
[labev] t=455326.272 ev.verify=11.218ms
[labev] t=455326.274 ev.finalize=1.593ms
[labev] t=455326.274 ev.propose=0.002ms
[labev] t=455326.285 ev.verify=11.298ms
[labev] t=455326.287 ev.finalize=1.506ms
[labev] t=455326.287 ev.propose=0.002ms
[labev] t=455326.298 ev.verify=11.190ms
[labev] t=455326.300 ev.finalize=1.637ms
[labev] t=455326.300 ev.propose=0.001ms
[labev] t=455326.311 ev.verify=11.213ms
[labev] t=455326.313 ev.finalize=1.617ms
[labev] t=455326.313 ev.propose=0.002ms
[labev] t=455326.324 ev.verify=11.305ms
[labev] t=455326.326 ev.finalize=1.506ms
[labev] t=455326.326 ev.propose=0.001ms
[labev] t=455326.337 ev.verify=11.481ms
[labev] t=455326.339 ev.finalize=1.517ms
[labev] t=455326.339 ev.propose=0.002ms
[labev] t=455326.350 ev.verify=11.135ms
[labev] t=455326.352 ev.finalize=2.042ms
[labev] t=455326.352 ev.propose=0.002ms
[labev] t=455326.363 ev.verify=11.213ms
[labev] t=455326.365 ev.finalize=1.631ms
[labev] t=455326.365 ev.propose=0.002ms
[labev] t=455326.377 ev.verify=11.441ms
[labev] t=455326.378 ev.finalize=1.636ms
[labev] t=455326.378 ev.propose=0.002ms
[labev] t=455326.390 ev.verify=12.035ms
[labev] t=455326.392 ev.finalize=1.874ms
[labev] t=455326.393 ev.propose=0.003ms
[labev] t=455326.405 ev.verify=12.457ms
[labev] t=455326.407 ev.finalize=1.877ms
[labev] t=455326.407 ev.propose=0.002ms
[labev] t=455326.419 ev.verify=12.107ms
[labev] t=455326.421 ev.finalize=1.911ms
[labev] t=455326.421 ev.propose=0.002ms
[labev] t=455326.433 ev.verify=12.141ms
[labev] t=455326.435 ev.finalize=1.836ms
[labev] t=455326.435 ev.propose=0.002ms
[labev] t=455326.448 ev.verify=12.329ms
[labev] t=455326.450 ev.finalize=1.936ms
[labev] t=455326.450 ev.propose=0.003ms
[labev] t=455326.462 ev.verify=12.134ms
[labev] t=455326.464 ev.finalize=1.813ms
[labev] t=455326.464 ev.propose=0.002ms
[labev] t=455326.476 ev.verify=12.039ms
[labev] t=455326.478 ev.finalize=1.889ms
[labev] t=455326.478 ev.propose=0.003ms
[labev] t=455326.490 ev.verify=12.078ms
[labev] t=455326.492 ev.finalize=1.940ms
[labev] t=455326.493 ev.propose=0.002ms
[labev] t=455326.505 ev.verify=11.982ms
[labev] t=455326.506 ev.finalize=1.825ms
[labev] t=455326.507 ev.propose=0.002ms
[labev] t=455326.519 ev.verify=12.012ms
[labev] t=455326.521 ev.finalize=1.903ms
[labev] t=455326.521 ev.propose=0.002ms
[labev] t=455326.535 ev.verify=14.609ms
[labev] t=455326.537 ev.finalize=1.999ms
[labev] t=455326.538 ev.propose=0.003ms
[labev] t=455326.549 ev.verify=11.622ms
[labev] t=455326.551 ev.finalize=1.699ms
[labev] t=455326.551 ev.propose=0.002ms
[labev] t=455326.563 ev.verify=11.448ms
[labev] t=455326.564 ev.finalize=1.614ms
[labev] t=455326.564 ev.propose=0.002ms
[labev] t=455326.576 ev.verify=11.235ms
[labev] t=455326.578 ev.finalize=2.305ms
[labev] t=455326.578 ev.propose=0.002ms
[labev] t=455326.589 ev.verify=11.482ms
[labev] t=455326.591 ev.finalize=1.636ms
[labev] t=455326.591 ev.propose=0.002ms
[labev] t=455326.603 ev.verify=11.288ms
[labev] t=455326.604 ev.finalize=1.658ms
[labev] t=455326.604 ev.propose=0.002ms
[labev] t=455326.616 ev.verify=11.457ms
[labev] t=455326.617 ev.finalize=1.565ms
[labev] t=455326.618 ev.propose=0.002ms
[labev] t=455326.629 ev.verify=11.289ms
[labev] t=455326.631 ev.finalize=1.648ms
[labev] t=455326.631 ev.propose=0.002ms
[labev] t=455326.642 ev.verify=11.318ms
[labev] t=455326.644 ev.finalize=1.669ms
[labev] t=455326.644 ev.propose=0.002ms
[labev] t=455326.655 ev.verify=11.377ms
[labev] t=455326.657 ev.finalize=1.528ms
[labev] t=455326.657 ev.propose=0.002ms
[labev] t=455326.668 ev.verify=11.366ms
[labev] t=455326.670 ev.finalize=1.657ms
[labev] t=455326.670 ev.propose=0.002ms
[labev] t=455326.681 ev.verify=11.362ms
[labev] t=455326.683 ev.finalize=1.532ms
[labev] t=455326.683 ev.propose=0.002ms
[labev] t=455326.694 ev.verify=11.298ms
[labev] t=455326.696 ev.finalize=1.528ms
[labev] t=455326.696 ev.propose=0.002ms
[labev] t=455326.707 ev.verify=11.326ms
[labev] t=455326.709 ev.finalize=1.657ms
[labev] t=455326.709 ev.propose=0.003ms
[labev] t=455326.720 ev.verify=11.218ms
[labev] t=455326.722 ev.finalize=1.511ms
[labev] t=455326.722 ev.propose=0.002ms
[labev] t=455326.733 ev.verify=11.231ms
[labev] t=455326.735 ev.finalize=1.532ms
[labev] t=455326.735 ev.propose=0.002ms
[labev] t=455326.747 ev.verify=11.430ms
[labev] t=455326.748 ev.finalize=1.619ms
[labev] t=455326.748 ev.propose=0.002ms
[labev] t=455326.759 ev.verify=11.115ms
[labev] t=455326.761 ev.finalize=1.641ms
[labev] t=455326.761 ev.propose=0.002ms
[labev] t=455326.773 ev.verify=11.421ms
[labev] t=455326.774 ev.finalize=1.637ms
[labev] t=455326.774 ev.propose=0.002ms
[labev] t=455326.786 ev.verify=11.313ms
[labev] t=455326.787 ev.finalize=1.644ms
[labev] t=455326.788 ev.propose=0.002ms
[labev] t=455326.799 ev.verify=11.077ms
[labev] t=455326.800 ev.finalize=1.643ms
[labev] t=455326.800 ev.propose=0.002ms
[labev] t=455326.812 ev.verify=11.134ms
[labev] t=455326.813 ev.finalize=1.638ms
[labev] t=455326.813 ev.propose=0.002ms
[labev] t=455326.825 ev.verify=11.179ms
[labev] t=455326.826 ev.finalize=1.579ms
[labev] t=455326.826 ev.propose=0.002ms
[labev] t=455326.837 ev.verify=11.207ms
[labev] t=455326.840 ev.finalize=2.204ms
[labev] t=455326.840 ev.propose=0.002ms
[labev] t=455326.851 ev.verify=11.316ms
[labev] t=455326.853 ev.finalize=1.630ms
[labev] t=455326.853 ev.propose=0.002ms
[labev] t=455326.864 ev.verify=11.462ms
[labev] t=455326.866 ev.finalize=1.644ms
[labev] t=455326.866 ev.propose=0.002ms
[labev] t=455326.877 ev.verify=11.297ms
[labev] t=455326.879 ev.finalize=1.645ms
[labev] t=455326.879 ev.propose=0.002ms
[labev] t=455326.891 ev.verify=11.272ms
[labev] t=455326.892 ev.finalize=1.636ms
[labev] t=455326.892 ev.propose=0.002ms
[labev] t=455326.904 ev.verify=11.287ms
[labev] t=455326.905 ev.finalize=1.653ms
[labev] t=455326.905 ev.propose=0.002ms
[labev] t=455326.917 ev.verify=11.267ms
[labev] t=455326.918 ev.finalize=1.642ms
[labev] t=455326.918 ev.propose=0.002ms
[labev] t=455326.930 ev.verify=11.318ms
[labev] t=455326.932 ev.finalize=1.637ms
[labev] t=455326.932 ev.propose=0.002ms
[labev] t=455326.943 ev.verify=11.473ms
[labev] t=455326.945 ev.finalize=1.637ms
[labev] t=455326.945 ev.propose=0.002ms
[labev] t=455326.956 ev.verify=11.267ms
[labev] t=455326.958 ev.finalize=1.516ms
[labev] t=455326.958 ev.propose=0.002ms
[labev] t=455326.969 ev.verify=11.260ms
[labev] t=455326.971 ev.finalize=1.668ms
[labev] t=455326.971 ev.propose=0.002ms
[labev] t=455326.982 ev.verify=11.064ms
[labev] t=455326.984 ev.finalize=1.626ms
[labev] t=455326.984 ev.propose=0.002ms
[labev] t=455326.995 ev.verify=11.325ms
[labev] t=455326.997 ev.finalize=1.535ms
[labev] t=455326.997 ev.propose=0.002ms
[labev] t=455327.008 ev.verify=11.281ms
[labev] t=455327.010 ev.finalize=1.657ms
[labev] t=455327.010 ev.propose=0.002ms
[labev] t=455327.021 ev.verify=11.205ms
[labev] t=455327.023 ev.finalize=1.649ms
[labev] t=455327.023 ev.propose=0.002ms
[labev] t=455327.034 ev.verify=11.289ms
[labev] t=455327.036 ev.finalize=1.664ms
[labev] t=455327.036 ev.propose=0.002ms
[labev] t=455327.047 ev.verify=11.278ms
[labev] t=455327.049 ev.finalize=1.640ms
[labev] t=455327.049 ev.propose=0.002ms
[labev] t=455327.060 ev.verify=11.407ms
[labev] t=455327.063 ev.finalize=2.302ms
[labev] t=455327.063 ev.propose=0.002ms
[labev] t=455327.074 ev.verify=11.374ms
[labev] t=455327.076 ev.finalize=1.637ms
[labev] t=455327.076 ev.propose=0.002ms
[labev] t=455327.088 ev.verify=11.409ms
[labev] t=455327.089 ev.finalize=1.644ms
[labev] t=455327.089 ev.propose=0.002ms
[labev] t=455327.101 ev.verify=11.333ms
[labev] t=455327.102 ev.finalize=1.560ms
[labev] t=455327.102 ev.propose=0.002ms
[labev] t=455327.114 ev.verify=11.085ms
[labev] t=455327.115 ev.finalize=1.556ms
[labev] t=455327.115 ev.propose=0.002ms
[labev] t=455327.126 ev.verify=11.224ms
[labev] t=455327.128 ev.finalize=1.680ms
[labev] t=455327.128 ev.propose=0.002ms
[labev] t=455327.139 ev.verify=11.149ms
[labev] t=455327.141 ev.finalize=1.859ms
[labev] t=455327.141 ev.propose=0.002ms
[labev] t=455327.153 ev.verify=11.291ms
[labev] t=455327.155 ev.finalize=1.838ms
[labev] t=455327.155 ev.propose=0.002ms
[labev] t=455327.166 ev.verify=11.320ms
[labev] t=455327.168 ev.finalize=1.636ms
[labev] t=455327.168 ev.propose=0.002ms
[labev] t=455327.179 ev.verify=11.252ms
[labev] t=455327.181 ev.finalize=1.642ms
[labev] t=455327.181 ev.propose=0.002ms
[labev] t=455327.192 ev.verify=11.111ms
[labev] t=455327.194 ev.finalize=1.536ms
[labev] t=455327.194 ev.propose=0.002ms
[labev] t=455327.205 ev.verify=11.323ms
[labev] t=455327.207 ev.finalize=1.715ms
[labev] t=455327.207 ev.propose=0.002ms
[labev] t=455327.218 ev.verify=11.271ms
[labev] t=455327.220 ev.finalize=1.547ms
[labev] t=455327.220 ev.propose=0.002ms
[labev] t=455327.231 ev.verify=11.149ms
[labev] t=455327.233 ev.finalize=1.645ms
[labev] t=455327.233 ev.propose=0.002ms
[labev] t=455327.244 ev.verify=11.394ms
[labev] t=455327.246 ev.finalize=1.646ms
[labev] t=455327.246 ev.propose=0.002ms
[labev] t=455327.257 ev.verify=11.389ms
[labev] t=455327.259 ev.finalize=1.645ms
[labev] t=455327.259 ev.propose=0.002ms
[labev] t=455327.271 ev.verify=11.410ms
[labev] t=455327.272 ev.finalize=1.531ms
[labev] t=455327.272 ev.propose=0.002ms
[labev] t=455327.284 ev.verify=11.345ms
[labev] t=455327.285 ev.finalize=1.648ms
[labev] t=455327.285 ev.propose=0.002ms
[labev] t=455327.297 ev.verify=11.159ms
[labev] t=455327.299 ev.finalize=2.326ms
[labev] t=455327.299 ev.propose=0.002ms
[labev] t=455327.310 ev.verify=11.162ms
[labev] t=455327.312 ev.finalize=1.665ms
[labev] t=455327.312 ev.propose=0.002ms
[labev] t=455327.323 ev.verify=11.209ms
[labev] t=455327.325 ev.finalize=1.717ms
[labev] t=455327.325 ev.propose=0.002ms
[labev] t=455327.336 ev.verify=11.228ms
[labev] t=455327.338 ev.finalize=1.519ms
[labev] t=455327.338 ev.propose=0.002ms
[labev] t=455327.349 ev.verify=11.357ms
[labev] t=455327.351 ev.finalize=1.627ms
[labev] t=455327.351 ev.propose=0.002ms
[labev] t=455327.363 ev.verify=11.378ms
[labev] t=455327.364 ev.finalize=1.652ms
[labev] t=455327.364 ev.propose=0.002ms
[labev] t=455327.376 ev.verify=11.416ms
[labev] t=455327.377 ev.finalize=1.641ms
[labev] t=455327.378 ev.propose=0.002ms
[labev] t=455327.389 ev.verify=11.270ms
[labev] t=455327.391 ev.finalize=1.648ms
[labev] t=455327.391 ev.propose=0.002ms
[labev] t=455327.402 ev.verify=11.211ms
[labev] t=455327.404 ev.finalize=1.685ms
[labev] t=455327.404 ev.propose=0.002ms
[labev] t=455327.415 ev.verify=11.229ms
[labev] t=455327.417 ev.finalize=1.642ms
[labev] t=455327.417 ev.propose=0.002ms
[labev] t=455327.428 ev.verify=11.242ms
[labev] t=455327.430 ev.finalize=1.642ms
[labev] t=455327.430 ev.propose=0.002ms
[labev] t=455327.441 ev.verify=11.363ms
[labev] t=455327.443 ev.finalize=1.661ms
[labev] t=455327.443 ev.propose=0.002ms
[labev] t=455327.454 ev.verify=11.403ms
[labev] t=455327.456 ev.finalize=1.655ms
[labev] t=455327.456 ev.propose=0.002ms
[labev] t=455327.467 ev.verify=11.281ms
[labev] t=455327.469 ev.finalize=1.649ms
[labev] t=455327.469 ev.propose=0.001ms
[labev] t=455327.481 ev.verify=11.310ms
[labev] t=455327.482 ev.finalize=1.647ms
[labev] t=455327.482 ev.propose=0.002ms
[labev] t=455327.494 ev.verify=11.239ms
[labev] t=455327.495 ev.finalize=1.665ms
[labev] t=455327.495 ev.propose=0.002ms
[labev] t=455327.507 ev.verify=11.244ms
[labev] t=455327.508 ev.finalize=1.701ms
[labev] t=455327.508 ev.propose=0.002ms
[labev] t=455327.520 ev.verify=11.292ms
[labev] t=455327.522 ev.finalize=2.241ms
[labev] t=455327.522 ev.propose=0.002ms
[labev] t=455327.534 ev.verify=11.365ms
[labev] t=455327.535 ev.finalize=1.639ms
[labev] t=455327.535 ev.propose=0.002ms
[labev] t=455327.547 ev.verify=11.256ms
[labev] t=455327.548 ev.finalize=1.628ms
[labev] t=455327.548 ev.propose=0.002ms
[labev] t=455327.559 ev.verify=11.050ms
[labev] t=455327.561 ev.finalize=1.630ms
[labev] t=455327.561 ev.propose=0.001ms
[labev] t=455327.572 ev.verify=11.130ms
[labev] t=455327.574 ev.finalize=1.634ms
[labev] t=455327.574 ev.propose=0.002ms
[labev] t=455327.585 ev.verify=11.222ms
[labev] t=455327.587 ev.finalize=1.631ms
[labev] t=455327.587 ev.propose=0.002ms
[labev] t=455327.598 ev.verify=11.271ms
[labev] t=455327.600 ev.finalize=1.629ms
[labev] t=455327.600 ev.propose=0.002ms
[labev] t=455327.612 ev.verify=11.355ms
[labev] t=455327.613 ev.finalize=1.517ms
[labev] t=455327.613 ev.propose=0.002ms
[labev] t=455327.632 ev.verify=18.845ms
[labev] t=455327.634 ev.finalize=1.552ms
[labev] t=455331.104 req.start s1-p4096-o512-b0-r0=0.000ms
[labev] t=455331.104 req.handle=0.036ms
[labev] t=455331.124 tok.prepare=19.957ms
event=batching_admitted action=scheduler_admitted
[labev] t=455331.432 chunk.ord.total=306.982ms
[labev] t=455331.685 chunk.ord.total=253.653ms
[labev] t=455331.942 chunk.ord.total=256.146ms
[labev] t=455332.201 chunk.ord.total=259.016ms
[labev] t=455332.462 chunk.ord.total=261.674ms
[labev] t=455332.726 chunk.ord.total=263.511ms
[labev] t=455332.991 chunk.ord.total=265.215ms
[labev] t=455333.299 chunk.ord.total=307.206ms
[labev] t=455333.299 req.firsttoken s1-p4096-o512-b0-r0=2194.524ms
[labev] t=455333.438 ev.decode.rows1.cap0=139.336ms
[labev] t=455333.573 ev.decode.rows1.cap0=135.277ms
[labev] t=455333.709 ev.decode.rows1.cap0=135.388ms
[labev] t=455333.844 ev.decode.rows1.cap0=135.060ms
[labev] t=455333.979 ev.decode.rows1.cap0=135.183ms
[labev] t=455334.115 ev.decode.rows1.cap0=135.184ms
[labev] t=455334.250 ev.decode.rows1.cap0=135.536ms
[labev] t=455334.385 ev.decode.rows1.cap0=135.229ms
[labev] t=455334.521 ev.decode.rows1.cap0=135.338ms
[labev] t=455334.656 ev.decode.rows1.cap0=135.306ms
[labev] t=455334.792 ev.decode.rows1.cap0=135.269ms
[labev] t=455334.927 ev.decode.rows1.cap0=135.269ms
[labev] t=455335.062 ev.decode.rows1.cap0=135.205ms
[labev] t=455335.198 ev.decode.rows1.cap0=135.199ms
[labev] t=455335.333 ev.decode.rows1.cap0=134.925ms
[labev] t=455335.468 ev.decode.rows1.cap0=135.092ms
[labev] t=455335.603 ev.decode.rows1.cap0=135.152ms
[labev] t=455335.739 ev.decode.rows1.cap0=135.305ms
[labev] t=455335.874 ev.decode.rows1.cap0=135.566ms
[labev] t=455336.010 ev.decode.rows1.cap0=135.584ms
[labev] t=455336.145 ev.decode.rows1.cap0=135.418ms
[labev] t=455336.281 ev.decode.rows1.cap0=135.778ms
[labev] t=455336.417 ev.decode.rows1.cap0=135.223ms
[labev] t=455336.552 ev.decode.rows1.cap0=135.358ms
[labev] t=455336.688 ev.decode.rows1.cap0=135.522ms
[labev] t=455336.823 ev.decode.rows1.cap0=135.365ms
[labev] t=455336.959 ev.decode.rows1.cap0=135.480ms
[labev] t=455337.094 ev.decode.rows1.cap0=135.674ms
[labev] t=455337.230 ev.decode.rows1.cap0=135.602ms
[labev] t=455337.366 ev.decode.rows1.cap0=135.351ms
[labev] t=455337.501 ev.decode.rows1.cap0=135.544ms
[labev] t=455337.629 ev.decode.rows1.cap0=127.358ms
[labev] t=455337.630 req.start s1-p4096-o512-b0-r0=0.000ms
[labev] t=455337.630 req.handle=0.026ms
[labev] t=455337.650 tok.prepare=20.203ms
event=batching_admitted action=scheduler_admitted
[labev] t=455337.917 chunk.native.total=266.650ms
[labev] t=455338.182 chunk.native.total=264.670ms
[labev] t=455338.451 chunk.native.total=269.586ms
[labev] t=455338.724 chunk.native.total=272.723ms
[labev] t=455338.999 chunk.native.total=275.082ms
[labev] t=455339.278 chunk.native.total=278.742ms
[labev] t=455339.560 chunk.native.total=281.963ms
[labev] t=455339.878 chunk.native.total=317.282ms
[labev] t=455339.878 req.firsttoken s1-p4096-o512-b0-r0=2247.837ms
[labev] t=455339.878 ev.propose=0.003ms
[labev] t=455339.889 ev.verify=11.258ms
[labev] t=455339.891 ev.finalize=1.653ms
[labev] t=455339.891 ev.propose=0.070ms
[labev] t=455339.902 ev.verify=11.473ms
[labev] t=455339.904 ev.finalize=1.640ms
[labev] t=455339.904 ev.propose=0.052ms
[labev] t=455339.915 ev.verify=11.292ms
[labev] t=455339.917 ev.finalize=1.630ms
[labev] t=455339.917 ev.propose=0.039ms
[labev] t=455339.928 ev.verify=11.150ms
[labev] t=455339.930 ev.finalize=1.635ms
[labev] t=455339.930 ev.propose=0.062ms
[labev] t=455339.942 ev.verify=11.207ms
[labev] t=455339.943 ev.finalize=1.598ms
[labev] t=455339.943 ev.propose=0.066ms
[labev] t=455339.955 ev.verify=11.193ms
[labev] t=455339.956 ev.finalize=1.609ms
[labev] t=455339.956 ev.propose=0.053ms
[labev] t=455339.968 ev.verify=11.352ms
[labev] t=455339.969 ev.finalize=1.636ms
[labev] t=455339.970 ev.propose=0.050ms
[labev] t=455339.981 ev.verify=11.321ms
[labev] t=455339.983 ev.finalize=1.631ms
[labev] t=455339.983 ev.propose=0.051ms
[labev] t=455339.994 ev.verify=11.011ms
[labev] t=455339.996 ev.finalize=2.269ms
[labev] t=455339.996 ev.propose=0.082ms
[labev] t=455340.008 ev.verify=11.335ms
[labev] t=455340.009 ev.finalize=1.634ms
[labev] t=455340.010 ev.propose=0.051ms
[labev] t=455340.021 ev.verify=11.184ms
[labev] t=455340.022 ev.finalize=1.668ms
[labev] t=455340.023 ev.propose=0.002ms
[labev] t=455340.034 ev.verify=11.248ms
[labev] t=455340.035 ev.finalize=1.558ms
[labev] t=455340.036 ev.propose=0.056ms
[labev] t=455340.047 ev.verify=11.123ms
[labev] t=455340.048 ev.finalize=1.569ms
[labev] t=455340.049 ev.propose=0.067ms
[labev] t=455340.060 ev.verify=11.153ms
[labev] t=455340.061 ev.finalize=1.614ms
[labev] t=455340.062 ev.propose=0.068ms
[labev] t=455340.073 ev.verify=11.199ms
[labev] t=455340.074 ev.finalize=1.558ms
[labev] t=455340.074 ev.propose=0.067ms
[labev] t=455340.086 ev.verify=11.161ms
[labev] t=455340.087 ev.finalize=1.627ms
[labev] t=455340.088 ev.propose=0.073ms
[labev] t=455340.099 ev.verify=11.100ms
[labev] t=455340.100 ev.finalize=1.614ms
[labev] t=455340.100 ev.propose=0.002ms
[labev] t=455340.112 ev.verify=11.196ms
[labev] t=455340.113 ev.finalize=1.604ms
[labev] t=455340.113 ev.propose=0.002ms
[labev] t=455340.124 ev.verify=11.087ms
[labev] t=455340.126 ev.finalize=1.607ms
[labev] t=455340.126 ev.propose=0.002ms
[labev] t=455340.137 ev.verify=11.212ms
[labev] t=455340.139 ev.finalize=1.601ms
[labev] t=455340.139 ev.propose=0.002ms
[labev] t=455340.150 ev.verify=11.065ms
[labev] t=455340.152 ev.finalize=1.586ms
[labev] t=455340.152 ev.propose=0.002ms
[labev] t=455340.163 ev.verify=11.407ms
[labev] t=455340.165 ev.finalize=1.625ms
[labev] t=455340.165 ev.propose=0.002ms
[labev] t=455340.177 ev.verify=11.337ms
[labev] t=455340.178 ev.finalize=1.660ms
[labev] t=455340.178 ev.propose=0.002ms
[labev] t=455340.189 ev.verify=11.168ms
[labev] t=455340.191 ev.finalize=1.613ms
[labev] t=455340.191 ev.propose=0.002ms
[labev] t=455340.202 ev.verify=11.204ms
[labev] t=455340.204 ev.finalize=1.635ms
[labev] t=455340.204 ev.propose=0.002ms
[labev] t=455340.216 ev.verify=11.249ms
[labev] t=455340.218 ev.finalize=2.826ms
[labev] t=455340.218 ev.propose=0.002ms
[labev] t=455340.230 ev.verify=11.506ms
[labev] t=455340.232 ev.finalize=1.637ms
[labev] t=455340.232 ev.propose=0.002ms
[labev] t=455340.243 ev.verify=11.159ms
[labev] t=455340.245 ev.finalize=1.652ms
[labev] t=455340.245 ev.propose=0.002ms
[labev] t=455340.256 ev.verify=11.329ms
[labev] t=455340.258 ev.finalize=1.609ms
[labev] t=455340.258 ev.propose=0.002ms
[labev] t=455340.269 ev.verify=11.258ms
[labev] t=455340.271 ev.finalize=1.609ms
[labev] t=455340.271 ev.propose=0.002ms
[labev] t=455340.282 ev.verify=11.140ms
[labev] t=455340.284 ev.finalize=1.660ms
[labev] t=455340.284 ev.propose=0.002ms
[labev] t=455340.295 ev.verify=11.097ms
[labev] t=455340.297 ev.finalize=1.702ms
[labev] t=455340.297 ev.propose=0.002ms
[labev] t=455340.308 ev.verify=11.183ms
[labev] t=455340.310 ev.finalize=1.605ms
[labev] t=455340.310 ev.propose=0.002ms
[labev] t=455340.321 ev.verify=11.316ms
[labev] t=455340.323 ev.finalize=1.613ms
[labev] t=455340.323 ev.propose=0.002ms
[labev] t=455340.334 ev.verify=11.115ms
[labev] t=455340.336 ev.finalize=1.612ms
[labev] t=455340.336 ev.propose=0.002ms
[labev] t=455340.347 ev.verify=11.057ms
[labev] t=455340.349 ev.finalize=1.625ms
[labev] t=455340.349 ev.propose=0.002ms
[labev] t=455340.360 ev.verify=11.421ms
[labev] t=455340.362 ev.finalize=1.644ms
[labev] t=455340.362 ev.propose=0.002ms
[labev] t=455340.373 ev.verify=11.319ms
[labev] t=455340.375 ev.finalize=1.596ms
[labev] t=455340.375 ev.propose=0.002ms
[labev] t=455340.386 ev.verify=11.097ms
[labev] t=455340.388 ev.finalize=1.616ms
[labev] t=455340.388 ev.propose=0.002ms
[labev] t=455340.399 ev.verify=11.066ms
[labev] t=455340.401 ev.finalize=1.620ms
[labev] t=455340.401 ev.propose=0.002ms
[labev] t=455340.412 ev.verify=11.175ms
[labev] t=455340.414 ev.finalize=1.630ms
[labev] t=455340.414 ev.propose=0.002ms
[labev] t=455340.425 ev.verify=11.245ms
[labev] t=455340.427 ev.finalize=2.253ms
[labev] t=455340.427 ev.propose=0.002ms
[labev] t=455340.439 ev.verify=11.480ms
[labev] t=455340.441 ev.finalize=1.649ms
[labev] t=455340.441 ev.propose=0.002ms
[labev] t=455340.452 ev.verify=11.257ms
[labev] t=455340.454 ev.finalize=1.632ms
[labev] t=455340.454 ev.propose=0.002ms
[labev] t=455340.465 ev.verify=10.997ms
[labev] t=455340.466 ev.finalize=1.614ms
[labev] t=455340.466 ev.propose=0.002ms
[labev] t=455340.478 ev.verify=11.095ms
[labev] t=455340.479 ev.finalize=1.613ms
[labev] t=455340.479 ev.propose=0.002ms
[labev] t=455340.491 ev.verify=11.262ms
[labev] t=455340.492 ev.finalize=1.615ms
[labev] t=455340.492 ev.propose=0.002ms
[labev] t=455340.503 ev.verify=11.139ms
[labev] t=455340.505 ev.finalize=1.605ms
[labev] t=455340.505 ev.propose=0.002ms
[labev] t=455340.517 ev.verify=11.264ms
[labev] t=455340.518 ev.finalize=1.637ms
[labev] t=455340.518 ev.propose=0.002ms
[labev] t=455340.529 ev.verify=11.155ms
[labev] t=455340.531 ev.finalize=1.612ms
[labev] t=455340.531 ev.propose=0.002ms
[labev] t=455340.542 ev.verify=11.150ms
[labev] t=455340.544 ev.finalize=1.513ms
[labev] t=455340.544 ev.propose=0.002ms
[labev] t=455340.555 ev.verify=11.154ms
[labev] t=455340.557 ev.finalize=1.597ms
[labev] t=455340.557 ev.propose=0.002ms
[labev] t=455340.568 ev.verify=11.252ms
[labev] t=455340.570 ev.finalize=1.594ms
[labev] t=455340.570 ev.propose=0.002ms
[labev] t=455340.581 ev.verify=11.106ms
[labev] t=455340.583 ev.finalize=1.623ms
[labev] t=455340.583 ev.propose=0.002ms
[labev] t=455340.594 ev.verify=11.156ms
[labev] t=455340.596 ev.finalize=1.667ms
[labev] t=455340.596 ev.propose=0.002ms
[labev] t=455340.607 ev.verify=11.285ms
[labev] t=455340.609 ev.finalize=1.626ms
[labev] t=455340.609 ev.propose=0.002ms
[labev] t=455340.620 ev.verify=11.132ms
[labev] t=455340.622 ev.finalize=1.626ms
[labev] t=455340.622 ev.propose=0.002ms
[labev] t=455340.633 ev.verify=10.981ms
[labev] t=455340.635 ev.finalize=1.612ms
[labev] t=455340.635 ev.propose=0.001ms
[labev] t=455340.646 ev.verify=11.162ms
[labev] t=455340.648 ev.finalize=2.342ms
[labev] t=455340.648 ev.propose=0.002ms
[labev] t=455340.660 ev.verify=11.325ms
[labev] t=455340.661 ev.finalize=1.651ms
[labev] t=455340.661 ev.propose=0.002ms
[labev] t=455340.673 ev.verify=11.170ms
[labev] t=455340.674 ev.finalize=1.696ms
[labev] t=455340.675 ev.propose=0.002ms
[labev] t=455340.686 ev.verify=10.991ms
[labev] t=455340.687 ev.finalize=1.532ms
[labev] t=455340.687 ev.propose=0.002ms
[labev] t=455340.698 ev.verify=11.226ms
[labev] t=455340.700 ev.finalize=1.619ms
[labev] t=455340.700 ev.propose=0.002ms
[labev] t=455340.711 ev.verify=11.021ms
[labev] t=455340.713 ev.finalize=1.618ms
[labev] t=455340.713 ev.propose=0.002ms
[labev] t=455340.724 ev.verify=11.270ms
[labev] t=455340.726 ev.finalize=1.666ms
[labev] t=455340.726 ev.propose=0.002ms
[labev] t=455340.737 ev.verify=11.214ms
[labev] t=455340.739 ev.finalize=1.602ms
[labev] t=455340.739 ev.propose=0.002ms
[labev] t=455340.750 ev.verify=11.180ms
[labev] t=455340.752 ev.finalize=1.619ms
[labev] t=455340.752 ev.propose=0.002ms
[labev] t=455340.763 ev.verify=11.231ms
[labev] t=455340.765 ev.finalize=1.627ms
[labev] t=455340.765 ev.propose=0.002ms
[labev] t=455340.776 ev.verify=11.165ms
[labev] t=455340.778 ev.finalize=1.611ms
[labev] t=455340.778 ev.propose=0.002ms
[labev] t=455340.789 ev.verify=11.160ms
[labev] t=455340.791 ev.finalize=1.616ms
[labev] t=455340.791 ev.propose=0.002ms
[labev] t=455340.802 ev.verify=11.234ms
[labev] t=455340.804 ev.finalize=1.603ms
[labev] t=455340.804 ev.propose=0.002ms
[labev] t=455340.815 ev.verify=11.376ms
[labev] t=455340.817 ev.finalize=1.498ms
[labev] t=455340.817 ev.propose=0.002ms
[labev] t=455340.828 ev.verify=11.291ms
[labev] t=455340.830 ev.finalize=1.670ms
[labev] t=455340.830 ev.propose=0.002ms
[labev] t=455340.841 ev.verify=11.041ms
[labev] t=455340.843 ev.finalize=1.663ms
[labev] t=455340.843 ev.propose=0.002ms
[labev] t=455340.854 ev.verify=11.321ms
[labev] t=455340.856 ev.finalize=1.634ms
[labev] t=455340.856 ev.propose=0.002ms
[labev] t=455340.867 ev.verify=11.222ms
[labev] t=455340.870 ev.finalize=2.238ms
[labev] t=455340.870 ev.propose=0.002ms
[labev] t=455340.881 ev.verify=11.445ms
[labev] t=455340.883 ev.finalize=1.647ms
[labev] t=455340.883 ev.propose=0.002ms
[labev] t=455340.894 ev.verify=11.149ms
[labev] t=455340.896 ev.finalize=1.629ms
[labev] t=455340.896 ev.propose=0.002ms
[labev] t=455340.907 ev.verify=11.218ms
[labev] t=455340.909 ev.finalize=1.630ms
[labev] t=455340.909 ev.propose=0.002ms
[labev] t=455340.920 ev.verify=11.137ms
[labev] t=455340.922 ev.finalize=1.609ms
[labev] t=455340.922 ev.propose=0.002ms
[labev] t=455340.933 ev.verify=11.322ms
[labev] t=455340.935 ev.finalize=1.623ms
[labev] t=455340.935 ev.propose=0.002ms
[labev] t=455340.946 ev.verify=11.169ms
[labev] t=455340.948 ev.finalize=1.517ms
[labev] t=455340.948 ev.propose=0.002ms
[labev] t=455340.959 ev.verify=11.085ms
[labev] t=455340.961 ev.finalize=1.637ms
[labev] t=455340.961 ev.propose=0.002ms
[labev] t=455340.972 ev.verify=11.135ms
[labev] t=455340.976 ev.finalize=3.850ms
[labev] t=455340.976 ev.propose=0.002ms
[labev] t=455340.987 ev.verify=11.105ms
[labev] t=455340.989 ev.finalize=1.617ms
[labev] t=455340.989 ev.propose=0.002ms
[labev] t=455341.000 ev.verify=11.112ms
[labev] t=455341.001 ev.finalize=1.619ms
[labev] t=455341.002 ev.propose=0.002ms
[labev] t=455341.013 ev.verify=11.293ms
[labev] t=455341.014 ev.finalize=1.506ms
[labev] t=455341.015 ev.propose=0.002ms
[labev] t=455341.026 ev.verify=11.147ms
[labev] t=455341.027 ev.finalize=1.621ms
[labev] t=455341.028 ev.propose=0.002ms
[labev] t=455341.039 ev.verify=11.240ms
[labev] t=455341.040 ev.finalize=1.630ms
[labev] t=455341.041 ev.propose=0.002ms
[labev] t=455341.052 ev.verify=11.257ms
[labev] t=455341.053 ev.finalize=1.549ms
[labev] t=455341.053 ev.propose=0.002ms
[labev] t=455341.065 ev.verify=11.133ms
[labev] t=455341.066 ev.finalize=1.636ms
[labev] t=455341.066 ev.propose=0.001ms
[labev] t=455341.078 ev.verify=11.298ms
[labev] t=455341.079 ev.finalize=1.622ms
[labev] t=455341.079 ev.propose=0.002ms
[labev] t=455341.091 ev.verify=11.322ms
[labev] t=455341.093 ev.finalize=1.633ms
[labev] t=455341.093 ev.propose=0.002ms
[labev] t=455341.104 ev.verify=11.309ms
[labev] t=455341.106 ev.finalize=2.263ms
[labev] t=455341.106 ev.propose=0.002ms
[labev] t=455341.118 ev.verify=11.221ms
[labev] t=455341.119 ev.finalize=1.637ms
[labev] t=455341.119 ev.propose=0.002ms
[labev] t=455341.131 ev.verify=11.354ms
[labev] t=455341.132 ev.finalize=1.625ms
[labev] t=455341.133 ev.propose=0.002ms
[labev] t=455341.144 ev.verify=11.022ms
[labev] t=455341.145 ev.finalize=1.621ms
[labev] t=455341.145 ev.propose=0.002ms
[labev] t=455341.157 ev.verify=11.205ms
[labev] t=455341.158 ev.finalize=1.630ms
[labev] t=455341.158 ev.propose=0.002ms
[labev] t=455341.170 ev.verify=11.276ms
[labev] t=455341.171 ev.finalize=1.620ms
[labev] t=455341.171 ev.propose=0.002ms
[labev] t=455341.183 ev.verify=11.111ms
[labev] t=455341.184 ev.finalize=1.635ms
[labev] t=455341.184 ev.propose=0.002ms
[labev] t=455341.195 ev.verify=10.996ms
[labev] t=455341.197 ev.finalize=1.623ms
[labev] t=455341.197 ev.propose=0.002ms
[labev] t=455341.208 ev.verify=11.250ms
[labev] t=455341.210 ev.finalize=1.515ms
[labev] t=455341.210 ev.propose=0.002ms
[labev] t=455341.221 ev.verify=11.279ms
[labev] t=455341.223 ev.finalize=1.636ms
[labev] t=455341.223 ev.propose=0.002ms
[labev] t=455341.234 ev.verify=11.304ms
[labev] t=455341.236 ev.finalize=1.618ms
[labev] t=455341.236 ev.propose=0.002ms
[labev] t=455341.247 ev.verify=11.027ms
[labev] t=455341.249 ev.finalize=1.633ms
[labev] t=455341.249 ev.propose=0.002ms
[labev] t=455341.260 ev.verify=11.179ms
[labev] t=455341.262 ev.finalize=1.672ms
[labev] t=455341.262 ev.propose=0.002ms
[labev] t=455341.273 ev.verify=11.189ms
[labev] t=455341.275 ev.finalize=1.625ms
[labev] t=455341.275 ev.propose=0.002ms
[labev] t=455341.286 ev.verify=11.396ms
[labev] t=455341.288 ev.finalize=1.618ms
[labev] t=455341.288 ev.propose=0.002ms
[labev] t=455341.300 ev.verify=11.254ms
[labev] t=455341.301 ev.finalize=1.625ms
[labev] t=455341.301 ev.propose=0.002ms
[labev] t=455341.313 ev.verify=11.330ms
[labev] t=455341.315 ev.finalize=2.262ms
[labev] t=455341.315 ev.propose=0.002ms
[labev] t=455341.326 ev.verify=11.317ms
[labev] t=455341.328 ev.finalize=1.637ms
[labev] t=455341.328 ev.propose=0.002ms
[labev] t=455341.339 ev.verify=11.164ms
[labev] t=455341.341 ev.finalize=1.685ms
[labev] t=455341.341 ev.propose=0.002ms
[labev] t=455341.352 ev.verify=11.250ms
[labev] t=455341.354 ev.finalize=1.636ms
[labev] t=455341.354 ev.propose=0.002ms
[labev] t=455341.365 ev.verify=11.165ms
[labev] t=455341.367 ev.finalize=1.618ms
[labev] t=455341.367 ev.propose=0.002ms
[labev] t=455341.379 ev.verify=11.395ms
[labev] t=455341.380 ev.finalize=1.647ms
[labev] t=455341.380 ev.propose=0.002ms
[labev] t=455341.391 ev.verify=11.108ms
[labev] t=455341.393 ev.finalize=1.629ms
[labev] t=455341.393 ev.propose=0.002ms
[labev] t=455341.405 ev.verify=11.383ms
[labev] t=455341.406 ev.finalize=1.647ms
[labev] t=455341.406 ev.propose=0.002ms
[labev] t=455341.418 ev.verify=11.102ms
[labev] t=455341.419 ev.finalize=1.647ms
[labev] t=455341.419 ev.propose=0.002ms
[labev] t=455341.430 ev.verify=11.146ms
[labev] t=455341.432 ev.finalize=1.618ms
[labev] t=455341.432 ev.propose=0.002ms
[labev] t=455341.443 ev.verify=11.130ms
[labev] t=455341.445 ev.finalize=1.639ms
[labev] t=455341.445 ev.propose=0.001ms
[labev] t=455341.456 ev.verify=11.285ms
[labev] t=455341.458 ev.finalize=1.636ms
[labev] t=455341.458 ev.propose=0.002ms
[labev] t=455341.469 ev.verify=11.136ms
[labev] t=455341.471 ev.finalize=1.641ms
[labev] t=455341.471 ev.propose=0.002ms
[labev] t=455341.483 ev.verify=11.369ms
[labev] t=455341.484 ev.finalize=1.632ms
[labev] t=455341.484 ev.propose=0.002ms
[labev] t=455341.496 ev.verify=11.434ms
[labev] t=455341.497 ev.finalize=1.636ms
[labev] t=455341.498 ev.propose=0.002ms
[labev] t=455341.509 ev.verify=11.172ms
[labev] t=455341.510 ev.finalize=1.630ms
[labev] t=455341.511 ev.propose=0.002ms
[labev] t=455341.522 ev.verify=11.202ms
[labev] t=455341.523 ev.finalize=1.527ms
[labev] t=455341.523 ev.propose=0.002ms
[labev] t=455341.535 ev.verify=11.174ms
[labev] t=455341.537 ev.finalize=2.063ms
[labev] t=455341.537 ev.propose=0.002ms
[labev] t=455341.548 ev.verify=11.178ms
[labev] t=455341.550 ev.finalize=1.508ms
[labev] t=455341.550 ev.propose=0.002ms
[labev] t=455341.561 ev.verify=11.027ms
[labev] t=455341.562 ev.finalize=1.654ms
[labev] t=455341.562 ev.propose=0.002ms
[labev] t=455341.574 ev.verify=11.138ms
[labev] t=455341.575 ev.finalize=1.530ms
[labev] t=455341.575 ev.propose=0.002ms
[labev] t=455341.586 ev.verify=11.081ms
[labev] t=455341.588 ev.finalize=1.506ms
[labev] t=455341.588 ev.propose=0.002ms
[labev] t=455341.599 ev.verify=11.113ms
[labev] t=455341.601 ev.finalize=1.514ms
[labev] t=455341.601 ev.propose=0.002ms
[labev] t=455341.612 ev.verify=11.302ms
[labev] t=455341.614 ev.finalize=1.675ms
[labev] t=455341.614 ev.propose=0.001ms
[labev] t=455341.625 ev.verify=11.188ms
[labev] t=455341.627 ev.finalize=1.635ms
[labev] t=455341.627 ev.propose=0.002ms
[labev] t=455341.638 ev.verify=11.326ms
[labev] t=455341.640 ev.finalize=1.629ms
[labev] t=455341.640 ev.propose=0.002ms
[labev] t=455341.651 ev.verify=11.354ms
[labev] t=455341.653 ev.finalize=1.626ms
[labev] t=455341.653 ev.propose=0.002ms
[labev] t=455341.665 ev.verify=11.436ms
[labev] t=455341.666 ev.finalize=1.644ms
[labev] t=455341.666 ev.propose=0.002ms
[labev] t=455341.678 ev.verify=11.189ms
[labev] t=455341.679 ev.finalize=1.633ms
[labev] t=455341.679 ev.propose=0.002ms
[labev] t=455341.691 ev.verify=11.194ms
[labev] t=455341.692 ev.finalize=1.645ms
[labev] t=455341.692 ev.propose=0.002ms
[labev] t=455341.704 ev.verify=11.341ms
[labev] t=455341.705 ev.finalize=1.608ms
[labev] t=455341.705 ev.propose=0.002ms
[labev] t=455341.717 ev.verify=11.228ms
[labev] t=455341.718 ev.finalize=1.665ms
[labev] t=455341.719 ev.propose=0.002ms
[labev] t=455341.730 ev.verify=11.339ms
[labev] t=455341.732 ev.finalize=1.644ms
[labev] t=455341.732 ev.propose=0.002ms
[labev] t=455341.743 ev.verify=10.968ms
[labev] t=455341.744 ev.finalize=1.655ms
[labev] t=455341.744 ev.propose=0.002ms
[labev] t=455341.756 ev.verify=11.400ms
[labev] t=455341.758 ev.finalize=1.654ms
[labev] t=455341.758 ev.propose=0.002ms
[labev] t=455341.769 ev.verify=11.184ms
[labev] t=455341.771 ev.finalize=2.262ms
[labev] t=455341.771 ev.propose=0.002ms
[labev] t=455341.782 ev.verify=11.165ms
[labev] t=455341.784 ev.finalize=1.647ms
[labev] t=455341.784 ev.propose=0.002ms
[labev] t=455341.796 ev.verify=11.451ms
[labev] t=455341.797 ev.finalize=1.647ms
[labev] t=455341.798 ev.propose=0.002ms
[labev] t=455341.809 ev.verify=11.133ms
[labev] t=455341.810 ev.finalize=1.638ms
[labev] t=455341.810 ev.propose=0.002ms
[labev] t=455341.822 ev.verify=11.284ms
[labev] t=455341.823 ev.finalize=1.644ms
[labev] t=455341.824 ev.propose=0.002ms
[labev] t=455341.835 ev.verify=11.389ms
[labev] t=455341.837 ev.finalize=1.534ms
[labev] t=455341.837 ev.propose=0.002ms
[labev] t=455341.848 ev.verify=11.437ms
[labev] t=455341.850 ev.finalize=1.650ms
[labev] t=455341.850 ev.propose=0.002ms
[labev] t=455341.861 ev.verify=11.400ms
[labev] t=455341.863 ev.finalize=1.621ms
[labev] t=455341.863 ev.propose=0.002ms
[labev] t=455341.874 ev.verify=11.389ms
[labev] t=455341.876 ev.finalize=1.640ms
[labev] t=455341.876 ev.propose=0.002ms
[labev] t=455341.887 ev.verify=11.144ms
[labev] t=455341.889 ev.finalize=1.632ms
[labev] t=455341.889 ev.propose=0.002ms
[labev] t=455341.901 ev.verify=11.427ms
[labev] t=455341.902 ev.finalize=1.617ms
[labev] t=455341.902 ev.propose=0.002ms
[labev] t=455341.913 ev.verify=11.100ms
[labev] t=455341.915 ev.finalize=1.622ms
[labev] t=455341.915 ev.propose=0.002ms
[labev] t=455341.926 ev.verify=11.119ms
[labev] t=455341.928 ev.finalize=1.668ms
[labev] t=455341.928 ev.propose=0.002ms
[labev] t=455341.940 ev.verify=11.278ms
[labev] t=455341.941 ev.finalize=1.515ms
[labev] t=455341.941 ev.propose=0.002ms
[labev] t=455341.952 ev.verify=11.120ms
[labev] t=455341.954 ev.finalize=1.620ms
[labev] t=455341.954 ev.propose=0.002ms
[labev] t=455341.966 ev.verify=11.491ms
[labev] t=455341.967 ev.finalize=1.644ms
[labev] t=455341.967 ev.propose=0.002ms
[labev] t=455341.979 ev.verify=11.260ms
[labev] t=455341.980 ev.finalize=1.626ms
[labev] t=455341.980 ev.propose=0.001ms
[labev] t=455341.992 ev.verify=11.369ms
[labev] t=455341.994 ev.finalize=2.285ms
[labev] t=455341.994 ev.propose=0.002ms
[labev] t=455342.005 ev.verify=11.216ms
[labev] t=455342.007 ev.finalize=1.645ms
[labev] t=455342.007 ev.propose=0.002ms
[labev] t=455342.018 ev.verify=11.198ms
[labev] t=455342.020 ev.finalize=1.617ms
[labev] t=455342.020 ev.propose=0.002ms
[labev] t=455342.032 ev.verify=11.388ms
[labev] t=455342.033 ev.finalize=1.633ms
[labev] t=455342.033 ev.propose=0.002ms
[labev] t=455342.045 ev.verify=11.441ms
[labev] t=455342.047 ev.finalize=1.636ms
[labev] t=455342.047 ev.propose=0.002ms
[labev] t=455342.058 ev.verify=11.228ms
[labev] t=455342.060 ev.finalize=1.615ms
[labev] t=455342.060 ev.propose=0.002ms
[labev] t=455342.071 ev.verify=11.321ms
[labev] t=455342.073 ev.finalize=1.656ms
[labev] t=455342.073 ev.propose=0.002ms
[labev] t=455342.084 ev.verify=11.361ms
[labev] t=455342.086 ev.finalize=1.522ms
[labev] t=455342.086 ev.propose=0.002ms
[labev] t=455342.097 ev.verify=11.249ms
[labev] t=455342.099 ev.finalize=1.623ms
[labev] t=455342.099 ev.propose=0.002ms
[labev] t=455342.110 ev.verify=11.281ms
[labev] t=455342.112 ev.finalize=1.517ms
[labev] t=455342.112 ev.propose=0.002ms
[labev] t=455342.123 ev.verify=11.437ms
[labev] t=455342.125 ev.finalize=1.696ms
[labev] t=455342.125 ev.propose=0.002ms
[labev] t=455342.136 ev.verify=11.316ms
[labev] t=455342.138 ev.finalize=1.508ms
[labev] t=455342.138 ev.propose=0.001ms
[labev] t=455342.149 ev.verify=11.267ms
[labev] t=455342.151 ev.finalize=1.555ms
[labev] t=455342.151 ev.propose=0.002ms
[labev] t=455342.162 ev.verify=11.253ms
[labev] t=455342.164 ev.finalize=1.648ms
[labev] t=455342.164 ev.propose=0.002ms
[labev] t=455342.175 ev.verify=11.077ms
[labev] t=455342.177 ev.finalize=1.651ms
[labev] t=455342.177 ev.propose=0.002ms
[labev] t=455342.188 ev.verify=11.201ms
[labev] t=455342.190 ev.finalize=1.668ms
[labev] t=455342.190 ev.propose=0.002ms
[labev] t=455342.201 ev.verify=11.371ms
[labev] t=455342.203 ev.finalize=1.535ms
[labev] t=455342.203 ev.propose=0.001ms
[labev] t=455342.214 ev.verify=11.204ms
[labev] t=455342.216 ev.finalize=1.627ms
[labev] t=455342.216 ev.propose=0.002ms
[labev] t=455342.227 ev.verify=11.194ms
[labev] t=455342.229 ev.finalize=1.615ms
[labev] t=455342.229 ev.propose=0.002ms
[labev] t=455342.241 ev.verify=11.395ms
[labev] t=455342.243 ev.finalize=2.282ms
[labev] t=455342.243 ev.propose=0.002ms
[labev] t=455342.255 ev.verify=11.534ms
[labev] t=455342.256 ev.finalize=1.670ms
[labev] t=455342.256 ev.propose=0.002ms
[labev] t=455342.268 ev.verify=11.264ms
[labev] t=455342.269 ev.finalize=1.669ms
[labev] t=455342.269 ev.propose=0.002ms
[labev] t=455342.281 ev.verify=11.166ms
[labev] t=455342.282 ev.finalize=1.640ms
[labev] t=455342.282 ev.propose=0.002ms
[labev] t=455342.294 ev.verify=11.403ms
[labev] t=455342.295 ev.finalize=1.636ms
[labev] t=455342.296 ev.propose=0.002ms
[labev] t=455342.307 ev.verify=11.248ms
[labev] t=455342.309 ev.finalize=1.655ms
[labev] t=455342.309 ev.propose=0.002ms
[labev] t=455342.320 ev.verify=11.281ms
[labev] t=455342.322 ev.finalize=1.638ms
[labev] t=455342.322 ev.propose=0.002ms
[labev] t=455342.333 ev.verify=11.143ms
[labev] t=455342.335 ev.finalize=1.661ms
[labev] t=455342.335 ev.propose=0.002ms
[labev] t=455342.346 ev.verify=11.110ms
[labev] t=455342.347 ev.finalize=1.631ms
[labev] t=455342.348 ev.propose=0.001ms
[labev] t=455342.359 ev.verify=11.089ms
[labev] t=455342.360 ev.finalize=1.646ms
[labev] t=455342.361 ev.propose=0.002ms
[labev] t=455342.372 ev.verify=11.348ms
[labev] t=455342.374 ev.finalize=1.641ms
[labev] t=455342.374 ev.propose=0.002ms
[labev] t=455342.385 ev.verify=11.246ms
[labev] t=455342.387 ev.finalize=1.636ms
[labev] t=455342.387 ev.propose=0.002ms
[labev] t=455342.398 ev.verify=11.320ms
[labev] t=455342.400 ev.finalize=1.648ms
[labev] t=455342.400 ev.propose=0.002ms
[labev] t=455342.411 ev.verify=11.174ms
[labev] t=455342.413 ev.finalize=1.642ms
[labev] t=455342.413 ev.propose=0.002ms
[labev] t=455342.424 ev.verify=11.496ms
[labev] t=455342.426 ev.finalize=1.671ms
[labev] t=455342.426 ev.propose=0.002ms
[labev] t=455342.437 ev.verify=11.339ms
[labev] t=455342.439 ev.finalize=1.641ms
[labev] t=455342.439 ev.propose=0.002ms
[labev] t=455342.451 ev.verify=11.232ms
[labev] t=455342.453 ev.finalize=2.301ms
[labev] t=455342.453 ev.propose=0.002ms
[labev] t=455342.464 ev.verify=11.346ms
[labev] t=455342.466 ev.finalize=1.641ms
[labev] t=455342.466 ev.propose=0.002ms
[labev] t=455342.477 ev.verify=11.169ms
[labev] t=455342.479 ev.finalize=1.639ms
[labev] t=455342.479 ev.propose=0.002ms
[labev] t=455342.490 ev.verify=11.315ms
[labev] t=455342.492 ev.finalize=1.655ms
[labev] t=455342.492 ev.propose=0.002ms
[labev] t=455342.504 ev.verify=11.335ms
[labev] t=455342.505 ev.finalize=1.525ms
[labev] t=455342.505 ev.propose=0.002ms
[labev] t=455342.517 ev.verify=11.379ms
[labev] t=455342.518 ev.finalize=1.635ms
[labev] t=455342.518 ev.propose=0.002ms
[labev] t=455342.530 ev.verify=11.208ms
[labev] t=455342.531 ev.finalize=1.665ms
[labev] t=455342.531 ev.propose=0.002ms
[labev] t=455342.543 ev.verify=11.391ms
[labev] t=455342.545 ev.finalize=1.699ms
[labev] t=455342.545 ev.propose=0.002ms
[labev] t=455342.556 ev.verify=11.360ms
[labev] t=455342.558 ev.finalize=1.655ms
[labev] t=455342.558 ev.propose=0.002ms
[labev] t=455342.569 ev.verify=11.291ms
[labev] t=455342.571 ev.finalize=1.675ms
[labev] t=455342.571 ev.propose=0.002ms
[labev] t=455342.582 ev.verify=11.239ms
[labev] t=455342.584 ev.finalize=1.708ms
[labev] t=455342.584 ev.propose=0.002ms
[labev] t=455342.595 ev.verify=11.320ms
[labev] t=455342.597 ev.finalize=1.642ms
[labev] t=455342.597 ev.propose=0.002ms
[labev] t=455342.608 ev.verify=11.172ms
[labev] t=455342.610 ev.finalize=1.620ms
[labev] t=455342.610 ev.propose=0.002ms
[labev] t=455342.622 ev.verify=11.451ms
[labev] t=455342.623 ev.finalize=1.669ms
[labev] t=455342.624 ev.propose=0.002ms
[labev] t=455342.635 ev.verify=11.330ms
[labev] t=455342.637 ev.finalize=1.640ms
[labev] t=455342.637 ev.propose=0.002ms
[labev] t=455342.648 ev.verify=11.245ms
[labev] t=455342.650 ev.finalize=1.627ms
[labev] t=455342.650 ev.propose=0.002ms
[labev] t=455342.661 ev.verify=11.359ms
[labev] t=455342.663 ev.finalize=1.553ms
[labev] t=455342.663 ev.propose=0.002ms
[labev] t=455342.674 ev.verify=11.312ms
[labev] t=455342.676 ev.finalize=2.218ms
[labev] t=455342.676 ev.propose=0.002ms
[labev] t=455342.688 ev.verify=11.340ms
[labev] t=455342.690 ev.finalize=1.648ms
[labev] t=455342.690 ev.propose=0.002ms
[labev] t=455342.701 ev.verify=11.452ms
[labev] t=455342.703 ev.finalize=1.644ms
[labev] t=455342.703 ev.propose=0.002ms
[labev] t=455342.714 ev.verify=11.278ms
[labev] t=455342.716 ev.finalize=1.631ms
[labev] t=455342.716 ev.propose=0.002ms
[labev] t=455342.727 ev.verify=11.278ms
[labev] t=455342.729 ev.finalize=1.729ms
[labev] t=455342.729 ev.propose=0.002ms
[labev] t=455342.740 ev.verify=11.349ms
[labev] t=455342.742 ev.finalize=1.663ms
[labev] t=455342.742 ev.propose=0.002ms
[labev] t=455342.754 ev.verify=11.338ms
[labev] t=455342.755 ev.finalize=1.639ms
[labev] t=455342.755 ev.propose=0.002ms
[labev] t=455342.767 ev.verify=11.411ms
[labev] t=455342.769 ev.finalize=1.680ms
[labev] t=455342.769 ev.propose=0.002ms
[labev] t=455342.780 ev.verify=11.439ms
[labev] t=455342.782 ev.finalize=1.662ms
[labev] t=455342.782 ev.propose=0.002ms
[labev] t=455342.793 ev.verify=11.245ms
[labev] t=455342.795 ev.finalize=1.689ms
[labev] t=455342.795 ev.propose=0.002ms
[labev] t=455342.806 ev.verify=11.282ms
[labev] t=455342.808 ev.finalize=1.677ms
[labev] t=455342.808 ev.propose=0.002ms
[labev] t=455342.819 ev.verify=11.140ms
[labev] t=455342.821 ev.finalize=1.717ms
[labev] t=455342.821 ev.propose=0.002ms
[labev] t=455342.833 ev.verify=11.390ms
[labev] t=455342.834 ev.finalize=1.731ms
[labev] t=455342.834 ev.propose=0.002ms
[labev] t=455342.846 ev.verify=11.311ms
[labev] t=455342.848 ev.finalize=1.837ms
[labev] t=455342.848 ev.propose=0.002ms
[labev] t=455342.859 ev.verify=11.064ms
[labev] t=455342.861 ev.finalize=1.662ms
[labev] t=455342.861 ev.propose=0.002ms
[labev] t=455342.872 ev.verify=11.425ms
[labev] t=455342.874 ev.finalize=1.656ms
[labev] t=455342.874 ev.propose=0.002ms
[labev] t=455342.885 ev.verify=11.344ms
[labev] t=455342.888 ev.finalize=2.339ms
[labev] t=455342.888 ev.propose=0.002ms
[labev] t=455342.899 ev.verify=11.339ms
[labev] t=455342.901 ev.finalize=1.825ms
[labev] t=455342.901 ev.propose=0.002ms
[labev] t=455342.912 ev.verify=11.322ms
[labev] t=455342.914 ev.finalize=1.857ms
[labev] t=455342.914 ev.propose=0.002ms
[labev] t=455342.926 ev.verify=11.273ms
[labev] t=455342.927 ev.finalize=1.553ms
[labev] t=455342.927 ev.propose=0.002ms
[labev] t=455342.938 ev.verify=11.071ms
[labev] t=455342.940 ev.finalize=1.656ms
[labev] t=455342.940 ev.propose=0.002ms
[labev] t=455342.952 ev.verify=11.287ms
[labev] t=455342.953 ev.finalize=1.656ms
[labev] t=455342.953 ev.propose=0.001ms
[labev] t=455342.965 ev.verify=11.309ms
[labev] t=455342.966 ev.finalize=1.539ms
[labev] t=455342.966 ev.propose=0.002ms
[labev] t=455342.978 ev.verify=11.339ms
[labev] t=455342.979 ev.finalize=1.675ms
[labev] t=455342.980 ev.propose=0.002ms
[labev] t=455342.991 ev.verify=11.234ms
[labev] t=455342.992 ev.finalize=1.645ms
[labev] t=455342.993 ev.propose=0.002ms
[labev] t=455343.004 ev.verify=11.486ms
[labev] t=455343.006 ev.finalize=1.657ms
[labev] t=455343.006 ev.propose=0.002ms
[labev] t=455343.017 ev.verify=11.303ms
[labev] t=455343.019 ev.finalize=1.646ms
[labev] t=455343.019 ev.propose=0.002ms
[labev] t=455343.030 ev.verify=11.247ms
[labev] t=455343.032 ev.finalize=1.631ms
[labev] t=455343.032 ev.propose=0.001ms
[labev] t=455343.043 ev.verify=11.264ms
[labev] t=455343.045 ev.finalize=1.585ms
[labev] t=455343.045 ev.propose=0.002ms
[labev] t=455343.056 ev.verify=11.363ms
[labev] t=455343.058 ev.finalize=1.650ms
[labev] t=455343.058 ev.propose=0.002ms
[labev] t=455343.069 ev.verify=11.173ms
[labev] t=455343.071 ev.finalize=1.664ms
[labev] t=455343.071 ev.propose=0.002ms
[labev] t=455343.083 ev.verify=11.499ms
[labev] t=455343.084 ev.finalize=1.674ms
[labev] t=455343.085 ev.propose=0.002ms
[labev] t=455343.096 ev.verify=11.295ms
[labev] t=455343.098 ev.finalize=1.702ms
[labev] t=455343.098 ev.propose=0.002ms
[labev] t=455343.109 ev.verify=11.249ms
[labev] t=455343.111 ev.finalize=2.326ms
[labev] t=455343.111 ev.propose=0.002ms
[labev] t=455343.123 ev.verify=11.354ms
[labev] t=455343.125 ev.finalize=1.698ms
[labev] t=455343.125 ev.propose=0.002ms
[labev] t=455343.136 ev.verify=11.304ms
[labev] t=455343.138 ev.finalize=1.639ms
[labev] t=455343.138 ev.propose=0.002ms
[labev] t=455343.149 ev.verify=11.371ms
[labev] t=455343.151 ev.finalize=1.557ms
[labev] t=455343.151 ev.propose=0.002ms
[labev] t=455343.162 ev.verify=11.282ms
[labev] t=455343.164 ev.finalize=1.659ms
[labev] t=455343.164 ev.propose=0.002ms
[labev] t=455343.175 ev.verify=11.226ms
[labev] t=455343.177 ev.finalize=1.668ms
[labev] t=455343.177 ev.propose=0.002ms
[labev] t=455343.188 ev.verify=11.505ms
[labev] t=455343.190 ev.finalize=1.686ms
[labev] t=455343.190 ev.propose=0.002ms
[labev] t=455343.202 ev.verify=11.511ms
[labev] t=455343.204 ev.finalize=1.696ms
[labev] t=455343.204 ev.propose=0.002ms
[labev] t=455343.215 ev.verify=11.187ms
[labev] t=455343.217 ev.finalize=1.682ms
[labev] t=455343.217 ev.propose=0.002ms
[labev] t=455343.228 ev.verify=11.150ms
[labev] t=455343.230 ev.finalize=1.658ms
[labev] t=455343.230 ev.propose=0.002ms
[labev] t=455343.241 ev.verify=11.185ms
[labev] t=455343.243 ev.finalize=1.640ms
[labev] t=455343.243 ev.propose=0.002ms
[labev] t=455343.254 ev.verify=11.396ms
[labev] t=455343.256 ev.finalize=1.635ms
[labev] t=455343.256 ev.propose=0.002ms
[labev] t=455343.267 ev.verify=11.441ms
[labev] t=455343.269 ev.finalize=1.683ms
[labev] t=455343.269 ev.propose=0.002ms
[labev] t=455343.280 ev.verify=11.348ms
[labev] t=455343.282 ev.finalize=1.674ms
[labev] t=455343.282 ev.propose=0.002ms
[labev] t=455343.294 ev.verify=11.196ms
[labev] t=455343.295 ev.finalize=1.559ms
[labev] t=455343.295 ev.propose=0.002ms
[labev] t=455343.306 ev.verify=11.254ms
[labev] t=455343.308 ev.finalize=1.519ms
[labev] t=455343.308 ev.propose=0.002ms
[labev] t=455343.320 ev.verify=11.455ms
[labev] t=455343.321 ev.finalize=1.647ms
[labev] t=455343.321 ev.propose=0.002ms
[labev] t=455343.333 ev.verify=11.370ms
[labev] t=455343.334 ev.finalize=1.639ms
[labev] t=455343.335 ev.propose=0.002ms
[labev] t=455343.346 ev.verify=11.387ms
[labev] t=455343.348 ev.finalize=2.209ms
[labev] t=455343.348 ev.propose=0.002ms
[labev] t=455343.360 ev.verify=11.329ms
[labev] t=455343.361 ev.finalize=1.656ms
[labev] t=455343.361 ev.propose=0.002ms
[labev] t=455343.373 ev.verify=11.335ms
[labev] t=455343.374 ev.finalize=1.572ms
[labev] t=455343.374 ev.propose=0.002ms
[labev] t=455343.386 ev.verify=11.405ms
[labev] t=455343.388 ev.finalize=1.645ms
[labev] t=455343.388 ev.propose=0.001ms
[labev] t=455343.399 ev.verify=11.072ms
[labev] t=455343.400 ev.finalize=1.660ms
[labev] t=455343.401 ev.propose=0.002ms
[labev] t=455343.412 ev.verify=11.400ms
[labev] t=455343.414 ev.finalize=1.661ms
[labev] t=455343.414 ev.propose=0.002ms
[labev] t=455343.425 ev.verify=11.298ms
[labev] t=455343.427 ev.finalize=1.533ms
[labev] t=455343.427 ev.propose=0.002ms
[labev] t=455343.438 ev.verify=11.245ms
[labev] t=455343.440 ev.finalize=1.668ms
[labev] t=455343.440 ev.propose=0.002ms
[labev] t=455343.448 ev.verify=8.513ms
[labev] t=455343.450 ev.finalize=1.521ms
[labev] t=455346.892 req.start s1-p4096-o512-b1-r0=0.000ms
[labev] t=455346.892 req.handle=0.041ms
[labev] t=455346.912 tok.prepare=20.257ms
event=batching_admitted action=scheduler_admitted
[labprof] d0.performDecode.call=135.216ms/n32 f0.finalize.total=1.676ms/n552 f1.finalize.build=0.486ms/n552 f2.finalize.eval=1.153ms/n552 fc.finalize.call=1.681ms/n552 o1.ord.build=1.146ms/n511 o2.ord.eval=7.294ms/n511 p0.propose=0.002ms/n552 r0.round.interval=13.143ms/n550 s1.native.prefill.target=69.675ms/n9 s1.ord.prefill.target=36.377ms/n9 s2.native.prefill.drafter+eval=212.740ms/n9 s2.ord.prefill.eval=231.147ms/n8 s9.native.prefill.chunk.total=282.341ms/n10 s9.ord.prefill.chunk.total=271.709ms/n8 v0.verify.call=11.299ms/n552 v1.verify.build=0.862ms/n552 v2.verify.eval=10.330ms/n552
[labev] t=455347.217 chunk.ord.total=304.891ms
[labev] t=455347.470 chunk.ord.total=252.950ms
[labev] t=455347.726 chunk.ord.total=255.579ms
[labev] t=455347.982 chunk.ord.total=256.207ms
[labev] t=455348.244 chunk.ord.total=261.373ms
[labev] t=455348.507 chunk.ord.total=263.109ms
[labev] t=455348.774 chunk.ord.total=266.674ms
[labev] t=455349.081 chunk.ord.total=306.570ms
[labev] t=455349.081 req.firsttoken s1-p4096-o512-b1-r0=2188.817ms
[labev] t=455349.220 ev.decode.rows1.cap0=139.363ms
[labev] t=455349.356 ev.decode.rows1.cap0=135.634ms
[labev] t=455349.491 ev.decode.rows1.cap0=135.554ms
[labev] t=455349.627 ev.decode.rows1.cap0=135.258ms
[labev] t=455349.762 ev.decode.rows1.cap0=135.327ms
[labev] t=455349.898 ev.decode.rows1.cap0=135.681ms
[labev] t=455350.033 ev.decode.rows1.cap0=135.214ms
[labev] t=455350.169 ev.decode.rows1.cap0=135.574ms
[labev] t=455350.304 ev.decode.rows1.cap0=135.465ms
[labev] t=455350.440 ev.decode.rows1.cap0=135.178ms
[labev] t=455350.575 ev.decode.rows1.cap0=135.060ms
[labev] t=455350.710 ev.decode.rows1.cap0=135.493ms
[labev] t=455350.846 ev.decode.rows1.cap0=134.988ms
[labev] t=455350.981 ev.decode.rows1.cap0=135.075ms
[labev] t=455351.116 ev.decode.rows1.cap0=135.170ms
[labev] t=455351.251 ev.decode.rows1.cap0=135.014ms
[labev] t=455351.386 ev.decode.rows1.cap0=135.090ms
[labev] t=455351.522 ev.decode.rows1.cap0=135.445ms
[labev] t=455351.657 ev.decode.rows1.cap0=135.490ms
[labev] t=455351.793 ev.decode.rows1.cap0=135.349ms
[labev] t=455351.928 ev.decode.rows1.cap0=135.047ms
[labev] t=455352.064 ev.decode.rows1.cap0=135.447ms
[labev] t=455352.199 ev.decode.rows1.cap0=135.276ms
[labev] t=455352.334 ev.decode.rows1.cap0=135.216ms
[labev] t=455352.470 ev.decode.rows1.cap0=135.253ms
[labev] t=455352.605 ev.decode.rows1.cap0=135.321ms
[labev] t=455352.741 ev.decode.rows1.cap0=135.448ms
[labev] t=455352.876 ev.decode.rows1.cap0=135.324ms
[labev] t=455353.011 ev.decode.rows1.cap0=135.377ms
[labev] t=455353.147 ev.decode.rows1.cap0=135.461ms
[labev] t=455353.283 ev.decode.rows1.cap0=135.531ms
[labev] t=455353.410 ev.decode.rows1.cap0=127.093ms
[labev] t=455353.411 req.start s1-p4096-o512-b1-r0=0.000ms
[labev] t=455353.411 req.handle=0.017ms
[labev] t=455353.431 tok.prepare=20.394ms
event=batching_admitted action=scheduler_admitted
[labev] t=455353.698 chunk.native.total=265.973ms
[labev] t=455353.963 chunk.native.total=264.774ms
[labev] t=455354.232 chunk.native.total=269.760ms
[labev] t=455354.504 chunk.native.total=271.402ms
[labev] t=455354.779 chunk.native.total=275.041ms
[labev] t=455355.057 chunk.native.total=278.466ms
[labev] t=455355.341 chunk.native.total=283.370ms
[labev] t=455355.658 chunk.native.total=317.080ms
[labev] t=455355.658 req.firsttoken s1-p4096-o512-b1-r0=2247.225ms
[labev] t=455355.658 ev.propose=0.004ms
[labev] t=455355.670 ev.verify=11.320ms
[labev] t=455355.671 ev.finalize=1.704ms
[labev] t=455355.671 ev.propose=0.061ms
[labev] t=455355.683 ev.verify=11.395ms
[labev] t=455355.685 ev.finalize=1.655ms
[labev] t=455355.685 ev.propose=0.046ms
[labev] t=455355.696 ev.verify=11.303ms
[labev] t=455355.698 ev.finalize=1.641ms
[labev] t=455355.698 ev.propose=0.056ms
[labev] t=455355.709 ev.verify=11.139ms
[labev] t=455355.711 ev.finalize=1.607ms
[labev] t=455355.711 ev.propose=0.045ms
[labev] t=455355.722 ev.verify=11.182ms
[labev] t=455355.724 ev.finalize=1.670ms
[labev] t=455355.724 ev.propose=0.002ms
[labev] t=455355.735 ev.verify=11.321ms
[labev] t=455355.737 ev.finalize=1.649ms
[labev] t=455355.737 ev.propose=0.068ms
[labev] t=455355.748 ev.verify=11.360ms
[labev] t=455355.750 ev.finalize=1.672ms
[labev] t=455355.750 ev.propose=0.054ms
[labev] t=455355.762 ev.verify=11.340ms
[labev] t=455355.763 ev.finalize=1.679ms
[labev] t=455355.764 ev.propose=0.053ms
[labev] t=455355.775 ev.verify=11.062ms
[labev] t=455355.777 ev.finalize=2.280ms
[labev] t=455355.777 ev.propose=0.065ms
[labev] t=455355.789 ev.verify=11.358ms
[labev] t=455355.790 ev.finalize=1.673ms
[labev] t=455355.790 ev.propose=0.046ms
[labev] t=455355.802 ev.verify=11.188ms
[labev] t=455355.803 ev.finalize=1.650ms
[labev] t=455355.804 ev.propose=0.048ms
[labev] t=455355.815 ev.verify=11.134ms
[labev] t=455355.816 ev.finalize=1.532ms
[labev] t=455355.816 ev.propose=0.061ms
[labev] t=455355.827 ev.verify=11.056ms
[labev] t=455355.829 ev.finalize=1.560ms
[labev] t=455355.829 ev.propose=0.066ms
[labev] t=455355.840 ev.verify=11.213ms
[labev] t=455355.842 ev.finalize=1.659ms
[labev] t=455355.842 ev.propose=0.064ms
[labev] t=455355.854 ev.verify=11.293ms
[labev] t=455355.855 ev.finalize=1.494ms
[labev] t=455355.855 ev.propose=0.053ms
[labev] t=455355.867 ev.verify=11.140ms
[labev] t=455355.868 ev.finalize=1.647ms
[labev] t=455355.868 ev.propose=0.002ms
[labev] t=455355.880 ev.verify=11.147ms
[labev] t=455355.881 ev.finalize=1.675ms
[labev] t=455355.881 ev.propose=0.002ms
[labev] t=455355.893 ev.verify=11.175ms
[labev] t=455355.894 ev.finalize=1.692ms
[labev] t=455355.894 ev.propose=0.002ms
[labev] t=455355.906 ev.verify=11.155ms
[labev] t=455355.907 ev.finalize=1.651ms
[labev] t=455355.907 ev.propose=0.064ms
[labev] t=455355.919 ev.verify=11.213ms
[labev] t=455355.920 ev.finalize=1.601ms
[labev] t=455355.920 ev.propose=0.002ms
[labev] t=455355.932 ev.verify=11.090ms
[labev] t=455355.933 ev.finalize=1.635ms
[labev] t=455355.933 ev.propose=0.002ms
[labev] t=455355.945 ev.verify=11.310ms
[labev] t=455355.946 ev.finalize=1.643ms
[labev] t=455355.946 ev.propose=0.002ms
[labev] t=455355.958 ev.verify=11.364ms
[labev] t=455355.959 ev.finalize=1.603ms
[labev] t=455355.960 ev.propose=0.002ms
[labev] t=455355.971 ev.verify=11.126ms
[labev] t=455355.972 ev.finalize=1.614ms
[labev] t=455355.972 ev.propose=0.002ms
[labev] t=455355.984 ev.verify=11.192ms
[labev] t=455355.985 ev.finalize=1.651ms
[labev] t=455355.985 ev.propose=0.002ms
[labev] t=455355.997 ev.verify=11.281ms
[labev] t=455355.999 ev.finalize=2.259ms
[labev] t=455355.999 ev.propose=0.002ms
[labev] t=455356.010 ev.verify=11.255ms
[labev] t=455356.012 ev.finalize=1.659ms
[labev] t=455356.012 ev.propose=0.002ms
[labev] t=455356.024 ev.verify=11.294ms
[labev] t=455356.025 ev.finalize=1.636ms
[labev] t=455356.025 ev.propose=0.002ms
[labev] t=455356.037 ev.verify=11.278ms
[labev] t=455356.038 ev.finalize=1.676ms
[labev] t=455356.038 ev.propose=0.002ms
[labev] t=455356.050 ev.verify=11.239ms
[labev] t=455356.051 ev.finalize=1.626ms
[labev] t=455356.052 ev.propose=0.002ms
[labev] t=455356.063 ev.verify=11.170ms
[labev] t=455356.064 ev.finalize=1.613ms
[labev] t=455356.064 ev.propose=0.002ms
[labev] t=455356.076 ev.verify=11.062ms
[labev] t=455356.077 ev.finalize=1.676ms
[labev] t=455356.077 ev.propose=0.002ms
[labev] t=455356.089 ev.verify=11.261ms
[labev] t=455356.090 ev.finalize=1.604ms
[labev] t=455356.090 ev.propose=0.002ms
[labev] t=455356.102 ev.verify=11.325ms
[labev] t=455356.103 ev.finalize=1.615ms
[labev] t=455356.104 ev.propose=0.002ms
[labev] t=455356.115 ev.verify=11.173ms
[labev] t=455356.116 ev.finalize=1.621ms
[labev] t=455356.116 ev.propose=0.001ms
[labev] t=455356.128 ev.verify=11.111ms
[labev] t=455356.129 ev.finalize=1.623ms
[labev] t=455356.129 ev.propose=0.002ms
[labev] t=455356.141 ev.verify=11.402ms
[labev] t=455356.142 ev.finalize=1.679ms
[labev] t=455356.143 ev.propose=0.002ms
[labev] t=455356.154 ev.verify=11.362ms
[labev] t=455356.156 ev.finalize=1.742ms
[labev] t=455356.156 ev.propose=0.002ms
[labev] t=455356.167 ev.verify=11.111ms
[labev] t=455356.169 ev.finalize=1.648ms
[labev] t=455356.169 ev.propose=0.002ms
[labev] t=455356.180 ev.verify=11.080ms
[labev] t=455356.182 ev.finalize=1.625ms
[labev] t=455356.182 ev.propose=0.002ms
[labev] t=455356.193 ev.verify=11.182ms
[labev] t=455356.195 ev.finalize=1.633ms
[labev] t=455356.195 ev.propose=0.002ms
[labev] t=455356.206 ev.verify=11.320ms
[labev] t=455356.208 ev.finalize=2.294ms
[labev] t=455356.208 ev.propose=0.002ms
[labev] t=455356.220 ev.verify=11.426ms
[labev] t=455356.222 ev.finalize=1.653ms
[labev] t=455356.222 ev.propose=0.002ms
[labev] t=455356.233 ev.verify=11.277ms
[labev] t=455356.235 ev.finalize=1.650ms
[labev] t=455356.235 ev.propose=0.002ms
[labev] t=455356.246 ev.verify=11.090ms
[labev] t=455356.248 ev.finalize=1.592ms
[labev] t=455356.248 ev.propose=0.002ms
[labev] t=455356.259 ev.verify=11.106ms
[labev] t=455356.260 ev.finalize=1.618ms
[labev] t=455356.261 ev.propose=0.002ms
[labev] t=455356.272 ev.verify=11.228ms
[labev] t=455356.274 ev.finalize=1.711ms
[labev] t=455356.274 ev.propose=0.002ms
[labev] t=455356.285 ev.verify=11.152ms
[labev] t=455356.286 ev.finalize=1.593ms
[labev] t=455356.287 ev.propose=0.002ms
[labev] t=455356.298 ev.verify=11.246ms
[labev] t=455356.300 ev.finalize=1.658ms
[labev] t=455356.300 ev.propose=0.002ms
[labev] t=455356.311 ev.verify=11.203ms
[labev] t=455356.313 ev.finalize=1.654ms
[labev] t=455356.313 ev.propose=0.002ms
[labev] t=455356.324 ev.verify=11.239ms
[labev] t=455356.326 ev.finalize=1.647ms
[labev] t=455356.326 ev.propose=0.002ms
[labev] t=455356.337 ev.verify=11.164ms
[labev] t=455356.339 ev.finalize=1.690ms
[labev] t=455356.339 ev.propose=0.002ms
[labev] t=455356.350 ev.verify=11.142ms
[labev] t=455356.352 ev.finalize=1.650ms
[labev] t=455356.352 ev.propose=0.002ms
[labev] t=455356.363 ev.verify=11.276ms
[labev] t=455356.365 ev.finalize=1.641ms
[labev] t=455356.365 ev.propose=0.002ms
[labev] t=455356.376 ev.verify=11.245ms
[labev] t=455356.378 ev.finalize=1.633ms
[labev] t=455356.378 ev.propose=0.002ms
[labev] t=455356.389 ev.verify=11.105ms
[labev] t=455356.391 ev.finalize=1.630ms
[labev] t=455356.391 ev.propose=0.002ms
[labev] t=455356.402 ev.verify=11.249ms
[labev] t=455356.404 ev.finalize=1.621ms
[labev] t=455356.404 ev.propose=0.002ms
[labev] t=455356.415 ev.verify=11.275ms
[labev] t=455356.417 ev.finalize=2.229ms
[labev] t=455356.417 ev.propose=0.002ms
[labev] t=455356.429 ev.verify=11.307ms
[labev] t=455356.430 ev.finalize=1.668ms
[labev] t=455356.431 ev.propose=0.002ms
[labev] t=455356.442 ev.verify=11.465ms
[labev] t=455356.444 ev.finalize=1.583ms
[labev] t=455356.444 ev.propose=0.002ms
[labev] t=455356.456 ev.verify=11.919ms
[labev] t=455356.457 ev.finalize=1.789ms
[labev] t=455356.458 ev.propose=0.002ms
[labev] t=455356.470 ev.verify=11.938ms
[labev] t=455356.471 ev.finalize=1.812ms
[labev] t=455356.472 ev.propose=0.002ms
[labev] t=455356.484 ev.verify=12.364ms
[labev] t=455356.486 ev.finalize=1.854ms
[labev] t=455356.486 ev.propose=0.003ms
[labev] t=455356.498 ev.verify=12.273ms
[labev] t=455356.500 ev.finalize=1.871ms
[labev] t=455356.500 ev.propose=0.002ms
[labev] t=455356.513 ev.verify=12.246ms
[labev] t=455356.514 ev.finalize=1.750ms
[labev] t=455356.515 ev.propose=0.002ms
[labev] t=455356.526 ev.verify=11.837ms
[labev] t=455356.528 ev.finalize=1.809ms
[labev] t=455356.528 ev.propose=0.002ms
[labev] t=455356.541 ev.verify=12.251ms
[labev] t=455356.543 ev.finalize=1.871ms
[labev] t=455356.543 ev.propose=0.002ms
[labev] t=455356.555 ev.verify=12.152ms
[labev] t=455356.557 ev.finalize=1.908ms
[labev] t=455356.557 ev.propose=0.003ms
[labev] t=455356.569 ev.verify=12.348ms
[labev] t=455356.571 ev.finalize=1.799ms
[labev] t=455356.571 ev.propose=0.003ms
[labev] t=455356.584 ev.verify=12.288ms
[labev] t=455356.586 ev.finalize=1.902ms
[labev] t=455356.586 ev.propose=0.002ms
[labev] t=455356.600 ev.verify=14.198ms
[labev] t=455356.602 ev.finalize=2.069ms
[labev] t=455356.602 ev.propose=0.004ms
[labev] t=455356.615 ev.verify=12.320ms
[labev] t=455356.617 ev.finalize=1.714ms
[labev] t=455356.617 ev.propose=0.002ms
[labev] t=455356.628 ev.verify=11.353ms
[labev] t=455356.630 ev.finalize=1.794ms
[labev] t=455356.630 ev.propose=0.002ms
[labev] t=455356.641 ev.verify=11.422ms
[labev] t=455356.644 ev.finalize=2.300ms
[labev] t=455356.644 ev.propose=0.002ms
[labev] t=455356.655 ev.verify=11.466ms
[labev] t=455356.657 ev.finalize=1.691ms
[labev] t=455356.657 ev.propose=0.002ms
[labev] t=455356.669 ev.verify=11.398ms
[labev] t=455356.670 ev.finalize=1.664ms
[labev] t=455356.670 ev.propose=0.002ms
[labev] t=455356.682 ev.verify=11.479ms
[labev] t=455356.684 ev.finalize=1.657ms
[labev] t=455356.684 ev.propose=0.002ms
[labev] t=455356.695 ev.verify=11.276ms
[labev] t=455356.697 ev.finalize=1.667ms
[labev] t=455356.697 ev.propose=0.002ms
[labev] t=455356.708 ev.verify=11.413ms
[labev] t=455356.710 ev.finalize=1.671ms
[labev] t=455356.710 ev.propose=0.002ms
[labev] t=455356.721 ev.verify=11.182ms
[labev] t=455356.723 ev.finalize=1.777ms
[labev] t=455356.723 ev.propose=0.001ms
[labev] t=455356.734 ev.verify=11.315ms
[labev] t=455356.736 ev.finalize=1.618ms
[labev] t=455356.736 ev.propose=0.002ms
[labev] t=455356.747 ev.verify=11.211ms
[labev] t=455356.749 ev.finalize=1.666ms
[labev] t=455356.749 ev.propose=0.002ms
[labev] t=455356.761 ev.verify=11.238ms
[labev] t=455356.762 ev.finalize=1.641ms
[labev] t=455356.762 ev.propose=0.002ms
[labev] t=455356.774 ev.verify=11.303ms
[labev] t=455356.775 ev.finalize=1.637ms
[labev] t=455356.775 ev.propose=0.002ms
[labev] t=455356.787 ev.verify=11.180ms
[labev] t=455356.788 ev.finalize=1.623ms
[labev] t=455356.788 ev.propose=0.002ms
[labev] t=455356.799 ev.verify=11.099ms
[labev] t=455356.801 ev.finalize=1.565ms
[labev] t=455356.801 ev.propose=0.002ms
[labev] t=455356.812 ev.verify=11.269ms
[labev] t=455356.814 ev.finalize=1.571ms
[labev] t=455356.814 ev.propose=0.002ms
[labev] t=455356.826 ev.verify=11.333ms
[labev] t=455356.827 ev.finalize=1.565ms
[labev] t=455356.827 ev.propose=0.002ms
[labev] t=455356.838 ev.verify=11.156ms
[labev] t=455356.840 ev.finalize=1.665ms
[labev] t=455356.840 ev.propose=0.002ms
[labev] t=455356.851 ev.verify=11.105ms
[labev] t=455356.853 ev.finalize=1.634ms
[labev] t=455356.853 ev.propose=0.002ms
[labev] t=455356.864 ev.verify=11.216ms
[labev] t=455356.866 ev.finalize=1.606ms
[labev] t=455356.866 ev.propose=0.002ms
[labev] t=455356.877 ev.verify=11.262ms
[labev] t=455356.880 ev.finalize=2.267ms
[labev] t=455356.880 ev.propose=0.002ms
[labev] t=455356.891 ev.verify=11.141ms
[labev] t=455356.893 ev.finalize=1.525ms
[labev] t=455356.893 ev.propose=0.002ms
[labev] t=455356.904 ev.verify=11.254ms
[labev] t=455356.906 ev.finalize=1.708ms
[labev] t=455356.906 ev.propose=0.002ms
[labev] t=455356.917 ev.verify=11.291ms
[labev] t=455356.919 ev.finalize=1.492ms
[labev] t=455356.919 ev.propose=0.002ms
[labev] t=455356.930 ev.verify=11.081ms
[labev] t=455356.932 ev.finalize=1.622ms
[labev] t=455356.932 ev.propose=0.002ms
[labev] t=455356.943 ev.verify=11.185ms
[labev] t=455356.945 ev.finalize=1.666ms
[labev] t=455356.945 ev.propose=0.002ms
[labev] t=455356.956 ev.verify=11.266ms
[labev] t=455356.958 ev.finalize=1.647ms
[labev] t=455356.958 ev.propose=0.002ms
[labev] t=455356.969 ev.verify=11.069ms
[labev] t=455356.970 ev.finalize=1.636ms
[labev] t=455356.971 ev.propose=0.002ms
[labev] t=455356.982 ev.verify=11.279ms
[labev] t=455356.984 ev.finalize=1.627ms
[labev] t=455356.984 ev.propose=0.002ms
[labev] t=455356.995 ev.verify=11.304ms
[labev] t=455356.997 ev.finalize=1.624ms
[labev] t=455356.997 ev.propose=0.002ms
[labev] t=455357.008 ev.verify=11.401ms
[labev] t=455357.010 ev.finalize=1.620ms
[labev] t=455357.010 ev.propose=0.002ms
[labev] t=455357.021 ev.verify=11.338ms
[labev] t=455357.023 ev.finalize=1.627ms
[labev] t=455357.023 ev.propose=0.002ms
[labev] t=455357.034 ev.verify=11.187ms
[labev] t=455357.036 ev.finalize=1.630ms
[labev] t=455357.036 ev.propose=0.002ms
[labev] t=455357.047 ev.verify=11.180ms
[labev] t=455357.049 ev.finalize=1.622ms
[labev] t=455357.049 ev.propose=0.002ms
[labev] t=455357.060 ev.verify=11.413ms
[labev] t=455357.062 ev.finalize=1.614ms
[labev] t=455357.062 ev.propose=0.002ms
[labev] t=455357.073 ev.verify=11.210ms
[labev] t=455357.075 ev.finalize=1.618ms
[labev] t=455357.075 ev.propose=0.002ms
[labev] t=455357.086 ev.verify=11.106ms
[labev] t=455357.088 ev.finalize=1.645ms
[labev] t=455357.088 ev.propose=0.001ms
[labev] t=455357.099 ev.verify=11.169ms
[labev] t=455357.102 ev.finalize=2.307ms
[labev] t=455357.102 ev.propose=0.002ms
[labev] t=455357.113 ev.verify=11.222ms
[labev] t=455357.115 ev.finalize=1.666ms
[labev] t=455357.115 ev.propose=0.002ms
[labev] t=455357.126 ev.verify=11.420ms
[labev] t=455357.128 ev.finalize=1.632ms
[labev] t=455357.128 ev.propose=0.002ms
[labev] t=455357.139 ev.verify=11.162ms
[labev] t=455357.141 ev.finalize=1.684ms
[labev] t=455357.141 ev.propose=0.002ms
[labev] t=455357.152 ev.verify=11.193ms
[labev] t=455357.154 ev.finalize=1.831ms
[labev] t=455357.154 ev.propose=0.002ms
[labev] t=455357.166 ev.verify=11.431ms
[labev] t=455357.168 ev.finalize=1.797ms
[labev] t=455357.168 ev.propose=0.002ms
[labev] t=455357.179 ev.verify=11.478ms
[labev] t=455357.181 ev.finalize=1.758ms
[labev] t=455357.181 ev.propose=0.002ms
[labev] t=455357.192 ev.verify=11.369ms
[labev] t=455357.194 ev.finalize=1.778ms
[labev] t=455357.194 ev.propose=0.002ms
[labev] t=455357.205 ev.verify=11.086ms
[labev] t=455357.207 ev.finalize=1.655ms
[labev] t=455357.207 ev.propose=0.002ms
[labev] t=455357.219 ev.verify=11.415ms
[labev] t=455357.220 ev.finalize=1.642ms
[labev] t=455357.221 ev.propose=0.002ms
[labev] t=455357.232 ev.verify=11.418ms
[labev] t=455357.234 ev.finalize=1.653ms
[labev] t=455357.234 ev.propose=0.002ms
[labev] t=455357.245 ev.verify=11.214ms
[labev] t=455357.247 ev.finalize=1.682ms
[labev] t=455357.247 ev.propose=0.002ms
[labev] t=455357.258 ev.verify=11.411ms
[labev] t=455357.260 ev.finalize=1.647ms
[labev] t=455357.260 ev.propose=0.002ms
[labev] t=455357.271 ev.verify=11.416ms
[labev] t=455357.273 ev.finalize=1.640ms
[labev] t=455357.273 ev.propose=0.002ms
[labev] t=455357.285 ev.verify=11.286ms
[labev] t=455357.286 ev.finalize=1.636ms
[labev] t=455357.286 ev.propose=0.002ms
[labev] t=455357.298 ev.verify=11.477ms
[labev] t=455357.299 ev.finalize=1.650ms
[labev] t=455357.300 ev.propose=0.002ms
[labev] t=455357.311 ev.verify=11.329ms
[labev] t=455357.313 ev.finalize=2.311ms
[labev] t=455357.313 ev.propose=0.002ms
[labev] t=455357.325 ev.verify=11.420ms
[labev] t=455357.327 ev.finalize=1.613ms
[labev] t=455357.327 ev.propose=0.002ms
[labev] t=455357.338 ev.verify=11.188ms
[labev] t=455357.340 ev.finalize=1.662ms
[labev] t=455357.340 ev.propose=0.002ms
[labev] t=455357.351 ev.verify=11.316ms
[labev] t=455357.353 ev.finalize=1.632ms
[labev] t=455357.353 ev.propose=0.002ms
[labev] t=455357.364 ev.verify=11.314ms
[labev] t=455357.366 ev.finalize=1.671ms
[labev] t=455357.366 ev.propose=0.002ms
[labev] t=455357.377 ev.verify=11.423ms
[labev] t=455357.379 ev.finalize=1.607ms
[labev] t=455357.379 ev.propose=0.002ms
[labev] t=455357.390 ev.verify=11.137ms
[labev] t=455357.392 ev.finalize=1.646ms
[labev] t=455357.392 ev.propose=0.002ms
[labev] t=455357.403 ev.verify=11.428ms
[labev] t=455357.405 ev.finalize=1.636ms
[labev] t=455357.405 ev.propose=0.002ms
[labev] t=455357.417 ev.verify=11.258ms
[labev] t=455357.418 ev.finalize=1.632ms
[labev] t=455357.418 ev.propose=0.002ms
[labev] t=455357.430 ev.verify=11.328ms
[labev] t=455357.431 ev.finalize=1.657ms
[labev] t=455357.431 ev.propose=0.002ms
[labev] t=455357.443 ev.verify=11.177ms
[labev] t=455357.444 ev.finalize=1.639ms
[labev] t=455357.444 ev.propose=0.002ms
[labev] t=455357.456 ev.verify=11.335ms
[labev] t=455357.457 ev.finalize=1.634ms
[labev] t=455357.458 ev.propose=0.002ms
[labev] t=455357.469 ev.verify=11.403ms
[labev] t=455357.471 ev.finalize=1.652ms
[labev] t=455357.471 ev.propose=0.002ms
[labev] t=455357.482 ev.verify=11.334ms
[labev] t=455357.484 ev.finalize=1.638ms
[labev] t=455357.484 ev.propose=0.002ms
[labev] t=455357.495 ev.verify=11.215ms
[labev] t=455357.497 ev.finalize=1.647ms
[labev] t=455357.497 ev.propose=0.002ms
[labev] t=455357.508 ev.verify=11.096ms
[labev] t=455357.510 ev.finalize=1.598ms
[labev] t=455357.510 ev.propose=0.002ms
[labev] t=455357.521 ev.verify=11.298ms
[labev] t=455357.524 ev.finalize=2.309ms
[labev] t=455357.524 ev.propose=0.002ms
[labev] t=455357.535 ev.verify=11.439ms
[labev] t=455357.537 ev.finalize=1.558ms
[labev] t=455357.537 ev.propose=0.002ms
[labev] t=455357.548 ev.verify=11.352ms
[labev] t=455357.550 ev.finalize=1.685ms
[labev] t=455357.550 ev.propose=0.002ms
[labev] t=455357.561 ev.verify=11.290ms
[labev] t=455357.563 ev.finalize=1.658ms
[labev] t=455357.563 ev.propose=0.002ms
[labev] t=455357.574 ev.verify=11.126ms
[labev] t=455357.576 ev.finalize=1.643ms
[labev] t=455357.576 ev.propose=0.002ms
[labev] t=455357.587 ev.verify=11.361ms
[labev] t=455357.589 ev.finalize=1.649ms
[labev] t=455357.589 ev.propose=0.002ms
[labev] t=455357.601 ev.verify=11.304ms
[labev] t=455357.602 ev.finalize=1.648ms
[labev] t=455357.602 ev.propose=0.002ms
[labev] t=455357.614 ev.verify=11.355ms
[labev] t=455357.615 ev.finalize=1.621ms
[labev] t=455357.616 ev.propose=0.002ms
[labev] t=455357.627 ev.verify=11.301ms
[labev] t=455357.629 ev.finalize=1.638ms
[labev] t=455357.629 ev.propose=0.002ms
[labev] t=455357.640 ev.verify=11.318ms
[labev] t=455357.642 ev.finalize=1.662ms
[labev] t=455357.642 ev.propose=0.002ms
[labev] t=455357.653 ev.verify=11.215ms
[labev] t=455357.655 ev.finalize=1.642ms
[labev] t=455357.655 ev.propose=0.002ms
[labev] t=455357.666 ev.verify=11.424ms
[labev] t=455357.668 ev.finalize=1.618ms
[labev] t=455357.668 ev.propose=0.002ms
[labev] t=455357.679 ev.verify=11.197ms
[labev] t=455357.681 ev.finalize=1.632ms
[labev] t=455357.681 ev.propose=0.002ms
[labev] t=455357.692 ev.verify=11.300ms
[labev] t=455357.694 ev.finalize=1.536ms
[labev] t=455357.694 ev.propose=0.002ms
[labev] t=455357.705 ev.verify=11.328ms
[labev] t=455357.707 ev.finalize=1.559ms
[labev] t=455357.707 ev.propose=0.001ms
[labev] t=455357.718 ev.verify=11.234ms
[labev] t=455357.720 ev.finalize=1.524ms
[labev] t=455357.720 ev.propose=0.002ms
[labev] t=455357.731 ev.verify=11.370ms
[labev] t=455357.733 ev.finalize=1.638ms
[labev] t=455357.733 ev.propose=0.002ms
[labev] t=455357.745 ev.verify=11.382ms
[labev] t=455357.746 ev.finalize=1.636ms
[labev] t=455357.746 ev.propose=0.002ms
[labev] t=455357.758 ev.verify=11.381ms
[labev] t=455357.760 ev.finalize=2.303ms
[labev] t=455357.760 ev.propose=0.002ms
[labev] t=455357.772 ev.verify=11.404ms
[labev] t=455357.773 ev.finalize=1.665ms
[labev] t=455357.773 ev.propose=0.002ms
[labev] t=455357.785 ev.verify=11.220ms
[labev] t=455357.786 ev.finalize=1.671ms
[labev] t=455357.786 ev.propose=0.002ms
[labev] t=455357.798 ev.verify=11.145ms
[labev] t=455357.799 ev.finalize=1.629ms
[labev] t=455357.799 ev.propose=0.002ms
[labev] t=455357.811 ev.verify=11.347ms
[labev] t=455357.812 ev.finalize=1.629ms
[labev] t=455357.813 ev.propose=0.002ms
[labev] t=455357.824 ev.verify=11.424ms
[labev] t=455357.826 ev.finalize=1.526ms
[labev] t=455357.826 ev.propose=0.002ms
[labev] t=455357.837 ev.verify=11.306ms
[labev] t=455357.839 ev.finalize=1.631ms
[labev] t=455357.839 ev.propose=0.002ms
[labev] t=455357.850 ev.verify=11.137ms
[labev] t=455357.852 ev.finalize=1.672ms
[labev] t=455357.852 ev.propose=0.002ms
[labev] t=455357.863 ev.verify=11.219ms
[labev] t=455357.865 ev.finalize=1.630ms
[labev] t=455357.865 ev.propose=0.002ms
[labev] t=455357.876 ev.verify=11.259ms
[labev] t=455357.878 ev.finalize=1.659ms
[labev] t=455357.878 ev.propose=0.002ms
[labev] t=455357.889 ev.verify=11.317ms
[labev] t=455357.891 ev.finalize=1.727ms
[labev] t=455357.891 ev.propose=0.002ms
[labev] t=455357.903 ev.verify=11.439ms
[labev] t=455357.904 ev.finalize=1.810ms
[labev] t=455357.905 ev.propose=0.003ms
[labev] t=455357.916 ev.verify=11.487ms
[labev] t=455357.918 ev.finalize=1.725ms
[labev] t=455357.918 ev.propose=0.003ms
[labev] t=455357.929 ev.verify=11.481ms
[labev] t=455357.931 ev.finalize=1.702ms
[labev] t=455357.931 ev.propose=0.002ms
[labev] t=455357.943 ev.verify=11.290ms
[labev] t=455357.944 ev.finalize=1.692ms
[labev] t=455357.945 ev.propose=0.002ms
[labev] t=455357.956 ev.verify=11.318ms
[labev] t=455357.958 ev.finalize=1.646ms
[labev] t=455357.958 ev.propose=0.002ms
[labev] t=455357.969 ev.verify=11.190ms
[labev] t=455357.971 ev.finalize=1.650ms
[labev] t=455357.971 ev.propose=0.002ms
[labev] t=455357.982 ev.verify=11.174ms
[labev] t=455357.984 ev.finalize=1.657ms
[labev] t=455357.984 ev.propose=0.002ms
[labev] t=455357.995 ev.verify=11.209ms
[labev] t=455357.997 ev.finalize=2.357ms
[labev] t=455357.997 ev.propose=0.003ms
[labev] t=455358.009 ev.verify=11.401ms
[labev] t=455358.011 ev.finalize=1.701ms
[labev] t=455358.011 ev.propose=0.002ms
[labev] t=455358.022 ev.verify=11.536ms
[labev] t=455358.024 ev.finalize=1.682ms
[labev] t=455358.024 ev.propose=0.002ms
[labev] t=455358.035 ev.verify=11.196ms
[labev] t=455358.037 ev.finalize=1.667ms
[labev] t=455358.037 ev.propose=0.002ms
[labev] t=455358.049 ev.verify=11.444ms
[labev] t=455358.050 ev.finalize=1.541ms
[labev] t=455358.050 ev.propose=0.002ms
[labev] t=455358.062 ev.verify=11.316ms
[labev] t=455358.063 ev.finalize=1.553ms
[labev] t=455358.063 ev.propose=0.002ms
[labev] t=455358.074 ev.verify=11.064ms
[labev] t=455358.076 ev.finalize=1.663ms
[labev] t=455358.076 ev.propose=0.002ms
[labev] t=455358.087 ev.verify=11.166ms
[labev] t=455358.089 ev.finalize=1.625ms
[labev] t=455358.089 ev.propose=0.001ms
[labev] t=455358.101 ev.verify=11.533ms
[labev] t=455358.102 ev.finalize=1.547ms
[labev] t=455358.102 ev.propose=0.002ms
[labev] t=455358.114 ev.verify=11.369ms
[labev] t=455358.115 ev.finalize=1.546ms
[labev] t=455358.115 ev.propose=0.002ms
[labev] t=455358.127 ev.verify=11.485ms
[labev] t=455358.129 ev.finalize=1.646ms
[labev] t=455358.129 ev.propose=0.002ms
[labev] t=455358.140 ev.verify=11.329ms
[labev] t=455358.142 ev.finalize=1.672ms
[labev] t=455358.142 ev.propose=0.002ms
[labev] t=455358.153 ev.verify=11.396ms
[labev] t=455358.155 ev.finalize=1.668ms
[labev] t=455358.155 ev.propose=0.002ms
[labev] t=455358.166 ev.verify=11.289ms
[labev] t=455358.168 ev.finalize=1.657ms
[labev] t=455358.168 ev.propose=0.002ms
[labev] t=455358.180 ev.verify=11.487ms
[labev] t=455358.181 ev.finalize=1.636ms
[labev] t=455358.181 ev.propose=0.002ms
[labev] t=455358.193 ev.verify=11.377ms
[labev] t=455358.195 ev.finalize=1.658ms
[labev] t=455358.195 ev.propose=0.002ms
[labev] t=455358.206 ev.verify=11.426ms
[labev] t=455358.208 ev.finalize=1.671ms
[labev] t=455358.208 ev.propose=0.002ms
[labev] t=455358.219 ev.verify=11.168ms
[labev] t=455358.221 ev.finalize=1.801ms
[labev] t=455358.221 ev.propose=0.002ms
[labev] t=455358.232 ev.verify=11.357ms
[labev] t=455358.235 ev.finalize=2.341ms
[labev] t=455358.235 ev.propose=0.002ms
[labev] t=455358.246 ev.verify=11.332ms
[labev] t=455358.248 ev.finalize=1.657ms
[labev] t=455358.248 ev.propose=0.002ms
[labev] t=455358.259 ev.verify=11.190ms
[labev] t=455358.261 ev.finalize=1.634ms
[labev] t=455358.261 ev.propose=0.002ms
[labev] t=455358.272 ev.verify=11.340ms
[labev] t=455358.274 ev.finalize=1.699ms
[labev] t=455358.274 ev.propose=0.002ms
[labev] t=455358.285 ev.verify=11.255ms
[labev] t=455358.287 ev.finalize=1.631ms
[labev] t=455358.287 ev.propose=0.002ms
[labev] t=455358.298 ev.verify=11.204ms
[labev] t=455358.300 ev.finalize=1.659ms
[labev] t=455358.300 ev.propose=0.002ms
[labev] t=455358.312 ev.verify=11.402ms
[labev] t=455358.313 ev.finalize=1.659ms
[labev] t=455358.314 ev.propose=0.002ms
[labev] t=455358.325 ev.verify=11.348ms
[labev] t=455358.326 ev.finalize=1.530ms
[labev] t=455358.327 ev.propose=0.002ms
[labev] t=455358.338 ev.verify=11.232ms
[labev] t=455358.340 ev.finalize=1.716ms
[labev] t=455358.340 ev.propose=0.002ms
[labev] t=455358.351 ev.verify=11.485ms
[labev] t=455358.353 ev.finalize=1.672ms
[labev] t=455358.353 ev.propose=0.002ms
[labev] t=455358.364 ev.verify=11.207ms
[labev] t=455358.366 ev.finalize=1.645ms
[labev] t=455358.366 ev.propose=0.001ms
[labev] t=455358.377 ev.verify=11.466ms
[labev] t=455358.379 ev.finalize=1.656ms
[labev] t=455358.379 ev.propose=0.002ms
[labev] t=455358.390 ev.verify=11.139ms
[labev] t=455358.392 ev.finalize=1.673ms
[labev] t=455358.392 ev.propose=0.002ms
[labev] t=455358.404 ev.verify=11.396ms
[labev] t=455358.405 ev.finalize=1.695ms
[labev] t=455358.406 ev.propose=0.002ms
[labev] t=455358.417 ev.verify=11.546ms
[labev] t=455358.419 ev.finalize=1.637ms
[labev] t=455358.419 ev.propose=0.002ms
[labev] t=455358.430 ev.verify=11.049ms
[labev] t=455358.432 ev.finalize=1.620ms
[labev] t=455358.432 ev.propose=0.002ms
[labev] t=455358.443 ev.verify=11.340ms
[labev] t=455358.445 ev.finalize=1.650ms
[labev] t=455358.445 ev.propose=0.002ms
[labev] t=455358.456 ev.verify=11.106ms
[labev] t=455358.458 ev.finalize=2.332ms
[labev] t=455358.458 ev.propose=0.002ms
[labev] t=455358.470 ev.verify=11.282ms
[labev] t=455358.471 ev.finalize=1.651ms
[labev] t=455358.472 ev.propose=0.002ms
[labev] t=455358.483 ev.verify=11.324ms
[labev] t=455358.485 ev.finalize=1.697ms
[labev] t=455358.485 ev.propose=0.002ms
[labev] t=455358.496 ev.verify=11.409ms
[labev] t=455358.498 ev.finalize=1.696ms
[labev] t=455358.498 ev.propose=0.002ms
[labev] t=455358.509 ev.verify=11.440ms
[labev] t=455358.511 ev.finalize=1.695ms
[labev] t=455358.511 ev.propose=0.002ms
[labev] t=455358.523 ev.verify=11.254ms
[labev] t=455358.524 ev.finalize=1.669ms
[labev] t=455358.524 ev.propose=0.002ms
[labev] t=455358.536 ev.verify=11.493ms
[labev] t=455358.538 ev.finalize=1.659ms
[labev] t=455358.538 ev.propose=0.002ms
[labev] t=455358.549 ev.verify=11.526ms
[labev] t=455358.551 ev.finalize=1.658ms
[labev] t=455358.551 ev.propose=0.002ms
[labev] t=455358.562 ev.verify=11.370ms
[labev] t=455358.564 ev.finalize=1.531ms
[labev] t=455358.564 ev.propose=0.002ms
[labev] t=455358.575 ev.verify=11.305ms
[labev] t=455358.577 ev.finalize=1.654ms
[labev] t=455358.577 ev.propose=0.002ms
[labev] t=455358.589 ev.verify=11.482ms
[labev] t=455358.591 ev.finalize=1.741ms
[labev] t=455358.591 ev.propose=0.002ms
[labev] t=455358.602 ev.verify=11.187ms
[labev] t=455358.604 ev.finalize=1.700ms
[labev] t=455358.604 ev.propose=0.002ms
[labev] t=455358.615 ev.verify=11.412ms
[labev] t=455358.617 ev.finalize=1.665ms
[labev] t=455358.617 ev.propose=0.002ms
[labev] t=455358.628 ev.verify=11.381ms
[labev] t=455358.630 ev.finalize=1.649ms
[labev] t=455358.630 ev.propose=0.002ms
[labev] t=455358.642 ev.verify=11.501ms
[labev] t=455358.643 ev.finalize=1.661ms
[labev] t=455358.643 ev.propose=0.002ms
[labev] t=455358.655 ev.verify=11.334ms
[labev] t=455358.657 ev.finalize=1.666ms
[labev] t=455358.657 ev.propose=0.001ms
[labev] t=455358.668 ev.verify=11.154ms
[labev] t=455358.670 ev.finalize=2.391ms
[labev] t=455358.670 ev.propose=0.002ms
[labev] t=455358.682 ev.verify=11.257ms
[labev] t=455358.683 ev.finalize=1.677ms
[labev] t=455358.683 ev.propose=0.002ms
[labev] t=455358.695 ev.verify=11.348ms
[labev] t=455358.697 ev.finalize=1.669ms
[labev] t=455358.697 ev.propose=0.002ms
[labev] t=455358.708 ev.verify=11.336ms
[labev] t=455358.710 ev.finalize=1.691ms
[labev] t=455358.710 ev.propose=0.002ms
[labev] t=455358.721 ev.verify=11.132ms
[labev] t=455358.723 ev.finalize=1.721ms
[labev] t=455358.723 ev.propose=0.002ms
[labev] t=455358.734 ev.verify=11.284ms
[labev] t=455358.736 ev.finalize=1.609ms
[labev] t=455358.736 ev.propose=0.002ms
[labev] t=455358.747 ev.verify=11.329ms
[labev] t=455358.749 ev.finalize=1.765ms
[labev] t=455358.749 ev.propose=0.002ms
[labev] t=455358.761 ev.verify=11.389ms
[labev] t=455358.762 ev.finalize=1.661ms
[labev] t=455358.762 ev.propose=0.002ms
[labev] t=455358.774 ev.verify=11.156ms
[labev] t=455358.775 ev.finalize=1.676ms
[labev] t=455358.775 ev.propose=0.002ms
[labev] t=455358.787 ev.verify=11.279ms
[labev] t=455358.788 ev.finalize=1.636ms
[labev] t=455358.788 ev.propose=0.002ms
[labev] t=455358.799 ev.verify=11.047ms
[labev] t=455358.801 ev.finalize=1.626ms
[labev] t=455358.801 ev.propose=0.002ms
[labev] t=455358.813 ev.verify=11.326ms
[labev] t=455358.814 ev.finalize=1.641ms
[labev] t=455358.814 ev.propose=0.002ms
[labev] t=455358.826 ev.verify=11.201ms
[labev] t=455358.827 ev.finalize=1.677ms
[labev] t=455358.827 ev.propose=0.002ms
[labev] t=455358.839 ev.verify=11.157ms
[labev] t=455358.840 ev.finalize=1.658ms
[labev] t=455358.840 ev.propose=0.002ms
[labev] t=455358.852 ev.verify=11.323ms
[labev] t=455358.853 ev.finalize=1.545ms
[labev] t=455358.853 ev.propose=0.002ms
[labev] t=455358.865 ev.verify=11.439ms
[labev] t=455358.867 ev.finalize=1.657ms
[labev] t=455358.867 ev.propose=0.002ms
[labev] t=455358.878 ev.verify=11.270ms
[labev] t=455358.880 ev.finalize=1.635ms
[labev] t=455358.880 ev.propose=0.002ms
[labev] t=455358.891 ev.verify=11.338ms
[labev] t=455358.893 ev.finalize=2.295ms
[labev] t=455358.893 ev.propose=0.002ms
[labev] t=455358.905 ev.verify=11.436ms
[labev] t=455358.907 ev.finalize=1.678ms
[labev] t=455358.907 ev.propose=0.002ms
[labev] t=455358.918 ev.verify=11.361ms
[labev] t=455358.920 ev.finalize=1.672ms
[labev] t=455358.920 ev.propose=0.002ms
[labev] t=455358.931 ev.verify=11.263ms
[labev] t=455358.933 ev.finalize=1.668ms
[labev] t=455358.933 ev.propose=0.002ms
[labev] t=455358.944 ev.verify=11.215ms
[labev] t=455358.946 ev.finalize=1.673ms
[labev] t=455358.946 ev.propose=0.002ms
[labev] t=455358.957 ev.verify=11.287ms
[labev] t=455358.959 ev.finalize=1.665ms
[labev] t=455358.959 ev.propose=0.002ms
[labev] t=455358.971 ev.verify=11.317ms
[labev] t=455358.972 ev.finalize=1.649ms
[labev] t=455358.972 ev.propose=0.002ms
[labev] t=455358.984 ev.verify=11.493ms
[labev] t=455358.986 ev.finalize=1.634ms
[labev] t=455358.986 ev.propose=0.002ms
[labev] t=455358.997 ev.verify=11.213ms
[labev] t=455358.999 ev.finalize=1.660ms
[labev] t=455358.999 ev.propose=0.002ms
[labev] t=455359.010 ev.verify=11.286ms
[labev] t=455359.012 ev.finalize=1.582ms
[labev] t=455359.012 ev.propose=0.002ms
[labev] t=455359.023 ev.verify=11.202ms
[labev] t=455359.025 ev.finalize=1.757ms
[labev] t=455359.025 ev.propose=0.002ms
[labev] t=455359.036 ev.verify=11.397ms
[labev] t=455359.038 ev.finalize=1.728ms
[labev] t=455359.038 ev.propose=0.002ms
[labev] t=455359.049 ev.verify=11.147ms
[labev] t=455359.051 ev.finalize=1.658ms
[labev] t=455359.051 ev.propose=0.002ms
[labev] t=455359.062 ev.verify=11.229ms
[labev] t=455359.064 ev.finalize=1.647ms
[labev] t=455359.064 ev.propose=0.002ms
[labev] t=455359.075 ev.verify=11.348ms
[labev] t=455359.077 ev.finalize=1.687ms
[labev] t=455359.077 ev.propose=0.002ms
[labev] t=455359.089 ev.verify=11.484ms
[labev] t=455359.091 ev.finalize=1.777ms
[labev] t=455359.091 ev.propose=0.002ms
[labev] t=455359.102 ev.verify=11.198ms
[labev] t=455359.104 ev.finalize=1.661ms
[labev] t=455359.104 ev.propose=0.002ms
[labev] t=455359.115 ev.verify=11.284ms
[labev] t=455359.117 ev.finalize=2.231ms
[labev] t=455359.117 ev.propose=0.002ms
[labev] t=455359.129 ev.verify=11.395ms
[labev] t=455359.130 ev.finalize=1.562ms
[labev] t=455359.131 ev.propose=0.002ms
[labev] t=455359.142 ev.verify=11.425ms
[labev] t=455359.144 ev.finalize=1.663ms
[labev] t=455359.144 ev.propose=0.002ms
[labev] t=455359.155 ev.verify=11.210ms
[labev] t=455359.157 ev.finalize=1.557ms
[labev] t=455359.157 ev.propose=0.002ms
[labev] t=455359.168 ev.verify=11.495ms
[labev] t=455359.170 ev.finalize=1.755ms
[labev] t=455359.170 ev.propose=0.002ms
[labev] t=455359.182 ev.verify=11.487ms
[labev] t=455359.183 ev.finalize=1.519ms
[labev] t=455359.183 ev.propose=0.002ms
[labev] t=455359.195 ev.verify=11.409ms
[labev] t=455359.196 ev.finalize=1.556ms
[labev] t=455359.196 ev.propose=0.002ms
[labev] t=455359.208 ev.verify=11.376ms
[labev] t=455359.210 ev.finalize=1.680ms
[labev] t=455359.210 ev.propose=0.002ms
[labev] t=455359.221 ev.verify=11.476ms
[labev] t=455359.223 ev.finalize=1.673ms
[labev] t=455359.223 ev.propose=0.002ms
[labev] t=455359.232 ev.verify=8.623ms
[labev] t=455359.233 ev.finalize=1.530ms
[labev] t=455362.691 req.start s1-p4096-o512-b2-r0=0.001ms
[labev] t=455362.692 req.handle=0.067ms
[labev] t=455362.711 tok.prepare=19.943ms
event=batching_admitted action=scheduler_admitted
[labev] t=455363.015 chunk.ord.total=303.073ms
[labev] t=455363.267 chunk.ord.total=251.969ms
[labev] t=455363.523 chunk.ord.total=255.604ms
[labev] t=455363.782 chunk.ord.total=258.757ms
[labev] t=455364.043 chunk.ord.total=261.574ms
[labev] t=455364.305 chunk.ord.total=261.946ms
[labev] t=455364.572 chunk.ord.total=266.625ms
[labev] t=455364.879 chunk.ord.total=306.588ms
[labev] t=455364.879 req.firsttoken s1-p4096-o512-b2-r0=2187.371ms
[labev] t=455365.015 ev.decode.rows1.cap0=135.711ms
[labev] t=455365.150 ev.decode.rows1.cap0=135.558ms
[labev] t=455365.286 ev.decode.rows1.cap0=135.491ms
[labev] t=455365.421 ev.decode.rows1.cap0=135.336ms
[labev] t=455365.557 ev.decode.rows1.cap0=135.497ms
[labev] t=455365.693 ev.decode.rows1.cap0=135.686ms
[labev] t=455365.828 ev.decode.rows1.cap0=135.287ms
[labev] t=455365.964 ev.decode.rows1.cap0=135.682ms
[labev] t=455366.099 ev.decode.rows1.cap0=135.480ms
[labev] t=455366.235 ev.decode.rows1.cap0=135.169ms
[labev] t=455366.370 ev.decode.rows1.cap0=135.478ms
[labev] t=455366.506 ev.decode.rows1.cap0=135.444ms
[labev] t=455366.641 ev.decode.rows1.cap0=135.544ms
[labev] t=455366.777 ev.decode.rows1.cap0=135.516ms
[labev] t=455366.913 ev.decode.rows1.cap0=135.517ms
[labprof] d0.performDecode.call=135.279ms/n47 f0.finalize.total=1.690ms/n271 f1.finalize.build=0.495ms/n271 f2.finalize.eval=1.152ms/n271 fc.finalize.call=1.695ms/n271 o1.ord.build=1.140ms/n752 o2.ord.eval=7.299ms/n752 p0.propose=0.002ms/n271 r0.round.interval=13.203ms/n270 s1.native.prefill.target=40.225ms/n8 s1.ord.prefill.target=42.786ms/n15 s2.native.prefill.drafter+eval=238.007ms/n8 s2.ord.prefill.eval=230.528ms/n16 s9.native.prefill.chunk.total=278.270ms/n8 s9.ord.prefill.chunk.total=270.885ms/n16 v0.verify.call=11.325ms/n271 v1.verify.build=0.849ms/n271 v2.verify.eval=10.368ms/n271
[labev] t=455367.048 ev.decode.rows1.cap0=135.406ms
[labev] t=455367.184 ev.decode.rows1.cap0=135.671ms
[labev] t=455367.319 ev.decode.rows1.cap0=135.524ms
[labev] t=455367.456 ev.decode.rows1.cap0=136.020ms
[labev] t=455367.591 ev.decode.rows1.cap0=135.698ms
[labev] t=455367.727 ev.decode.rows1.cap0=135.496ms
[labev] t=455367.863 ev.decode.rows1.cap0=135.550ms
[labev] t=455367.999 ev.decode.rows1.cap0=135.942ms
[labev] t=455368.135 ev.decode.rows1.cap0=135.775ms
[labev] t=455368.270 ev.decode.rows1.cap0=135.528ms
[labev] t=455368.406 ev.decode.rows1.cap0=135.574ms
[labev] t=455368.542 ev.decode.rows1.cap0=135.804ms
[labev] t=455368.677 ev.decode.rows1.cap0=135.603ms
[labev] t=455368.813 ev.decode.rows1.cap0=135.706ms
[labev] t=455368.949 ev.decode.rows1.cap0=135.589ms
[labev] t=455369.085 ev.decode.rows1.cap0=135.523ms
[labev] t=455369.212 ev.decode.rows1.cap0=127.168ms
[labev] t=455369.213 req.start s1-p4096-o512-b2-r0=0.000ms
[labev] t=455369.213 req.handle=0.016ms
[labev] t=455369.233 tok.prepare=20.143ms
event=batching_admitted action=scheduler_admitted
[labev] t=455369.500 chunk.native.total=266.378ms
[labev] t=455369.765 chunk.native.total=265.284ms
[labev] t=455370.035 chunk.native.total=269.332ms
[labev] t=455370.308 chunk.native.total=273.404ms
[labev] t=455370.586 chunk.native.total=277.595ms
[labev] t=455370.865 chunk.native.total=278.840ms
[labev] t=455371.147 chunk.native.total=282.427ms
[labev] t=455371.463 chunk.native.total=315.660ms
[labev] t=455371.463 req.firsttoken s1-p4096-o512-b2-r0=2250.017ms
[labev] t=455371.463 ev.propose=0.004ms
[labev] t=455371.481 ev.verify=17.570ms
[labev] t=455371.482 ev.finalize=1.697ms
[labev] t=455371.482 ev.propose=0.079ms
[labev] t=455371.494 ev.verify=11.511ms
[labev] t=455371.496 ev.finalize=1.633ms
[labev] t=455371.496 ev.propose=0.057ms
[labev] t=455371.507 ev.verify=11.361ms
[labev] t=455371.509 ev.finalize=1.677ms
[labev] t=455371.509 ev.propose=0.036ms
[labev] t=455371.520 ev.verify=11.150ms
[labev] t=455371.522 ev.finalize=1.659ms
[labev] t=455371.522 ev.propose=0.066ms
[labev] t=455371.533 ev.verify=11.186ms
[labev] t=455371.535 ev.finalize=1.670ms
[labev] t=455371.535 ev.propose=0.066ms
[labev] t=455371.547 ev.verify=11.308ms
[labev] t=455371.548 ev.finalize=1.655ms
[labev] t=455371.548 ev.propose=0.057ms
[labev] t=455371.560 ev.verify=11.414ms
[labev] t=455371.562 ev.finalize=1.643ms
[labev] t=455371.562 ev.propose=0.061ms
[labev] t=455371.573 ev.verify=11.337ms
[labev] t=455371.575 ev.finalize=1.633ms
[labev] t=455371.575 ev.propose=0.050ms
[labev] t=455371.586 ev.verify=11.085ms
[labev] t=455371.588 ev.finalize=2.293ms
[labev] t=455371.589 ev.propose=0.063ms
[labev] t=455371.600 ev.verify=11.367ms
[labev] t=455371.602 ev.finalize=1.657ms
[labev] t=455371.602 ev.propose=0.072ms
[labev] t=455371.613 ev.verify=11.211ms
[labev] t=455371.615 ev.finalize=1.657ms
[labev] t=455371.615 ev.propose=0.053ms
[labev] t=455371.626 ev.verify=11.136ms
[labev] t=455371.628 ev.finalize=1.757ms
[labev] t=455371.628 ev.propose=0.047ms
[labev] t=455371.639 ev.verify=11.194ms
[labev] t=455371.641 ev.finalize=1.576ms
[labev] t=455371.641 ev.propose=0.076ms
[labev] t=455371.652 ev.verify=11.258ms
[labev] t=455371.654 ev.finalize=1.634ms
[labev] t=455371.654 ev.propose=0.002ms
[labev] t=455371.665 ev.verify=11.326ms
[labev] t=455371.667 ev.finalize=1.526ms
[labev] t=455371.667 ev.propose=0.051ms
[labev] t=455371.678 ev.verify=11.157ms
[labev] t=455371.680 ev.finalize=1.698ms
[labev] t=455371.680 ev.propose=0.067ms
[labev] t=455371.691 ev.verify=11.114ms
[labev] t=455371.693 ev.finalize=1.693ms
[labev] t=455371.693 ev.propose=0.002ms
[labev] t=455371.705 ev.verify=11.267ms
[labev] t=455371.706 ev.finalize=1.663ms
[labev] t=455371.706 ev.propose=0.002ms
[labev] t=455371.718 ev.verify=11.197ms
[labev] t=455371.719 ev.finalize=1.635ms
[labev] t=455371.719 ev.propose=0.067ms
[labev] t=455371.731 ev.verify=11.222ms
[labev] t=455371.732 ev.finalize=1.646ms
[labev] t=455371.732 ev.propose=0.002ms
[labev] t=455371.744 ev.verify=11.163ms
[labev] t=455371.745 ev.finalize=1.639ms
[labev] t=455371.745 ev.propose=0.002ms
[labev] t=455371.757 ev.verify=11.249ms
[labev] t=455371.758 ev.finalize=1.644ms
[labev] t=455371.758 ev.propose=0.002ms
[labev] t=455371.770 ev.verify=11.353ms
[labev] t=455371.772 ev.finalize=1.668ms
[labev] t=455371.772 ev.propose=0.063ms
[labev] t=455371.783 ev.verify=11.084ms
[labev] t=455371.784 ev.finalize=1.627ms
[labev] t=455371.785 ev.propose=0.002ms
[labev] t=455371.796 ev.verify=11.251ms
[labev] t=455371.798 ev.finalize=1.668ms
[labev] t=455371.798 ev.propose=0.002ms
[labev] t=455371.809 ev.verify=11.242ms
[labev] t=455371.811 ev.finalize=2.274ms
[labev] t=455371.811 ev.propose=0.002ms
[labev] t=455371.823 ev.verify=11.235ms
[labev] t=455371.824 ev.finalize=1.653ms
[labev] t=455371.824 ev.propose=0.002ms
[labev] t=455371.836 ev.verify=11.282ms
[labev] t=455371.837 ev.finalize=1.656ms
[labev] t=455371.837 ev.propose=0.002ms
[labev] t=455371.849 ev.verify=11.334ms
[labev] t=455371.850 ev.finalize=1.620ms
[labev] t=455371.851 ev.propose=0.002ms
[labev] t=455371.862 ev.verify=11.223ms
[labev] t=455371.863 ev.finalize=1.613ms
[labev] t=455371.864 ev.propose=0.002ms
[labev] t=455371.875 ev.verify=11.257ms
[labev] t=455371.877 ev.finalize=1.628ms
[labev] t=455371.877 ev.propose=0.002ms
[labev] t=455371.888 ev.verify=11.176ms
[labev] t=455371.890 ev.finalize=1.634ms
[labev] t=455371.890 ev.propose=0.002ms
[labev] t=455371.901 ev.verify=11.138ms
[labev] t=455371.902 ev.finalize=1.596ms
[labev] t=455371.902 ev.propose=0.002ms
[labev] t=455371.914 ev.verify=11.321ms
[labev] t=455371.916 ev.finalize=1.650ms
[labev] t=455371.916 ev.propose=0.002ms
[labev] t=455371.927 ev.verify=11.210ms
[labev] t=455371.929 ev.finalize=1.648ms
[labev] t=455371.929 ev.propose=0.002ms
[labev] t=455371.940 ev.verify=11.190ms
[labev] t=455371.942 ev.finalize=1.660ms
[labev] t=455371.942 ev.propose=0.002ms
[labev] t=455371.953 ev.verify=11.336ms
[labev] t=455371.955 ev.finalize=1.644ms
[labev] t=455371.955 ev.propose=0.002ms
[labev] t=455371.966 ev.verify=11.425ms
[labev] t=455371.968 ev.finalize=1.663ms
[labev] t=455371.968 ev.propose=0.002ms
[labev] t=455371.979 ev.verify=11.248ms
[labev] t=455371.981 ev.finalize=1.663ms
[labev] t=455371.981 ev.propose=0.002ms
[labev] t=455371.992 ev.verify=11.070ms
[labev] t=455371.994 ev.finalize=1.628ms
[labev] t=455371.994 ev.propose=0.002ms
[labev] t=455372.005 ev.verify=11.166ms
[labev] t=455372.007 ev.finalize=1.630ms
[labev] t=455372.007 ev.propose=0.002ms
[labev] t=455372.018 ev.verify=11.299ms
[labev] t=455372.021 ev.finalize=2.257ms
[labev] t=455372.021 ev.propose=0.002ms
[labev] t=455372.032 ev.verify=11.339ms
[labev] t=455372.034 ev.finalize=1.771ms
[labev] t=455372.034 ev.propose=0.002ms
[labev] t=455372.045 ev.verify=11.249ms
[labev] t=455372.047 ev.finalize=1.806ms
[labev] t=455372.047 ev.propose=0.002ms
[labev] t=455372.058 ev.verify=11.017ms
[labev] t=455372.060 ev.finalize=1.617ms
[labev] t=455372.060 ev.propose=0.002ms
[labev] t=455372.071 ev.verify=11.107ms
[labev] t=455372.073 ev.finalize=1.628ms
[labev] t=455372.073 ev.propose=0.002ms
[labev] t=455372.084 ev.verify=11.286ms
[labev] t=455372.086 ev.finalize=1.645ms
[labev] t=455372.086 ev.propose=0.002ms
[labev] t=455372.097 ev.verify=11.117ms
[labev] t=455372.099 ev.finalize=1.654ms
[labev] t=455372.099 ev.propose=0.002ms
[labev] t=455372.110 ev.verify=11.229ms
[labev] t=455372.112 ev.finalize=1.661ms
[labev] t=455372.112 ev.propose=0.002ms
[labev] t=455372.123 ev.verify=11.236ms
[labev] t=455372.125 ev.finalize=1.632ms
[labev] t=455372.125 ev.propose=0.002ms
[labev] t=455372.136 ev.verify=11.262ms
[labev] t=455372.138 ev.finalize=1.497ms
[labev] t=455372.138 ev.propose=0.002ms
[labev] t=455372.149 ev.verify=11.110ms
[labev] t=455372.151 ev.finalize=1.623ms
[labev] t=455372.151 ev.propose=0.002ms
[labev] t=455372.162 ev.verify=11.218ms
[labev] t=455372.164 ev.finalize=1.616ms
[labev] t=455372.164 ev.propose=0.002ms
[labev] t=455372.175 ev.verify=11.122ms
[labev] t=455372.177 ev.finalize=1.618ms
[labev] t=455372.177 ev.propose=0.002ms
[labev] t=455372.188 ev.verify=11.203ms
[labev] t=455372.190 ev.finalize=1.608ms
[labev] t=455372.190 ev.propose=0.002ms
[labev] t=455372.201 ev.verify=11.254ms
[labev] t=455372.203 ev.finalize=1.640ms
[labev] t=455372.203 ev.propose=0.002ms
[labev] t=455372.214 ev.verify=11.142ms
[labev] t=455372.216 ev.finalize=1.651ms
[labev] t=455372.216 ev.propose=0.001ms
[labev] t=455372.227 ev.verify=11.025ms
[labev] t=455372.228 ev.finalize=1.625ms
[labev] t=455372.229 ev.propose=0.002ms
[labev] t=455372.240 ev.verify=11.256ms
[labev] t=455372.242 ev.finalize=2.294ms
[labev] t=455372.242 ev.propose=0.002ms
[labev] t=455372.254 ev.verify=11.313ms
[labev] t=455372.255 ev.finalize=1.623ms
[labev] t=455372.255 ev.propose=0.002ms
[labev] t=455372.267 ev.verify=11.166ms
[labev] t=455372.268 ev.finalize=1.639ms
[labev] t=455372.268 ev.propose=0.002ms
[labev] t=455372.279 ev.verify=10.905ms
[labev] t=455372.281 ev.finalize=1.504ms
[labev] t=455372.281 ev.propose=0.002ms
[labev] t=455372.292 ev.verify=11.180ms
[labev] t=455372.294 ev.finalize=1.610ms
[labev] t=455372.294 ev.propose=0.002ms
[labev] t=455372.305 ev.verify=11.099ms
[labev] t=455372.307 ev.finalize=1.623ms
[labev] t=455372.307 ev.propose=0.002ms
[labev] t=455372.318 ev.verify=11.346ms
[labev] t=455372.320 ev.finalize=1.618ms
[labev] t=455372.320 ev.propose=0.001ms
[labev] t=455372.331 ev.verify=11.219ms
[labev] t=455372.333 ev.finalize=1.501ms
[labev] t=455372.333 ev.propose=0.002ms
[labev] t=455372.344 ev.verify=11.353ms
[labev] t=455372.346 ev.finalize=1.618ms
[labev] t=455372.346 ev.propose=0.002ms
[labev] t=455372.357 ev.verify=11.334ms
[labev] t=455372.359 ev.finalize=1.627ms
[labev] t=455372.359 ev.propose=0.002ms
[labev] t=455372.370 ev.verify=11.240ms
[labev] t=455372.372 ev.finalize=1.611ms
[labev] t=455372.372 ev.propose=0.002ms
[labev] t=455372.383 ev.verify=11.125ms
[labev] t=455372.385 ev.finalize=1.602ms
[labev] t=455372.385 ev.propose=0.002ms
[labev] t=455372.396 ev.verify=11.124ms
[labev] t=455372.398 ev.finalize=1.629ms
[labev] t=455372.398 ev.propose=0.002ms
[labev] t=455372.409 ev.verify=11.255ms
[labev] t=455372.411 ev.finalize=1.619ms
[labev] t=455372.411 ev.propose=0.002ms
[labev] t=455372.422 ev.verify=11.262ms
[labev] t=455372.424 ev.finalize=1.607ms
[labev] t=455372.424 ev.propose=0.002ms
[labev] t=455372.435 ev.verify=11.403ms
[labev] t=455372.437 ev.finalize=1.536ms
[labev] t=455372.437 ev.propose=0.002ms
[labev] t=455372.448 ev.verify=11.255ms
[labev] t=455372.450 ev.finalize=1.627ms
[labev] t=455372.450 ev.propose=0.001ms
[labev] t=455372.461 ev.verify=11.080ms
[labev] t=455372.463 ev.finalize=2.254ms
[labev] t=455372.463 ev.propose=0.002ms
[labev] t=455372.475 ev.verify=11.260ms
[labev] t=455372.476 ev.finalize=1.633ms
[labev] t=455372.477 ev.propose=0.002ms
[labev] t=455372.488 ev.verify=11.130ms
[labev] t=455372.489 ev.finalize=1.614ms
[labev] t=455372.489 ev.propose=0.002ms
[labev] t=455372.501 ev.verify=11.400ms
[labev] t=455372.502 ev.finalize=1.605ms
[labev] t=455372.503 ev.propose=0.002ms
[labev] t=455372.514 ev.verify=11.119ms
[labev] t=455372.515 ev.finalize=1.627ms
[labev] t=455372.516 ev.propose=0.002ms
[labev] t=455372.527 ev.verify=11.245ms
[labev] t=455372.528 ev.finalize=1.627ms
[labev] t=455372.529 ev.propose=0.002ms
[labev] t=455372.540 ev.verify=11.098ms
[labev] t=455372.541 ev.finalize=1.616ms
[labev] t=455372.541 ev.propose=0.002ms
[labev] t=455372.553 ev.verify=11.270ms
[labev] t=455372.554 ev.finalize=1.635ms
[labev] t=455372.554 ev.propose=0.001ms
[labev] t=455372.566 ev.verify=11.297ms
[labev] t=455372.567 ev.finalize=1.626ms
[labev] t=455372.568 ev.propose=0.002ms
[labev] t=455372.579 ev.verify=11.209ms
[labev] t=455372.581 ev.finalize=1.698ms
[labev] t=455372.581 ev.propose=0.002ms
[labev] t=455372.592 ev.verify=11.016ms
[labev] t=455372.593 ev.finalize=1.633ms
[labev] t=455372.593 ev.propose=0.002ms
[labev] t=455372.605 ev.verify=11.238ms
[labev] t=455372.606 ev.finalize=1.627ms
[labev] t=455372.606 ev.propose=0.001ms
[labev] t=455372.618 ev.verify=11.354ms
[labev] t=455372.619 ev.finalize=1.591ms
[labev] t=455372.620 ev.propose=0.002ms
[labev] t=455372.631 ev.verify=11.153ms
[labev] t=455372.632 ev.finalize=1.622ms
[labev] t=455372.632 ev.propose=0.002ms
[labev] t=455372.644 ev.verify=11.207ms
[labev] t=455372.645 ev.finalize=1.616ms
[labev] t=455372.645 ev.propose=0.002ms
[labev] t=455372.657 ev.verify=11.250ms
[labev] t=455372.658 ev.finalize=1.504ms
[labev] t=455372.658 ev.propose=0.002ms
[labev] t=455372.669 ev.verify=11.117ms
[labev] t=455372.671 ev.finalize=1.621ms
[labev] t=455372.671 ev.propose=0.002ms
[labev] t=455372.683 ev.verify=11.276ms
[labev] t=455372.685 ev.finalize=2.300ms
[labev] t=455372.685 ev.propose=0.002ms
[labev] t=455372.696 ev.verify=11.371ms
[labev] t=455372.698 ev.finalize=1.605ms
[labev] t=455372.698 ev.propose=0.002ms
[labev] t=455372.710 ev.verify=11.462ms
[labev] t=455372.711 ev.finalize=1.640ms
[labev] t=455372.711 ev.propose=0.002ms
[labev] t=455372.723 ev.verify=11.419ms
[labev] t=455372.724 ev.finalize=1.625ms
[labev] t=455372.725 ev.propose=0.002ms
[labev] t=455372.736 ev.verify=11.369ms
[labev] t=455372.738 ev.finalize=1.618ms
[labev] t=455372.738 ev.propose=0.002ms
[labev] t=455372.749 ev.verify=11.053ms
[labev] t=455372.750 ev.finalize=1.621ms
[labev] t=455372.751 ev.propose=0.002ms
[labev] t=455372.762 ev.verify=11.146ms
[labev] t=455372.763 ev.finalize=1.641ms
[labev] t=455372.764 ev.propose=0.002ms
[labev] t=455372.775 ev.verify=11.193ms
[labev] t=455372.776 ev.finalize=1.613ms
[labev] t=455372.776 ev.propose=0.002ms
[labev] t=455372.788 ev.verify=11.050ms
[labev] t=455372.789 ev.finalize=1.633ms
[labev] t=455372.789 ev.propose=0.002ms
[labev] t=455372.800 ev.verify=11.007ms
[labev] t=455372.803 ev.finalize=2.289ms
[labev] t=455372.803 ev.propose=0.002ms
[labev] t=455372.814 ev.verify=11.115ms
[labev] t=455372.816 ev.finalize=1.632ms
[labev] t=455372.816 ev.propose=0.002ms
[labev] t=455372.827 ev.verify=11.258ms
[labev] t=455372.829 ev.finalize=1.620ms
[labev] t=455372.829 ev.propose=0.002ms
[labev] t=455372.840 ev.verify=11.326ms
[labev] t=455372.842 ev.finalize=1.638ms
[labev] t=455372.842 ev.propose=0.002ms
[labev] t=455372.853 ev.verify=11.083ms
[labev] t=455372.855 ev.finalize=1.642ms
[labev] t=455372.855 ev.propose=0.002ms
[labev] t=455372.866 ev.verify=11.159ms
[labev] t=455372.868 ev.finalize=1.622ms
[labev] t=455372.868 ev.propose=0.002ms
[labev] t=455372.879 ev.verify=11.137ms
[labev] t=455372.880 ev.finalize=1.609ms
[labev] t=455372.881 ev.propose=0.002ms
[labev] t=455372.892 ev.verify=11.337ms
[labev] t=455372.894 ev.finalize=2.293ms
[labev] t=455372.894 ev.propose=0.002ms
[labev] t=455372.906 ev.verify=11.352ms
[labev] t=455372.907 ev.finalize=1.646ms
[labev] t=455372.908 ev.propose=0.002ms
[labev] t=455372.919 ev.verify=11.371ms
[labev] t=455372.921 ev.finalize=1.612ms
[labev] t=455372.921 ev.propose=0.002ms
[labev] t=455372.932 ev.verify=11.281ms
[labev] t=455372.934 ev.finalize=1.637ms
[labev] t=455372.934 ev.propose=0.002ms
[labev] t=455372.945 ev.verify=11.110ms
[labev] t=455372.947 ev.finalize=1.628ms
[labev] t=455372.947 ev.propose=0.002ms
[labev] t=455372.958 ev.verify=11.375ms
[labev] t=455372.960 ev.finalize=1.632ms
[labev] t=455372.960 ev.propose=0.002ms
[labev] t=455372.971 ev.verify=11.218ms
[labev] t=455372.973 ev.finalize=1.631ms
[labev] t=455372.973 ev.propose=0.002ms
[labev] t=455372.984 ev.verify=11.215ms
[labev] t=455372.986 ev.finalize=1.618ms
[labev] t=455372.986 ev.propose=0.002ms
[labev] t=455372.997 ev.verify=11.264ms
[labev] t=455372.999 ev.finalize=1.637ms
[labev] t=455372.999 ev.propose=0.002ms
[labev] t=455373.010 ev.verify=11.354ms
[labev] t=455373.012 ev.finalize=1.645ms
[labev] t=455373.012 ev.propose=0.002ms
[labev] t=455373.023 ev.verify=11.357ms
[labev] t=455373.025 ev.finalize=1.625ms
[labev] t=455373.025 ev.propose=0.001ms
[labev] t=455373.036 ev.verify=11.266ms
[labev] t=455373.038 ev.finalize=1.616ms
[labev] t=455373.038 ev.propose=0.002ms
[labev] t=455373.050 ev.verify=11.296ms
[labev] t=455373.051 ev.finalize=1.539ms
[labev] t=455373.051 ev.propose=0.002ms
[labev] t=455373.062 ev.verify=11.073ms
[labev] t=455373.064 ev.finalize=1.659ms
[labev] t=455373.064 ev.propose=0.002ms
[labev] t=455373.075 ev.verify=11.131ms
[labev] t=455373.077 ev.finalize=1.629ms
[labev] t=455373.077 ev.propose=0.002ms
[labev] t=455373.088 ev.verify=11.194ms
[labev] t=455373.090 ev.finalize=1.659ms
[labev] t=455373.090 ev.propose=0.002ms
[labev] t=455373.101 ev.verify=11.172ms
[labev] t=455373.103 ev.finalize=1.642ms
[labev] t=455373.103 ev.propose=0.001ms
[labev] t=455373.114 ev.verify=11.197ms
[labev] t=455373.117 ev.finalize=2.294ms
[labev] t=455373.117 ev.propose=0.002ms
[labev] t=455373.128 ev.verify=11.235ms
[labev] t=455373.130 ev.finalize=1.635ms
[labev] t=455373.130 ev.propose=0.002ms
[labev] t=455373.141 ev.verify=11.173ms
[labev] t=455373.143 ev.finalize=1.619ms
[labev] t=455373.143 ev.propose=0.002ms
[labev] t=455373.154 ev.verify=11.283ms
[labev] t=455373.156 ev.finalize=1.634ms
[labev] t=455373.156 ev.propose=0.002ms
[labev] t=455373.167 ev.verify=11.370ms
[labev] t=455373.169 ev.finalize=1.607ms
[labev] t=455373.169 ev.propose=0.001ms
[labev] t=455373.180 ev.verify=11.100ms
[labev] t=455373.182 ev.finalize=1.651ms
[labev] t=455373.182 ev.propose=0.002ms
[labev] t=455373.193 ev.verify=11.374ms
[labev] t=455373.195 ev.finalize=1.618ms
[labev] t=455373.195 ev.propose=0.002ms
[labev] t=455373.206 ev.verify=11.012ms
[labev] t=455373.208 ev.finalize=1.647ms
[labev] t=455373.208 ev.propose=0.002ms
[labev] t=455373.219 ev.verify=11.391ms
[labev] t=455373.221 ev.finalize=1.645ms
[labev] t=455373.221 ev.propose=0.002ms
[labev] t=455373.232 ev.verify=11.181ms
[labev] t=455373.234 ev.finalize=1.704ms
[labev] t=455373.234 ev.propose=0.002ms
[labev] t=455373.245 ev.verify=11.153ms
[labev] t=455373.247 ev.finalize=1.678ms
[labev] t=455373.247 ev.propose=0.002ms
[labev] t=455373.258 ev.verify=11.276ms
[labev] t=455373.260 ev.finalize=1.665ms
[labev] t=455373.260 ev.propose=0.002ms
[labev] t=455373.271 ev.verify=11.147ms
[labev] t=455373.273 ev.finalize=1.626ms
[labev] t=455373.273 ev.propose=0.002ms
[labev] t=455373.284 ev.verify=11.388ms
[labev] t=455373.286 ev.finalize=1.612ms
[labev] t=455373.286 ev.propose=0.002ms
[labev] t=455373.297 ev.verify=11.211ms
[labev] t=455373.299 ev.finalize=1.617ms
[labev] t=455373.299 ev.propose=0.002ms
[labev] t=455373.310 ev.verify=11.322ms
[labev] t=455373.312 ev.finalize=1.642ms
[labev] t=455373.312 ev.propose=0.002ms
[labev] t=455373.324 ev.verify=11.429ms
[labev] t=455373.326 ev.finalize=2.276ms
[labev] t=455373.326 ev.propose=0.002ms
[labev] t=455373.337 ev.verify=11.324ms
[labev] t=455373.339 ev.finalize=1.650ms
[labev] t=455373.339 ev.propose=0.002ms
[labev] t=455373.350 ev.verify=11.155ms
[labev] t=455373.352 ev.finalize=1.631ms
[labev] t=455373.352 ev.propose=0.002ms
[labev] t=455373.363 ev.verify=11.187ms
[labev] t=455373.365 ev.finalize=1.649ms
[labev] t=455373.365 ev.propose=0.002ms
[labev] t=455373.376 ev.verify=11.227ms
[labev] t=455373.378 ev.finalize=1.614ms
[labev] t=455373.378 ev.propose=0.002ms
[labev] t=455373.389 ev.verify=11.187ms
[labev] t=455373.391 ev.finalize=1.631ms
[labev] t=455373.391 ev.propose=0.002ms
[labev] t=455373.402 ev.verify=11.223ms
[labev] t=455373.404 ev.finalize=1.639ms
[labev] t=455373.404 ev.propose=0.002ms
[labev] t=455373.416 ev.verify=11.408ms
[labev] t=455373.417 ev.finalize=1.633ms
[labev] t=455373.417 ev.propose=0.002ms
[labev] t=455373.429 ev.verify=11.401ms
[labev] t=455373.430 ev.finalize=1.621ms
[labev] t=455373.431 ev.propose=0.002ms
[labev] t=455373.442 ev.verify=11.290ms
[labev] t=455373.444 ev.finalize=1.648ms
[labev] t=455373.444 ev.propose=0.002ms
[labev] t=455373.455 ev.verify=11.211ms
[labev] t=455373.457 ev.finalize=1.668ms
[labev] t=455373.457 ev.propose=0.002ms
[labev] t=455373.468 ev.verify=11.116ms
[labev] t=455373.469 ev.finalize=1.512ms
[labev] t=455373.469 ev.propose=0.002ms
[labev] t=455373.481 ev.verify=11.239ms
[labev] t=455373.482 ev.finalize=1.506ms
[labev] t=455373.482 ev.propose=0.002ms
[labev] t=455373.494 ev.verify=11.138ms
[labev] t=455373.495 ev.finalize=1.529ms
[labev] t=455373.495 ev.propose=0.002ms
[labev] t=455373.506 ev.verify=11.090ms
[labev] t=455373.508 ev.finalize=1.606ms
[labev] t=455373.508 ev.propose=0.002ms
[labev] t=455373.519 ev.verify=11.103ms
[labev] t=455373.521 ev.finalize=1.635ms
[labev] t=455373.521 ev.propose=0.002ms
[labev] t=455373.532 ev.verify=11.136ms
[labev] t=455373.534 ev.finalize=1.524ms
[labev] t=455373.534 ev.propose=0.002ms
[labev] t=455373.545 ev.verify=11.163ms
[labev] t=455373.547 ev.finalize=1.540ms
[labev] t=455373.547 ev.propose=0.002ms
[labev] t=455373.558 ev.verify=11.344ms
[labev] t=455373.560 ev.finalize=2.320ms
[labev] t=455373.560 ev.propose=0.002ms
[labev] t=455373.572 ev.verify=11.351ms
[labev] t=455373.573 ev.finalize=1.510ms
[labev] t=455373.573 ev.propose=0.002ms
[labev] t=455373.584 ev.verify=11.017ms
[labev] t=455373.586 ev.finalize=1.636ms
[labev] t=455373.586 ev.propose=0.002ms
[labev] t=455373.598 ev.verify=11.388ms
[labev] t=455373.599 ev.finalize=1.657ms
[labev] t=455373.599 ev.propose=0.002ms
[labev] t=455373.611 ev.verify=11.217ms
[labev] t=455373.612 ev.finalize=1.662ms
[labev] t=455373.613 ev.propose=0.002ms
[labev] t=455373.624 ev.verify=11.259ms
[labev] t=455373.625 ev.finalize=1.643ms
[labev] t=455373.626 ev.propose=0.002ms
[labev] t=455373.637 ev.verify=11.106ms
[labev] t=455373.638 ev.finalize=1.518ms
[labev] t=455373.638 ev.propose=0.002ms
[labev] t=455373.650 ev.verify=11.455ms
[labev] t=455373.652 ev.finalize=1.638ms
[labev] t=455373.652 ev.propose=0.002ms
[labev] t=455373.663 ev.verify=11.211ms
[labev] t=455373.665 ev.finalize=1.635ms
[labev] t=455373.665 ev.propose=0.002ms
[labev] t=455373.676 ev.verify=11.388ms
[labev] t=455373.678 ev.finalize=1.642ms
[labev] t=455373.678 ev.propose=0.002ms
[labev] t=455373.689 ev.verify=11.147ms
[labev] t=455373.691 ev.finalize=1.671ms
[labev] t=455373.691 ev.propose=0.002ms
[labev] t=455373.702 ev.verify=11.136ms
[labev] t=455373.704 ev.finalize=1.672ms
[labev] t=455373.704 ev.propose=0.002ms
[labev] t=455373.715 ev.verify=11.106ms
[labev] t=455373.717 ev.finalize=1.632ms
[labev] t=455373.717 ev.propose=0.002ms
[labev] t=455373.728 ev.verify=11.249ms
[labev] t=455373.730 ev.finalize=1.639ms
[labev] t=455373.730 ev.propose=0.002ms
[labev] t=455373.741 ev.verify=11.185ms
[labev] t=455373.743 ev.finalize=1.631ms
[labev] t=455373.743 ev.propose=0.002ms
[labev] t=455373.754 ev.verify=11.261ms
[labev] t=455373.756 ev.finalize=1.675ms
[labev] t=455373.756 ev.propose=0.002ms
[labev] t=455373.767 ev.verify=11.210ms
[labev] t=455373.769 ev.finalize=1.629ms
[labev] t=455373.769 ev.propose=0.002ms
[labev] t=455373.780 ev.verify=11.215ms
[labev] t=455373.782 ev.finalize=2.307ms
[labev] t=455373.782 ev.propose=0.002ms
[labev] t=455373.794 ev.verify=11.384ms
[labev] t=455373.796 ev.finalize=1.659ms
[labev] t=455373.796 ev.propose=0.002ms
[labev] t=455373.807 ev.verify=11.497ms
[labev] t=455373.809 ev.finalize=1.506ms
[labev] t=455373.809 ev.propose=0.001ms
[labev] t=455373.820 ev.verify=11.260ms
[labev] t=455373.822 ev.finalize=1.652ms
[labev] t=455373.822 ev.propose=0.001ms
[labev] t=455373.833 ev.verify=11.297ms
[labev] t=455373.835 ev.finalize=1.613ms
[labev] t=455373.835 ev.propose=0.001ms
[labev] t=455373.846 ev.verify=11.333ms
[labev] t=455373.848 ev.finalize=1.519ms
[labev] t=455373.848 ev.propose=0.002ms
[labev] t=455373.859 ev.verify=11.312ms
[labev] t=455373.861 ev.finalize=1.649ms
[labev] t=455373.861 ev.propose=0.002ms
[labev] t=455373.872 ev.verify=11.100ms
[labev] t=455373.874 ev.finalize=1.621ms
[labev] t=455373.874 ev.propose=0.002ms
[labev] t=455373.885 ev.verify=11.134ms
[labev] t=455373.887 ev.finalize=1.607ms
[labev] t=455373.887 ev.propose=0.002ms
[labev] t=455373.898 ev.verify=11.399ms
[labev] t=455373.900 ev.finalize=1.637ms
[labev] t=455373.900 ev.propose=0.001ms
[labev] t=455373.912 ev.verify=11.413ms
[labev] t=455373.913 ev.finalize=1.628ms
[labev] t=455373.913 ev.propose=0.001ms
[labev] t=455373.924 ev.verify=11.135ms
[labev] t=455373.926 ev.finalize=1.631ms
[labev] t=455373.926 ev.propose=0.002ms
[labev] t=455373.937 ev.verify=11.176ms
[labev] t=455373.939 ev.finalize=1.609ms
[labev] t=455373.939 ev.propose=0.002ms
[labev] t=455373.951 ev.verify=11.307ms
[labev] t=455373.952 ev.finalize=1.616ms
[labev] t=455373.952 ev.propose=0.002ms
[labev] t=455373.964 ev.verify=11.389ms
[labev] t=455373.965 ev.finalize=1.638ms
[labev] t=455373.965 ev.propose=0.002ms
[labev] t=455373.977 ev.verify=11.236ms
[labev] t=455373.978 ev.finalize=1.632ms
[labev] t=455373.978 ev.propose=0.002ms
[labev] t=455373.990 ev.verify=11.395ms
[labev] t=455373.992 ev.finalize=1.632ms
[labev] t=455373.992 ev.propose=0.001ms
[labev] t=455374.003 ev.verify=11.277ms
[labev] t=455374.005 ev.finalize=2.310ms
[labev] t=455374.005 ev.propose=0.002ms
[labev] t=455374.017 ev.verify=11.357ms
[labev] t=455374.018 ev.finalize=1.546ms
[labev] t=455374.018 ev.propose=0.002ms
[labev] t=455374.030 ev.verify=11.187ms
[labev] t=455374.031 ev.finalize=1.644ms
[labev] t=455374.031 ev.propose=0.002ms
[labev] t=455374.043 ev.verify=11.293ms
[labev] t=455374.044 ev.finalize=1.628ms
[labev] t=455374.045 ev.propose=0.002ms
[labev] t=455374.056 ev.verify=11.413ms
[labev] t=455374.058 ev.finalize=1.629ms
[labev] t=455374.058 ev.propose=0.002ms
[labev] t=455374.069 ev.verify=11.234ms
[labev] t=455374.071 ev.finalize=1.538ms
[labev] t=455374.071 ev.propose=0.002ms
[labev] t=455374.082 ev.verify=11.156ms
[labev] t=455374.083 ev.finalize=1.559ms
[labev] t=455374.084 ev.propose=0.002ms
[labev] t=455374.095 ev.verify=11.325ms
[labev] t=455374.096 ev.finalize=1.518ms
[labev] t=455374.097 ev.propose=0.001ms
[labev] t=455374.108 ev.verify=11.337ms
[labev] t=455374.110 ev.finalize=1.562ms
[labev] t=455374.110 ev.propose=0.002ms
[labev] t=455374.121 ev.verify=11.478ms
[labev] t=455374.123 ev.finalize=1.649ms
[labev] t=455374.123 ev.propose=0.002ms
[labev] t=455374.134 ev.verify=11.219ms
[labev] t=455374.136 ev.finalize=1.670ms
[labev] t=455374.136 ev.propose=0.001ms
[labev] t=455374.147 ev.verify=11.307ms
[labev] t=455374.149 ev.finalize=1.656ms
[labev] t=455374.149 ev.propose=0.002ms
[labev] t=455374.160 ev.verify=11.347ms
[labev] t=455374.162 ev.finalize=1.510ms
[labev] t=455374.162 ev.propose=0.002ms
[labev] t=455374.173 ev.verify=11.276ms
[labev] t=455374.175 ev.finalize=1.623ms
[labev] t=455374.175 ev.propose=0.002ms
[labev] t=455374.186 ev.verify=11.286ms
[labev] t=455374.188 ev.finalize=1.652ms
[labev] t=455374.188 ev.propose=0.002ms
[labev] t=455374.200 ev.verify=11.327ms
[labev] t=455374.201 ev.finalize=1.658ms
[labev] t=455374.201 ev.propose=0.002ms
[labev] t=455374.213 ev.verify=11.249ms
[labev] t=455374.214 ev.finalize=1.678ms
[labev] t=455374.214 ev.propose=0.002ms
[labev] t=455374.226 ev.verify=11.476ms
[labev] t=455374.228 ev.finalize=1.681ms
[labev] t=455374.228 ev.propose=0.002ms
[labev] t=455374.239 ev.verify=11.187ms
[labev] t=455374.241 ev.finalize=1.674ms
[labev] t=455374.241 ev.propose=0.002ms
[labev] t=455374.252 ev.verify=11.425ms
[labev] t=455374.254 ev.finalize=1.537ms
[labev] t=455374.254 ev.propose=0.002ms
[labev] t=455374.265 ev.verify=11.377ms
[labev] t=455374.267 ev.finalize=2.072ms
[labev] t=455374.268 ev.propose=0.002ms
[labev] t=455374.279 ev.verify=11.296ms
[labev] t=455374.281 ev.finalize=1.638ms
[labev] t=455374.281 ev.propose=0.002ms
[labev] t=455374.292 ev.verify=11.245ms
[labev] t=455374.294 ev.finalize=1.631ms
[labev] t=455374.294 ev.propose=0.002ms
[labev] t=455374.305 ev.verify=11.344ms
[labev] t=455374.307 ev.finalize=1.526ms
[labev] t=455374.307 ev.propose=0.002ms
[labev] t=455374.318 ev.verify=11.226ms
[labev] t=455374.320 ev.finalize=1.698ms
[labev] t=455374.320 ev.propose=0.002ms
[labev] t=455374.331 ev.verify=11.325ms
[labev] t=455374.333 ev.finalize=1.639ms
[labev] t=455374.333 ev.propose=0.002ms
[labev] t=455374.344 ev.verify=11.332ms
[labev] t=455374.346 ev.finalize=1.531ms
[labev] t=455374.346 ev.propose=0.002ms
[labev] t=455374.357 ev.verify=11.303ms
[labev] t=455374.359 ev.finalize=1.645ms
[labev] t=455374.359 ev.propose=0.002ms
[labev] t=455374.370 ev.verify=11.322ms
[labev] t=455374.372 ev.finalize=1.535ms
[labev] t=455374.372 ev.propose=0.002ms
[labev] t=455374.383 ev.verify=11.407ms
[labev] t=455374.385 ev.finalize=1.621ms
[labev] t=455374.385 ev.propose=0.002ms
[labev] t=455374.397 ev.verify=11.287ms
[labev] t=455374.398 ev.finalize=1.659ms
[labev] t=455374.398 ev.propose=0.002ms
[labev] t=455374.410 ev.verify=11.310ms
[labev] t=455374.411 ev.finalize=1.675ms
[labev] t=455374.411 ev.propose=0.002ms
[labev] t=455374.423 ev.verify=11.394ms
[labev] t=455374.425 ev.finalize=1.653ms
[labev] t=455374.425 ev.propose=0.002ms
[labev] t=455374.436 ev.verify=11.277ms
[labev] t=455374.438 ev.finalize=1.642ms
[labev] t=455374.438 ev.propose=0.002ms
[labev] t=455374.449 ev.verify=11.339ms
[labev] t=455374.451 ev.finalize=1.654ms
[labev] t=455374.451 ev.propose=0.002ms
[labev] t=455374.462 ev.verify=11.452ms
[labev] t=455374.464 ev.finalize=1.632ms
[labev] t=455374.464 ev.propose=0.002ms
[labev] t=455374.475 ev.verify=11.255ms
[labev] t=455374.477 ev.finalize=1.521ms
[labev] t=455374.477 ev.propose=0.002ms
[labev] t=455374.488 ev.verify=11.286ms
[labev] t=455374.490 ev.finalize=1.634ms
[labev] t=455374.490 ev.propose=0.001ms
[labev] t=455374.501 ev.verify=11.080ms
[labev] t=455374.504 ev.finalize=2.342ms
[labev] t=455374.504 ev.propose=0.002ms
[labev] t=455374.515 ev.verify=11.317ms
[labev] t=455374.517 ev.finalize=1.547ms
[labev] t=455374.517 ev.propose=0.002ms
[labev] t=455374.528 ev.verify=11.183ms
[labev] t=455374.530 ev.finalize=1.542ms
[labev] t=455374.530 ev.propose=0.002ms
[labev] t=455374.541 ev.verify=11.442ms
[labev] t=455374.543 ev.finalize=1.660ms
[labev] t=455374.543 ev.propose=0.002ms
[labev] t=455374.554 ev.verify=11.348ms
[labev] t=455374.556 ev.finalize=1.651ms
[labev] t=455374.556 ev.propose=0.002ms
[labev] t=455374.567 ev.verify=11.183ms
[labev] t=455374.569 ev.finalize=1.527ms
[labev] t=455374.569 ev.propose=0.002ms
[labev] t=455374.580 ev.verify=11.157ms
[labev] t=455374.582 ev.finalize=1.526ms
[labev] t=455374.582 ev.propose=0.002ms
[labev] t=455374.593 ev.verify=11.213ms
[labev] t=455374.595 ev.finalize=1.538ms
[labev] t=455374.595 ev.propose=0.002ms
[labev] t=455374.606 ev.verify=11.274ms
[labev] t=455374.608 ev.finalize=1.533ms
[labev] t=455374.608 ev.propose=0.002ms
[labev] t=455374.619 ev.verify=11.214ms
[labev] t=455374.621 ev.finalize=1.661ms
[labev] t=455374.621 ev.propose=0.001ms
[labev] t=455374.632 ev.verify=11.358ms
[labev] t=455374.634 ev.finalize=1.771ms
[labev] t=455374.634 ev.propose=0.002ms
[labev] t=455374.645 ev.verify=11.309ms
[labev] t=455374.647 ev.finalize=1.737ms
[labev] t=455374.647 ev.propose=0.002ms
[labev] t=455374.659 ev.verify=11.402ms
[labev] t=455374.660 ev.finalize=1.750ms
[labev] t=455374.660 ev.propose=0.002ms
[labev] t=455374.672 ev.verify=11.200ms
[labev] t=455374.673 ev.finalize=1.664ms
[labev] t=455374.673 ev.propose=0.002ms
[labev] t=455374.685 ev.verify=11.164ms
[labev] t=455374.686 ev.finalize=1.643ms
[labev] t=455374.686 ev.propose=0.002ms
[labev] t=455374.698 ev.verify=11.279ms
[labev] t=455374.699 ev.finalize=1.547ms
[labev] t=455374.699 ev.propose=0.002ms
[labev] t=455374.711 ev.verify=11.382ms
[labev] t=455374.712 ev.finalize=1.633ms
[labev] t=455374.713 ev.propose=0.002ms
[labev] t=455374.724 ev.verify=11.144ms
[labev] t=455374.725 ev.finalize=1.640ms
[labev] t=455374.726 ev.propose=0.002ms
[labev] t=455374.737 ev.verify=11.385ms
[labev] t=455374.738 ev.finalize=1.500ms
[labev] t=455374.739 ev.propose=0.002ms
[labev] t=455374.750 ev.verify=11.241ms
[labev] t=455374.751 ev.finalize=1.517ms
[labev] t=455374.751 ev.propose=0.002ms
[labev] t=455374.763 ev.verify=11.314ms
[labev] t=455374.764 ev.finalize=1.634ms
[labev] t=455374.765 ev.propose=0.001ms
[labev] t=455374.776 ev.verify=11.260ms
[labev] t=455374.778 ev.finalize=1.673ms
[labev] t=455374.778 ev.propose=0.002ms
[labev] t=455374.789 ev.verify=11.374ms
[labev] t=455374.791 ev.finalize=2.322ms
[labev] t=455374.792 ev.propose=0.002ms
[labev] t=455374.803 ev.verify=11.219ms
[labev] t=455374.804 ev.finalize=1.641ms
[labev] t=455374.805 ev.propose=0.002ms
[labev] t=455374.816 ev.verify=11.348ms
[labev] t=455374.817 ev.finalize=1.527ms
[labev] t=455374.818 ev.propose=0.002ms
[labev] t=455374.829 ev.verify=11.439ms
[labev] t=455374.831 ev.finalize=1.509ms
[labev] t=455374.831 ev.propose=0.002ms
[labev] t=455374.842 ev.verify=11.207ms
[labev] t=455374.844 ev.finalize=1.650ms
[labev] t=455374.844 ev.propose=0.002ms
[labev] t=455374.855 ev.verify=11.386ms
[labev] t=455374.857 ev.finalize=1.537ms
[labev] t=455374.857 ev.propose=0.001ms
[labev] t=455374.868 ev.verify=11.285ms
[labev] t=455374.870 ev.finalize=1.651ms
[labev] t=455374.870 ev.propose=0.001ms
[labev] t=455374.881 ev.verify=11.399ms
[labev] t=455374.883 ev.finalize=1.634ms
[labev] t=455374.883 ev.propose=0.002ms
[labev] t=455374.895 ev.verify=11.436ms
[labev] t=455374.896 ev.finalize=1.631ms
[labev] t=455374.896 ev.propose=0.002ms
[labev] t=455374.908 ev.verify=11.344ms
[labev] t=455374.909 ev.finalize=1.534ms
[labev] t=455374.909 ev.propose=0.002ms
[labev] t=455374.920 ev.verify=10.999ms
[labev] t=455374.922 ev.finalize=1.650ms
[labev] t=455374.922 ev.propose=0.002ms
[labev] t=455374.934 ev.verify=11.392ms
[labev] t=455374.935 ev.finalize=1.574ms
[labev] t=455374.935 ev.propose=0.002ms
[labev] t=455374.947 ev.verify=11.332ms
[labev] t=455374.948 ev.finalize=1.530ms
[labev] t=455374.948 ev.propose=0.001ms
[labev] t=455374.960 ev.verify=11.348ms
[labev] t=455374.961 ev.finalize=1.545ms
[labev] t=455374.961 ev.propose=0.002ms
[labev] t=455374.973 ev.verify=11.501ms
[labev] t=455374.974 ev.finalize=1.522ms
[labev] t=455374.975 ev.propose=0.002ms
[labev] t=455374.986 ev.verify=11.316ms
[labev] t=455374.988 ev.finalize=1.634ms
[labev] t=455374.988 ev.propose=0.001ms
[labev] t=455374.999 ev.verify=11.449ms
[labev] t=455375.001 ev.finalize=1.645ms
[labev] t=455375.001 ev.propose=0.002ms
[labev] t=455375.012 ev.verify=11.137ms
[labev] t=455375.014 ev.finalize=1.667ms
[labev] t=455375.014 ev.propose=0.002ms
[labev] t=455375.025 ev.verify=11.385ms
[labev] t=455375.027 ev.finalize=1.658ms
[labev] t=455375.027 ev.propose=0.001ms
[labev] t=455375.038 ev.verify=11.114ms
[labev] t=455375.040 ev.finalize=1.676ms
[labev] t=455375.040 ev.propose=0.002ms
[labev] t=455375.051 ev.verify=11.278ms
[labev] t=455375.054 ev.finalize=2.202ms
[labev] t=455375.054 ev.propose=0.002ms
[labev] t=455375.065 ev.verify=11.168ms
[labev] t=455375.066 ev.finalize=1.636ms
[labev] t=455375.067 ev.propose=0.002ms
[labev] t=455375.078 ev.verify=11.301ms
[labev] t=455375.079 ev.finalize=1.542ms
[labev] t=455375.080 ev.propose=0.002ms
[labev] t=455375.091 ev.verify=11.247ms
[labev] t=455375.093 ev.finalize=1.660ms
[labev] t=455375.093 ev.propose=0.002ms
[labev] t=455375.104 ev.verify=11.162ms
[labev] t=455375.105 ev.finalize=1.644ms
[labev] t=455375.106 ev.propose=0.002ms
[labev] t=455375.117 ev.verify=11.432ms
[labev] t=455375.119 ev.finalize=1.658ms
[labev] t=455375.119 ev.propose=0.002ms
[labev] t=455375.130 ev.verify=11.127ms
[labev] t=455375.132 ev.finalize=1.662ms
[labev] t=455375.132 ev.propose=0.002ms
[labev] t=455375.143 ev.verify=11.256ms
[labev] t=455375.145 ev.finalize=1.662ms
[labev] t=455378.594 req.start s1-p4096-o512-b3-r0=0.000ms
[labev] t=455378.594 req.handle=0.040ms
[labev] t=455378.614 tok.prepare=19.964ms
event=batching_admitted action=scheduler_admitted
[labev] t=455378.920 chunk.ord.total=304.800ms
[labev] t=455379.173 chunk.ord.total=253.199ms
[labev] t=455379.428 chunk.ord.total=255.406ms
[labev] t=455379.686 chunk.ord.total=257.746ms
[labev] t=455379.947 chunk.ord.total=261.048ms
[labev] t=455380.211 chunk.ord.total=263.172ms
[labev] t=455380.477 chunk.ord.total=266.488ms
[labev] t=455380.784 chunk.ord.total=307.075ms
[labev] t=455380.784 req.firsttoken s1-p4096-o512-b3-r0=2190.087ms
[labev] t=455380.921 ev.decode.rows1.cap0=136.106ms
[labev] t=455381.056 ev.decode.rows1.cap0=135.343ms
[labev] t=455381.192 ev.decode.rows1.cap0=135.646ms
[labev] t=455381.328 ev.decode.rows1.cap0=135.946ms
[labev] t=455381.463 ev.decode.rows1.cap0=135.188ms
[labev] t=455381.599 ev.decode.rows1.cap0=135.425ms
[labev] t=455381.734 ev.decode.rows1.cap0=135.631ms
[labev] t=455381.870 ev.decode.rows1.cap0=135.461ms
[labev] t=455382.005 ev.decode.rows1.cap0=135.392ms
[labev] t=455382.141 ev.decode.rows1.cap0=135.407ms
[labev] t=455382.276 ev.decode.rows1.cap0=135.328ms
[labev] t=455382.412 ev.decode.rows1.cap0=135.219ms
[labev] t=455382.547 ev.decode.rows1.cap0=135.550ms
[labev] t=455382.683 ev.decode.rows1.cap0=135.434ms
[labev] t=455382.819 ev.decode.rows1.cap0=135.829ms
[labev] t=455382.954 ev.decode.rows1.cap0=135.590ms
[labev] t=455383.090 ev.decode.rows1.cap0=135.513ms
[labev] t=455383.226 ev.decode.rows1.cap0=135.503ms
[labev] t=455383.361 ev.decode.rows1.cap0=135.618ms
[labev] t=455383.497 ev.decode.rows1.cap0=135.758ms
[labev] t=455383.633 ev.decode.rows1.cap0=135.650ms
[labev] t=455383.769 ev.decode.rows1.cap0=135.822ms
[labev] t=455383.905 ev.decode.rows1.cap0=135.899ms
[labev] t=455384.040 ev.decode.rows1.cap0=135.487ms
[labev] t=455384.176 ev.decode.rows1.cap0=135.634ms
[labev] t=455384.312 ev.decode.rows1.cap0=136.239ms
[labev] t=455384.449 ev.decode.rows1.cap0=136.426ms
[labev] t=455384.586 ev.decode.rows1.cap0=136.748ms
[labev] t=455384.723 ev.decode.rows1.cap0=136.746ms
[labev] t=455384.859 ev.decode.rows1.cap0=136.489ms
[labev] t=455384.996 ev.decode.rows1.cap0=136.358ms
[labev] t=455385.124 ev.decode.rows1.cap0=127.777ms
[labev] t=455385.125 req.start s1-p4096-o512-b3-r0=0.000ms
[labev] t=455385.125 req.handle=0.018ms
[labev] t=455385.145 tok.prepare=20.171ms
event=batching_admitted action=scheduler_admitted
[labev] t=455385.410 chunk.native.total=265.159ms
[labev] t=455385.676 chunk.native.total=265.791ms
[labev] t=455385.946 chunk.native.total=269.344ms
[labev] t=455386.218 chunk.native.total=272.224ms
[labev] t=455386.493 chunk.native.total=275.332ms
[labev] t=455386.782 chunk.native.total=288.856ms
[labprof] d0.performDecode.call=135.378ms/n49 f0.finalize.total=1.658ms/n281 f1.finalize.build=0.483ms/n281 f2.finalize.eval=1.138ms/n281 fc.finalize.call=1.663ms/n281 o1.ord.build=1.157ms/n781 o2.ord.eval=7.298ms/n781 p0.propose=0.002ms/n281 r0.round.interval=13.103ms/n280 s1.native.prefill.target=22.496ms/n15 s1.ord.prefill.target=40.334ms/n8 s2.native.prefill.drafter+eval=254.159ms/n15 s2.ord.prefill.eval=230.780ms/n8 s9.native.prefill.chunk.total=276.156ms/n14 s9.ord.prefill.chunk.total=271.151ms/n8 v0.verify.call=11.276ms/n281 v1.verify.build=0.846ms/n281 v2.verify.eval=10.321ms/n281
[labev] t=455387.067 chunk.native.total=284.290ms
[labev] t=455387.383 chunk.native.total=316.084ms
[labev] t=455387.383 req.firsttoken s1-p4096-o512-b3-r0=2258.292ms
[labev] t=455387.383 ev.propose=0.003ms
[labev] t=455387.401 ev.verify=17.553ms
[labev] t=455387.402 ev.finalize=1.762ms
[labev] t=455387.403 ev.propose=0.070ms
[labev] t=455387.414 ev.verify=11.494ms
[labev] t=455387.416 ev.finalize=1.718ms
[labev] t=455387.416 ev.propose=0.072ms
[labev] t=455387.427 ev.verify=11.305ms
[labev] t=455387.429 ev.finalize=1.655ms
[labev] t=455387.429 ev.propose=0.051ms
[labev] t=455387.440 ev.verify=11.194ms
[labev] t=455387.442 ev.finalize=1.655ms
[labev] t=455387.442 ev.propose=0.038ms
[labev] t=455387.454 ev.verify=11.283ms
[labev] t=455387.455 ev.finalize=1.634ms
[labev] t=455387.455 ev.propose=0.063ms
[labev] t=455387.467 ev.verify=11.255ms
[labev] t=455387.468 ev.finalize=1.665ms
[labev] t=455387.469 ev.propose=0.068ms
[labev] t=455387.480 ev.verify=11.302ms
[labev] t=455387.482 ev.finalize=1.698ms
[labev] t=455387.482 ev.propose=0.041ms
[labev] t=455387.493 ev.verify=11.285ms
[labev] t=455387.495 ev.finalize=1.650ms
[labev] t=455387.495 ev.propose=0.066ms
[labev] t=455387.506 ev.verify=11.057ms
[labev] t=455387.508 ev.finalize=2.272ms
[labev] t=455387.509 ev.propose=0.060ms
[labev] t=455387.520 ev.verify=11.350ms
[labev] t=455387.522 ev.finalize=1.667ms
[labev] t=455387.522 ev.propose=0.044ms
[labev] t=455387.533 ev.verify=11.254ms
[labev] t=455387.535 ev.finalize=1.656ms
[labev] t=455387.535 ev.propose=0.055ms
[labev] t=455387.546 ev.verify=11.233ms
[labev] t=455387.548 ev.finalize=1.749ms
[labev] t=455387.548 ev.propose=0.002ms
[labev] t=455387.559 ev.verify=11.307ms
[labev] t=455387.561 ev.finalize=1.532ms
[labev] t=455387.561 ev.propose=0.066ms
[labev] t=455387.572 ev.verify=11.208ms
[labev] t=455387.574 ev.finalize=1.661ms
[labev] t=455387.574 ev.propose=0.068ms
[labev] t=455387.586 ev.verify=11.253ms
[labev] t=455387.587 ev.finalize=1.561ms
[labev] t=455387.587 ev.propose=0.060ms
[labev] t=455387.599 ev.verify=11.256ms
[labev] t=455387.600 ev.finalize=1.650ms
[labev] t=455387.600 ev.propose=0.066ms
[labev] t=455387.612 ev.verify=11.222ms
[labev] t=455387.613 ev.finalize=1.623ms
[labev] t=455387.613 ev.propose=0.063ms
[labev] t=455387.625 ev.verify=11.140ms
[labev] t=455387.626 ev.finalize=1.640ms
[labev] t=455387.626 ev.propose=0.002ms
[labev] t=455387.638 ev.verify=11.173ms
[labev] t=455387.639 ev.finalize=1.640ms
[labev] t=455387.639 ev.propose=0.002ms
[labev] t=455387.651 ev.verify=11.328ms
[labev] t=455387.652 ev.finalize=1.626ms
[labev] t=455387.653 ev.propose=0.002ms
[labev] t=455387.664 ev.verify=11.256ms
[labev] t=455387.665 ev.finalize=1.651ms
[labev] t=455387.666 ev.propose=0.002ms
[labev] t=455387.677 ev.verify=11.333ms
[labev] t=455387.679 ev.finalize=1.665ms
[labev] t=455387.679 ev.propose=0.002ms
[labev] t=455387.690 ev.verify=11.365ms
[labev] t=455387.692 ev.finalize=1.639ms
[labev] t=455387.692 ev.propose=0.002ms
[labev] t=455387.703 ev.verify=11.192ms
[labev] t=455387.705 ev.finalize=1.634ms
[labev] t=455387.705 ev.propose=0.002ms
[labev] t=455387.716 ev.verify=11.253ms
[labev] t=455387.718 ev.finalize=1.629ms
[labev] t=455387.718 ev.propose=0.002ms
[labev] t=455387.729 ev.verify=11.308ms
[labev] t=455387.732 ev.finalize=2.305ms
[labev] t=455387.732 ev.propose=0.003ms
[labev] t=455387.743 ev.verify=11.370ms
[labev] t=455387.745 ev.finalize=1.647ms
[labev] t=455387.745 ev.propose=0.002ms
[labev] t=455387.756 ev.verify=11.311ms
[labev] t=455387.758 ev.finalize=1.642ms
[labev] t=455387.758 ev.propose=0.002ms
[labev] t=455387.769 ev.verify=11.290ms
[labev] t=455387.771 ev.finalize=1.656ms
[labev] t=455387.771 ev.propose=0.002ms
[labev] t=455387.782 ev.verify=11.248ms
[labev] t=455387.784 ev.finalize=1.650ms
[labev] t=455387.784 ev.propose=0.002ms
[labev] t=455387.795 ev.verify=11.240ms
[labev] t=455387.797 ev.finalize=1.643ms
[labev] t=455387.797 ev.propose=0.002ms
[labev] t=455387.808 ev.verify=11.228ms
[labev] t=455387.810 ev.finalize=1.667ms
[labev] t=455387.810 ev.propose=0.002ms
[labev] t=455387.822 ev.verify=11.266ms
[labev] t=455387.823 ev.finalize=1.665ms
[labev] t=455387.823 ev.propose=0.002ms
[labev] t=455387.835 ev.verify=11.297ms
[labev] t=455387.836 ev.finalize=1.641ms
[labev] t=455387.836 ev.propose=0.002ms
[labev] t=455387.848 ev.verify=11.227ms
[labev] t=455387.849 ev.finalize=1.623ms
[labev] t=455387.849 ev.propose=0.002ms
[labev] t=455387.861 ev.verify=11.189ms
[labev] t=455387.862 ev.finalize=1.669ms
[labev] t=455387.862 ev.propose=0.003ms
[labev] t=455387.874 ev.verify=11.541ms
[labev] t=455387.876 ev.finalize=1.647ms
[labev] t=455387.876 ev.propose=0.002ms
[labev] t=455387.887 ev.verify=11.363ms
[labev] t=455387.889 ev.finalize=1.636ms
[labev] t=455387.889 ev.propose=0.002ms
[labev] t=455387.900 ev.verify=11.077ms
[labev] t=455387.902 ev.finalize=1.651ms
[labev] t=455387.902 ev.propose=0.002ms
[labev] t=455387.913 ev.verify=11.029ms
[labev] t=455387.915 ev.finalize=1.630ms
[labev] t=455387.915 ev.propose=0.002ms
[labev] t=455387.926 ev.verify=11.228ms
[labev] t=455387.928 ev.finalize=1.662ms
[labev] t=455387.928 ev.propose=0.002ms
[labev] t=455387.939 ev.verify=11.421ms
[labev] t=455387.942 ev.finalize=2.331ms
[labev] t=455387.942 ev.propose=0.002ms
[labev] t=455387.953 ev.verify=11.332ms
[labev] t=455387.955 ev.finalize=1.638ms
[labev] t=455387.955 ev.propose=0.002ms
[labev] t=455387.966 ev.verify=11.227ms
[labev] t=455387.968 ev.finalize=1.628ms
[labev] t=455387.968 ev.propose=0.002ms
[labev] t=455387.979 ev.verify=11.002ms
[labev] t=455387.981 ev.finalize=1.629ms
[labev] t=455387.981 ev.propose=0.002ms
[labev] t=455387.992 ev.verify=11.031ms
[labev] t=455387.994 ev.finalize=1.759ms
[labev] t=455387.994 ev.propose=0.002ms
[labev] t=455388.005 ev.verify=11.262ms
[labev] t=455388.007 ev.finalize=1.896ms
[labev] t=455388.007 ev.propose=0.003ms
[labev] t=455388.018 ev.verify=11.338ms
[labev] t=455388.020 ev.finalize=1.841ms
[labev] t=455388.020 ev.propose=0.003ms
[labev] t=455388.032 ev.verify=11.549ms
[labev] t=455388.034 ev.finalize=1.800ms
[labev] t=455388.034 ev.propose=0.003ms
[labev] t=455388.045 ev.verify=11.460ms
[labev] t=455388.047 ev.finalize=1.765ms
[labev] t=455388.047 ev.propose=0.002ms
[labev] t=455388.059 ev.verify=11.411ms
[labev] t=455388.060 ev.finalize=1.569ms
[labev] t=455388.061 ev.propose=0.002ms
[labev] t=455388.072 ev.verify=11.104ms
[labev] t=455388.074 ev.finalize=1.806ms
[labev] t=455388.074 ev.propose=0.002ms
[labev] t=455388.085 ev.verify=11.282ms
[labev] t=455388.087 ev.finalize=1.658ms
[labev] t=455388.087 ev.propose=0.002ms
[labev] t=455388.098 ev.verify=11.252ms
[labev] t=455388.100 ev.finalize=1.621ms
[labev] t=455388.100 ev.propose=0.002ms
[labev] t=455388.111 ev.verify=11.310ms
[labev] t=455388.113 ev.finalize=1.657ms
[labev] t=455388.113 ev.propose=0.002ms
[labev] t=455388.124 ev.verify=11.153ms
[labev] t=455388.126 ev.finalize=1.652ms
[labev] t=455388.126 ev.propose=0.002ms
[labev] t=455388.137 ev.verify=11.184ms
[labev] t=455388.139 ev.finalize=1.601ms
[labev] t=455388.139 ev.propose=0.002ms
[labev] t=455388.150 ev.verify=11.155ms
[labev] t=455388.152 ev.finalize=1.534ms
[labev] t=455388.152 ev.propose=0.002ms
[labev] t=455388.163 ev.verify=11.351ms
[labev] t=455388.165 ev.finalize=1.621ms
[labev] t=455388.165 ev.propose=0.002ms
[labev] t=455388.176 ev.verify=11.123ms
[labev] t=455388.178 ev.finalize=2.292ms
[labev] t=455388.178 ev.propose=0.003ms
[labev] t=455388.190 ev.verify=11.224ms
[labev] t=455388.191 ev.finalize=1.542ms
[labev] t=455388.191 ev.propose=0.002ms
[labev] t=455388.202 ev.verify=11.022ms
[labev] t=455388.204 ev.finalize=1.684ms
[labev] t=455388.204 ev.propose=0.002ms
[labev] t=455388.215 ev.verify=11.242ms
[labev] t=455388.217 ev.finalize=1.541ms
[labev] t=455388.217 ev.propose=0.002ms
[labev] t=455388.228 ev.verify=11.059ms
[labev] t=455388.230 ev.finalize=1.612ms
[labev] t=455388.230 ev.propose=0.002ms
[labev] t=455388.241 ev.verify=11.108ms
[labev] t=455388.243 ev.finalize=1.567ms
[labev] t=455388.243 ev.propose=0.002ms
[labev] t=455388.254 ev.verify=11.020ms
[labev] t=455388.256 ev.finalize=1.678ms
[labev] t=455388.256 ev.propose=0.002ms
[labev] t=455388.267 ev.verify=11.126ms
[labev] t=455388.268 ev.finalize=1.653ms
[labev] t=455388.269 ev.propose=0.002ms
[labev] t=455388.280 ev.verify=10.992ms
[labev] t=455388.281 ev.finalize=1.508ms
[labev] t=455388.281 ev.propose=0.002ms
[labev] t=455388.293 ev.verify=11.317ms
[labev] t=455388.294 ev.finalize=1.555ms
[labev] t=455388.294 ev.propose=0.002ms
[labev] t=455388.305 ev.verify=11.230ms
[labev] t=455388.307 ev.finalize=1.542ms
[labev] t=455388.307 ev.propose=0.002ms
[labev] t=455388.319 ev.verify=11.308ms
[labev] t=455388.320 ev.finalize=1.550ms
[labev] t=455388.320 ev.propose=0.002ms
[labev] t=455388.331 ev.verify=11.127ms
[labev] t=455388.333 ev.finalize=1.505ms
[labev] t=455388.333 ev.propose=0.002ms
[labev] t=455388.344 ev.verify=11.063ms
[labev] t=455388.346 ev.finalize=1.689ms
[labev] t=455388.346 ev.propose=0.002ms
[labev] t=455388.357 ev.verify=11.301ms
[labev] t=455388.359 ev.finalize=1.673ms
[labev] t=455388.359 ev.propose=0.002ms
[labev] t=455388.370 ev.verify=11.201ms
[labev] t=455388.372 ev.finalize=1.659ms
[labev] t=455388.372 ev.propose=0.002ms
[labev] t=455388.383 ev.verify=11.233ms
[labev] t=455388.385 ev.finalize=1.607ms
[labev] t=455388.385 ev.propose=0.002ms
[labev] t=455388.397 ev.verify=11.448ms
[labev] t=455388.398 ev.finalize=1.623ms
[labev] t=455388.398 ev.propose=0.002ms
[labev] t=455388.409 ev.verify=11.143ms
[labev] t=455388.411 ev.finalize=1.623ms
[labev] t=455388.411 ev.propose=0.002ms
[labev] t=455388.423 ev.verify=11.380ms
[labev] t=455388.424 ev.finalize=1.605ms
[labev] t=455388.424 ev.propose=0.002ms
[labev] t=455388.436 ev.verify=11.255ms
[labev] t=455388.438 ev.finalize=2.286ms
[labev] t=455388.438 ev.propose=0.002ms
[labev] t=455388.449 ev.verify=11.385ms
[labev] t=455388.451 ev.finalize=1.683ms
[labev] t=455388.451 ev.propose=0.002ms
[labev] t=455388.463 ev.verify=11.240ms
[labev] t=455388.464 ev.finalize=1.643ms
[labev] t=455388.464 ev.propose=0.002ms
[labev] t=455388.476 ev.verify=11.209ms
[labev] t=455388.477 ev.finalize=1.626ms
[labev] t=455388.477 ev.propose=0.002ms
[labev] t=455388.489 ev.verify=11.191ms
[labev] t=455388.490 ev.finalize=1.644ms
[labev] t=455388.490 ev.propose=0.002ms
[labev] t=455388.501 ev.verify=11.114ms
[labev] t=455388.503 ev.finalize=1.626ms
[labev] t=455388.503 ev.propose=0.002ms
[labev] t=455388.515 ev.verify=11.304ms
[labev] t=455388.516 ev.finalize=1.698ms
[labev] t=455388.516 ev.propose=0.002ms
[labev] t=455388.528 ev.verify=11.391ms
[labev] t=455388.529 ev.finalize=1.638ms
[labev] t=455388.530 ev.propose=0.002ms
[labev] t=455388.541 ev.verify=11.326ms
[labev] t=455388.543 ev.finalize=1.651ms
[labev] t=455388.543 ev.propose=0.002ms
[labev] t=455388.554 ev.verify=11.375ms
[labev] t=455388.556 ev.finalize=1.654ms
[labev] t=455388.556 ev.propose=0.002ms
[labev] t=455388.567 ev.verify=11.306ms
[labev] t=455388.569 ev.finalize=1.684ms
[labev] t=455388.569 ev.propose=0.002ms
[labev] t=455388.580 ev.verify=11.083ms
[labev] t=455388.582 ev.finalize=1.692ms
[labev] t=455388.582 ev.propose=0.002ms
[labev] t=455388.593 ev.verify=11.318ms
[labev] t=455388.595 ev.finalize=1.638ms
[labev] t=455388.595 ev.propose=0.002ms
[labev] t=455388.606 ev.verify=11.077ms
[labev] t=455388.608 ev.finalize=1.639ms
[labev] t=455388.608 ev.propose=0.002ms
[labev] t=455388.619 ev.verify=11.418ms
[labev] t=455388.621 ev.finalize=1.650ms
[labev] t=455388.621 ev.propose=0.002ms
[labev] t=455388.632 ev.verify=11.172ms
[labev] t=455388.634 ev.finalize=1.656ms
[labev] t=455388.634 ev.propose=0.002ms
[labev] t=455388.646 ev.verify=11.356ms
[labev] t=455388.648 ev.finalize=2.330ms
[labev] t=455388.648 ev.propose=0.002ms
[labev] t=455388.659 ev.verify=11.387ms
[labev] t=455388.661 ev.finalize=1.727ms
[labev] t=455388.661 ev.propose=0.002ms
[labev] t=455388.673 ev.verify=11.449ms
[labev] t=455388.674 ev.finalize=1.650ms
[labev] t=455388.675 ev.propose=0.002ms
[labev] t=455388.686 ev.verify=11.285ms
[labev] t=455388.688 ev.finalize=1.671ms
[labev] t=455388.688 ev.propose=0.002ms
[labev] t=455388.699 ev.verify=11.349ms
[labev] t=455388.701 ev.finalize=1.675ms
[labev] t=455388.701 ev.propose=0.002ms
[labev] t=455388.712 ev.verify=11.333ms
[labev] t=455388.714 ev.finalize=1.543ms
[labev] t=455388.714 ev.propose=0.002ms
[labev] t=455388.725 ev.verify=11.254ms
[labev] t=455388.727 ev.finalize=1.666ms
[labev] t=455388.727 ev.propose=0.002ms
[labev] t=455388.738 ev.verify=11.238ms
[labev] t=455388.740 ev.finalize=1.869ms
[labev] t=455388.740 ev.propose=0.002ms
[labev] t=455388.751 ev.verify=11.106ms
[labev] t=455388.753 ev.finalize=1.646ms
[labev] t=455388.753 ev.propose=0.002ms
[labev] t=455388.765 ev.verify=11.283ms
[labev] t=455388.766 ev.finalize=1.646ms
[labev] t=455388.766 ev.propose=0.002ms
[labev] t=455388.778 ev.verify=11.441ms
[labev] t=455388.779 ev.finalize=1.662ms
[labev] t=455388.780 ev.propose=0.002ms
[labev] t=455388.791 ev.verify=11.145ms
[labev] t=455388.792 ev.finalize=1.635ms
[labev] t=455388.792 ev.propose=0.002ms
[labev] t=455388.804 ev.verify=11.184ms
[labev] t=455388.805 ev.finalize=1.669ms
[labev] t=455388.805 ev.propose=0.002ms
[labev] t=455388.817 ev.verify=11.361ms
[labev] t=455388.818 ev.finalize=1.535ms
[labev] t=455388.819 ev.propose=0.002ms
[labev] t=455388.830 ev.verify=11.189ms
[labev] t=455388.831 ev.finalize=1.637ms
[labev] t=455388.832 ev.propose=0.002ms
[labev] t=455388.843 ev.verify=11.387ms
[labev] t=455388.845 ev.finalize=1.649ms
[labev] t=455388.845 ev.propose=0.002ms
[labev] t=455388.856 ev.verify=11.394ms
[labev] t=455388.858 ev.finalize=1.664ms
[labev] t=455388.858 ev.propose=0.002ms
[labev] t=455388.869 ev.verify=11.311ms
[labev] t=455388.872 ev.finalize=2.305ms
[labev] t=455388.872 ev.propose=0.002ms
[labev] t=455388.883 ev.verify=11.264ms
[labev] t=455388.885 ev.finalize=1.676ms
[labev] t=455388.885 ev.propose=0.002ms
[labev] t=455388.896 ev.verify=11.438ms
[labev] t=455388.898 ev.finalize=1.660ms
[labev] t=455388.898 ev.propose=0.002ms
[labev] t=455388.909 ev.verify=11.071ms
[labev] t=455388.911 ev.finalize=1.658ms
[labev] t=455388.911 ev.propose=0.001ms
[labev] t=455388.922 ev.verify=11.420ms
[labev] t=455388.924 ev.finalize=1.671ms
[labev] t=455388.924 ev.propose=0.002ms
[labev] t=455388.936 ev.verify=11.293ms
[labev] t=455388.937 ev.finalize=1.664ms
[labev] t=455388.937 ev.propose=0.002ms
[labev] t=455388.949 ev.verify=11.406ms
[labev] t=455388.950 ev.finalize=1.532ms
[labev] t=455388.950 ev.propose=0.002ms
[labev] t=455388.962 ev.verify=11.163ms
[labev] t=455388.963 ev.finalize=1.550ms
[labev] t=455388.963 ev.propose=0.002ms
[labev] t=455388.975 ev.verify=11.311ms
[labev] t=455388.976 ev.finalize=1.665ms
[labev] t=455388.976 ev.propose=0.002ms
[labev] t=455388.988 ev.verify=11.261ms
[labev] t=455388.989 ev.finalize=1.657ms
[labev] t=455388.990 ev.propose=0.002ms
[labev] t=455389.001 ev.verify=11.207ms
[labev] t=455389.002 ev.finalize=1.539ms
[labev] t=455389.002 ev.propose=0.002ms
[labev] t=455389.014 ev.verify=11.222ms
[labev] t=455389.015 ev.finalize=1.639ms
[labev] t=455389.015 ev.propose=0.002ms
[labev] t=455389.027 ev.verify=11.288ms
[labev] t=455389.028 ev.finalize=1.542ms
[labev] t=455389.028 ev.propose=0.002ms
[labev] t=455389.040 ev.verify=11.363ms
[labev] t=455389.041 ev.finalize=1.639ms
[labev] t=455389.042 ev.propose=0.001ms
[labev] t=455389.053 ev.verify=11.243ms
[labev] t=455389.054 ev.finalize=1.640ms
[labev] t=455389.055 ev.propose=0.002ms
[labev] t=455389.066 ev.verify=11.186ms
[labev] t=455389.067 ev.finalize=1.640ms
[labev] t=455389.068 ev.propose=0.002ms
[labev] t=455389.079 ev.verify=11.302ms
[labev] t=455389.081 ev.finalize=1.642ms
[labev] t=455389.081 ev.propose=0.002ms
[labev] t=455389.092 ev.verify=11.324ms
[labev] t=455389.094 ev.finalize=1.542ms
[labev] t=455389.094 ev.propose=0.002ms
[labev] t=455389.105 ev.verify=11.219ms
[labev] t=455389.107 ev.finalize=2.300ms
[labev] t=455389.107 ev.propose=0.002ms
[labev] t=455389.119 ev.verify=11.298ms
[labev] t=455389.120 ev.finalize=1.660ms
[labev] t=455389.121 ev.propose=0.002ms
[labev] t=455389.132 ev.verify=11.348ms
[labev] t=455389.134 ev.finalize=1.651ms
[labev] t=455389.134 ev.propose=0.002ms
[labev] t=455389.145 ev.verify=11.223ms
[labev] t=455389.147 ev.finalize=1.636ms
[labev] t=455389.147 ev.propose=0.002ms
[labev] t=455389.158 ev.verify=11.096ms
[labev] t=455389.160 ev.finalize=1.658ms
[labev] t=455389.160 ev.propose=0.002ms
[labev] t=455389.171 ev.verify=11.264ms
[labev] t=455389.173 ev.finalize=1.650ms
[labev] t=455389.173 ev.propose=0.002ms
[labev] t=455389.184 ev.verify=11.378ms
[labev] t=455389.186 ev.finalize=1.658ms
[labev] t=455389.186 ev.propose=0.002ms
[labev] t=455389.197 ev.verify=11.205ms
[labev] t=455389.199 ev.finalize=1.548ms
[labev] t=455389.199 ev.propose=0.002ms
[labev] t=455389.210 ev.verify=11.043ms
[labev] t=455389.212 ev.finalize=1.671ms
[labev] t=455389.212 ev.propose=0.002ms
[labev] t=455389.223 ev.verify=11.428ms
[labev] t=455389.225 ev.finalize=1.659ms
[labev] t=455389.225 ev.propose=0.002ms
[labev] t=455389.236 ev.verify=11.277ms
[labev] t=455389.238 ev.finalize=1.668ms
[labev] t=455389.238 ev.propose=0.002ms
[labev] t=455389.249 ev.verify=11.336ms
[labev] t=455389.251 ev.finalize=1.649ms
[labev] t=455389.251 ev.propose=0.002ms
[labev] t=455389.262 ev.verify=11.218ms
[labev] t=455389.264 ev.finalize=1.560ms
[labev] t=455389.264 ev.propose=0.002ms
[labev] t=455389.275 ev.verify=11.301ms
[labev] t=455389.277 ev.finalize=1.677ms
[labev] t=455389.277 ev.propose=0.002ms
[labev] t=455389.288 ev.verify=11.182ms
[labev] t=455389.290 ev.finalize=1.666ms
[labev] t=455389.290 ev.propose=0.002ms
[labev] t=455389.302 ev.verify=11.320ms
[labev] t=455389.303 ev.finalize=1.673ms
[labev] t=455389.303 ev.propose=0.002ms
[labev] t=455389.315 ev.verify=11.398ms
[labev] t=455389.316 ev.finalize=1.626ms
[labev] t=455389.317 ev.propose=0.002ms
[labev] t=455389.328 ev.verify=11.447ms
[labev] t=455389.330 ev.finalize=2.325ms
[labev] t=455389.330 ev.propose=0.002ms
[labev] t=455389.342 ev.verify=11.242ms
[labev] t=455389.343 ev.finalize=1.666ms
[labev] t=455389.344 ev.propose=0.002ms
[labev] t=455389.355 ev.verify=11.132ms
[labev] t=455389.356 ev.finalize=1.660ms
[labev] t=455389.357 ev.propose=0.002ms
[labev] t=455389.368 ev.verify=11.247ms
[labev] t=455389.369 ev.finalize=1.667ms
[labev] t=455389.370 ev.propose=0.002ms
[labev] t=455389.381 ev.verify=11.170ms
[labev] t=455389.382 ev.finalize=1.670ms
[labev] t=455389.383 ev.propose=0.002ms
[labev] t=455389.394 ev.verify=11.272ms
[labev] t=455389.396 ev.finalize=1.643ms
[labev] t=455389.396 ev.propose=0.002ms
[labev] t=455389.407 ev.verify=11.357ms
[labev] t=455389.409 ev.finalize=1.651ms
[labev] t=455389.409 ev.propose=0.002ms
[labev] t=455389.420 ev.verify=11.528ms
[labev] t=455389.422 ev.finalize=1.689ms
[labev] t=455389.422 ev.propose=0.002ms
[labev] t=455389.433 ev.verify=11.260ms
[labev] t=455389.435 ev.finalize=1.638ms
[labev] t=455389.435 ev.propose=0.002ms
[labev] t=455389.446 ev.verify=11.154ms
[labev] t=455389.448 ev.finalize=1.663ms
[labev] t=455389.448 ev.propose=0.002ms
[labev] t=455389.460 ev.verify=11.331ms
[labev] t=455389.461 ev.finalize=1.657ms
[labev] t=455389.461 ev.propose=0.002ms
[labev] t=455389.473 ev.verify=11.215ms
[labev] t=455389.474 ev.finalize=1.656ms
[labev] t=455389.474 ev.propose=0.002ms
[labev] t=455389.486 ev.verify=11.429ms
[labev] t=455389.488 ev.finalize=1.695ms
[labev] t=455389.488 ev.propose=0.002ms
[labev] t=455389.499 ev.verify=11.169ms
[labev] t=455389.501 ev.finalize=1.678ms
[labev] t=455389.501 ev.propose=0.002ms
[labev] t=455389.512 ev.verify=11.466ms
[labev] t=455389.514 ev.finalize=1.685ms
[labev] t=455389.514 ev.propose=0.002ms
[labev] t=455389.525 ev.verify=11.377ms
[labev] t=455389.527 ev.finalize=1.700ms
[labev] t=455389.527 ev.propose=0.002ms
[labev] t=455389.539 ev.verify=11.298ms
[labev] t=455389.541 ev.finalize=2.338ms
[labev] t=455389.541 ev.propose=0.002ms
[labev] t=455389.552 ev.verify=11.208ms
[labev] t=455389.554 ev.finalize=1.659ms
[labev] t=455389.554 ev.propose=0.002ms
[labev] t=455389.565 ev.verify=11.323ms
[labev] t=455389.567 ev.finalize=1.685ms
[labev] t=455389.567 ev.propose=0.002ms
[labev] t=455389.579 ev.verify=11.507ms
[labev] t=455389.580 ev.finalize=1.667ms
[labev] t=455389.581 ev.propose=0.002ms
[labev] t=455389.592 ev.verify=11.129ms
[labev] t=455389.593 ev.finalize=1.740ms
[labev] t=455389.594 ev.propose=0.002ms
[labev] t=455389.605 ev.verify=11.315ms
[labev] t=455389.607 ev.finalize=1.727ms
[labev] t=455389.607 ev.propose=0.002ms
[labev] t=455389.618 ev.verify=11.110ms
[labev] t=455389.620 ev.finalize=1.693ms
[labev] t=455389.620 ev.propose=0.002ms
[labev] t=455389.631 ev.verify=11.281ms
[labev] t=455389.633 ev.finalize=1.678ms
[labev] t=455389.633 ev.propose=0.002ms
[labev] t=455389.644 ev.verify=11.283ms
[labev] t=455389.646 ev.finalize=1.630ms
[labev] t=455389.646 ev.propose=0.006ms
[labev] t=455389.657 ev.verify=11.342ms
[labev] t=455389.659 ev.finalize=1.654ms
[labev] t=455389.659 ev.propose=0.002ms
[labev] t=455389.670 ev.verify=11.388ms
[labev] t=455389.672 ev.finalize=1.691ms
[labev] t=455389.672 ev.propose=0.002ms
[labev] t=455389.684 ev.verify=11.279ms
[labev] t=455389.685 ev.finalize=1.660ms
[labev] t=455389.685 ev.propose=0.002ms
[labev] t=455389.697 ev.verify=11.223ms
[labev] t=455389.698 ev.finalize=1.679ms
[labev] t=455389.698 ev.propose=0.002ms
[labev] t=455389.710 ev.verify=11.455ms
[labev] t=455389.712 ev.finalize=1.665ms
[labev] t=455389.712 ev.propose=0.002ms
[labev] t=455389.723 ev.verify=11.274ms
[labev] t=455389.725 ev.finalize=1.556ms
[labev] t=455389.725 ev.propose=0.001ms
[labev] t=455389.736 ev.verify=11.201ms
[labev] t=455389.737 ev.finalize=1.557ms
[labev] t=455389.738 ev.propose=0.002ms
[labev] t=455389.749 ev.verify=11.210ms
[labev] t=455389.750 ev.finalize=1.663ms
[labev] t=455389.751 ev.propose=0.001ms
[labev] t=455389.762 ev.verify=11.231ms
[labev] t=455389.764 ev.finalize=1.658ms
[labev] t=455389.764 ev.propose=0.002ms
[labev] t=455389.775 ev.verify=11.532ms
[labev] t=455389.778 ev.finalize=2.345ms
[labev] t=455389.778 ev.propose=0.003ms
[labev] t=455389.789 ev.verify=11.402ms
[labev] t=455389.791 ev.finalize=1.677ms
[labev] t=455389.791 ev.propose=0.002ms
[labev] t=455389.802 ev.verify=11.550ms
[labev] t=455389.804 ev.finalize=1.570ms
[labev] t=455389.804 ev.propose=0.002ms
[labev] t=455389.816 ev.verify=11.370ms
[labev] t=455389.817 ev.finalize=1.696ms
[labev] t=455389.817 ev.propose=0.002ms
[labev] t=455389.829 ev.verify=11.362ms
[labev] t=455389.831 ev.finalize=1.688ms
[labev] t=455389.831 ev.propose=0.002ms
[labev] t=455389.842 ev.verify=11.347ms
[labev] t=455389.844 ev.finalize=1.659ms
[labev] t=455389.844 ev.propose=0.002ms
[labev] t=455389.855 ev.verify=11.422ms
[labev] t=455389.857 ev.finalize=1.565ms
[labev] t=455389.857 ev.propose=0.002ms
[labev] t=455389.868 ev.verify=11.479ms
[labev] t=455389.870 ev.finalize=1.675ms
[labev] t=455389.870 ev.propose=0.002ms
[labev] t=455389.882 ev.verify=11.451ms
[labev] t=455389.883 ev.finalize=1.679ms
[labev] t=455389.884 ev.propose=0.002ms
[labev] t=455389.895 ev.verify=11.289ms
[labev] t=455389.897 ev.finalize=1.665ms
[labev] t=455389.897 ev.propose=0.002ms
[labev] t=455389.908 ev.verify=11.362ms
[labev] t=455389.910 ev.finalize=1.680ms
[labev] t=455389.910 ev.propose=0.002ms
[labev] t=455389.921 ev.verify=11.379ms
[labev] t=455389.923 ev.finalize=1.690ms
[labev] t=455389.923 ev.propose=0.002ms
[labev] t=455389.935 ev.verify=11.490ms
[labev] t=455389.936 ev.finalize=1.671ms
[labev] t=455389.936 ev.propose=0.002ms
[labev] t=455389.948 ev.verify=11.490ms
[labev] t=455389.950 ev.finalize=1.689ms
[labev] t=455389.950 ev.propose=0.002ms
[labev] t=455389.961 ev.verify=11.514ms
[labev] t=455389.963 ev.finalize=1.673ms
[labev] t=455389.963 ev.propose=0.002ms
[labev] t=455389.975 ev.verify=11.388ms
[labev] t=455389.976 ev.finalize=1.677ms
[labev] t=455389.976 ev.propose=0.002ms
[labev] t=455389.988 ev.verify=11.198ms
[labev] t=455389.989 ev.finalize=1.666ms
[labev] t=455389.989 ev.propose=0.002ms
[labev] t=455390.001 ev.verify=11.268ms
[labev] t=455390.003 ev.finalize=2.352ms
[labev] t=455390.003 ev.propose=0.002ms
[labev] t=455390.015 ev.verify=11.403ms
[labev] t=455390.016 ev.finalize=1.687ms
[labev] t=455390.016 ev.propose=0.002ms
[labev] t=455390.028 ev.verify=11.498ms
[labev] t=455390.030 ev.finalize=1.699ms
[labev] t=455390.030 ev.propose=0.002ms
[labev] t=455390.041 ev.verify=11.215ms
[labev] t=455390.043 ev.finalize=1.680ms
[labev] t=455390.043 ev.propose=0.002ms
[labev] t=455390.054 ev.verify=11.326ms
[labev] t=455390.056 ev.finalize=1.646ms
[labev] t=455390.056 ev.propose=0.002ms
[labev] t=455390.067 ev.verify=11.091ms
[labev] t=455390.069 ev.finalize=1.661ms
[labev] t=455390.069 ev.propose=0.002ms
[labev] t=455390.080 ev.verify=11.340ms
[labev] t=455390.082 ev.finalize=1.553ms
[labev] t=455390.082 ev.propose=0.002ms
[labev] t=455390.093 ev.verify=11.275ms
[labev] t=455390.095 ev.finalize=1.570ms
[labev] t=455390.095 ev.propose=0.002ms
[labev] t=455390.106 ev.verify=11.360ms
[labev] t=455390.108 ev.finalize=1.696ms
[labev] t=455390.108 ev.propose=0.002ms
[labev] t=455390.119 ev.verify=11.167ms
[labev] t=455390.121 ev.finalize=1.677ms
[labev] t=455390.121 ev.propose=0.002ms
[labev] t=455390.132 ev.verify=11.298ms
[labev] t=455390.134 ev.finalize=1.552ms
[labev] t=455390.134 ev.propose=0.002ms
[labev] t=455390.145 ev.verify=11.301ms
[labev] t=455390.147 ev.finalize=1.663ms
[labev] t=455390.147 ev.propose=0.002ms
[labev] t=455390.158 ev.verify=11.304ms
[labev] t=455390.160 ev.finalize=1.648ms
[labev] t=455390.160 ev.propose=0.002ms
[labev] t=455390.172 ev.verify=11.305ms
[labev] t=455390.173 ev.finalize=1.667ms
[labev] t=455390.173 ev.propose=0.002ms
[labev] t=455390.185 ev.verify=11.119ms
[labev] t=455390.186 ev.finalize=1.570ms
[labev] t=455390.186 ev.propose=0.002ms
[labev] t=455390.198 ev.verify=11.330ms
[labev] t=455390.199 ev.finalize=1.676ms
[labev] t=455390.199 ev.propose=0.002ms
[labev] t=455390.211 ev.verify=11.256ms
[labev] t=455390.212 ev.finalize=1.692ms
[labev] t=455390.213 ev.propose=0.002ms
[labev] t=455390.224 ev.verify=11.568ms
[labev] t=455390.226 ev.finalize=1.558ms
[labev] t=455390.226 ev.propose=0.002ms
[labev] t=455390.237 ev.verify=11.299ms
[labev] t=455390.239 ev.finalize=1.558ms
[labev] t=455390.239 ev.propose=0.002ms
[labev] t=455390.250 ev.verify=11.191ms
[labev] t=455390.252 ev.finalize=2.243ms
[labev] t=455390.252 ev.propose=0.002ms
[labev] t=455390.264 ev.verify=11.317ms
[labev] t=455390.265 ev.finalize=1.661ms
[labev] t=455390.266 ev.propose=0.002ms
[labev] t=455390.277 ev.verify=11.320ms
[labev] t=455390.279 ev.finalize=1.662ms
[labev] t=455390.279 ev.propose=0.001ms
[labev] t=455390.290 ev.verify=11.150ms
[labev] t=455390.292 ev.finalize=1.687ms
[labev] t=455390.292 ev.propose=0.002ms
[labev] t=455390.303 ev.verify=11.449ms
[labev] t=455390.305 ev.finalize=1.547ms
[labev] t=455390.305 ev.propose=0.002ms
[labev] t=455390.316 ev.verify=11.226ms
[labev] t=455390.318 ev.finalize=1.652ms
[labev] t=455390.318 ev.propose=0.002ms
[labev] t=455390.329 ev.verify=11.294ms
[labev] t=455390.331 ev.finalize=1.582ms
[labev] t=455390.331 ev.propose=0.002ms
[labev] t=455390.342 ev.verify=11.255ms
[labev] t=455390.344 ev.finalize=1.571ms
[labev] t=455390.344 ev.propose=0.002ms
[labev] t=455390.355 ev.verify=11.381ms
[labev] t=455390.357 ev.finalize=1.657ms
[labev] t=455390.357 ev.propose=0.001ms
[labev] t=455390.368 ev.verify=11.297ms
[labev] t=455390.370 ev.finalize=1.565ms
[labev] t=455390.370 ev.propose=0.001ms
[labev] t=455390.381 ev.verify=11.275ms
[labev] t=455390.383 ev.finalize=1.541ms
[labev] t=455390.383 ev.propose=0.002ms
[labev] t=455390.394 ev.verify=11.343ms
[labev] t=455390.396 ev.finalize=1.680ms
[labev] t=455390.396 ev.propose=0.002ms
[labev] t=455390.408 ev.verify=11.550ms
[labev] t=455390.409 ev.finalize=1.698ms
[labev] t=455390.410 ev.propose=0.002ms
[labev] t=455390.421 ev.verify=11.478ms
[labev] t=455390.423 ev.finalize=1.666ms
[labev] t=455390.423 ev.propose=0.002ms
[labev] t=455390.434 ev.verify=11.427ms
[labev] t=455390.436 ev.finalize=1.689ms
[labev] t=455390.436 ev.propose=0.002ms
[labev] t=455390.447 ev.verify=11.310ms
[labev] t=455390.449 ev.finalize=1.654ms
[labev] t=455390.449 ev.propose=0.002ms
[labev] t=455390.461 ev.verify=11.327ms
[labev] t=455390.462 ev.finalize=1.672ms
[labev] t=455390.462 ev.propose=0.002ms
[labev] t=455390.474 ev.verify=11.442ms
[labev] t=455390.476 ev.finalize=1.567ms
[labev] t=455390.476 ev.propose=0.002ms
[labev] t=455390.487 ev.verify=11.399ms
[labev] t=455390.489 ev.finalize=1.673ms
[labev] t=455390.489 ev.propose=0.002ms
[labev] t=455390.500 ev.verify=11.195ms
[labev] t=455390.502 ev.finalize=2.340ms
[labev] t=455390.503 ev.propose=0.002ms
[labev] t=455390.514 ev.verify=11.286ms
[labev] t=455390.516 ev.finalize=1.654ms
[labev] t=455390.516 ev.propose=0.002ms
[labev] t=455390.527 ev.verify=11.098ms
[labev] t=455390.528 ev.finalize=1.659ms
[labev] t=455390.529 ev.propose=0.002ms
[labev] t=455390.540 ev.verify=11.123ms
[labev] t=455390.541 ev.finalize=1.546ms
[labev] t=455390.541 ev.propose=0.002ms
[labev] t=455390.553 ev.verify=11.349ms
[labev] t=455390.554 ev.finalize=1.559ms
[labev] t=455390.554 ev.propose=0.002ms
[labev] t=455390.566 ev.verify=11.378ms
[labev] t=455390.567 ev.finalize=1.551ms
[labev] t=455390.568 ev.propose=0.002ms
[labev] t=455390.579 ev.verify=11.329ms
[labev] t=455390.581 ev.finalize=1.659ms
[labev] t=455390.581 ev.propose=0.002ms
[labev] t=455390.592 ev.verify=11.274ms
[labev] t=455390.594 ev.finalize=1.683ms
[labev] t=455390.594 ev.propose=0.002ms
[labev] t=455390.605 ev.verify=11.187ms
[labev] t=455390.607 ev.finalize=1.759ms
[labev] t=455390.607 ev.propose=0.002ms
[labev] t=455390.618 ev.verify=11.307ms
[labev] t=455390.620 ev.finalize=1.899ms
[labev] t=455390.620 ev.propose=0.002ms
[labev] t=455390.632 ev.verify=11.489ms
[labev] t=455390.634 ev.finalize=1.703ms
[labev] t=455390.634 ev.propose=0.002ms
[labev] t=455390.645 ev.verify=11.491ms
[labev] t=455390.647 ev.finalize=1.688ms
[labev] t=455390.647 ev.propose=0.002ms
[labev] t=455390.658 ev.verify=11.188ms
[labev] t=455390.660 ev.finalize=1.679ms
[labev] t=455390.660 ev.propose=0.002ms
[labev] t=455390.671 ev.verify=11.369ms
[labev] t=455390.673 ev.finalize=1.678ms
[labev] t=455390.673 ev.propose=0.002ms
[labev] t=455390.684 ev.verify=11.283ms
[labev] t=455390.686 ev.finalize=1.659ms
[labev] t=455390.686 ev.propose=0.002ms
[labev] t=455390.698 ev.verify=11.341ms
[labev] t=455390.699 ev.finalize=1.703ms
[labev] t=455390.699 ev.propose=0.002ms
[labev] t=455390.711 ev.verify=11.475ms
[labev] t=455390.713 ev.finalize=1.676ms
[labev] t=455390.713 ev.propose=0.002ms
[labev] t=455390.724 ev.verify=11.411ms
[labev] t=455390.727 ev.finalize=2.341ms
[labev] t=455390.727 ev.propose=0.002ms
[labev] t=455390.738 ev.verify=11.452ms
[labev] t=455390.740 ev.finalize=1.754ms
[labev] t=455390.740 ev.propose=0.002ms
[labev] t=455390.751 ev.verify=11.312ms
[labev] t=455390.753 ev.finalize=1.702ms
[labev] t=455390.753 ev.propose=0.002ms
[labev] t=455390.765 ev.verify=11.339ms
[labev] t=455390.766 ev.finalize=1.679ms
[labev] t=455390.766 ev.propose=0.002ms
[labev] t=455390.778 ev.verify=11.342ms
[labev] t=455390.779 ev.finalize=1.670ms
[labev] t=455390.780 ev.propose=0.002ms
[labev] t=455390.791 ev.verify=11.368ms
[labev] t=455390.793 ev.finalize=1.560ms
[labev] t=455390.793 ev.propose=0.002ms
[labev] t=455390.804 ev.verify=11.491ms
[labev] t=455390.806 ev.finalize=1.657ms
[labev] t=455390.806 ev.propose=0.002ms
[labev] t=455390.817 ev.verify=11.289ms
[labev] t=455390.819 ev.finalize=1.668ms
[labev] t=455390.819 ev.propose=0.002ms
[labev] t=455390.830 ev.verify=11.257ms
[labev] t=455390.832 ev.finalize=1.674ms
[labev] t=455390.832 ev.propose=0.002ms
[labev] t=455390.844 ev.verify=11.449ms
[labev] t=455390.845 ev.finalize=1.663ms
[labev] t=455390.845 ev.propose=0.002ms
[labev] t=455390.857 ev.verify=11.353ms
[labev] t=455390.858 ev.finalize=1.587ms
[labev] t=455390.859 ev.propose=0.002ms
[labev] t=455390.870 ev.verify=11.224ms
[labev] t=455390.871 ev.finalize=1.675ms
[labev] t=455390.872 ev.propose=0.002ms
[labev] t=455390.883 ev.verify=11.073ms
[labev] t=455390.884 ev.finalize=1.689ms
[labev] t=455390.884 ev.propose=0.002ms
[labev] t=455390.896 ev.verify=11.344ms
[labev] t=455390.897 ev.finalize=1.566ms
[labev] t=455390.898 ev.propose=0.002ms
[labev] t=455390.909 ev.verify=11.423ms
[labev] t=455390.911 ev.finalize=1.566ms
[labev] t=455390.911 ev.propose=0.001ms
[labev] t=455390.922 ev.verify=11.333ms
[labev] t=455390.924 ev.finalize=1.705ms
[labev] t=455390.924 ev.propose=0.002ms
[labev] t=455390.935 ev.verify=11.539ms
[labev] t=455390.937 ev.finalize=1.694ms
[labev] t=455390.937 ev.propose=0.002ms
[labev] t=455390.949 ev.verify=11.339ms
[labev] t=455390.950 ev.finalize=1.690ms
[labev] t=455390.950 ev.propose=0.002ms
[labev] t=455390.962 ev.verify=11.114ms
[labev] t=455390.963 ev.finalize=1.721ms
[labev] t=455390.963 ev.propose=0.002ms
[labev] t=455390.975 ev.verify=11.394ms
[labev] t=455390.977 ev.finalize=2.272ms
[labev] t=455390.977 ev.propose=0.002ms
[labev] t=455390.989 ev.verify=11.442ms
[labev] t=455390.990 ev.finalize=1.576ms
[labev] t=455390.990 ev.propose=0.002ms
[labev] t=455391.002 ev.verify=11.532ms
[labev] t=455391.004 ev.finalize=1.692ms
[labev] t=455391.004 ev.propose=0.002ms
[labev] t=455391.015 ev.verify=11.355ms
[labev] t=455391.017 ev.finalize=1.670ms
[labev] t=455391.017 ev.propose=0.002ms
[labev] t=455391.029 ev.verify=11.506ms
[labev] t=455391.030 ev.finalize=1.683ms
[labev] t=455391.030 ev.propose=0.002ms
[labev] t=455391.042 ev.verify=11.426ms
[labev] t=455391.044 ev.finalize=1.678ms
[labev] t=455391.044 ev.propose=0.002ms
[labev] t=455391.055 ev.verify=11.305ms
[labev] t=455391.057 ev.finalize=1.681ms
[labev] t=455391.057 ev.propose=0.002ms
[labev] t=455391.068 ev.verify=11.256ms
[labev] t=455391.070 ev.finalize=1.699ms
[labev] t=455394.515 req.start s1-p4096-o512-b4-r0=0.000ms
[labev] t=455394.515 req.handle=0.041ms
[labev] t=455394.535 tok.prepare=19.814ms
event=batching_admitted action=scheduler_admitted
[labev] t=455394.854 chunk.native.total=318.685ms
[labev] t=455395.121 chunk.native.total=266.402ms
[labev] t=455395.390 chunk.native.total=269.380ms
[labev] t=455395.663 chunk.native.total=272.624ms
[labev] t=455395.939 chunk.native.total=275.989ms
[labev] t=455396.218 chunk.native.total=278.796ms
[labev] t=455396.500 chunk.native.total=282.723ms
[labev] t=455396.817 chunk.native.total=316.060ms
[labev] t=455396.817 req.firsttoken s1-p4096-o512-b4-r0=2301.477ms
[labev] t=455396.817 ev.propose=0.003ms
[labev] t=455396.834 ev.verify=17.577ms
[labev] t=455396.836 ev.finalize=1.737ms
[labev] t=455396.836 ev.propose=0.104ms
[labev] t=455396.848 ev.verify=11.453ms
[labev] t=455396.850 ev.finalize=1.670ms
[labev] t=455396.850 ev.propose=0.064ms
[labev] t=455396.861 ev.verify=11.262ms
[labev] t=455396.863 ev.finalize=1.657ms
[labev] t=455396.863 ev.propose=0.039ms
[labev] t=455396.874 ev.verify=11.154ms
[labev] t=455396.876 ev.finalize=1.673ms
[labev] t=455396.876 ev.propose=0.086ms
[labev] t=455396.887 ev.verify=11.262ms
[labev] t=455396.889 ev.finalize=1.655ms
[labev] t=455396.889 ev.propose=0.072ms
[labev] t=455396.900 ev.verify=11.313ms
[labev] t=455396.902 ev.finalize=1.670ms
[labev] t=455396.902 ev.propose=0.067ms
[labev] t=455396.914 ev.verify=11.378ms
[labev] t=455396.915 ev.finalize=1.657ms
[labev] t=455396.916 ev.propose=0.047ms
[labev] t=455396.927 ev.verify=11.280ms
[labev] t=455396.929 ev.finalize=1.655ms
[labev] t=455396.929 ev.propose=0.042ms
[labev] t=455396.940 ev.verify=10.962ms
[labev] t=455396.942 ev.finalize=2.262ms
[labev] t=455396.942 ev.propose=0.060ms
[labev] t=455396.953 ev.verify=11.306ms
[labev] t=455396.955 ev.finalize=1.657ms
[labev] t=455396.955 ev.propose=0.057ms
[labev] t=455396.967 ev.verify=11.225ms
[labev] t=455396.968 ev.finalize=1.648ms
[labev] t=455396.968 ev.propose=0.052ms
[labev] t=455396.980 ev.verify=11.140ms
[labev] t=455396.981 ev.finalize=1.742ms
[labev] t=455396.981 ev.propose=0.003ms
[labev] t=455396.993 ev.verify=11.134ms
[labev] t=455396.994 ev.finalize=1.556ms
[labev] t=455396.994 ev.propose=0.002ms
[labev] t=455397.005 ev.verify=11.208ms
[labev] t=455397.007 ev.finalize=1.630ms
[labev] t=455397.007 ev.propose=0.060ms
[labev] t=455397.019 ev.verify=11.219ms
[labev] t=455397.020 ev.finalize=1.546ms
[labev] t=455397.020 ev.propose=0.052ms
[labev] t=455397.031 ev.verify=11.185ms
[labev] t=455397.033 ev.finalize=1.824ms
[labev] t=455397.033 ev.propose=0.002ms
[labev] t=455397.045 ev.verify=11.168ms
[labev] t=455397.046 ev.finalize=1.658ms
[labev] t=455397.046 ev.propose=0.062ms
[labev] t=455397.058 ev.verify=11.083ms
[labev] t=455397.059 ev.finalize=1.670ms
[labev] t=455397.059 ev.propose=0.002ms
[labev] t=455397.071 ev.verify=11.131ms
[labev] t=455397.072 ev.finalize=1.650ms
[labev] t=455397.072 ev.propose=0.065ms
[labev] t=455397.084 ev.verify=11.240ms
[labev] t=455397.085 ev.finalize=1.663ms
[labev] t=455397.085 ev.propose=0.002ms
[labev] t=455397.097 ev.verify=11.132ms
[labev] t=455397.098 ev.finalize=1.637ms
[labev] t=455397.098 ev.propose=0.002ms
[labev] t=455397.110 ev.verify=11.251ms
[labev] t=455397.111 ev.finalize=1.643ms
[labev] t=455397.111 ev.propose=0.002ms
[labev] t=455397.123 ev.verify=11.247ms
[labev] t=455397.124 ev.finalize=1.638ms
[labev] t=455397.124 ev.propose=0.002ms
[labev] t=455397.136 ev.verify=11.137ms
[labev] t=455397.137 ev.finalize=1.617ms
[labev] t=455397.137 ev.propose=0.002ms
[labev] t=455397.149 ev.verify=11.276ms
[labev] t=455397.150 ev.finalize=1.639ms
[labev] t=455397.150 ev.propose=0.002ms
[labev] t=455397.162 ev.verify=11.244ms
[labev] t=455397.164 ev.finalize=2.295ms
[labev] t=455397.164 ev.propose=0.002ms
[labev] t=455397.176 ev.verify=11.479ms
[labev] t=455397.177 ev.finalize=1.626ms
[labev] t=455397.177 ev.propose=0.002ms
[labev] t=455397.189 ev.verify=11.220ms
[labev] t=455397.190 ev.finalize=1.659ms
[labev] t=455397.190 ev.propose=0.002ms
[labev] t=455397.202 ev.verify=11.180ms
[labev] t=455397.203 ev.finalize=1.672ms
[labev] t=455397.203 ev.propose=0.002ms
[labev] t=455397.215 ev.verify=11.204ms
[labev] t=455397.216 ev.finalize=1.628ms
[labev] t=455397.216 ev.propose=0.002ms
[labev] t=455397.228 ev.verify=11.249ms
[labev] t=455397.229 ev.finalize=1.624ms
[labev] t=455397.229 ev.propose=0.002ms
[labev] t=455397.241 ev.verify=11.261ms
[labev] t=455397.242 ev.finalize=1.631ms
[labev] t=455397.242 ev.propose=0.002ms
[labev] t=455397.254 ev.verify=11.214ms
[labev] t=455397.255 ev.finalize=1.679ms
[labev] t=455397.256 ev.propose=0.002ms
[labev] t=455397.267 ev.verify=11.351ms
[labev] t=455397.269 ev.finalize=1.626ms
[labev] t=455397.269 ev.propose=0.002ms
[labev] t=455397.280 ev.verify=11.086ms
[labev] t=455397.281 ev.finalize=1.630ms
[labev] t=455397.282 ev.propose=0.002ms
[labev] t=455397.293 ev.verify=11.151ms
[labev] t=455397.294 ev.finalize=1.631ms
[labev] t=455397.294 ev.propose=0.002ms
[labev] t=455397.306 ev.verify=11.434ms
[labev] t=455397.308 ev.finalize=1.658ms
[labev] t=455397.308 ev.propose=0.002ms
[labev] t=455397.319 ev.verify=11.338ms
[labev] t=455397.321 ev.finalize=1.633ms
[labev] t=455397.321 ev.propose=0.002ms
[labev] t=455397.332 ev.verify=11.155ms
[labev] t=455397.334 ev.finalize=1.614ms
[labev] t=455397.334 ev.propose=0.002ms
[labev] t=455397.345 ev.verify=11.001ms
[labev] t=455397.346 ev.finalize=1.673ms
[labev] t=455397.347 ev.propose=0.002ms
[labev] t=455397.358 ev.verify=11.188ms
[labev] t=455397.359 ev.finalize=1.646ms
[labev] t=455397.360 ev.propose=0.002ms
[labev] t=455397.371 ev.verify=11.330ms
[labev] t=455397.373 ev.finalize=2.260ms
[labev] t=455397.373 ev.propose=0.002ms
[labev] t=455397.385 ev.verify=11.361ms
[labev] t=455397.386 ev.finalize=1.668ms
[labev] t=455397.386 ev.propose=0.002ms
[labev] t=455397.398 ev.verify=11.263ms
[labev] t=455397.399 ev.finalize=1.668ms
[labev] t=455397.400 ev.propose=0.002ms
[labev] t=455397.411 ev.verify=11.052ms
[labev] t=455397.412 ev.finalize=1.626ms
[labev] t=455397.412 ev.propose=0.002ms
[labev] t=455397.424 ev.verify=11.080ms
[labev] t=455397.425 ev.finalize=1.645ms
[labev] t=455397.425 ev.propose=0.002ms
[labev] t=455397.437 ev.verify=11.248ms
[labev] t=455397.438 ev.finalize=1.658ms
[labev] t=455397.438 ev.propose=0.002ms
[labev] t=455397.450 ev.verify=11.179ms
[labev] t=455397.451 ev.finalize=1.628ms
[labev] t=455397.451 ev.propose=0.002ms
[labev] t=455397.463 ev.verify=11.239ms
[labev] t=455397.464 ev.finalize=1.656ms
[labev] t=455397.464 ev.propose=0.002ms
[labev] t=455397.476 ev.verify=11.216ms
[labev] t=455397.477 ev.finalize=1.666ms
[labev] t=455397.477 ev.propose=0.002ms
[labev] t=455397.489 ev.verify=11.276ms
[labev] t=455397.490 ev.finalize=1.548ms
[labev] t=455397.490 ev.propose=0.002ms
[labev] t=455397.502 ev.verify=11.189ms
[labev] t=455397.503 ev.finalize=1.666ms
[labev] t=455397.503 ev.propose=0.002ms
[labev] t=455397.515 ev.verify=11.315ms
[labev] t=455397.516 ev.finalize=1.541ms
[labev] t=455397.516 ev.propose=0.002ms
[labev] t=455397.527 ev.verify=11.121ms
[labev] t=455397.529 ev.finalize=1.526ms
[labev] t=455397.529 ev.propose=0.001ms
[labev] t=455397.540 ev.verify=11.249ms
[labev] t=455397.542 ev.finalize=1.661ms
[labev] t=455397.542 ev.propose=0.001ms
[labev] t=455397.554 ev.verify=11.314ms
[labev] t=455397.555 ev.finalize=1.631ms
[labev] t=455397.555 ev.propose=0.002ms
[labev] t=455397.566 ev.verify=11.163ms
[labev] t=455397.568 ev.finalize=1.645ms
[labev] t=455397.568 ev.propose=0.002ms
[labev] t=455397.580 ev.verify=11.255ms
[labev] t=455397.581 ev.finalize=1.646ms
[labev] t=455397.581 ev.propose=0.002ms
[labev] t=455397.592 ev.verify=11.185ms
[labev] t=455397.594 ev.finalize=1.646ms
[labev] t=455397.594 ev.propose=0.002ms
[labev] t=455397.606 ev.verify=11.269ms
[labev] t=455397.608 ev.finalize=2.282ms
[labev] t=455397.608 ev.propose=0.002ms
[labev] t=455397.619 ev.verify=11.322ms
[labev] t=455397.621 ev.finalize=1.570ms
[labev] t=455397.621 ev.propose=0.002ms
[labev] t=455397.632 ev.verify=11.231ms
[labev] t=455397.634 ev.finalize=1.659ms
[labev] t=455397.634 ev.propose=0.002ms
[labev] t=455397.645 ev.verify=11.050ms
[labev] t=455397.647 ev.finalize=1.660ms
[labev] t=455397.647 ev.propose=0.002ms
[labev] t=455397.658 ev.verify=11.244ms
[labev] t=455397.660 ev.finalize=1.723ms
[labev] t=455397.660 ev.propose=0.002ms
[labev] t=455397.671 ev.verify=11.245ms
[labev] t=455397.673 ev.finalize=1.546ms
[labev] t=455397.673 ev.propose=0.002ms
[labev] t=455397.684 ev.verify=11.328ms
[labev] t=455397.686 ev.finalize=1.648ms
[labev] t=455397.686 ev.propose=0.002ms
[labev] t=455397.698 ev.verify=11.329ms
[labev] t=455397.699 ev.finalize=1.654ms
[labev] t=455397.699 ev.propose=0.002ms
[labev] t=455397.710 ev.verify=11.190ms
[labev] t=455397.712 ev.finalize=1.623ms
[labev] t=455397.712 ev.propose=0.002ms
[labev] t=455397.723 ev.verify=11.069ms
[labev] t=455397.725 ev.finalize=1.642ms
[labev] t=455397.725 ev.propose=0.002ms
[labev] t=455397.736 ev.verify=11.176ms
[labev] t=455397.738 ev.finalize=1.655ms
[labev] t=455397.738 ev.propose=0.002ms
[labev] t=455397.749 ev.verify=11.241ms
[labev] t=455397.751 ev.finalize=1.631ms
[labev] t=455397.751 ev.propose=0.002ms
[labev] t=455397.762 ev.verify=11.290ms
[labev] t=455397.764 ev.finalize=1.666ms
[labev] t=455397.764 ev.propose=0.002ms
[labev] t=455397.776 ev.verify=11.484ms
[labev] t=455397.777 ev.finalize=1.542ms
[labev] t=455397.777 ev.propose=0.002ms
[labev] t=455397.789 ev.verify=11.249ms
[labev] t=455397.790 ev.finalize=1.666ms
[labev] t=455397.790 ev.propose=0.002ms
[labev] t=455397.802 ev.verify=11.124ms
[labev] t=455397.803 ev.finalize=1.655ms
[labev] t=455397.803 ev.propose=0.002ms
[labev] t=455397.815 ev.verify=11.216ms
[labev] t=455397.816 ev.finalize=1.662ms
[labev] t=455397.816 ev.propose=0.002ms
[labev] t=455397.829 ev.verify=12.346ms
[labev] t=455397.831 ev.finalize=2.291ms
[labev] t=455397.831 ev.propose=0.002ms
[labev] t=455397.843 ev.verify=11.491ms
[labev] t=455397.844 ev.finalize=1.665ms
[labev] t=455397.845 ev.propose=0.002ms
[labev] t=455397.856 ev.verify=11.182ms
[labev] t=455397.857 ev.finalize=1.652ms
[labev] t=455397.858 ev.propose=0.002ms
[labev] t=455397.869 ev.verify=11.458ms
[labev] t=455397.871 ev.finalize=1.651ms
[labev] t=455397.871 ev.propose=0.002ms
[labev] t=455397.882 ev.verify=11.318ms
[labev] t=455397.884 ev.finalize=1.653ms
[labev] t=455397.884 ev.propose=0.002ms
[labev] t=455397.895 ev.verify=11.327ms
[labev] t=455397.897 ev.finalize=1.643ms
[labev] t=455397.897 ev.propose=0.002ms
[labev] t=455397.908 ev.verify=11.273ms
[labev] t=455397.910 ev.finalize=1.651ms
[labev] t=455397.910 ev.propose=0.002ms
[labev] t=455397.921 ev.verify=11.192ms
[labev] t=455397.923 ev.finalize=1.668ms
[labev] t=455397.923 ev.propose=0.002ms
[labev] t=455397.934 ev.verify=11.106ms
[labev] t=455397.936 ev.finalize=1.666ms
[labev] t=455397.936 ev.propose=0.002ms
[labev] t=455397.947 ev.verify=11.261ms
[labev] t=455397.949 ev.finalize=1.679ms
[labev] t=455397.949 ev.propose=0.002ms
[labev] t=455397.961 ev.verify=11.370ms
[labev] t=455397.962 ev.finalize=1.675ms
[labev] t=455397.962 ev.propose=0.002ms
[labev] t=455397.974 ev.verify=11.186ms
[labev] t=455397.975 ev.finalize=1.646ms
[labev] t=455397.975 ev.propose=0.002ms
[labev] t=455397.987 ev.verify=11.258ms
[labev] t=455397.988 ev.finalize=1.660ms
[labev] t=455397.988 ev.propose=0.002ms
[labev] t=455398.000 ev.verify=11.214ms
[labev] t=455398.001 ev.finalize=1.566ms
[labev] t=455398.001 ev.propose=0.002ms
[labev] t=455398.012 ev.verify=11.075ms
[labev] t=455398.014 ev.finalize=1.670ms
[labev] t=455398.014 ev.propose=0.002ms
[labev] t=455398.025 ev.verify=11.145ms
[labev] t=455398.027 ev.finalize=1.656ms
[labev] t=455398.027 ev.propose=0.002ms
[labev] t=455398.038 ev.verify=11.280ms
[labev] t=455398.040 ev.finalize=1.651ms
[labev] t=455398.040 ev.propose=0.002ms
[labev] t=455398.052 ev.verify=11.305ms
[labev] t=455398.054 ev.finalize=2.302ms
[labev] t=455398.054 ev.propose=0.002ms
[labev] t=455398.065 ev.verify=11.389ms
[labev] t=455398.067 ev.finalize=1.683ms
[labev] t=455398.067 ev.propose=0.002ms
[labev] t=455398.079 ev.verify=11.248ms
[labev] t=455398.080 ev.finalize=1.653ms
[labev] t=455398.080 ev.propose=0.002ms
[labev] t=455398.092 ev.verify=11.440ms
[labev] t=455398.093 ev.finalize=1.631ms
[labev] t=455398.094 ev.propose=0.002ms
[labev] t=455398.105 ev.verify=11.014ms
[labev] t=455398.106 ev.finalize=1.661ms
[labev] t=455398.106 ev.propose=0.002ms
[labev] t=455398.118 ev.verify=11.179ms
[labev] t=455398.119 ev.finalize=1.654ms
[labev] t=455398.119 ev.propose=0.002ms
[labev] t=455398.131 ev.verify=11.285ms
[labev] t=455398.132 ev.finalize=1.645ms
[labev] t=455398.132 ev.propose=0.002ms
[labev] t=455398.144 ev.verify=11.096ms
[labev] t=455398.145 ev.finalize=1.642ms
[labev] t=455398.145 ev.propose=0.002ms
[labev] t=455398.157 ev.verify=11.191ms
[labev] t=455398.158 ev.finalize=1.667ms
[labev] t=455398.158 ev.propose=0.002ms
[labev] t=455398.170 ev.verify=11.280ms
[labev] t=455398.171 ev.finalize=1.673ms
[labev] t=455398.171 ev.propose=0.002ms
[labev] t=455398.183 ev.verify=11.348ms
[labev] t=455398.184 ev.finalize=1.651ms
[labev] t=455398.185 ev.propose=0.002ms
[labev] t=455398.196 ev.verify=11.140ms
[labev] t=455398.197 ev.finalize=1.650ms
[labev] t=455398.198 ev.propose=0.002ms
[labev] t=455398.209 ev.verify=11.229ms
[labev] t=455398.211 ev.finalize=1.686ms
[labev] t=455398.211 ev.propose=0.002ms
[labev] t=455398.222 ev.verify=11.180ms
[labev] t=455398.223 ev.finalize=1.539ms
[labev] t=455398.223 ev.propose=0.002ms
[labev] t=455398.235 ev.verify=11.424ms
[labev] t=455398.237 ev.finalize=1.636ms
[labev] t=455398.237 ev.propose=0.002ms
[labev] t=455398.248 ev.verify=11.239ms
[labev] t=455398.250 ev.finalize=1.664ms
[labev] t=455398.250 ev.propose=0.002ms
[labev] t=455398.261 ev.verify=11.233ms
[labev] t=455398.263 ev.finalize=2.324ms
[labev] t=455398.263 ev.propose=0.002ms
[labev] t=455398.275 ev.verify=11.388ms
[labev] t=455398.277 ev.finalize=1.668ms
[labev] t=455398.277 ev.propose=0.002ms
[labev] t=455398.288 ev.verify=11.311ms
[labev] t=455398.290 ev.finalize=1.560ms
[labev] t=455398.290 ev.propose=0.002ms
[labev] t=455398.301 ev.verify=11.175ms
[labev] t=455398.302 ev.finalize=1.559ms
[labev] t=455398.303 ev.propose=0.002ms
[labev] t=455398.314 ev.verify=11.255ms
[labev] t=455398.316 ev.finalize=1.658ms
[labev] t=455398.316 ev.propose=0.002ms
[labev] t=455398.327 ev.verify=11.355ms
[labev] t=455398.329 ev.finalize=1.653ms
[labev] t=455398.329 ev.propose=0.002ms
[labev] t=455398.340 ev.verify=11.468ms
[labev] t=455398.342 ev.finalize=1.631ms
[labev] t=455398.342 ev.propose=0.002ms
[labev] t=455398.353 ev.verify=11.326ms
[labev] t=455398.355 ev.finalize=1.655ms
[labev] t=455398.355 ev.propose=0.002ms
[labev] t=455398.366 ev.verify=11.133ms
[labev] t=455398.368 ev.finalize=1.643ms
[labev] t=455398.368 ev.propose=0.002ms
[labev] t=455398.379 ev.verify=11.322ms
[labev] t=455398.381 ev.finalize=1.561ms
[labev] t=455398.381 ev.propose=0.002ms
[labev] t=455398.392 ev.verify=11.260ms
[labev] t=455398.394 ev.finalize=1.671ms
[labev] t=455398.394 ev.propose=0.002ms
[labev] t=455398.405 ev.verify=11.239ms
[labev] t=455398.407 ev.finalize=1.667ms
[labev] t=455398.407 ev.propose=0.002ms
[labev] t=455398.419 ev.verify=11.211ms
[labev] t=455398.420 ev.finalize=1.672ms
[labev] t=455398.420 ev.propose=0.002ms
[labev] t=455398.432 ev.verify=11.341ms
[labev] t=455398.433 ev.finalize=1.655ms
[labev] t=455398.433 ev.propose=0.002ms
[labev] t=455398.445 ev.verify=11.031ms
[labev] t=455398.446 ev.finalize=1.641ms
[labev] t=455398.446 ev.propose=0.002ms
[labev] t=455398.458 ev.verify=11.202ms
[labev] t=455398.459 ev.finalize=1.659ms
[labev] t=455398.459 ev.propose=0.002ms
[labev] t=455398.471 ev.verify=11.201ms
[labev] t=455398.472 ev.finalize=1.516ms
[labev] t=455398.472 ev.propose=0.002ms
[labev] t=455398.483 ev.verify=11.300ms
[labev] t=455398.485 ev.finalize=1.537ms
[labev] t=455398.485 ev.propose=0.002ms
[labev] t=455398.496 ev.verify=11.149ms
[labev] t=455398.498 ev.finalize=1.673ms
[labev] t=455398.498 ev.propose=0.002ms
[labev] t=455398.509 ev.verify=11.325ms
[labev] t=455398.512 ev.finalize=2.325ms
[labev] t=455398.512 ev.propose=0.002ms
[labev] t=455398.523 ev.verify=11.433ms
[labev] t=455398.525 ev.finalize=1.687ms
[labev] t=455398.525 ev.propose=0.002ms
[labev] t=455398.536 ev.verify=11.162ms
[labev] t=455398.538 ev.finalize=1.661ms
[labev] t=455398.538 ev.propose=0.002ms
[labev] t=455398.549 ev.verify=11.301ms
[labev] t=455398.551 ev.finalize=1.675ms
[labev] t=455398.551 ev.propose=0.002ms
[labev] t=455398.563 ev.verify=11.249ms
[labev] t=455398.564 ev.finalize=1.665ms
[labev] t=455398.564 ev.propose=0.002ms
[labev] t=455398.576 ev.verify=11.276ms
[labev] t=455398.577 ev.finalize=1.651ms
[labev] t=455398.577 ev.propose=0.002ms
[labev] t=455398.589 ev.verify=11.514ms
[labev] t=455398.591 ev.finalize=1.696ms
[labev] t=455398.591 ev.propose=0.002ms
[labev] t=455398.602 ev.verify=11.386ms
[labev] t=455398.604 ev.finalize=1.670ms
[labev] t=455398.604 ev.propose=0.002ms
[labev] t=455398.615 ev.verify=11.337ms
[labev] t=455398.617 ev.finalize=1.670ms
[labev] t=455398.617 ev.propose=0.002ms
[labev] t=455398.629 ev.verify=11.306ms
[labev] t=455398.630 ev.finalize=1.676ms
[labev] t=455398.630 ev.propose=0.002ms
[labev] t=455398.641 ev.verify=11.059ms
[labev] t=455398.643 ev.finalize=1.660ms
[labev] t=455398.643 ev.propose=0.002ms
[labev] t=455398.654 ev.verify=11.159ms
[labev] t=455398.656 ev.finalize=1.641ms
[labev] t=455398.656 ev.propose=0.002ms
[labev] t=455398.667 ev.verify=11.166ms
[labev] t=455398.669 ev.finalize=1.662ms
[labev] t=455398.669 ev.propose=0.002ms
[labev] t=455398.680 ev.verify=11.335ms
[labev] t=455398.682 ev.finalize=1.661ms
[labev] t=455398.682 ev.propose=0.002ms
[labev] t=455398.694 ev.verify=11.344ms
[labev] t=455398.695 ev.finalize=1.660ms
[labev] t=455398.695 ev.propose=0.002ms
[labev] t=455398.707 ev.verify=11.298ms
[labev] t=455398.708 ev.finalize=1.652ms
[labev] t=455398.709 ev.propose=0.002ms
[labev] t=455398.720 ev.verify=11.373ms
[labev] t=455398.722 ev.finalize=2.291ms
[labev] t=455398.722 ev.propose=0.002ms
[labev] t=455398.734 ev.verify=11.462ms
[labev] t=455398.736 ev.finalize=1.670ms
[labev] t=455398.736 ev.propose=0.002ms
[labev] t=455398.747 ev.verify=11.256ms
[labev] t=455398.749 ev.finalize=1.659ms
[labev] t=455398.749 ev.propose=0.002ms
[labev] t=455398.760 ev.verify=11.136ms
[labev] t=455398.762 ev.finalize=1.653ms
[labev] t=455398.762 ev.propose=0.002ms
[labev] t=455398.773 ev.verify=11.184ms
[labev] t=455398.774 ev.finalize=1.548ms
[labev] t=455398.775 ev.propose=0.002ms
[labev] t=455398.786 ev.verify=11.367ms
[labev] t=455398.788 ev.finalize=1.684ms
[labev] t=455398.788 ev.propose=0.002ms
[labev] t=455398.799 ev.verify=11.423ms
[labev] t=455398.801 ev.finalize=1.671ms
[labev] t=455398.801 ev.propose=0.002ms
[labev] t=455398.812 ev.verify=11.230ms
[labev] t=455398.814 ev.finalize=1.539ms
[labev] t=455398.814 ev.propose=0.002ms
[labev] t=455398.825 ev.verify=11.180ms
[labev] t=455398.827 ev.finalize=1.536ms
[labev] t=455398.827 ev.propose=0.002ms
[labev] t=455398.838 ev.verify=11.247ms
[labev] t=455398.840 ev.finalize=1.557ms
[labev] t=455398.840 ev.propose=0.001ms
[labev] t=455398.851 ev.verify=11.343ms
[labev] t=455398.853 ev.finalize=1.665ms
[labev] t=455398.853 ev.propose=0.002ms
[labev] t=455398.864 ev.verify=11.377ms
[labev] t=455398.866 ev.finalize=1.667ms
[labev] t=455398.866 ev.propose=0.002ms
[labev] t=455398.877 ev.verify=11.292ms
[labev] t=455398.879 ev.finalize=1.685ms
[labev] t=455398.879 ev.propose=0.002ms
[labev] t=455398.890 ev.verify=11.127ms
[labev] t=455398.892 ev.finalize=1.698ms
[labev] t=455398.892 ev.propose=0.002ms
[labev] t=455398.903 ev.verify=11.069ms
[labev] t=455398.905 ev.finalize=1.571ms
[labev] t=455398.905 ev.propose=0.002ms
[labev] t=455398.916 ev.verify=11.479ms
[labev] t=455398.918 ev.finalize=1.713ms
[labev] t=455398.918 ev.propose=0.002ms
[labev] t=455398.930 ev.verify=11.254ms
[labev] t=455398.931 ev.finalize=1.677ms
[labev] t=455398.931 ev.propose=0.002ms
[labev] t=455398.943 ev.verify=11.428ms
[labev] t=455398.945 ev.finalize=1.657ms
[labev] t=455398.945 ev.propose=0.002ms
[labev] t=455398.956 ev.verify=11.342ms
[labev] t=455398.958 ev.finalize=2.308ms
[labev] t=455398.958 ev.propose=0.002ms
[labev] t=455398.970 ev.verify=11.240ms
[labev] t=455398.971 ev.finalize=1.695ms
[labev] t=455398.972 ev.propose=0.002ms
[labev] t=455398.983 ev.verify=11.223ms
[labev] t=455398.985 ev.finalize=1.681ms
[labev] t=455398.985 ev.propose=0.002ms
[labev] t=455398.996 ev.verify=11.422ms
[labev] t=455398.998 ev.finalize=1.665ms
[labev] t=455398.998 ev.propose=0.002ms
[labev] t=455399.009 ev.verify=11.202ms
[labev] t=455399.011 ev.finalize=1.556ms
[labev] t=455399.011 ev.propose=0.002ms
[labev] t=455399.022 ev.verify=11.268ms
[labev] t=455399.024 ev.finalize=1.693ms
[labev] t=455399.024 ev.propose=0.002ms
[labev] t=455399.035 ev.verify=11.296ms
[labev] t=455399.037 ev.finalize=1.558ms
[labev] t=455399.037 ev.propose=0.002ms
[labev] t=455399.048 ev.verify=11.288ms
[labev] t=455399.050 ev.finalize=1.541ms
[labev] t=455399.050 ev.propose=0.002ms
[labev] t=455399.061 ev.verify=11.127ms
[labev] t=455399.063 ev.finalize=1.675ms
[labev] t=455399.063 ev.propose=0.002ms
[labev] t=455399.074 ev.verify=11.220ms
[labev] t=455399.076 ev.finalize=1.645ms
[labev] t=455399.076 ev.propose=0.002ms
[labev] t=455399.087 ev.verify=11.406ms
[labev] t=455399.089 ev.finalize=1.665ms
[labev] t=455399.089 ev.propose=0.002ms
[labev] t=455399.100 ev.verify=11.442ms
[labev] t=455399.102 ev.finalize=1.667ms
[labev] t=455399.102 ev.propose=0.002ms
[labev] t=455399.114 ev.verify=11.269ms
[labev] t=455399.115 ev.finalize=1.669ms
[labev] t=455399.115 ev.propose=0.002ms
[labev] t=455399.127 ev.verify=11.416ms
[labev] t=455399.129 ev.finalize=1.670ms
[labev] t=455399.129 ev.propose=0.002ms
[labev] t=455399.140 ev.verify=11.219ms
[labev] t=455399.142 ev.finalize=1.668ms
[labev] t=455399.142 ev.propose=0.002ms
[labev] t=455399.153 ev.verify=11.356ms
[labev] t=455399.155 ev.finalize=1.661ms
[labev] t=455399.155 ev.propose=0.002ms
[labev] t=455399.166 ev.verify=11.203ms
[labev] t=455399.168 ev.finalize=1.676ms
[labev] t=455399.168 ev.propose=0.002ms
[labev] t=455399.179 ev.verify=11.447ms
[labev] t=455399.181 ev.finalize=1.680ms
[labev] t=455399.181 ev.propose=0.002ms
[labev] t=455399.192 ev.verify=11.237ms
[labev] t=455399.195 ev.finalize=2.383ms
[labev] t=455399.195 ev.propose=0.003ms
[labev] t=455399.206 ev.verify=11.263ms
[labev] t=455399.208 ev.finalize=1.579ms
[labev] t=455399.208 ev.propose=0.002ms
[labev] t=455399.219 ev.verify=11.297ms
[labev] t=455399.221 ev.finalize=1.588ms
[labev] t=455399.221 ev.propose=0.002ms
[labev] t=455399.232 ev.verify=11.300ms
[labev] t=455399.234 ev.finalize=1.690ms
[labev] t=455399.234 ev.propose=0.002ms
[labev] t=455399.246 ev.verify=11.424ms
[labev] t=455399.247 ev.finalize=1.685ms
[labev] t=455399.247 ev.propose=0.002ms
[labev] t=455399.259 ev.verify=11.467ms
[labev] t=455399.261 ev.finalize=1.704ms
[labev] t=455399.261 ev.propose=0.002ms
[labev] t=455399.272 ev.verify=11.397ms
[labev] t=455399.274 ev.finalize=1.701ms
[labev] t=455399.274 ev.propose=0.002ms
[labev] t=455399.285 ev.verify=11.138ms
[labev] t=455399.287 ev.finalize=1.571ms
[labev] t=455399.287 ev.propose=0.002ms
[labev] t=455399.298 ev.verify=11.304ms
[labev] t=455399.300 ev.finalize=1.744ms
[labev] t=455399.300 ev.propose=0.002ms
[labev] t=455399.311 ev.verify=11.120ms
[labev] t=455399.313 ev.finalize=1.707ms
[labev] t=455399.313 ev.propose=0.002ms
[labev] t=455399.325 ev.verify=11.533ms
[labev] t=455399.326 ev.finalize=1.678ms
[labev] t=455399.326 ev.propose=0.002ms
[labev] t=455399.338 ev.verify=11.235ms
[labev] t=455399.339 ev.finalize=1.680ms
[labev] t=455399.340 ev.propose=0.002ms
[labev] t=455399.351 ev.verify=11.439ms
[labev] t=455399.353 ev.finalize=1.688ms
[labev] t=455399.353 ev.propose=0.002ms
[labev] t=455399.364 ev.verify=11.374ms
[labev] t=455399.366 ev.finalize=1.543ms
[labev] t=455399.366 ev.propose=0.002ms
[labev] t=455399.377 ev.verify=11.167ms
[labev] t=455399.379 ev.finalize=1.686ms
[labev] t=455399.379 ev.propose=0.002ms
[labev] t=455399.390 ev.verify=11.240ms
[labev] t=455399.392 ev.finalize=1.677ms
[labev] t=455399.392 ev.propose=0.002ms
[labev] t=455399.403 ev.verify=11.135ms
[labev] t=455399.405 ev.finalize=1.680ms
[labev] t=455399.405 ev.propose=0.002ms
[labev] t=455399.416 ev.verify=11.420ms
[labev] t=455399.418 ev.finalize=1.573ms
[labev] t=455399.418 ev.propose=0.002ms
[labev] t=455399.429 ev.verify=11.271ms
[labev] t=455399.432 ev.finalize=2.355ms
[labev] t=455399.432 ev.propose=0.002ms
[labev] t=455399.443 ev.verify=11.334ms
[labev] t=455399.445 ev.finalize=1.683ms
[labev] t=455399.445 ev.propose=0.002ms
[labev] t=455399.456 ev.verify=11.204ms
[labev] t=455399.458 ev.finalize=1.695ms
[labev] t=455399.458 ev.propose=0.002ms
[labev] t=455399.469 ev.verify=11.227ms
[labev] t=455399.471 ev.finalize=1.568ms
[labev] t=455399.471 ev.propose=0.002ms
[labev] t=455399.482 ev.verify=11.487ms
[labev] t=455399.484 ev.finalize=1.686ms
[labev] t=455399.484 ev.propose=0.001ms
[labev] t=455399.496 ev.verify=11.202ms
[labev] t=455399.497 ev.finalize=1.676ms
[labev] t=455399.497 ev.propose=0.002ms
[labev] t=455399.509 ev.verify=11.433ms
[labev] t=455399.511 ev.finalize=1.691ms
[labev] t=455399.511 ev.propose=0.002ms
[labev] t=455399.522 ev.verify=11.270ms
[labev] t=455399.524 ev.finalize=1.685ms
[labev] t=455399.524 ev.propose=0.002ms
[labev] t=455399.535 ev.verify=11.179ms
[labev] t=455399.537 ev.finalize=1.676ms
[labev] t=455399.537 ev.propose=0.002ms
[labev] t=455399.548 ev.verify=11.350ms
[labev] t=455399.550 ev.finalize=1.671ms
[labev] t=455399.550 ev.propose=0.002ms
[labev] t=455399.561 ev.verify=11.294ms
[labev] t=455399.563 ev.finalize=1.687ms
[labev] t=455399.563 ev.propose=0.002ms
[labev] t=455399.574 ev.verify=11.142ms
[labev] t=455399.576 ev.finalize=1.660ms
[labev] t=455399.576 ev.propose=0.002ms
[labev] t=455399.587 ev.verify=11.405ms
[labev] t=455399.589 ev.finalize=1.604ms
[labev] t=455399.589 ev.propose=0.002ms
[labev] t=455399.600 ev.verify=11.172ms
[labev] t=455399.602 ev.finalize=1.690ms
[labev] t=455399.602 ev.propose=0.002ms
[labev] t=455399.613 ev.verify=11.097ms
[labev] t=455399.615 ev.finalize=1.703ms
[labev] t=455399.615 ev.propose=0.002ms
[labev] t=455399.626 ev.verify=11.205ms
[labev] t=455399.628 ev.finalize=1.675ms
[labev] t=455399.628 ev.propose=0.002ms
[labev] t=455399.640 ev.verify=11.475ms
[labev] t=455399.641 ev.finalize=1.692ms
[labev] t=455399.641 ev.propose=0.002ms
[labev] t=455399.653 ev.verify=11.180ms
[labev] t=455399.655 ev.finalize=2.351ms
[labev] t=455399.655 ev.propose=0.002ms
[labev] t=455399.666 ev.verify=11.245ms
[labev] t=455399.668 ev.finalize=1.693ms
[labev] t=455399.668 ev.propose=0.002ms
[labev] t=455399.680 ev.verify=11.248ms
[labev] t=455399.681 ev.finalize=1.580ms
[labev] t=455399.681 ev.propose=0.001ms
[labev] t=455399.692 ev.verify=11.174ms
[labev] t=455399.694 ev.finalize=1.572ms
[labev] t=455399.694 ev.propose=0.002ms
[labev] t=455399.705 ev.verify=11.232ms
[labev] t=455399.707 ev.finalize=1.688ms
[labev] t=455399.707 ev.propose=0.002ms
[labev] t=455399.719 ev.verify=11.261ms
[labev] t=455399.720 ev.finalize=1.580ms
[labev] t=455399.720 ev.propose=0.002ms
[labev] t=455399.732 ev.verify=11.356ms
[labev] t=455399.733 ev.finalize=1.678ms
[labev] t=455399.733 ev.propose=0.002ms
[labev] t=455399.745 ev.verify=11.332ms
[labev] t=455399.747 ev.finalize=1.695ms
[labev] t=455399.747 ev.propose=0.002ms
[labev] t=455399.758 ev.verify=11.416ms
[labev] t=455399.760 ev.finalize=1.565ms
[labev] t=455399.760 ev.propose=0.002ms
[labev] t=455399.771 ev.verify=11.189ms
[labev] t=455399.773 ev.finalize=1.551ms
[labev] t=455399.773 ev.propose=0.002ms
[labev] t=455399.784 ev.verify=11.319ms
[labev] t=455399.786 ev.finalize=1.696ms
[labev] t=455399.786 ev.propose=0.002ms
[labev] t=455399.797 ev.verify=11.504ms
[labev] t=455399.799 ev.finalize=1.695ms
[labev] t=455399.799 ev.propose=0.002ms
[labev] t=455399.811 ev.verify=11.395ms
[labev] t=455399.812 ev.finalize=1.659ms
[labev] t=455399.812 ev.propose=0.002ms
[labev] t=455399.824 ev.verify=11.475ms
[labev] t=455399.826 ev.finalize=1.675ms
[labev] t=455399.826 ev.propose=0.002ms
[labev] t=455399.837 ev.verify=11.278ms
[labev] t=455399.839 ev.finalize=1.683ms
[labev] t=455399.839 ev.propose=0.002ms
[labev] t=455399.850 ev.verify=11.383ms
[labev] t=455399.852 ev.finalize=1.703ms
[labev] t=455399.852 ev.propose=0.002ms
[labev] t=455399.863 ev.verify=11.411ms
[labev] t=455399.865 ev.finalize=1.696ms
[labev] t=455399.865 ev.propose=0.002ms
[labev] t=455399.877 ev.verify=11.269ms
[labev] t=455399.878 ev.finalize=1.671ms
[labev] t=455399.878 ev.propose=0.002ms
[labev] t=455399.890 ev.verify=11.229ms
[labev] t=455399.891 ev.finalize=1.678ms
[labev] t=455399.891 ev.propose=0.002ms
[labev] t=455399.903 ev.verify=11.302ms
[labev] t=455399.905 ev.finalize=2.388ms
[labev] t=455399.905 ev.propose=0.002ms
[labev] t=455399.917 ev.verify=11.423ms
[labev] t=455399.918 ev.finalize=1.681ms
[labev] t=455399.919 ev.propose=0.002ms
[labev] t=455399.930 ev.verify=11.263ms
[labev] t=455399.932 ev.finalize=1.689ms
[labev] t=455399.932 ev.propose=0.002ms
[labev] t=455399.943 ev.verify=11.327ms
[labev] t=455399.945 ev.finalize=1.687ms
[labev] t=455399.945 ev.propose=0.002ms
[labev] t=455399.956 ev.verify=11.471ms
[labev] t=455399.958 ev.finalize=1.673ms
[labev] t=455399.958 ev.propose=0.002ms
[labev] t=455399.969 ev.verify=11.294ms
[labev] t=455399.971 ev.finalize=1.563ms
[labev] t=455399.971 ev.propose=0.002ms
[labev] t=455399.982 ev.verify=11.255ms
[labev] t=455399.984 ev.finalize=1.570ms
[labev] t=455399.984 ev.propose=0.002ms
[labev] t=455399.995 ev.verify=11.114ms
[labev] t=455399.997 ev.finalize=1.682ms
[labev] t=455399.997 ev.propose=0.002ms
[labev] t=455400.008 ev.verify=11.313ms
[labev] t=455400.010 ev.finalize=1.686ms
[labev] t=455400.010 ev.propose=0.002ms
[labev] t=455400.022 ev.verify=11.487ms
[labev] t=455400.023 ev.finalize=1.698ms
[labev] t=455400.024 ev.propose=0.002ms
[labev] t=455400.035 ev.verify=11.150ms
[labev] t=455400.036 ev.finalize=1.710ms
[labev] t=455400.037 ev.propose=0.002ms
[labev] t=455400.048 ev.verify=11.227ms
[labev] t=455400.050 ev.finalize=1.675ms
[labev] t=455400.050 ev.propose=0.002ms
[labev] t=455400.061 ev.verify=11.283ms
[labev] t=455400.063 ev.finalize=1.666ms
[labev] t=455400.063 ev.propose=0.002ms
[labev] t=455400.074 ev.verify=11.474ms
[labev] t=455400.076 ev.finalize=1.666ms
[labev] t=455400.076 ev.propose=0.002ms
[labev] t=455400.087 ev.verify=11.164ms
[labev] t=455400.089 ev.finalize=1.682ms
[labev] t=455400.089 ev.propose=0.002ms
[labev] t=455400.100 ev.verify=11.263ms
[labev] t=455400.102 ev.finalize=1.691ms
[labev] t=455400.102 ev.propose=0.002ms
[labev] t=455400.113 ev.verify=11.203ms
[labev] t=455400.115 ev.finalize=1.691ms
[labev] t=455400.115 ev.propose=0.002ms
[labev] t=455400.127 ev.verify=11.337ms
[labev] t=455400.129 ev.finalize=2.361ms
[labev] t=455400.129 ev.propose=0.002ms
[labev] t=455400.140 ev.verify=11.367ms
[labev] t=455400.142 ev.finalize=1.683ms
[labev] t=455400.142 ev.propose=0.002ms
[labev] t=455400.154 ev.verify=11.277ms
[labev] t=455400.155 ev.finalize=1.689ms
[labev] t=455400.155 ev.propose=0.002ms
[labev] t=455400.167 ev.verify=11.287ms
[labev] t=455400.168 ev.finalize=1.703ms
[labev] t=455400.168 ev.propose=0.002ms
[labev] t=455400.180 ev.verify=11.364ms
[labev] t=455400.182 ev.finalize=1.675ms
[labev] t=455400.182 ev.propose=0.002ms
[labev] t=455400.193 ev.verify=11.294ms
[labev] t=455400.195 ev.finalize=1.684ms
[labev] t=455400.195 ev.propose=0.002ms
[labev] t=455400.206 ev.verify=11.240ms
[labev] t=455400.208 ev.finalize=1.708ms
[labev] t=455400.208 ev.propose=0.002ms
[labev] t=455400.219 ev.verify=11.228ms
[labev] t=455400.221 ev.finalize=1.558ms
[labev] t=455400.221 ev.propose=0.002ms
[labev] t=455400.232 ev.verify=11.494ms
[labev] t=455400.234 ev.finalize=1.705ms
[labev] t=455400.234 ev.propose=0.002ms
[labev] t=455400.245 ev.verify=11.206ms
[labev] t=455400.247 ev.finalize=1.702ms
[labev] t=455400.247 ev.propose=0.002ms
[labev] t=455400.259 ev.verify=11.313ms
[labev] t=455400.260 ev.finalize=1.678ms
[labev] t=455400.260 ev.propose=0.002ms
[labev] t=455400.272 ev.verify=11.381ms
[labev] t=455400.274 ev.finalize=1.696ms
[labev] t=455400.274 ev.propose=0.002ms
[labev] t=455400.285 ev.verify=11.277ms
[labev] t=455400.287 ev.finalize=1.666ms
[labev] t=455400.287 ev.propose=0.002ms
[labev] t=455400.298 ev.verify=11.285ms
[labev] t=455400.300 ev.finalize=1.784ms
[labev] t=455400.300 ev.propose=0.002ms
[labev] t=455400.311 ev.verify=11.355ms
[labev] t=455400.313 ev.finalize=1.788ms
[labev] t=455400.313 ev.propose=0.002ms
[labev] t=455400.324 ev.verify=11.226ms
[labev] t=455400.326 ev.finalize=1.690ms
[labev] t=455400.326 ev.propose=0.002ms
[labev] t=455400.338 ev.verify=11.325ms
[labev] t=455400.339 ev.finalize=1.724ms
[labev] t=455400.339 ev.propose=0.002ms
[labev] t=455400.351 ev.verify=11.159ms
[labev] t=455400.353 ev.finalize=2.252ms
[labev] t=455400.353 ev.propose=0.002ms
[labev] t=455400.364 ev.verify=11.187ms
[labev] t=455400.366 ev.finalize=1.729ms
[labev] t=455400.366 ev.propose=0.002ms
[labev] t=455400.377 ev.verify=11.293ms
[labev] t=455400.379 ev.finalize=1.598ms
[labev] t=455400.379 ev.propose=0.002ms
[labev] t=455400.390 ev.verify=11.288ms
[labev] t=455400.392 ev.finalize=1.685ms
[labev] t=455400.392 ev.propose=0.002ms
[labev] t=455400.404 ev.verify=11.296ms
[labev] t=455400.405 ev.finalize=1.710ms
[labev] t=455400.405 ev.propose=0.002ms
[labev] t=455400.417 ev.verify=11.402ms
[labev] t=455400.419 ev.finalize=1.690ms
[labev] t=455400.419 ev.propose=0.002ms
[labev] t=455400.430 ev.verify=11.325ms
[labev] t=455400.432 ev.finalize=1.593ms
[labev] t=455400.432 ev.propose=0.002ms
[labev] t=455400.443 ev.verify=11.171ms
[labev] t=455400.445 ev.finalize=1.687ms
[labev] t=455400.445 ev.propose=0.002ms
[labev] t=455400.456 ev.verify=11.249ms
[labev] t=455400.458 ev.finalize=1.702ms
[labev] t=455400.459 req.start s1-p4096-o512-b4-r0=0.000ms
[labev] t=455400.459 req.handle=0.012ms
[labev] t=455400.479 tok.prepare=19.889ms
event=batching_admitted action=scheduler_admitted
[labev] t=455400.733 chunk.ord.total=253.814ms
[labev] t=455400.985 chunk.ord.total=251.562ms
[labev] t=455401.241 chunk.ord.total=255.793ms
[labev] t=455401.499 chunk.ord.total=257.683ms
[labev] t=455401.759 chunk.ord.total=260.222ms
[labev] t=455402.021 chunk.ord.total=261.765ms
[labev] t=455402.287 chunk.ord.total=266.488ms
[labev] t=455402.594 chunk.ord.total=306.580ms
[labev] t=455402.594 req.firsttoken s1-p4096-o512-b4-r0=2134.820ms
[labev] t=455402.730 ev.decode.rows1.cap0=135.982ms
[labev] t=455402.866 ev.decode.rows1.cap0=135.623ms
[labev] t=455403.002 ev.decode.rows1.cap0=135.751ms
[labev] t=455403.138 ev.decode.rows1.cap0=135.759ms
[labev] t=455403.273 ev.decode.rows1.cap0=135.508ms
[labev] t=455403.409 ev.decode.rows1.cap0=135.551ms
[labev] t=455403.545 ev.decode.rows1.cap0=135.872ms
[labev] t=455403.681 ev.decode.rows1.cap0=135.700ms
[labev] t=455403.816 ev.decode.rows1.cap0=135.710ms
[labev] t=455403.952 ev.decode.rows1.cap0=135.724ms
[labev] t=455404.088 ev.decode.rows1.cap0=135.551ms
[labev] t=455404.224 ev.decode.rows1.cap0=135.851ms
[labev] t=455404.360 ev.decode.rows1.cap0=135.752ms
[labev] t=455404.496 ev.decode.rows1.cap0=135.765ms
[labev] t=455404.632 ev.decode.rows1.cap0=135.924ms
[labev] t=455404.767 ev.decode.rows1.cap0=135.530ms
[labev] t=455404.903 ev.decode.rows1.cap0=135.982ms
[labev] t=455405.040 ev.decode.rows1.cap0=136.198ms
[labev] t=455405.176 ev.decode.rows1.cap0=136.206ms
[labev] t=455405.312 ev.decode.rows1.cap0=136.007ms
[labev] t=455405.448 ev.decode.rows1.cap0=135.897ms
[labev] t=455405.584 ev.decode.rows1.cap0=136.112ms
[labev] t=455405.720 ev.decode.rows1.cap0=135.962ms
[labev] t=455405.856 ev.decode.rows1.cap0=136.139ms
[labev] t=455405.992 ev.decode.rows1.cap0=135.930ms
[labev] t=455406.128 ev.decode.rows1.cap0=135.836ms
[labev] t=455406.265 ev.decode.rows1.cap0=136.470ms
[labev] t=455406.401 ev.decode.rows1.cap0=135.444ms
[labev] t=455406.536 ev.decode.rows1.cap0=135.560ms
[labev] t=455406.672 ev.decode.rows1.cap0=135.846ms
[labev] t=455406.808 ev.decode.rows1.cap0=136.169ms
[labev] t=455406.936 ev.decode.rows1.cap0=127.489ms
[labev] t=455410.393 req.start s1-p4096-o512-b5-r0=0.000ms
[labev] t=455410.393 req.handle=0.040ms
[labev] t=455410.413 tok.prepare=20.011ms
event=batching_admitted action=scheduler_admitted
[labprof] d0.performDecode.call=135.579ms/n32 f0.finalize.total=1.686ms/n557 f1.finalize.build=0.508ms/n557 f2.finalize.eval=1.139ms/n557 fc.finalize.call=1.690ms/n557 o1.ord.build=1.167ms/n511 o2.ord.eval=7.295ms/n511 p0.propose=0.002ms/n557 r0.round.interval=13.156ms/n555 s1.native.prefill.target=63.084ms/n10 s1.ord.prefill.target=40.199ms/n8 s2.native.prefill.drafter+eval=218.714ms/n9 s2.ord.prefill.eval=224.038ms/n8 s9.native.prefill.chunk.total=288.134ms/n10 s9.ord.prefill.chunk.total=264.267ms/n8 v0.verify.call=11.305ms/n557 v1.verify.build=0.856ms/n557 v2.verify.eval=10.338ms/n557
[labev] t=455410.735 chunk.native.total=321.147ms
[labev] t=455411.001 chunk.native.total=266.065ms
[labev] t=455411.271 chunk.native.total=270.024ms
[labev] t=455411.544 chunk.native.total=272.729ms
[labev] t=455411.821 chunk.native.total=277.181ms
[labev] t=455412.100 chunk.native.total=278.585ms
[labev] t=455412.382 chunk.native.total=282.274ms
[labev] t=455412.698 chunk.native.total=315.593ms
[labev] t=455412.698 req.firsttoken s1-p4096-o512-b5-r0=2304.629ms
[labev] t=455412.698 ev.propose=0.003ms
[labev] t=455412.710 ev.verify=12.111ms
[labev] t=455412.712 ev.finalize=1.657ms
[labev] t=455412.712 ev.propose=0.088ms
[labev] t=455412.723 ev.verify=11.472ms
[labev] t=455412.725 ev.finalize=1.682ms
[labev] t=455412.725 ev.propose=0.050ms
[labev] t=455412.737 ev.verify=11.364ms
[labev] t=455412.738 ev.finalize=1.690ms
[labev] t=455412.738 ev.propose=0.048ms
[labev] t=455412.750 ev.verify=11.111ms
[labev] t=455412.751 ev.finalize=1.701ms
[labev] t=455412.751 ev.propose=0.070ms
[labev] t=455412.763 ev.verify=11.227ms
[labev] t=455412.764 ev.finalize=1.666ms
[labev] t=455412.765 ev.propose=0.067ms
[labev] t=455412.776 ev.verify=11.278ms
[labev] t=455412.778 ev.finalize=1.631ms
[labev] t=455412.778 ev.propose=0.054ms
[labev] t=455412.789 ev.verify=11.473ms
[labev] t=455412.791 ev.finalize=1.673ms
[labev] t=455412.791 ev.propose=0.059ms
[labev] t=455412.802 ev.verify=11.358ms
[labev] t=455412.804 ev.finalize=1.653ms
[labev] t=455412.804 ev.propose=0.064ms
[labev] t=455412.815 ev.verify=11.031ms
[labev] t=455412.818 ev.finalize=2.328ms
[labev] t=455412.818 ev.propose=0.063ms
[labev] t=455412.829 ev.verify=11.315ms
[labev] t=455412.831 ev.finalize=1.728ms
[labev] t=455412.831 ev.propose=0.069ms
[labev] t=455412.842 ev.verify=11.216ms
[labev] t=455412.844 ev.finalize=1.689ms
[labev] t=455412.844 ev.propose=0.058ms
[labev] t=455412.856 ev.verify=11.212ms
[labev] t=455412.857 ev.finalize=1.551ms
[labev] t=455412.857 ev.propose=0.056ms
[labev] t=455412.869 ev.verify=11.188ms
[labev] t=455412.870 ev.finalize=1.542ms
[labev] t=455412.870 ev.propose=0.065ms
[labev] t=455412.882 ev.verify=11.174ms
[labev] t=455412.883 ev.finalize=1.652ms
[labev] t=455412.883 ev.propose=0.002ms
[labev] t=455412.895 ev.verify=11.307ms
[labev] t=455412.896 ev.finalize=1.564ms
[labev] t=455412.896 ev.propose=0.057ms
[labev] t=455412.908 ev.verify=11.220ms
[labev] t=455412.909 ev.finalize=1.734ms
[labev] t=455412.910 ev.propose=0.002ms
[labev] t=455412.921 ev.verify=11.190ms
[labev] t=455412.922 ev.finalize=1.639ms
[labev] t=455412.922 ev.propose=0.002ms
[labev] t=455412.934 ev.verify=11.136ms
[labev] t=455412.935 ev.finalize=1.645ms
[labev] t=455412.935 ev.propose=0.002ms
[labev] t=455412.947 ev.verify=11.244ms
[labev] t=455412.948 ev.finalize=1.697ms
[labev] t=455412.949 ev.propose=0.068ms
[labev] t=455412.960 ev.verify=11.171ms
[labev] t=455412.962 ev.finalize=1.694ms
[labev] t=455412.962 ev.propose=0.002ms
[labev] t=455412.973 ev.verify=11.168ms
[labev] t=455412.975 ev.finalize=1.671ms
[labev] t=455412.975 ev.propose=0.002ms
[labev] t=455412.986 ev.verify=11.317ms
[labev] t=455412.988 ev.finalize=1.656ms
[labev] t=455412.988 ev.propose=0.002ms
[labev] t=455412.999 ev.verify=11.398ms
[labev] t=455413.001 ev.finalize=1.659ms
[labev] t=455413.001 ev.propose=0.002ms
[labev] t=455413.012 ev.verify=11.200ms
[labev] t=455413.014 ev.finalize=1.702ms
[labev] t=455413.014 ev.propose=0.002ms
[labev] t=455413.025 ev.verify=11.254ms
[labev] t=455413.027 ev.finalize=1.685ms
[labev] t=455413.027 ev.propose=0.002ms
[labev] t=455413.038 ev.verify=11.294ms
[labev] t=455413.041 ev.finalize=2.304ms
[labev] t=455413.041 ev.propose=0.002ms
[labev] t=455413.052 ev.verify=11.341ms
[labev] t=455413.054 ev.finalize=1.664ms
[labev] t=455413.054 ev.propose=0.002ms
[labev] t=455413.065 ev.verify=11.288ms
[labev] t=455413.067 ev.finalize=1.673ms
[labev] t=455413.067 ev.propose=0.002ms
[labev] t=455413.079 ev.verify=11.310ms
[labev] t=455413.080 ev.finalize=1.674ms
[labev] t=455413.080 ev.propose=0.002ms
[labev] t=455413.092 ev.verify=11.187ms
[labev] t=455413.093 ev.finalize=1.651ms
[labev] t=455413.093 ev.propose=0.002ms
[labev] t=455413.105 ev.verify=11.168ms
[labev] t=455413.106 ev.finalize=1.735ms
[labev] t=455413.106 ev.propose=0.002ms
[labev] t=455413.118 ev.verify=11.200ms
[labev] t=455413.119 ev.finalize=1.654ms
[labev] t=455413.119 ev.propose=0.002ms
[labev] t=455413.131 ev.verify=11.193ms
[labev] t=455413.132 ev.finalize=1.640ms
[labev] t=455413.132 ev.propose=0.002ms
[labev] t=455413.144 ev.verify=11.287ms
[labev] t=455413.145 ev.finalize=1.667ms
[labev] t=455413.146 ev.propose=0.002ms
[labev] t=455413.157 ev.verify=11.141ms
[labev] t=455413.158 ev.finalize=1.666ms
[labev] t=455413.159 ev.propose=0.002ms
[labev] t=455413.170 ev.verify=11.135ms
[labev] t=455413.171 ev.finalize=1.627ms
[labev] t=455413.171 ev.propose=0.002ms
[labev] t=455413.183 ev.verify=11.435ms
[labev] t=455413.185 ev.finalize=1.744ms
[labev] t=455413.185 ev.propose=0.002ms
[labev] t=455413.196 ev.verify=11.368ms
[labev] t=455413.198 ev.finalize=1.644ms
[labev] t=455413.198 ev.propose=0.002ms
[labev] t=455413.209 ev.verify=11.171ms
[labev] t=455413.211 ev.finalize=1.679ms
[labev] t=455413.211 ev.propose=0.002ms
[labev] t=455413.222 ev.verify=11.051ms
[labev] t=455413.224 ev.finalize=1.672ms
[labev] t=455413.224 ev.propose=0.002ms
[labev] t=455413.235 ev.verify=11.166ms
[labev] t=455413.237 ev.finalize=1.674ms
[labev] t=455413.237 ev.propose=0.002ms
[labev] t=455413.248 ev.verify=11.345ms
[labev] t=455413.251 ev.finalize=2.334ms
[labev] t=455413.251 ev.propose=0.002ms
[labev] t=455413.262 ev.verify=11.389ms
[labev] t=455413.264 ev.finalize=1.687ms
[labev] t=455413.264 ev.propose=0.002ms
[labev] t=455413.275 ev.verify=11.267ms
[labev] t=455413.277 ev.finalize=1.635ms
[labev] t=455413.277 ev.propose=0.002ms
[labev] t=455413.288 ev.verify=11.067ms
[labev] t=455413.290 ev.finalize=1.654ms
[labev] t=455413.290 ev.propose=0.002ms
[labev] t=455413.301 ev.verify=11.082ms
[labev] t=455413.303 ev.finalize=1.690ms
[labev] t=455413.303 ev.propose=0.002ms
[labev] t=455413.314 ev.verify=11.261ms
[labev] t=455413.316 ev.finalize=1.718ms
[labev] t=455413.316 ev.propose=0.002ms
[labev] t=455413.327 ev.verify=11.183ms
[labev] t=455413.329 ev.finalize=1.703ms
[labev] t=455413.329 ev.propose=0.002ms
[labev] t=455413.340 ev.verify=11.322ms
[labev] t=455413.342 ev.finalize=1.640ms
[labev] t=455413.342 ev.propose=0.002ms
[labev] t=455413.353 ev.verify=11.199ms
[labev] t=455413.355 ev.finalize=1.680ms
[labev] t=455413.355 ev.propose=0.002ms
[labev] t=455413.366 ev.verify=11.211ms
[labev] t=455413.368 ev.finalize=1.571ms
[labev] t=455413.368 ev.propose=0.001ms
[labev] t=455413.379 ev.verify=11.160ms
[labev] t=455413.381 ev.finalize=1.678ms
[labev] t=455413.381 ev.propose=0.002ms
[labev] t=455413.392 ev.verify=11.295ms
[labev] t=455413.394 ev.finalize=1.644ms
[labev] t=455413.394 ev.propose=0.002ms
[labev] t=455413.405 ev.verify=11.215ms
[labev] t=455413.407 ev.finalize=1.683ms
[labev] t=455413.407 ev.propose=0.002ms
[labev] t=455413.418 ev.verify=11.239ms
[labev] t=455413.420 ev.finalize=1.650ms
[labev] t=455413.420 ev.propose=0.002ms
[labev] t=455413.432 ev.verify=11.216ms
[labev] t=455413.433 ev.finalize=1.664ms
[labev] t=455413.433 ev.propose=0.002ms
[labev] t=455413.445 ev.verify=11.173ms
[labev] t=455413.446 ev.finalize=1.753ms
[labev] t=455413.446 ev.propose=0.002ms
[labev] t=455413.458 ev.verify=11.249ms
[labev] t=455413.460 ev.finalize=1.864ms
[labev] t=455413.460 ev.propose=0.002ms
[labev] t=455413.471 ev.verify=11.220ms
[labev] t=455413.473 ev.finalize=2.409ms
[labev] t=455413.474 ev.propose=0.002ms
[labev] t=455413.485 ev.verify=11.173ms
[labev] t=455413.486 ev.finalize=1.675ms
[labev] t=455413.487 ev.propose=0.002ms
[labev] t=455413.498 ev.verify=11.266ms
[labev] t=455413.500 ev.finalize=1.719ms
[labev] t=455413.500 ev.propose=0.002ms
[labev] t=455413.511 ev.verify=10.930ms
[labev] t=455413.512 ev.finalize=1.624ms
[labev] t=455413.512 ev.propose=0.002ms
[labev] t=455413.524 ev.verify=11.332ms
[labev] t=455413.525 ev.finalize=1.647ms
[labev] t=455413.526 ev.propose=0.002ms
[labev] t=455413.537 ev.verify=11.075ms
[labev] t=455413.538 ev.finalize=1.663ms
[labev] t=455413.538 ev.propose=0.002ms
[labev] t=455413.550 ev.verify=11.214ms
[labev] t=455413.551 ev.finalize=1.653ms
[labev] t=455413.551 ev.propose=0.002ms
[labev] t=455413.563 ev.verify=11.209ms
[labev] t=455413.564 ev.finalize=1.678ms
[labev] t=455413.564 ev.propose=0.002ms
[labev] t=455413.576 ev.verify=11.140ms
[labev] t=455413.577 ev.finalize=1.616ms
[labev] t=455413.577 ev.propose=0.002ms
[labev] t=455413.589 ev.verify=11.342ms
[labev] t=455413.590 ev.finalize=1.648ms
[labev] t=455413.591 ev.propose=0.002ms
[labev] t=455413.602 ev.verify=11.401ms
[labev] t=455413.604 ev.finalize=1.548ms
[labev] t=455413.604 ev.propose=0.002ms
[labev] t=455413.615 ev.verify=11.161ms
[labev] t=455413.617 ev.finalize=1.676ms
[labev] t=455413.617 ev.propose=0.002ms
[labev] t=455413.628 ev.verify=11.334ms
[labev] t=455413.630 ev.finalize=1.638ms
[labev] t=455413.630 ev.propose=0.001ms
[labev] t=455413.641 ev.verify=11.146ms
[labev] t=455413.643 ev.finalize=1.681ms
[labev] t=455413.643 ev.propose=0.001ms
[labev] t=455413.654 ev.verify=11.229ms
[labev] t=455413.656 ev.finalize=1.653ms
[labev] t=455413.656 ev.propose=0.002ms
[labev] t=455413.667 ev.verify=11.455ms
[labev] t=455413.669 ev.finalize=1.627ms
[labev] t=455413.669 ev.propose=0.002ms
[labev] t=455413.680 ev.verify=11.405ms
[labev] t=455413.682 ev.finalize=1.535ms
[labev] t=455413.682 ev.propose=0.002ms
[labev] t=455413.693 ev.verify=11.273ms
[labev] t=455413.695 ev.finalize=1.633ms
[labev] t=455413.695 ev.propose=0.002ms
[labev] t=455413.706 ev.verify=11.125ms
[labev] t=455413.713 ev.finalize=6.437ms
[labev] t=455413.713 ev.propose=0.002ms
[labev] t=455413.724 ev.verify=11.331ms
[labev] t=455413.726 ev.finalize=1.686ms
[labev] t=455413.726 ev.propose=0.002ms
[labev] t=455413.737 ev.verify=11.238ms
[labev] t=455413.739 ev.finalize=1.671ms
[labev] t=455413.739 ev.propose=0.002ms
[labev] t=455413.750 ev.verify=11.238ms
[labev] t=455413.752 ev.finalize=1.612ms
[labev] t=455413.752 ev.propose=0.002ms
[labev] t=455413.763 ev.verify=11.175ms
[labev] t=455413.765 ev.finalize=1.633ms
[labev] t=455413.765 ev.propose=0.002ms
[labev] t=455413.776 ev.verify=11.140ms
[labev] t=455413.778 ev.finalize=1.663ms
[labev] t=455413.778 ev.propose=0.002ms
[labev] t=455413.789 ev.verify=11.286ms
[labev] t=455413.791 ev.finalize=1.691ms
[labev] t=455413.791 ev.propose=0.002ms
[labev] t=455413.803 ev.verify=11.337ms
[labev] t=455413.804 ev.finalize=1.677ms
[labev] t=455413.804 ev.propose=0.002ms
[labev] t=455413.816 ev.verify=11.273ms
[labev] t=455413.817 ev.finalize=1.554ms
[labev] t=455413.817 ev.propose=0.002ms
[labev] t=455413.829 ev.verify=11.278ms
[labev] t=455413.830 ev.finalize=1.676ms
[labev] t=455413.831 ev.propose=0.002ms
[labev] t=455413.842 ev.verify=11.340ms
[labev] t=455413.844 ev.finalize=1.671ms
[labev] t=455413.844 ev.propose=0.002ms
[labev] t=455413.855 ev.verify=11.298ms
[labev] t=455413.857 ev.finalize=1.630ms
[labev] t=455413.857 ev.propose=0.001ms
[labev] t=455413.868 ev.verify=11.203ms
[labev] t=455413.870 ev.finalize=1.778ms
[labev] t=455413.870 ev.propose=0.002ms
[labev] t=455413.881 ev.verify=11.197ms
[labev] t=455413.883 ev.finalize=1.635ms
[labev] t=455413.883 ev.propose=0.002ms
[labev] t=455413.894 ev.verify=11.371ms
[labev] t=455413.896 ev.finalize=1.636ms
[labev] t=455413.896 ev.propose=0.002ms
[labev] t=455413.907 ev.verify=11.357ms
[labev] t=455413.909 ev.finalize=1.621ms
[labev] t=455413.909 ev.propose=0.002ms
[labev] t=455413.920 ev.verify=11.200ms
[labev] t=455413.923 ev.finalize=2.360ms
[labev] t=455413.923 ev.propose=0.002ms
[labev] t=455413.934 ev.verify=11.322ms
[labev] t=455413.936 ev.finalize=1.705ms
[labev] t=455413.936 ev.propose=0.002ms
[labev] t=455413.948 ev.verify=11.403ms
[labev] t=455413.949 ev.finalize=1.642ms
[labev] t=455413.949 ev.propose=0.002ms
[labev] t=455413.961 ev.verify=11.120ms
[labev] t=455413.962 ev.finalize=1.639ms
[labev] t=455413.962 ev.propose=0.002ms
[labev] t=455413.974 ev.verify=11.373ms
[labev] t=455413.975 ev.finalize=1.688ms
[labev] t=455413.976 ev.propose=0.002ms
[labev] t=455413.987 ev.verify=11.253ms
[labev] t=455413.989 ev.finalize=1.664ms
[labev] t=455413.989 ev.propose=0.002ms
[labev] t=455414.000 ev.verify=11.416ms
[labev] t=455414.002 ev.finalize=1.681ms
[labev] t=455414.002 ev.propose=0.002ms
[labev] t=455414.013 ev.verify=11.211ms
[labev] t=455414.015 ev.finalize=1.636ms
[labev] t=455414.015 ev.propose=0.002ms
[labev] t=455414.026 ev.verify=11.169ms
[labev] t=455414.028 ev.finalize=1.673ms
[labev] t=455414.028 ev.propose=0.002ms
[labev] t=455414.039 ev.verify=11.297ms
[labev] t=455414.041 ev.finalize=1.645ms
[labev] t=455414.041 ev.propose=0.002ms
[labev] t=455414.052 ev.verify=11.367ms
[labev] t=455414.054 ev.finalize=1.654ms
[labev] t=455414.054 ev.propose=0.002ms
[labev] t=455414.065 ev.verify=11.054ms
[labev] t=455414.067 ev.finalize=1.668ms
[labev] t=455414.067 ev.propose=0.002ms
[labev] t=455414.078 ev.verify=11.184ms
[labev] t=455414.080 ev.finalize=1.669ms
[labev] t=455414.080 ev.propose=0.002ms
[labev] t=455414.091 ev.verify=11.242ms
[labev] t=455414.093 ev.finalize=1.628ms
[labev] t=455414.093 ev.propose=0.002ms
[labev] t=455414.105 ev.verify=11.370ms
[labev] t=455414.106 ev.finalize=1.622ms
[labev] t=455414.106 ev.propose=0.002ms
[labev] t=455414.118 ev.verify=11.415ms
[labev] t=455414.119 ev.finalize=1.706ms
[labev] t=455414.120 ev.propose=0.002ms
[labev] t=455414.131 ev.verify=11.385ms
[labev] t=455414.133 ev.finalize=2.265ms
[labev] t=455414.133 ev.propose=0.002ms
[labev] t=455414.145 ev.verify=11.309ms
[labev] t=455414.146 ev.finalize=1.718ms
[labev] t=455414.147 ev.propose=0.002ms
[labev] t=455414.158 ev.verify=11.193ms
[labev] t=455414.159 ev.finalize=1.662ms
[labev] t=455414.160 ev.propose=0.002ms
[labev] t=455414.171 ev.verify=11.395ms
[labev] t=455414.173 ev.finalize=1.634ms
[labev] t=455414.173 ev.propose=0.002ms
[labev] t=455414.184 ev.verify=11.289ms
[labev] t=455414.186 ev.finalize=1.675ms
[labev] t=455414.186 ev.propose=0.002ms
[labev] t=455414.197 ev.verify=11.189ms
[labev] t=455414.199 ev.finalize=1.644ms
[labev] t=455414.199 ev.propose=0.002ms
[labev] t=455414.210 ev.verify=11.266ms
[labev] t=455414.212 ev.finalize=1.661ms
[labev] t=455414.212 ev.propose=0.002ms
[labev] t=455414.223 ev.verify=11.274ms
[labev] t=455414.225 ev.finalize=1.657ms
[labev] t=455414.225 ev.propose=0.002ms
[labev] t=455414.237 ev.verify=11.474ms
[labev] t=455414.238 ev.finalize=1.660ms
[labev] t=455414.238 ev.propose=0.002ms
[labev] t=455414.250 ev.verify=11.160ms
[labev] t=455414.251 ev.finalize=1.666ms
[labev] t=455414.251 ev.propose=0.002ms
[labev] t=455414.263 ev.verify=11.296ms
[labev] t=455414.264 ev.finalize=1.639ms
[labev] t=455414.264 ev.propose=0.002ms
[labev] t=455414.276 ev.verify=11.211ms
[labev] t=455414.277 ev.finalize=1.631ms
[labev] t=455414.277 ev.propose=0.002ms
[labev] t=455414.289 ev.verify=11.241ms
[labev] t=455414.290 ev.finalize=1.631ms
[labev] t=455414.291 ev.propose=0.002ms
[labev] t=455414.302 ev.verify=11.239ms
[labev] t=455414.304 ev.finalize=1.701ms
[labev] t=455414.304 ev.propose=0.002ms
[labev] t=455414.315 ev.verify=11.368ms
[labev] t=455414.317 ev.finalize=1.660ms
[labev] t=455414.317 ev.propose=0.002ms
[labev] t=455414.328 ev.verify=11.442ms
[labev] t=455414.330 ev.finalize=1.676ms
[labev] t=455414.330 ev.propose=0.002ms
[labev] t=455414.341 ev.verify=11.213ms
[labev] t=455414.344 ev.finalize=2.281ms
[labev] t=455414.344 ev.propose=0.002ms
[labev] t=455414.355 ev.verify=11.213ms
[labev] t=455414.357 ev.finalize=1.621ms
[labev] t=455414.357 ev.propose=0.002ms
[labev] t=455414.368 ev.verify=11.212ms
[labev] t=455414.370 ev.finalize=1.647ms
[labev] t=455414.370 ev.propose=0.002ms
[labev] t=455414.381 ev.verify=11.475ms
[labev] t=455414.383 ev.finalize=1.629ms
[labev] t=455414.383 ev.propose=0.001ms
[labev] t=455414.394 ev.verify=11.402ms
[labev] t=455414.396 ev.finalize=1.673ms
[labev] t=455414.396 ev.propose=0.001ms
[labev] t=455414.408 ev.verify=11.331ms
[labev] t=455414.409 ev.finalize=1.629ms
[labev] t=455414.409 ev.propose=0.001ms
[labev] t=455414.421 ev.verify=11.487ms
[labev] t=455414.423 ev.finalize=1.629ms
[labev] t=455414.423 ev.propose=0.002ms
[labev] t=455414.434 ev.verify=11.400ms
[labev] t=455414.436 ev.finalize=1.708ms
[labev] t=455414.436 ev.propose=0.002ms
[labev] t=455414.447 ev.verify=11.401ms
[labev] t=455414.449 ev.finalize=1.639ms
[labev] t=455414.449 ev.propose=0.002ms
[labev] t=455414.461 ev.verify=11.361ms
[labev] t=455414.462 ev.finalize=1.636ms
[labev] t=455414.462 ev.propose=0.002ms
[labev] t=455414.474 ev.verify=11.390ms
[labev] t=455414.475 ev.finalize=1.650ms
[labev] t=455414.476 ev.propose=0.002ms
[labev] t=455414.487 ev.verify=11.345ms
[labev] t=455414.489 ev.finalize=1.638ms
[labev] t=455414.489 ev.propose=0.002ms
[labev] t=455414.500 ev.verify=11.451ms
[labev] t=455414.502 ev.finalize=1.635ms
[labev] t=455414.502 ev.propose=0.002ms
[labev] t=455414.513 ev.verify=11.190ms
[labev] t=455414.515 ev.finalize=1.641ms
[labev] t=455414.515 ev.propose=0.002ms
[labev] t=455414.526 ev.verify=11.416ms
[labev] t=455414.528 ev.finalize=1.666ms
[labev] t=455414.528 ev.propose=0.002ms
[labev] t=455414.540 ev.verify=11.391ms
[labev] t=455414.541 ev.finalize=1.650ms
[labev] t=455414.541 ev.propose=0.002ms
[labev] t=455414.553 ev.verify=11.436ms
[labev] t=455414.555 ev.finalize=2.340ms
[labev] t=455414.555 ev.propose=0.002ms
[labev] t=455414.567 ev.verify=11.253ms
[labev] t=455414.568 ev.finalize=1.692ms
[labev] t=455414.568 ev.propose=0.002ms
[labev] t=455414.580 ev.verify=11.508ms
[labev] t=455414.582 ev.finalize=1.639ms
[labev] t=455414.582 ev.propose=0.002ms
[labev] t=455414.593 ev.verify=11.319ms
[labev] t=455414.595 ev.finalize=1.653ms
[labev] t=455414.595 ev.propose=0.002ms
[labev] t=455414.606 ev.verify=11.405ms
[labev] t=455414.608 ev.finalize=1.642ms
[labev] t=455414.608 ev.propose=0.002ms
[labev] t=455414.619 ev.verify=11.321ms
[labev] t=455414.621 ev.finalize=1.548ms
[labev] t=455414.621 ev.propose=0.002ms
[labev] t=455414.632 ev.verify=11.253ms
[labev] t=455414.634 ev.finalize=1.552ms
[labev] t=455414.634 ev.propose=0.001ms
[labev] t=455414.645 ev.verify=11.325ms
[labev] t=455414.647 ev.finalize=1.607ms
[labev] t=455414.647 ev.propose=0.002ms
[labev] t=455414.659 ev.verify=11.329ms
[labev] t=455414.660 ev.finalize=1.646ms
[labev] t=455414.660 ev.propose=0.001ms
[labev] t=455414.672 ev.verify=11.289ms
[labev] t=455414.673 ev.finalize=1.663ms
[labev] t=455414.673 ev.propose=0.002ms
[labev] t=455414.685 ev.verify=11.397ms
[labev] t=455414.687 ev.finalize=1.664ms
[labev] t=455414.687 ev.propose=0.002ms
[labev] t=455414.698 ev.verify=11.310ms
[labev] t=455414.700 ev.finalize=1.545ms
[labev] t=455414.700 ev.propose=0.002ms
[labev] t=455414.711 ev.verify=11.227ms
[labev] t=455414.713 ev.finalize=1.660ms
[labev] t=455414.713 ev.propose=0.002ms
[labev] t=455414.724 ev.verify=11.227ms
[labev] t=455414.726 ev.finalize=1.642ms
[labev] t=455414.726 ev.propose=0.002ms
[labev] t=455414.737 ev.verify=11.480ms
[labev] t=455414.739 ev.finalize=1.553ms
[labev] t=455414.739 ev.propose=0.002ms
[labev] t=455414.750 ev.verify=11.362ms
[labev] t=455414.752 ev.finalize=1.646ms
[labev] t=455414.752 ev.propose=0.002ms
[labev] t=455414.763 ev.verify=11.284ms
[labev] t=455414.765 ev.finalize=1.620ms
[labev] t=455414.765 ev.propose=0.002ms
[labev] t=455414.776 ev.verify=11.356ms
[labev] t=455414.778 ev.finalize=1.678ms
[labev] t=455414.778 ev.propose=0.002ms
[labev] t=455414.790 ev.verify=11.518ms
[labev] t=455414.792 ev.finalize=2.367ms
[labev] t=455414.792 ev.propose=0.002ms
[labev] t=455414.804 ev.verify=11.351ms
[labev] t=455414.805 ev.finalize=1.668ms
[labev] t=455414.806 ev.propose=0.002ms
[labev] t=455414.817 ev.verify=11.172ms
[labev] t=455414.818 ev.finalize=1.652ms
[labev] t=455414.819 ev.propose=0.002ms
[labev] t=455414.830 ev.verify=11.295ms
[labev] t=455414.832 ev.finalize=1.637ms
[labev] t=455414.832 ev.propose=0.002ms
[labev] t=455414.843 ev.verify=11.196ms
[labev] t=455414.845 ev.finalize=1.687ms
[labev] t=455414.845 ev.propose=0.002ms
[labev] t=455414.856 ev.verify=11.396ms
[labev] t=455414.858 ev.finalize=1.652ms
[labev] t=455414.858 ev.propose=0.002ms
[labev] t=455414.869 ev.verify=11.295ms
[labev] t=455414.871 ev.finalize=1.631ms
[labev] t=455414.871 ev.propose=0.002ms
[labev] t=455414.882 ev.verify=11.150ms
[labev] t=455414.884 ev.finalize=1.621ms
[labev] t=455414.884 ev.propose=0.002ms
[labev] t=455414.895 ev.verify=11.358ms
[labev] t=455414.897 ev.finalize=1.567ms
[labev] t=455414.897 ev.propose=0.002ms
[labev] t=455414.908 ev.verify=11.260ms
[labev] t=455414.910 ev.finalize=1.580ms
[labev] t=455414.910 ev.propose=0.002ms
[labev] t=455414.922 ev.verify=11.479ms
[labev] t=455414.923 ev.finalize=1.686ms
[labev] t=455414.923 ev.propose=0.002ms
[labev] t=455414.935 ev.verify=11.524ms
[labev] t=455414.937 ev.finalize=1.653ms
[labev] t=455414.937 ev.propose=0.002ms
[labev] t=455414.948 ev.verify=11.506ms
[labev] t=455414.950 ev.finalize=1.668ms
[labev] t=455414.950 ev.propose=0.002ms
[labev] t=455414.961 ev.verify=11.411ms
[labev] t=455414.963 ev.finalize=1.647ms
[labev] t=455414.963 ev.propose=0.002ms
[labev] t=455414.975 ev.verify=11.224ms
[labev] t=455414.976 ev.finalize=1.666ms
[labev] t=455414.976 ev.propose=0.002ms
[labev] t=455414.988 ev.verify=11.256ms
[labev] t=455414.989 ev.finalize=1.617ms
[labev] t=455414.989 ev.propose=0.002ms
[labev] t=455415.001 ev.verify=11.296ms
[labev] t=455415.002 ev.finalize=1.635ms
[labev] t=455415.002 ev.propose=0.001ms
[labev] t=455415.014 ev.verify=11.291ms
[labev] t=455415.016 ev.finalize=2.292ms
[labev] t=455415.016 ev.propose=0.002ms
[labev] t=455415.028 ev.verify=11.277ms
[labev] t=455415.029 ev.finalize=1.685ms
[labev] t=455415.029 ev.propose=0.002ms
[labev] t=455415.041 ev.verify=11.433ms
[labev] t=455415.043 ev.finalize=1.783ms
[labev] t=455415.043 ev.propose=0.002ms
[labev] t=455415.054 ev.verify=11.455ms
[labev] t=455415.056 ev.finalize=1.689ms
[labev] t=455415.056 ev.propose=0.002ms
[labev] t=455415.067 ev.verify=11.126ms
[labev] t=455415.069 ev.finalize=1.671ms
[labev] t=455415.069 ev.propose=0.002ms
[labev] t=455415.080 ev.verify=11.474ms
[labev] t=455415.082 ev.finalize=1.686ms
[labev] t=455415.082 ev.propose=0.002ms
[labev] t=455415.094 ev.verify=11.348ms
[labev] t=455415.095 ev.finalize=1.669ms
[labev] t=455415.095 ev.propose=0.002ms
[labev] t=455415.107 ev.verify=11.435ms
[labev] t=455415.109 ev.finalize=1.688ms
[labev] t=455415.109 ev.propose=0.002ms
[labev] t=455415.120 ev.verify=11.365ms
[labev] t=455415.122 ev.finalize=1.677ms
[labev] t=455415.122 ev.propose=0.002ms
[labev] t=455415.133 ev.verify=11.279ms
[labev] t=455415.135 ev.finalize=1.541ms
[labev] t=455415.135 ev.propose=0.002ms
[labev] t=455415.146 ev.verify=11.128ms
[labev] t=455415.148 ev.finalize=1.665ms
[labev] t=455415.148 ev.propose=0.002ms
[labev] t=455415.159 ev.verify=11.365ms
[labev] t=455415.161 ev.finalize=1.561ms
[labev] t=455415.161 ev.propose=0.002ms
[labev] t=455415.172 ev.verify=11.307ms
[labev] t=455415.174 ev.finalize=1.711ms
[labev] t=455415.174 ev.propose=0.002ms
[labev] t=455415.186 ev.verify=11.434ms
[labev] t=455415.187 ev.finalize=1.590ms
[labev] t=455415.187 ev.propose=0.002ms
[labev] t=455415.199 ev.verify=11.525ms
[labev] t=455415.201 ev.finalize=1.650ms
[labev] t=455415.201 ev.propose=0.002ms
[labev] t=455415.212 ev.verify=11.412ms
[labev] t=455415.214 ev.finalize=1.660ms
[labev] t=455415.214 ev.propose=0.002ms
[labev] t=455415.225 ev.verify=11.304ms
[labev] t=455415.227 ev.finalize=1.553ms
[labev] t=455415.227 ev.propose=0.002ms
[labev] t=455415.238 ev.verify=11.251ms
[labev] t=455415.240 ev.finalize=1.624ms
[labev] t=455415.240 ev.propose=0.002ms
[labev] t=455415.251 ev.verify=11.123ms
[labev] t=455415.253 ev.finalize=1.579ms
[labev] t=455415.253 ev.propose=0.002ms
[labev] t=455415.264 ev.verify=11.211ms
[labev] t=455415.266 ev.finalize=2.229ms
[labev] t=455415.266 ev.propose=0.002ms
[labev] t=455415.278 ev.verify=11.225ms
[labev] t=455415.279 ev.finalize=1.635ms
[labev] t=455415.280 ev.propose=0.002ms
[labev] t=455415.291 ev.verify=11.410ms
[labev] t=455415.293 ev.finalize=1.669ms
[labev] t=455415.293 ev.propose=0.002ms
[labev] t=455415.304 ev.verify=11.364ms
[labev] t=455415.306 ev.finalize=1.681ms
[labev] t=455415.306 ev.propose=0.002ms
[labev] t=455415.317 ev.verify=11.324ms
[labev] t=455415.319 ev.finalize=1.638ms
[labev] t=455415.319 ev.propose=0.002ms
[labev] t=455415.330 ev.verify=11.222ms
[labev] t=455415.332 ev.finalize=1.561ms
[labev] t=455415.332 ev.propose=0.002ms
[labev] t=455415.343 ev.verify=11.027ms
[labev] t=455415.345 ev.finalize=1.671ms
[labev] t=455415.345 ev.propose=0.002ms
[labev] t=455415.356 ev.verify=11.269ms
[labev] t=455415.358 ev.finalize=1.706ms
[labev] t=455415.358 ev.propose=0.002ms
[labev] t=455415.369 ev.verify=11.308ms
[labev] t=455415.371 ev.finalize=1.671ms
[labev] t=455415.371 ev.propose=0.002ms
[labev] t=455415.383 ev.verify=11.388ms
[labev] t=455415.384 ev.finalize=1.696ms
[labev] t=455415.384 ev.propose=0.002ms
[labev] t=455415.396 ev.verify=11.533ms
[labev] t=455415.398 ev.finalize=1.651ms
[labev] t=455415.398 ev.propose=0.002ms
[labev] t=455415.409 ev.verify=11.475ms
[labev] t=455415.411 ev.finalize=1.725ms
[labev] t=455415.411 ev.propose=0.002ms
[labev] t=455415.423 ev.verify=11.390ms
[labev] t=455415.424 ev.finalize=1.693ms
[labev] t=455415.424 ev.propose=0.002ms
[labev] t=455415.436 ev.verify=11.218ms
[labev] t=455415.437 ev.finalize=1.673ms
[labev] t=455415.437 ev.propose=0.001ms
[labev] t=455415.449 ev.verify=11.358ms
[labev] t=455415.450 ev.finalize=1.565ms
[labev] t=455415.451 ev.propose=0.002ms
[labev] t=455415.462 ev.verify=11.070ms
[labev] t=455415.463 ev.finalize=1.516ms
[labev] t=455415.463 ev.propose=0.002ms
[labev] t=455415.474 ev.verify=11.196ms
[labev] t=455415.476 ev.finalize=1.631ms
[labev] t=455415.476 ev.propose=0.002ms
[labev] t=455415.488 ev.verify=11.228ms
[labev] t=455415.489 ev.finalize=1.726ms
[labev] t=455415.489 ev.propose=0.002ms
[labev] t=455415.501 ev.verify=11.472ms
[labev] t=455415.503 ev.finalize=2.373ms
[labev] t=455415.503 ev.propose=0.002ms
[labev] t=455415.515 ev.verify=11.501ms
[labev] t=455415.517 ev.finalize=1.708ms
[labev] t=455415.517 ev.propose=0.002ms
[labev] t=455415.528 ev.verify=11.352ms
[labev] t=455415.530 ev.finalize=1.641ms
[labev] t=455415.530 ev.propose=0.002ms
[labev] t=455415.541 ev.verify=11.459ms
[labev] t=455415.543 ev.finalize=1.547ms
[labev] t=455415.543 ev.propose=0.002ms
[labev] t=455415.555 ev.verify=11.508ms
[labev] t=455415.556 ev.finalize=1.680ms
[labev] t=455415.556 ev.propose=0.002ms
[labev] t=455415.568 ev.verify=11.137ms
[labev] t=455415.569 ev.finalize=1.647ms
[labev] t=455415.569 ev.propose=0.002ms
[labev] t=455415.581 ev.verify=11.414ms
[labev] t=455415.583 ev.finalize=1.670ms
[labev] t=455415.583 ev.propose=0.002ms
[labev] t=455415.594 ev.verify=11.378ms
[labev] t=455415.596 ev.finalize=1.691ms
[labev] t=455415.596 ev.propose=0.002ms
[labev] t=455415.607 ev.verify=11.424ms
[labev] t=455415.609 ev.finalize=1.662ms
[labev] t=455415.609 ev.propose=0.002ms
[labev] t=455415.621 ev.verify=11.384ms
[labev] t=455415.622 ev.finalize=1.544ms
[labev] t=455415.622 ev.propose=0.002ms
[labev] t=455415.634 ev.verify=11.379ms
[labev] t=455415.635 ev.finalize=1.675ms
[labev] t=455415.635 ev.propose=0.002ms
[labev] t=455415.647 ev.verify=11.450ms
[labev] t=455415.649 ev.finalize=1.725ms
[labev] t=455415.649 ev.propose=0.002ms
[labev] t=455415.660 ev.verify=11.294ms
[labev] t=455415.662 ev.finalize=1.650ms
[labev] t=455415.662 ev.propose=0.002ms
[labev] t=455415.673 ev.verify=11.327ms
[labev] t=455415.675 ev.finalize=1.700ms
[labev] t=455415.675 ev.propose=0.002ms
[labev] t=455415.686 ev.verify=11.302ms
[labev] t=455415.688 ev.finalize=1.535ms
[labev] t=455415.688 ev.propose=0.002ms
[labev] t=455415.699 ev.verify=11.326ms
[labev] t=455415.701 ev.finalize=1.575ms
[labev] t=455415.701 ev.propose=0.002ms
[labev] t=455415.712 ev.verify=11.214ms
[labev] t=455415.714 ev.finalize=1.674ms
[labev] t=455415.714 ev.propose=0.002ms
[labev] t=455415.725 ev.verify=11.201ms
[labev] t=455415.727 ev.finalize=1.677ms
[labev] t=455415.727 ev.propose=0.002ms
[labev] t=455415.739 ev.verify=11.372ms
[labev] t=455415.741 ev.finalize=2.349ms
[labev] t=455415.741 ev.propose=0.002ms
[labev] t=455415.752 ev.verify=11.212ms
[labev] t=455415.754 ev.finalize=1.681ms
[labev] t=455415.754 ev.propose=0.002ms
[labev] t=455415.766 ev.verify=11.368ms
[labev] t=455415.767 ev.finalize=1.709ms
[labev] t=455415.767 ev.propose=0.002ms
[labev] t=455415.779 ev.verify=11.362ms
[labev] t=455415.780 ev.finalize=1.664ms
[labev] t=455415.781 ev.propose=0.002ms
[labev] t=455415.792 ev.verify=11.480ms
[labev] t=455415.794 ev.finalize=1.679ms
[labev] t=455415.794 ev.propose=0.002ms
[labev] t=455415.805 ev.verify=11.293ms
[labev] t=455415.807 ev.finalize=1.656ms
[labev] t=455415.807 ev.propose=0.002ms
[labev] t=455415.818 ev.verify=11.406ms
[labev] t=455415.820 ev.finalize=1.669ms
[labev] t=455415.820 ev.propose=0.002ms
[labev] t=455415.832 ev.verify=11.505ms
[labev] t=455415.833 ev.finalize=1.685ms
[labev] t=455415.834 ev.propose=0.002ms
[labev] t=455415.845 ev.verify=11.138ms
[labev] t=455415.846 ev.finalize=1.648ms
[labev] t=455415.847 ev.propose=0.002ms
[labev] t=455415.858 ev.verify=11.307ms
[labev] t=455415.860 ev.finalize=1.670ms
[labev] t=455415.860 ev.propose=0.002ms
[labev] t=455415.871 ev.verify=11.311ms
[labev] t=455415.873 ev.finalize=1.893ms
[labev] t=455415.873 ev.propose=0.002ms
[labev] t=455415.884 ev.verify=11.225ms
[labev] t=455415.886 ev.finalize=1.685ms
[labev] t=455415.886 ev.propose=0.002ms
[labev] t=455415.897 ev.verify=11.271ms
[labev] t=455415.899 ev.finalize=1.646ms
[labev] t=455415.899 ev.propose=0.002ms
[labev] t=455415.911 ev.verify=11.379ms
[labev] t=455415.912 ev.finalize=1.703ms
[labev] t=455415.912 ev.propose=0.002ms
[labev] t=455415.924 ev.verify=11.559ms
[labev] t=455415.926 ev.finalize=1.667ms
[labev] t=455415.926 ev.propose=0.001ms
[labev] t=455415.937 ev.verify=11.315ms
[labev] t=455415.939 ev.finalize=1.715ms
[labev] t=455415.939 ev.propose=0.002ms
[labev] t=455415.950 ev.verify=11.314ms
[labev] t=455415.953 ev.finalize=2.364ms
[labev] t=455415.953 ev.propose=0.002ms
[labev] t=455415.964 ev.verify=11.312ms
[labev] t=455415.966 ev.finalize=1.707ms
[labev] t=455415.966 ev.propose=0.002ms
[labev] t=455415.977 ev.verify=11.344ms
[labev] t=455415.979 ev.finalize=1.537ms
[labev] t=455415.979 ev.propose=0.002ms
[labev] t=455415.990 ev.verify=11.398ms
[labev] t=455415.992 ev.finalize=1.706ms
[labev] t=455415.992 ev.propose=0.002ms
[labev] t=455416.004 ev.verify=11.440ms
[labev] t=455416.005 ev.finalize=1.635ms
[labev] t=455416.006 ev.propose=0.002ms
[labev] t=455416.017 ev.verify=11.480ms
[labev] t=455416.019 ev.finalize=1.635ms
[labev] t=455416.019 ev.propose=0.002ms
[labev] t=455416.030 ev.verify=11.174ms
[labev] t=455416.032 ev.finalize=1.531ms
[labev] t=455416.032 ev.propose=0.002ms
[labev] t=455416.043 ev.verify=11.300ms
[labev] t=455416.045 ev.finalize=1.742ms
[labev] t=455416.045 ev.propose=0.002ms
[labev] t=455416.056 ev.verify=11.220ms
[labev] t=455416.058 ev.finalize=1.713ms
[labev] t=455416.058 ev.propose=0.002ms
[labev] t=455416.069 ev.verify=11.331ms
[labev] t=455416.071 ev.finalize=1.691ms
[labev] t=455416.071 ev.propose=0.002ms
[labev] t=455416.083 ev.verify=11.453ms
[labev] t=455416.084 ev.finalize=1.696ms
[labev] t=455416.084 ev.propose=0.002ms
[labev] t=455416.096 ev.verify=11.515ms
[labev] t=455416.098 ev.finalize=1.691ms
[labev] t=455416.098 ev.propose=0.002ms
[labev] t=455416.109 ev.verify=11.374ms
[labev] t=455416.111 ev.finalize=1.717ms
[labev] t=455416.111 ev.propose=0.002ms
[labev] t=455416.122 ev.verify=11.339ms
[labev] t=455416.124 ev.finalize=1.535ms
[labev] t=455416.124 ev.propose=0.002ms
[labev] t=455416.136 ev.verify=11.414ms
[labev] t=455416.137 ev.finalize=1.662ms
[labev] t=455416.137 ev.propose=0.002ms
[labev] t=455416.149 ev.verify=11.463ms
[labev] t=455416.151 ev.finalize=1.663ms
[labev] t=455416.151 ev.propose=0.002ms
[labev] t=455416.162 ev.verify=11.333ms
[labev] t=455416.164 ev.finalize=1.539ms
[labev] t=455416.164 ev.propose=0.002ms
[labev] t=455416.175 ev.verify=11.579ms
[labev] t=455416.177 ev.finalize=1.667ms
[labev] t=455416.177 ev.propose=0.002ms
[labev] t=455416.189 ev.verify=11.571ms
[labev] t=455416.191 ev.finalize=2.098ms
[labev] t=455416.191 ev.propose=0.002ms
[labev] t=455416.202 ev.verify=11.559ms
[labev] t=455416.204 ev.finalize=1.700ms
[labev] t=455416.204 ev.propose=0.002ms
[labev] t=455416.216 ev.verify=11.363ms
[labev] t=455416.217 ev.finalize=1.678ms
[labev] t=455416.218 ev.propose=0.002ms
[labev] t=455416.229 ev.verify=11.291ms
[labev] t=455416.231 ev.finalize=1.719ms
[labev] t=455416.231 ev.propose=0.002ms
[labev] t=455416.242 ev.verify=11.472ms
[labev] t=455416.244 ev.finalize=1.654ms
[labev] t=455416.244 ev.propose=0.002ms
[labev] t=455416.255 ev.verify=11.335ms
[labev] t=455416.257 ev.finalize=1.667ms
[labev] t=455416.257 ev.propose=0.002ms
[labev] t=455416.269 ev.verify=11.544ms
[labev] t=455416.270 ev.finalize=1.716ms
[labev] t=455416.271 ev.propose=0.002ms
[labev] t=455416.282 ev.verify=11.405ms
[labev] t=455416.284 ev.finalize=1.657ms
[labev] t=455416.285 req.start s1-p4096-o512-b5-r0=0.000ms
[labev] t=455416.285 req.handle=0.012ms
[labev] t=455416.305 tok.prepare=20.074ms
event=batching_admitted action=scheduler_admitted
[labev] t=455416.559 chunk.ord.total=253.664ms
[labev] t=455416.810 chunk.ord.total=250.804ms
[labev] t=455417.066 chunk.ord.total=255.471ms
[labev] t=455417.334 chunk.ord.total=268.381ms
[labev] t=455417.597 chunk.ord.total=262.174ms
[labev] t=455417.858 chunk.ord.total=261.789ms
[labev] t=455418.124 chunk.ord.total=265.709ms
[labev] t=455418.430 chunk.ord.total=305.561ms
[labev] t=455418.430 req.firsttoken s1-p4096-o512-b5-r0=2144.741ms
[labev] t=455418.567 ev.decode.rows1.cap0=136.984ms
[labev] t=455418.704 ev.decode.rows1.cap0=136.863ms
[labev] t=455418.840 ev.decode.rows1.cap0=135.505ms
[labev] t=455418.975 ev.decode.rows1.cap0=135.558ms
[labev] t=455419.111 ev.decode.rows1.cap0=135.787ms
[labev] t=455419.247 ev.decode.rows1.cap0=135.754ms
[labev] t=455419.383 ev.decode.rows1.cap0=135.824ms
[labev] t=455419.519 ev.decode.rows1.cap0=136.015ms
[labev] t=455419.655 ev.decode.rows1.cap0=135.801ms
[labev] t=455419.791 ev.decode.rows1.cap0=135.870ms
[labev] t=455419.927 ev.decode.rows1.cap0=135.710ms
[labev] t=455420.063 ev.decode.rows1.cap0=136.037ms
[labev] t=455420.199 ev.decode.rows1.cap0=136.015ms
[labev] t=455420.335 ev.decode.rows1.cap0=135.911ms
[labev] t=455420.471 ev.decode.rows1.cap0=135.583ms
[labev] t=455420.607 ev.decode.rows1.cap0=136.100ms
[labev] t=455420.743 ev.decode.rows1.cap0=136.081ms
[labev] t=455420.879 ev.decode.rows1.cap0=136.422ms
[labev] t=455421.016 ev.decode.rows1.cap0=136.406ms
[labev] t=455421.152 ev.decode.rows1.cap0=135.989ms
[labev] t=455421.288 ev.decode.rows1.cap0=136.066ms
[labev] t=455421.425 ev.decode.rows1.cap0=136.371ms
[labev] t=455421.561 ev.decode.rows1.cap0=136.454ms
[labev] t=455421.698 ev.decode.rows1.cap0=136.266ms
[labev] t=455421.834 ev.decode.rows1.cap0=136.270ms
[labev] t=455421.970 ev.decode.rows1.cap0=135.849ms
[labev] t=455422.106 ev.decode.rows1.cap0=136.075ms
[labev] t=455422.242 ev.decode.rows1.cap0=136.264ms
[labev] t=455422.379 ev.decode.rows1.cap0=136.035ms
[labev] t=455422.515 ev.decode.rows1.cap0=136.250ms
[labev] t=455422.651 ev.decode.rows1.cap0=135.809ms
[labev] t=455422.779 ev.decode.rows1.cap0=127.926ms
[labev] t=455426.188 req.start s1-p4096-o512-b6-r0=0.001ms
[labev] t=455426.188 req.handle=0.071ms
[labev] t=455426.208 tok.prepare=19.771ms
event=batching_admitted action=scheduler_admitted
[labev] t=455426.487 chunk.native.total=278.153ms
[labev] t=455426.755 chunk.native.total=267.671ms
[labev] t=455427.025 chunk.native.total=269.871ms
[labev] t=455427.297 chunk.native.total=272.583ms
[labev] t=455427.574 chunk.native.total=276.844ms
[labev] t=455427.855 chunk.native.total=280.541ms
[labev] t=455428.137 chunk.native.total=282.568ms
[labev] t=455428.453 chunk.native.total=315.834ms
[labev] t=455428.453 req.firsttoken s1-p4096-o512-b6-r0=2264.896ms
[labev] t=455428.453 ev.propose=0.003ms
[labev] t=455428.465 ev.verify=11.374ms
[labev] t=455428.466 ev.finalize=1.639ms
[labev] t=455428.467 ev.propose=0.063ms
[labev] t=455428.478 ev.verify=11.393ms
[labev] t=455428.480 ev.finalize=1.621ms
[labev] t=455428.480 ev.propose=0.068ms
[labev] t=455428.491 ev.verify=11.206ms
[labev] t=455428.493 ev.finalize=1.670ms
[labev] t=455428.493 ev.propose=0.064ms
[labev] t=455428.504 ev.verify=11.089ms
[labev] t=455428.506 ev.finalize=1.743ms
[labev] t=455428.506 ev.propose=0.043ms
[labev] t=455428.517 ev.verify=11.279ms
[labev] t=455428.519 ev.finalize=1.657ms
[labev] t=455428.519 ev.propose=0.002ms
[labev] t=455428.531 ev.verify=11.406ms
[labev] t=455428.532 ev.finalize=1.692ms
[labev] t=455428.532 ev.propose=0.061ms
[labev] t=455428.544 ev.verify=11.369ms
[labev] t=455428.546 ev.finalize=1.681ms
[labev] t=455428.546 ev.propose=0.060ms
[labev] t=455428.557 ev.verify=11.293ms
[labev] t=455428.559 ev.finalize=1.669ms
[labev] t=455428.559 ev.propose=0.071ms
[labev] t=455428.570 ev.verify=11.017ms
[labev] t=455428.572 ev.finalize=2.330ms
[labev] t=455428.573 ev.propose=0.075ms
[labev] t=455428.584 ev.verify=11.299ms
[labev] t=455428.586 ev.finalize=1.664ms
[labev] t=455428.586 ev.propose=0.076ms
[labev] t=455428.597 ev.verify=11.162ms
[labev] t=455428.599 ev.finalize=1.663ms
[labev] t=455428.599 ev.propose=0.068ms
[labev] t=455428.610 ev.verify=11.221ms
[labev] t=455428.612 ev.finalize=1.631ms
[labev] t=455428.612 ev.propose=0.058ms
[labev] t=455428.623 ev.verify=11.118ms
[labev] t=455428.625 ev.finalize=1.543ms
[labev] t=455428.625 ev.propose=0.070ms
[labev] t=455428.636 ev.verify=11.264ms
[labev] t=455428.638 ev.finalize=1.663ms
[labev] t=455428.638 ev.propose=0.077ms
[labev] t=455428.649 ev.verify=11.233ms
[labev] t=455428.651 ev.finalize=1.539ms
[labev] t=455428.651 ev.propose=0.002ms
[labev] t=455428.662 ev.verify=11.178ms
[labev] t=455428.664 ev.finalize=1.667ms
[labev] t=455428.664 ev.propose=0.065ms
[labev] t=455428.675 ev.verify=11.120ms
[labev] t=455428.677 ev.finalize=1.615ms
[labev] t=455428.677 ev.propose=0.002ms
[labev] t=455428.688 ev.verify=11.232ms
[labev] t=455428.690 ev.finalize=1.664ms
[labev] t=455428.690 ev.propose=0.067ms
[labev] t=455428.701 ev.verify=11.150ms
[labev] t=455428.703 ev.finalize=1.635ms
[labev] t=455428.703 ev.propose=0.002ms
[labev] t=455428.714 ev.verify=11.233ms
[labev] t=455428.716 ev.finalize=1.639ms
[labev] t=455428.716 ev.propose=0.002ms
[labev] t=455428.727 ev.verify=11.188ms
[labev] t=455428.729 ev.finalize=1.712ms
[labev] t=455428.729 ev.propose=0.002ms
[labev] t=455428.740 ev.verify=11.290ms
[labev] t=455428.742 ev.finalize=1.649ms
[labev] t=455428.742 ev.propose=0.002ms
[labev] t=455428.753 ev.verify=11.345ms
[labev] t=455428.755 ev.finalize=1.666ms
[labev] t=455428.755 ev.propose=0.002ms
[labev] t=455428.766 ev.verify=11.213ms
[labev] t=455428.768 ev.finalize=1.668ms
[labev] t=455428.768 ev.propose=0.002ms
[labev] t=455428.779 ev.verify=11.215ms
[labev] t=455428.781 ev.finalize=1.665ms
[labev] t=455428.781 ev.propose=0.002ms
[labev] t=455428.793 ev.verify=11.228ms
[labev] t=455428.795 ev.finalize=2.342ms
[labev] t=455428.795 ev.propose=0.002ms
[labev] t=455428.806 ev.verify=11.265ms
[labev] t=455428.808 ev.finalize=1.655ms
[labev] t=455428.808 ev.propose=0.002ms
[labev] t=455428.819 ev.verify=11.305ms
[labev] t=455428.821 ev.finalize=1.652ms
[labev] t=455428.821 ev.propose=0.002ms
[labev] t=455428.833 ev.verify=11.280ms
[labev] t=455428.834 ev.finalize=1.641ms
[labev] t=455428.834 ev.propose=0.002ms
[labev] t=455428.846 ev.verify=11.208ms
[labev] t=455428.847 ev.finalize=1.652ms
[labev] t=455428.847 ev.propose=0.002ms
[labev] t=455428.859 ev.verify=11.209ms
[labev] t=455428.860 ev.finalize=1.648ms
[labev] t=455428.860 ev.propose=0.002ms
[labev] t=455428.872 ev.verify=11.293ms
[labev] t=455428.873 ev.finalize=1.663ms
[labev] t=455428.873 ev.propose=0.002ms
[labev] t=455428.885 ev.verify=11.255ms
[labev] t=455428.886 ev.finalize=1.641ms
[labev] t=455428.887 ev.propose=0.002ms
[labev] t=455428.898 ev.verify=11.417ms
[labev] t=455428.900 ev.finalize=1.644ms
[labev] t=455428.900 ev.propose=0.002ms
[labev] t=455428.911 ev.verify=11.145ms
[labev] t=455428.913 ev.finalize=1.735ms
[labev] t=455428.913 ev.propose=0.002ms
[labev] t=455428.924 ev.verify=11.116ms
[labev] t=455428.926 ev.finalize=1.639ms
[labev] t=455428.926 ev.propose=0.002ms
[labev] t=455428.937 ev.verify=11.381ms
[labev] t=455428.939 ev.finalize=1.650ms
[labev] t=455428.939 ev.propose=0.002ms
[labev] t=455428.950 ev.verify=11.380ms
[labev] t=455428.952 ev.finalize=1.647ms
[labev] t=455428.952 ev.propose=0.002ms
[labev] t=455428.963 ev.verify=11.158ms
[labev] t=455428.965 ev.finalize=1.641ms
[labev] t=455428.965 ev.propose=0.002ms
[labev] t=455428.976 ev.verify=11.112ms
[labev] t=455428.978 ev.finalize=1.652ms
[labev] t=455428.978 ev.propose=0.002ms
[labev] t=455428.989 ev.verify=11.201ms
[labev] t=455428.991 ev.finalize=1.589ms
[labev] t=455428.991 ev.propose=0.002ms
[labev] t=455429.002 ev.verify=11.328ms
[labev] t=455429.005 ev.finalize=2.278ms
[labev] t=455429.005 ev.propose=0.002ms
[labev] t=455429.016 ev.verify=11.373ms
[labev] t=455429.018 ev.finalize=1.636ms
[labev] t=455429.018 ev.propose=0.002ms
[labev] t=455429.029 ev.verify=11.255ms
[labev] t=455429.031 ev.finalize=1.658ms
[labev] t=455429.031 ev.propose=0.002ms
[labev] t=455429.042 ev.verify=11.093ms
[labev] t=455429.044 ev.finalize=1.601ms
[labev] t=455429.044 ev.propose=0.002ms
[labev] t=455429.055 ev.verify=11.072ms
[labev] t=455429.057 ev.finalize=1.670ms
[labev] t=455429.057 ev.propose=0.002ms
[labev] t=455429.068 ev.verify=11.293ms
[labev] t=455429.070 ev.finalize=1.633ms
[labev] t=455429.070 ev.propose=0.001ms
[labev] t=455429.081 ev.verify=11.155ms
[labev] t=455429.083 ev.finalize=1.595ms
[labev] t=455429.083 ev.propose=0.002ms
[labev] t=455429.094 ev.verify=11.297ms
[labev] t=455429.096 ev.finalize=1.651ms
[labev] t=455429.096 ev.propose=0.002ms
[labev] t=455429.107 ev.verify=11.174ms
[labev] t=455429.109 ev.finalize=1.610ms
[labev] t=455429.109 ev.propose=0.002ms
[labev] t=455429.120 ev.verify=11.213ms
[labev] t=455429.122 ev.finalize=1.624ms
[labev] t=455429.122 ev.propose=0.002ms
[labev] t=455429.133 ev.verify=11.120ms
[labev] t=455429.135 ev.finalize=1.658ms
[labev] t=455429.135 ev.propose=0.002ms
[labev] t=455429.146 ev.verify=11.339ms
[labev] t=455429.148 ev.finalize=1.641ms
[labev] t=455429.148 ev.propose=0.002ms
[labev] t=455429.159 ev.verify=11.264ms
[labev] t=455429.161 ev.finalize=1.641ms
[labev] t=455429.161 ev.propose=0.001ms
[labev] t=455429.172 ev.verify=11.275ms
[labev] t=455429.174 ev.finalize=1.660ms
[labev] t=455429.174 ev.propose=0.002ms
[labev] t=455429.185 ev.verify=11.114ms
[labev] t=455429.187 ev.finalize=1.721ms
[labev] t=455429.187 ev.propose=0.002ms
[labev] t=455429.198 ev.verify=11.201ms
[labev] t=455429.200 ev.finalize=1.510ms
[labev] t=455429.200 ev.propose=0.001ms
[labev] t=455429.211 ev.verify=11.193ms
[labev] t=455429.213 ev.finalize=1.502ms
[labev] t=455429.213 ev.propose=0.002ms
[labev] t=455429.224 ev.verify=11.325ms
[labev] t=455429.226 ev.finalize=1.666ms
[labev] t=455429.226 ev.propose=0.002ms
[labev] t=455429.237 ev.verify=11.078ms
[labev] t=455429.239 ev.finalize=2.329ms
[labev] t=455429.239 ev.propose=0.002ms
[labev] t=455429.251 ev.verify=11.280ms
[labev] t=455429.252 ev.finalize=1.667ms
[labev] t=455429.253 ev.propose=0.002ms
[labev] t=455429.264 ev.verify=11.285ms
[labev] t=455429.266 ev.finalize=1.660ms
[labev] t=455429.266 ev.propose=0.002ms
[labev] t=455429.277 ev.verify=11.160ms
[labev] t=455429.278 ev.finalize=1.529ms
[labev] t=455429.278 ev.propose=0.002ms
[labev] t=455429.290 ev.verify=11.132ms
[labev] t=455429.291 ev.finalize=1.692ms
[labev] t=455429.291 ev.propose=0.002ms
[labev] t=455429.302 ev.verify=11.006ms
[labev] t=455429.304 ev.finalize=1.657ms
[labev] t=455429.304 ev.propose=0.002ms
[labev] t=455429.315 ev.verify=11.106ms
[labev] t=455429.317 ev.finalize=1.643ms
[labev] t=455429.317 ev.propose=0.002ms
[labev] t=455429.328 ev.verify=10.917ms
[labev] t=455429.330 ev.finalize=1.520ms
[labev] t=455429.330 ev.propose=0.002ms
[labev] t=455429.341 ev.verify=11.271ms
[labev] t=455429.343 ev.finalize=1.502ms
[labev] t=455429.343 ev.propose=0.002ms
[labev] t=455429.354 ev.verify=11.199ms
[labev] t=455429.355 ev.finalize=1.547ms
[labev] t=455429.356 ev.propose=0.001ms
[labev] t=455429.367 ev.verify=11.300ms
[labev] t=455429.368 ev.finalize=1.521ms
[labev] t=455429.369 ev.propose=0.002ms
[labev] t=455429.380 ev.verify=11.084ms
[labev] t=455429.381 ev.finalize=1.507ms
[labev] t=455429.381 ev.propose=0.002ms
[labev] t=455429.392 ev.verify=10.940ms
[labev] t=455429.394 ev.finalize=1.656ms
[labev] t=455429.394 ev.propose=0.002ms
[labev] t=455429.405 ev.verify=11.269ms
[labev] t=455429.407 ev.finalize=1.674ms
[labev] t=455429.407 ev.propose=0.002ms
[labev] t=455429.418 ev.verify=11.232ms
[labev] t=455429.420 ev.finalize=1.630ms
[labev] t=455429.420 ev.propose=0.002ms
[labev] t=455429.431 ev.verify=11.211ms
[labev] t=455429.433 ev.finalize=1.670ms
[labev] t=455429.433 ev.propose=0.002ms
[labev] t=455429.445 ev.verify=11.498ms
[labev] t=455429.446 ev.finalize=1.632ms
[labev] t=455429.447 ev.propose=0.002ms
[labev] t=455429.458 ev.verify=11.209ms
[labev] t=455429.459 ev.finalize=1.646ms
[labev] t=455429.460 ev.propose=0.002ms
[labev] t=455429.471 ev.verify=11.463ms
[labev] t=455429.473 ev.finalize=1.645ms
[labev] t=455429.473 ev.propose=0.001ms
[labev] t=455429.484 ev.verify=11.295ms
[labev] t=455429.486 ev.finalize=2.256ms
[labev] t=455429.487 ev.propose=0.002ms
[labev] t=455429.498 ev.verify=11.400ms
[labev] t=455429.500 ev.finalize=1.678ms
[labev] t=455429.500 ev.propose=0.002ms
[labev] t=455429.511 ev.verify=11.206ms
[labev] t=455429.513 ev.finalize=1.644ms
[labev] t=455429.513 ev.propose=0.001ms
[labev] t=455429.524 ev.verify=11.289ms
[labev] t=455429.526 ev.finalize=1.755ms
[labev] t=455429.526 ev.propose=0.002ms
[labev] t=455429.537 ev.verify=11.030ms
[labev] t=455429.539 ev.finalize=1.673ms
[labev] t=455429.539 ev.propose=0.002ms
[labev] t=455429.550 ev.verify=11.177ms
[labev] t=455429.552 ev.finalize=1.647ms
[labev] t=455429.552 ev.propose=0.001ms
[labev] t=455429.563 ev.verify=11.241ms
[labev] t=455429.565 ev.finalize=1.665ms
[labev] t=455429.565 ev.propose=0.002ms
[labev] t=455429.576 ev.verify=11.176ms
[labev] t=455429.578 ev.finalize=1.618ms
[labev] t=455429.578 ev.propose=0.002ms
[labev] t=455429.589 ev.verify=11.307ms
[labev] t=455429.591 ev.finalize=1.635ms
[labev] t=455429.591 ev.propose=0.002ms
[labev] t=455429.602 ev.verify=11.089ms
[labev] t=455429.604 ev.finalize=1.635ms
[labev] t=455429.604 ev.propose=0.002ms
[labev] t=455429.615 ev.verify=11.384ms
[labev] t=455429.617 ev.finalize=1.607ms
[labev] t=455429.617 ev.propose=0.002ms
[labev] t=455429.628 ev.verify=11.109ms
[labev] t=455429.630 ev.finalize=1.620ms
[labev] t=455429.630 ev.propose=0.002ms
[labev] t=455429.641 ev.verify=11.337ms
[labev] t=455429.643 ev.finalize=1.658ms
[labev] t=455429.643 ev.propose=0.002ms
[labev] t=455429.654 ev.verify=11.227ms
[labev] t=455429.656 ev.finalize=1.656ms
[labev] t=455429.656 ev.propose=0.002ms
[labev] t=455429.668 ev.verify=11.413ms
[labev] t=455429.669 ev.finalize=1.646ms
[labev] t=455429.669 ev.propose=0.002ms
[labev] t=455429.681 ev.verify=11.195ms
[labev] t=455429.682 ev.finalize=1.511ms
[labev] t=455429.682 ev.propose=0.002ms
[labev] t=455429.693 ev.verify=11.113ms
[labev] t=455429.696 ev.finalize=2.299ms
[labev] t=455429.696 ev.propose=0.002ms
[labev] t=455429.707 ev.verify=11.181ms
[labev] t=455429.709 ev.finalize=1.576ms
[labev] t=455429.709 ev.propose=0.001ms
[labev] t=455429.720 ev.verify=11.142ms
[labev] t=455429.721 ev.finalize=1.612ms
[labev] t=455429.722 ev.propose=0.002ms
[labev] t=455429.733 ev.verify=11.173ms
[labev] t=455429.734 ev.finalize=1.672ms
[labev] t=455429.735 ev.propose=0.002ms
[labev] t=455429.746 ev.verify=11.332ms
[labev] t=455429.748 ev.finalize=1.734ms
[labev] t=455429.748 ev.propose=0.002ms
[labev] t=455429.759 ev.verify=11.154ms
[labev] t=455429.761 ev.finalize=1.618ms
[labev] t=455429.761 ev.propose=0.002ms
[labev] t=455429.772 ev.verify=11.319ms
[labev] t=455429.774 ev.finalize=1.681ms
[labev] t=455429.774 ev.propose=0.002ms
[labev] t=455429.785 ev.verify=11.214ms
[labev] t=455429.787 ev.finalize=1.659ms
[labev] t=455429.787 ev.propose=0.002ms
[labev] t=455429.798 ev.verify=11.311ms
[labev] t=455429.800 ev.finalize=1.667ms
[labev] t=455429.800 ev.propose=0.002ms
[labev] t=455429.811 ev.verify=11.218ms
[labev] t=455429.813 ev.finalize=1.664ms
[labev] t=455429.813 ev.propose=0.002ms
[labev] t=455429.824 ev.verify=11.349ms
[labev] t=455429.826 ev.finalize=1.562ms
[labev] t=455429.826 ev.propose=0.002ms
[labev] t=455429.837 ev.verify=11.297ms
[labev] t=455429.839 ev.finalize=1.662ms
[labev] t=455429.839 ev.propose=0.002ms
[labev] t=455429.851 ev.verify=11.365ms
[labev] t=455429.852 ev.finalize=1.608ms
[labev] t=455429.852 ev.propose=0.002ms
[labev] t=455429.864 ev.verify=11.243ms
[labev] t=455429.865 ev.finalize=1.624ms
[labev] t=455429.865 ev.propose=0.002ms
[labev] t=455429.877 ev.verify=11.421ms
[labev] t=455429.879 ev.finalize=1.632ms
[labev] t=455429.879 ev.propose=0.002ms
[labev] t=455429.890 ev.verify=11.025ms
[labev] t=455429.891 ev.finalize=1.651ms
[labev] t=455429.891 ev.propose=0.002ms
[labev] t=455429.903 ev.verify=11.204ms
[labev] t=455429.904 ev.finalize=1.669ms
[labev] t=455429.905 ev.propose=0.002ms
[labev] t=455429.916 ev.verify=11.273ms
[labev] t=455429.917 ev.finalize=1.645ms
[labev] t=455429.918 ev.propose=0.002ms
[labev] t=455429.929 ev.verify=11.167ms
[labev] t=455429.931 ev.finalize=2.313ms
[labev] t=455429.931 ev.propose=0.002ms
[labev] t=455429.942 ev.verify=11.108ms
[labev] t=455429.944 ev.finalize=1.558ms
[labev] t=455429.944 ev.propose=0.002ms
[labev] t=455429.955 ev.verify=11.145ms
[labev] t=455429.957 ev.finalize=1.667ms
[labev] t=455429.957 ev.propose=0.002ms
[labev] t=455429.968 ev.verify=11.271ms
[labev] t=455429.970 ev.finalize=1.640ms
[labev] t=455429.970 ev.propose=0.002ms
[labev] t=455429.981 ev.verify=11.306ms
[labev] t=455429.983 ev.finalize=1.683ms
[labev] t=455429.983 ev.propose=0.002ms
[labev] t=455429.994 ev.verify=11.082ms
[labev] t=455429.996 ev.finalize=1.652ms
[labev] t=455429.996 ev.propose=0.002ms
[labev] t=455430.007 ev.verify=11.221ms
[labev] t=455430.009 ev.finalize=1.699ms
[labev] t=455430.009 ev.propose=0.002ms
[labev] t=455430.021 ev.verify=11.431ms
[labev] t=455430.022 ev.finalize=1.687ms
[labev] t=455430.022 ev.propose=0.002ms
[labev] t=455430.034 ev.verify=11.209ms
[labev] t=455430.035 ev.finalize=1.672ms
[labev] t=455430.036 ev.propose=0.002ms
[labev] t=455430.047 ev.verify=11.284ms
[labev] t=455430.049 ev.finalize=1.655ms
[labev] t=455430.049 ev.propose=0.002ms
[labev] t=455430.060 ev.verify=11.321ms
[labev] t=455430.062 ev.finalize=1.635ms
[labev] t=455430.062 ev.propose=0.002ms
[labev] t=455430.073 ev.verify=11.236ms
[labev] t=455430.075 ev.finalize=1.596ms
[labev] t=455430.075 ev.propose=0.002ms
[labev] t=455430.086 ev.verify=11.181ms
[labev] t=455430.088 ev.finalize=1.546ms
[labev] t=455430.088 ev.propose=0.002ms
[labev] t=455430.099 ev.verify=11.273ms
[labev] t=455430.101 ev.finalize=1.674ms
[labev] t=455430.101 ev.propose=0.002ms
[labev] t=455430.112 ev.verify=11.238ms
[labev] t=455430.114 ev.finalize=1.617ms
[labev] t=455430.114 ev.propose=0.001ms
[labev] t=455430.125 ev.verify=11.294ms
[labev] t=455430.127 ev.finalize=1.639ms
[labev] t=455430.127 ev.propose=0.002ms
[labev] t=455430.138 ev.verify=11.382ms
[labev] t=455430.140 ev.finalize=1.700ms
[labev] t=455430.140 ev.propose=0.002ms
[labev] t=455430.151 ev.verify=11.214ms
[labev] t=455430.154 ev.finalize=2.270ms
[labev] t=455430.154 ev.propose=0.002ms
[labev] t=455430.165 ev.verify=11.196ms
[labev] t=455430.167 ev.finalize=1.672ms
[labev] t=455430.167 ev.propose=0.002ms
[labev] t=455430.178 ev.verify=11.312ms
[labev] t=455430.180 ev.finalize=1.681ms
[labev] t=455430.180 ev.propose=0.002ms
[labev] t=455430.191 ev.verify=11.071ms
[labev] t=455430.193 ev.finalize=1.687ms
[labev] t=455430.193 ev.propose=0.002ms
[labev] t=455430.204 ev.verify=11.256ms
[labev] t=455430.206 ev.finalize=1.709ms
[labev] t=455430.206 ev.propose=0.002ms
[labev] t=455430.217 ev.verify=11.183ms
[labev] t=455430.219 ev.finalize=1.635ms
[labev] t=455430.219 ev.propose=0.001ms
[labev] t=455430.230 ev.verify=11.171ms
[labev] t=455430.232 ev.finalize=1.626ms
[labev] t=455430.232 ev.propose=0.001ms
[labev] t=455430.243 ev.verify=11.162ms
[labev] t=455430.245 ev.finalize=1.629ms
[labev] t=455430.245 ev.propose=0.002ms
[labev] t=455430.256 ev.verify=11.246ms
[labev] t=455430.258 ev.finalize=1.666ms
[labev] t=455430.258 ev.propose=0.002ms
[labev] t=455430.269 ev.verify=11.410ms
[labev] t=455430.271 ev.finalize=1.639ms
[labev] t=455430.271 ev.propose=0.002ms
[labev] t=455430.283 ev.verify=11.356ms
[labev] t=455430.284 ev.finalize=1.633ms
[labev] t=455430.284 ev.propose=0.002ms
[labev] t=455430.296 ev.verify=11.127ms
[labev] t=455430.297 ev.finalize=1.690ms
[labev] t=455430.297 ev.propose=0.002ms
[labev] t=455430.309 ev.verify=11.290ms
[labev] t=455430.310 ev.finalize=1.723ms
[labev] t=455430.310 ev.propose=0.002ms
[labev] t=455430.322 ev.verify=11.084ms
[labev] t=455430.323 ev.finalize=1.618ms
[labev] t=455430.323 ev.propose=0.002ms
[labev] t=455430.335 ev.verify=11.645ms
[labev] t=455430.337 ev.finalize=1.609ms
[labev] t=455430.337 ev.propose=0.002ms
[labev] t=455430.348 ev.verify=11.428ms
[labev] t=455430.350 ev.finalize=1.665ms
[labev] t=455430.350 ev.propose=0.002ms
[labev] t=455430.361 ev.verify=11.160ms
[labev] t=455430.364 ev.finalize=2.370ms
[labev] t=455430.364 ev.propose=0.002ms
[labev] t=455430.375 ev.verify=11.323ms
[labev] t=455430.377 ev.finalize=1.659ms
[labev] t=455430.377 ev.propose=0.002ms
[labev] t=455430.388 ev.verify=11.307ms
[labev] t=455430.390 ev.finalize=1.687ms
[labev] t=455430.390 ev.propose=0.002ms
[labev] t=455430.401 ev.verify=11.412ms
[labev] t=455430.403 ev.finalize=1.659ms
[labev] t=455430.403 ev.propose=0.002ms
[labev] t=455430.415 ev.verify=11.291ms
[labprof] d0.performDecode.call=135.799ms/n32 f0.finalize.total=1.696ms/n421 f1.finalize.build=0.496ms/n422 f2.finalize.eval=1.161ms/n422 fc.finalize.call=1.700ms/n421 o1.ord.build=1.174ms/n511 o2.ord.eval=7.301ms/n511 p0.propose=0.002ms/n422 r0.round.interval=13.149ms/n420 s1.native.prefill.target=42.748ms/n15 s1.ord.prefill.target=40.150ms/n8 s2.native.prefill.drafter+eval=242.740ms/n16 s2.ord.prefill.eval=225.292ms/n8 s9.native.prefill.chunk.total=283.014ms/n16 s9.ord.prefill.chunk.total=265.477ms/n8 v0.verify.call=11.282ms/n422 v1.verify.build=0.842ms/n422 v2.verify.eval=10.328ms/n422
[labev] t=455430.416 ev.finalize=1.706ms
[labev] t=455430.416 ev.propose=0.002ms
[labev] t=455430.428 ev.verify=11.259ms
[labev] t=455430.429 ev.finalize=1.691ms
[labev] t=455430.430 ev.propose=0.002ms
[labev] t=455430.441 ev.verify=11.204ms
[labev] t=455430.442 ev.finalize=1.664ms
[labev] t=455430.443 ev.propose=0.002ms
[labev] t=455430.454 ev.verify=11.231ms
[labev] t=455430.456 ev.finalize=1.665ms
[labev] t=455430.456 ev.propose=0.002ms
[labev] t=455430.467 ev.verify=11.267ms
[labev] t=455430.469 ev.finalize=1.616ms
[labev] t=455430.469 ev.propose=0.002ms
[labev] t=455430.480 ev.verify=11.391ms
[labev] t=455430.482 ev.finalize=1.649ms
[labev] t=455430.482 ev.propose=0.002ms
[labev] t=455430.493 ev.verify=11.450ms
[labev] t=455430.495 ev.finalize=1.574ms
[labev] t=455430.495 ev.propose=0.002ms
[labev] t=455430.506 ev.verify=11.343ms
[labev] t=455430.508 ev.finalize=1.514ms
[labev] t=455430.508 ev.propose=0.002ms
[labev] t=455430.519 ev.verify=11.223ms
[labev] t=455430.521 ev.finalize=1.504ms
[labev] t=455430.521 ev.propose=0.002ms
[labev] t=455430.532 ev.verify=11.334ms
[labev] t=455430.534 ev.finalize=1.623ms
[labev] t=455430.534 ev.propose=0.002ms
[labev] t=455430.545 ev.verify=11.346ms
[labev] t=455430.547 ev.finalize=1.686ms
[labev] t=455430.547 ev.propose=0.002ms
[labev] t=455430.559 ev.verify=11.329ms
[labev] t=455430.560 ev.finalize=1.667ms
[labev] t=455430.560 ev.propose=0.002ms
[labev] t=455430.572 ev.verify=11.245ms
[labev] t=455430.573 ev.finalize=1.671ms
[labev] t=455430.573 ev.propose=0.002ms
[labev] t=455430.585 ev.verify=11.212ms
[labev] t=455430.586 ev.finalize=1.572ms
[labev] t=455430.586 ev.propose=0.002ms
[labev] t=455430.598 ev.verify=11.151ms
[labev] t=455430.600 ev.finalize=2.213ms
[labev] t=455430.600 ev.propose=0.002ms
[labev] t=455430.611 ev.verify=11.254ms
[labev] t=455430.613 ev.finalize=1.665ms
[labev] t=455430.613 ev.propose=0.002ms
[labev] t=455430.624 ev.verify=11.358ms
[labev] t=455430.626 ev.finalize=1.644ms
[labev] t=455430.626 ev.propose=0.002ms
[labev] t=455430.638 ev.verify=11.345ms
[labev] t=455430.639 ev.finalize=1.567ms
[labev] t=455430.639 ev.propose=0.002ms
[labev] t=455430.651 ev.verify=11.286ms
[labev] t=455430.652 ev.finalize=1.684ms
[labev] t=455430.652 ev.propose=0.002ms
[labev] t=455430.664 ev.verify=11.383ms
[labev] t=455430.665 ev.finalize=1.640ms
[labev] t=455430.666 ev.propose=0.002ms
[labev] t=455430.677 ev.verify=11.246ms
[labev] t=455430.679 ev.finalize=1.661ms
[labev] t=455430.679 ev.propose=0.002ms
[labev] t=455430.690 ev.verify=11.331ms
[labev] t=455430.692 ev.finalize=1.635ms
[labev] t=455430.692 ev.propose=0.002ms
[labev] t=455430.703 ev.verify=11.013ms
[labev] t=455430.705 ev.finalize=1.721ms
[labev] t=455430.705 ev.propose=0.002ms
[labev] t=455430.716 ev.verify=11.251ms
[labev] t=455430.718 ev.finalize=1.699ms
[labev] t=455430.718 ev.propose=0.002ms
[labev] t=455430.729 ev.verify=11.227ms
[labev] t=455430.731 ev.finalize=1.698ms
[labev] t=455430.731 ev.propose=0.002ms
[labev] t=455430.742 ev.verify=11.166ms
[labev] t=455430.744 ev.finalize=1.641ms
[labev] t=455430.744 ev.propose=0.002ms
[labev] t=455430.755 ev.verify=11.396ms
[labev] t=455430.757 ev.finalize=1.689ms
[labev] t=455430.757 ev.propose=0.001ms
[labev] t=455430.768 ev.verify=11.250ms
[labev] t=455430.770 ev.finalize=1.667ms
[labev] t=455430.770 ev.propose=0.002ms
[labev] t=455430.781 ev.verify=11.264ms
[labev] t=455430.783 ev.finalize=1.696ms
[labev] t=455430.783 ev.propose=0.002ms
[labev] t=455430.795 ev.verify=11.368ms
[labev] t=455430.796 ev.finalize=1.675ms
[labev] t=455430.796 ev.propose=0.002ms
[labev] t=455430.808 ev.verify=11.231ms
[labev] t=455430.810 ev.finalize=2.331ms
[labev] t=455430.810 ev.propose=0.002ms
[labev] t=455430.822 ev.verify=11.430ms
[labev] t=455430.823 ev.finalize=1.692ms
[labev] t=455430.824 ev.propose=0.002ms
[labev] t=455430.835 ev.verify=11.320ms
[labev] t=455430.836 ev.finalize=1.577ms
[labev] t=455430.837 ev.propose=0.002ms
[labev] t=455430.848 ev.verify=11.334ms
[labev] t=455430.850 ev.finalize=1.671ms
[labev] t=455430.850 ev.propose=0.002ms
[labev] t=455430.861 ev.verify=11.244ms
[labev] t=455430.863 ev.finalize=1.721ms
[labev] t=455430.863 ev.propose=0.002ms
[labev] t=455430.874 ev.verify=11.426ms
[labev] t=455430.876 ev.finalize=1.678ms
[labev] t=455430.876 ev.propose=0.002ms
[labev] t=455430.887 ev.verify=11.303ms
[labev] t=455430.889 ev.finalize=1.709ms
[labev] t=455430.889 ev.propose=0.002ms
[labev] t=455430.900 ev.verify=11.177ms
[labev] t=455430.902 ev.finalize=1.642ms
[labev] t=455430.902 ev.propose=0.002ms
[labev] t=455430.914 ev.verify=11.446ms
[labev] t=455430.915 ev.finalize=1.558ms
[labev] t=455430.915 ev.propose=0.002ms
[labev] t=455430.927 ev.verify=11.339ms
[labev] t=455430.928 ev.finalize=1.688ms
[labev] t=455430.929 ev.propose=0.002ms
[labev] t=455430.940 ev.verify=11.356ms
[labev] t=455430.941 ev.finalize=1.510ms
[labev] t=455430.942 ev.propose=0.002ms
[labev] t=455430.953 ev.verify=11.408ms
[labev] t=455430.955 ev.finalize=1.687ms
[labev] t=455430.955 ev.propose=0.002ms
[labev] t=455430.966 ev.verify=11.285ms
[labev] t=455430.968 ev.finalize=1.562ms
[labev] t=455430.968 ev.propose=0.002ms
[labev] t=455430.979 ev.verify=11.158ms
[labev] t=455430.981 ev.finalize=1.555ms
[labev] t=455430.981 ev.propose=0.002ms
[labev] t=455430.992 ev.verify=11.360ms
[labev] t=455430.994 ev.finalize=1.567ms
[labev] t=455430.994 ev.propose=0.002ms
[labev] t=455431.005 ev.verify=11.289ms
[labev] t=455431.007 ev.finalize=1.639ms
[labev] t=455431.007 ev.propose=0.002ms
[labev] t=455431.018 ev.verify=11.486ms
[labev] t=455431.020 ev.finalize=1.704ms
[labev] t=455431.020 ev.propose=0.002ms
[labev] t=455431.032 ev.verify=11.339ms
[labev] t=455431.033 ev.finalize=1.713ms
[labev] t=455431.033 ev.propose=0.002ms
[labev] t=455431.045 ev.verify=11.303ms
[labev] t=455431.047 ev.finalize=1.694ms
[labev] t=455431.047 ev.propose=0.002ms
[labev] t=455431.058 ev.verify=11.453ms
[labev] t=455431.060 ev.finalize=2.320ms
[labev] t=455431.061 ev.propose=0.002ms
[labev] t=455431.072 ev.verify=11.222ms
[labev] t=455431.074 ev.finalize=1.680ms
[labev] t=455431.074 ev.propose=0.002ms
[labev] t=455431.085 ev.verify=11.312ms
[labev] t=455431.087 ev.finalize=1.639ms
[labev] t=455431.087 ev.propose=0.002ms
[labev] t=455431.098 ev.verify=11.440ms
[labev] t=455431.100 ev.finalize=1.657ms
[labev] t=455431.100 ev.propose=0.002ms
[labev] t=455431.111 ev.verify=11.325ms
[labev] t=455431.113 ev.finalize=1.675ms
[labev] t=455431.113 ev.propose=0.002ms
[labev] t=455431.124 ev.verify=11.257ms
[labev] t=455431.126 ev.finalize=1.707ms
[labev] t=455431.126 ev.propose=0.002ms
[labev] t=455431.138 ev.verify=11.334ms
[labev] t=455431.139 ev.finalize=1.567ms
[labev] t=455431.139 ev.propose=0.002ms
[labev] t=455431.151 ev.verify=11.425ms
[labev] t=455431.153 ev.finalize=1.758ms
[labev] t=455431.153 ev.propose=0.001ms
[labev] t=455431.164 ev.verify=11.307ms
[labev] t=455431.166 ev.finalize=1.836ms
[labev] t=455431.166 ev.propose=0.001ms
[labev] t=455431.177 ev.verify=11.332ms
[labev] t=455431.179 ev.finalize=1.816ms
[labev] t=455431.179 ev.propose=0.001ms
[labev] t=455431.191 ev.verify=11.317ms
[labev] t=455431.192 ev.finalize=1.681ms
[labev] t=455431.192 ev.propose=0.002ms
[labev] t=455431.204 ev.verify=11.282ms
[labev] t=455431.205 ev.finalize=1.576ms
[labev] t=455431.205 ev.propose=0.002ms
[labev] t=455431.217 ev.verify=11.198ms
[labev] t=455431.218 ev.finalize=1.661ms
[labev] t=455431.218 ev.propose=0.002ms
[labev] t=455431.230 ev.verify=11.301ms
[labev] t=455431.231 ev.finalize=1.568ms
[labev] t=455431.232 ev.propose=0.002ms
[labev] t=455431.243 ev.verify=11.352ms
[labev] t=455431.245 ev.finalize=1.739ms
[labev] t=455431.245 ev.propose=0.002ms
[labev] t=455431.256 ev.verify=11.194ms
[labev] t=455431.258 ev.finalize=1.644ms
[labev] t=455431.258 ev.propose=0.002ms
[labev] t=455431.269 ev.verify=11.463ms
[labev] t=455431.271 ev.finalize=1.702ms
[labev] t=455431.271 ev.propose=0.002ms
[labev] t=455431.283 ev.verify=11.562ms
[labev] t=455431.284 ev.finalize=1.662ms
[labev] t=455431.284 ev.propose=0.002ms
[labev] t=455431.296 ev.verify=11.184ms
[labev] t=455431.298 ev.finalize=2.341ms
[labev] t=455431.298 ev.propose=0.002ms
[labev] t=455431.309 ev.verify=11.307ms
[labev] t=455431.311 ev.finalize=1.658ms
[labev] t=455431.311 ev.propose=0.002ms
[labev] t=455431.322 ev.verify=11.069ms
[labev] t=455431.324 ev.finalize=1.581ms
[labev] t=455431.324 ev.propose=0.002ms
[labev] t=455431.335 ev.verify=11.239ms
[labev] t=455431.337 ev.finalize=1.676ms
[labev] t=455431.337 ev.propose=0.002ms
[labev] t=455431.348 ev.verify=11.262ms
[labev] t=455431.350 ev.finalize=1.552ms
[labev] t=455431.350 ev.propose=0.002ms
[labev] t=455431.362 ev.verify=11.455ms
[labev] t=455431.363 ev.finalize=1.642ms
[labev] t=455431.363 ev.propose=0.002ms
[labev] t=455431.375 ev.verify=11.407ms
[labev] t=455431.377 ev.finalize=1.653ms
[labev] t=455431.377 ev.propose=0.002ms
[labev] t=455431.388 ev.verify=11.485ms
[labev] t=455431.390 ev.finalize=1.688ms
[labev] t=455431.390 ev.propose=0.002ms
[labev] t=455431.401 ev.verify=11.366ms
[labev] t=455431.403 ev.finalize=1.688ms
[labev] t=455431.403 ev.propose=0.002ms
[labev] t=455431.414 ev.verify=11.218ms
[labev] t=455431.416 ev.finalize=1.679ms
[labev] t=455431.416 ev.propose=0.002ms
[labev] t=455431.428 ev.verify=11.324ms
[labev] t=455431.429 ev.finalize=1.543ms
[labev] t=455431.429 ev.propose=0.002ms
[labev] t=455431.440 ev.verify=11.168ms
[labev] t=455431.442 ev.finalize=1.656ms
[labev] t=455431.442 ev.propose=0.002ms
[labev] t=455431.454 ev.verify=11.311ms
[labev] t=455431.455 ev.finalize=1.686ms
[labev] t=455431.455 ev.propose=0.002ms
[labev] t=455431.467 ev.verify=11.229ms
[labev] t=455431.468 ev.finalize=1.679ms
[labev] t=455431.468 ev.propose=0.002ms
[labev] t=455431.480 ev.verify=11.494ms
[labev] t=455431.482 ev.finalize=1.654ms
[labev] t=455431.482 ev.propose=0.002ms
[labev] t=455431.493 ev.verify=11.379ms
[labev] t=455431.495 ev.finalize=1.678ms
[labev] t=455431.495 ev.propose=0.002ms
[labev] t=455431.506 ev.verify=11.254ms
[labev] t=455431.508 ev.finalize=1.669ms
[labev] t=455431.508 ev.propose=0.002ms
[labev] t=455431.519 ev.verify=11.337ms
[labev] t=455431.522 ev.finalize=2.377ms
[labev] t=455431.522 ev.propose=0.003ms
[labev] t=455431.533 ev.verify=11.319ms
[labev] t=455431.535 ev.finalize=1.695ms
[labev] t=455431.535 ev.propose=0.002ms
[labev] t=455431.547 ev.verify=11.418ms
[labev] t=455431.548 ev.finalize=1.790ms
[labev] t=455431.548 ev.propose=0.002ms
[labev] t=455431.560 ev.verify=11.235ms
[labev] t=455431.561 ev.finalize=1.591ms
[labev] t=455431.561 ev.propose=0.002ms
[labev] t=455431.573 ev.verify=11.229ms
[labev] t=455431.574 ev.finalize=1.588ms
[labev] t=455431.574 ev.propose=0.002ms
[labev] t=455431.586 ev.verify=11.370ms
[labev] t=455431.588 ev.finalize=1.636ms
[labev] t=455431.588 ev.propose=0.002ms
[labev] t=455431.599 ev.verify=11.162ms
[labev] t=455431.600 ev.finalize=1.646ms
[labev] t=455431.601 ev.propose=0.001ms
[labev] t=455431.612 ev.verify=11.451ms
[labev] t=455431.614 ev.finalize=1.678ms
[labev] t=455431.614 ev.propose=0.002ms
[labev] t=455431.625 ev.verify=11.322ms
[labev] t=455431.627 ev.finalize=1.638ms
[labev] t=455431.627 ev.propose=0.002ms
[labev] t=455431.638 ev.verify=11.212ms
[labev] t=455431.640 ev.finalize=1.660ms
[labev] t=455431.640 ev.propose=0.002ms
[labev] t=455431.651 ev.verify=11.303ms
[labev] t=455431.653 ev.finalize=1.631ms
[labev] t=455431.653 ev.propose=0.001ms
[labev] t=455431.664 ev.verify=11.158ms
[labev] t=455431.666 ev.finalize=1.659ms
[labev] t=455431.666 ev.propose=0.002ms
[labev] t=455431.677 ev.verify=11.330ms
[labev] t=455431.679 ev.finalize=1.664ms
[labev] t=455431.679 ev.propose=0.002ms
[labev] t=455431.691 ev.verify=11.477ms
[labev] t=455431.692 ev.finalize=1.685ms
[labev] t=455431.693 ev.propose=0.002ms
[labev] t=455431.704 ev.verify=11.216ms
[labev] t=455431.705 ev.finalize=1.597ms
[labev] t=455431.706 ev.propose=0.002ms
[labev] t=455431.717 ev.verify=11.485ms
[labev] t=455431.719 ev.finalize=1.586ms
[labev] t=455431.719 ev.propose=0.002ms
[labev] t=455431.730 ev.verify=11.298ms
[labev] t=455431.732 ev.finalize=1.531ms
[labev] t=455431.732 ev.propose=0.001ms
[labev] t=455431.743 ev.verify=11.264ms
[labev] t=455431.745 ev.finalize=1.672ms
[labev] t=455431.745 ev.propose=0.002ms
[labev] t=455431.756 ev.verify=11.542ms
[labev] t=455431.758 ev.finalize=1.740ms
[labev] t=455431.758 ev.propose=0.002ms
[labev] t=455431.769 ev.verify=11.101ms
[labev] t=455431.772 ev.finalize=2.388ms
[labev] t=455431.772 ev.propose=0.002ms
[labev] t=455431.783 ev.verify=11.418ms
[labev] t=455431.785 ev.finalize=1.689ms
[labev] t=455431.785 ev.propose=0.002ms
[labev] t=455431.796 ev.verify=11.271ms
[labev] t=455431.798 ev.finalize=1.692ms
[labev] t=455431.798 ev.propose=0.002ms
[labev] t=455431.809 ev.verify=11.111ms
[labev] t=455431.811 ev.finalize=1.696ms
[labev] t=455431.811 ev.propose=0.002ms
[labev] t=455431.823 ev.verify=11.424ms
[labev] t=455431.824 ev.finalize=1.694ms
[labev] t=455431.825 ev.propose=0.002ms
[labev] t=455431.836 ev.verify=11.205ms
[labev] t=455431.838 ev.finalize=1.701ms
[labev] t=455431.838 ev.propose=0.002ms
[labev] t=455431.849 ev.verify=11.472ms
[labev] t=455431.851 ev.finalize=1.686ms
[labev] t=455431.851 ev.propose=0.002ms
[labev] t=455431.862 ev.verify=11.262ms
[labev] t=455431.864 ev.finalize=1.677ms
[labev] t=455431.864 ev.propose=0.002ms
[labev] t=455431.875 ev.verify=11.265ms
[labev] t=455431.877 ev.finalize=1.722ms
[labev] t=455431.877 ev.propose=0.002ms
[labev] t=455431.889 ev.verify=11.421ms
[labev] t=455431.890 ev.finalize=1.584ms
[labev] t=455431.890 ev.propose=0.002ms
[labev] t=455431.902 ev.verify=11.419ms
[labev] t=455431.904 ev.finalize=1.741ms
[labev] t=455431.904 ev.propose=0.002ms
[labev] t=455431.915 ev.verify=11.175ms
[labev] t=455431.917 ev.finalize=1.674ms
[labev] t=455431.917 ev.propose=0.002ms
[labev] t=455431.928 ev.verify=11.480ms
[labev] t=455431.930 ev.finalize=1.712ms
[labev] t=455431.930 ev.propose=0.002ms
[labev] t=455431.941 ev.verify=11.372ms
[labev] t=455431.943 ev.finalize=1.705ms
[labev] t=455431.943 ev.propose=0.002ms
[labev] t=455431.955 ev.verify=11.403ms
[labev] t=455431.956 ev.finalize=1.557ms
[labev] t=455431.956 ev.propose=0.002ms
[labev] t=455431.968 ev.verify=11.424ms
[labev] t=455431.970 ev.finalize=1.685ms
[labev] t=455431.970 ev.propose=0.001ms
[labev] t=455431.981 ev.verify=11.462ms
[labev] t=455431.983 ev.finalize=1.730ms
[labev] t=455431.983 ev.propose=0.002ms
[labev] t=455431.994 ev.verify=11.443ms
[labev] t=455431.997 ev.finalize=2.259ms
[labev] t=455431.997 ev.propose=0.002ms
[labev] t=455432.008 ev.verify=11.284ms
[labev] t=455432.010 ev.finalize=1.689ms
[labev] t=455432.010 ev.propose=0.002ms
[labev] t=455432.021 ev.verify=11.251ms
[labev] t=455432.023 ev.finalize=1.721ms
[labev] t=455432.023 ev.propose=0.001ms
[labev] t=455432.034 ev.verify=11.272ms
[labev] t=455432.036 ev.finalize=1.655ms
[labev] t=455432.036 ev.propose=0.002ms
[labev] t=455432.048 ev.verify=11.382ms
[labev] t=455432.049 ev.finalize=1.671ms
[labev] t=455432.049 ev.propose=0.001ms
[labev] t=455432.061 ev.verify=11.367ms
[labev] t=455432.062 ev.finalize=1.693ms
[labev] t=455432.063 ev.propose=0.002ms
[labev] t=455432.074 ev.verify=11.319ms
[labev] t=455432.076 ev.finalize=1.766ms
[labev] t=455432.076 ev.propose=0.002ms
[labev] t=455432.092 ev.verify=16.397ms
[labev] t=455432.094 ev.finalize=1.571ms
[labev] t=455432.095 req.start s1-p4096-o512-b6-r0=0.000ms
[labev] t=455432.095 req.handle=0.012ms
[labev] t=455432.115 tok.prepare=19.934ms
event=batching_admitted action=scheduler_admitted
[labev] t=455432.370 chunk.ord.total=255.033ms
[labev] t=455432.623 chunk.ord.total=252.502ms
[labev] t=455432.878 chunk.ord.total=255.333ms
[labev] t=455433.137 chunk.ord.total=258.854ms
[labev] t=455433.397 chunk.ord.total=259.861ms
[labev] t=455433.661 chunk.ord.total=263.429ms
[labev] t=455433.928 chunk.ord.total=266.918ms
[labev] t=455434.235 chunk.ord.total=306.790ms
[labev] t=455434.235 req.firsttoken s1-p4096-o512-b6-r0=2139.661ms
[labev] t=455434.371 ev.decode.rows1.cap0=136.216ms
[labev] t=455434.507 ev.decode.rows1.cap0=135.642ms
[labev] t=455434.643 ev.decode.rows1.cap0=135.763ms
[labev] t=455434.779 ev.decode.rows1.cap0=136.187ms
[labev] t=455434.915 ev.decode.rows1.cap0=135.812ms
[labev] t=455435.050 ev.decode.rows1.cap0=135.641ms
[labev] t=455435.186 ev.decode.rows1.cap0=135.585ms
[labev] t=455435.322 ev.decode.rows1.cap0=135.526ms
[labev] t=455435.457 ev.decode.rows1.cap0=135.486ms
[labev] t=455435.593 ev.decode.rows1.cap0=135.522ms
[labev] t=455435.728 ev.decode.rows1.cap0=135.280ms
[labev] t=455435.864 ev.decode.rows1.cap0=135.579ms
[labev] t=455436.000 ev.decode.rows1.cap0=135.468ms
[labev] t=455436.135 ev.decode.rows1.cap0=135.755ms
[labev] t=455436.271 ev.decode.rows1.cap0=135.551ms
[labev] t=455436.407 ev.decode.rows1.cap0=135.795ms
[labev] t=455436.543 ev.decode.rows1.cap0=135.485ms
[labev] t=455436.679 ev.decode.rows1.cap0=136.121ms
[labev] t=455436.815 ev.decode.rows1.cap0=135.890ms
[labev] t=455436.951 ev.decode.rows1.cap0=136.164ms
[labev] t=455437.087 ev.decode.rows1.cap0=135.817ms
[labev] t=455437.223 ev.decode.rows1.cap0=135.947ms
[labev] t=455437.359 ev.decode.rows1.cap0=136.276ms
[labev] t=455437.495 ev.decode.rows1.cap0=135.969ms
[labev] t=455437.631 ev.decode.rows1.cap0=135.759ms
[labev] t=455437.767 ev.decode.rows1.cap0=135.644ms
[labev] t=455437.903 ev.decode.rows1.cap0=135.755ms
[labev] t=455438.039 ev.decode.rows1.cap0=135.974ms
[labev] t=455438.175 ev.decode.rows1.cap0=135.840ms
[labev] t=455438.311 ev.decode.rows1.cap0=135.960ms
[labev] t=455438.447 ev.decode.rows1.cap0=136.185ms
[labev] t=455438.575 ev.decode.rows1.cap0=127.572ms
[labev] t=455441.985 req.start s1-p4096-o512-b7-r0=0.001ms
[labev] t=455441.985 req.handle=0.079ms
[labev] t=455442.005 tok.prepare=19.929ms
event=batching_admitted action=scheduler_admitted
[labev] t=455442.308 chunk.ord.total=303.044ms
[labev] t=455442.561 chunk.ord.total=252.412ms
[labev] t=455442.817 chunk.ord.total=255.879ms
[labev] t=455443.074 chunk.ord.total=257.593ms
[labev] t=455443.336 chunk.ord.total=261.864ms
[labev] t=455443.598 chunk.ord.total=261.899ms
[labev] t=455443.864 chunk.ord.total=265.436ms
[labev] t=455444.170 chunk.ord.total=306.180ms
[labev] t=455444.170 req.firsttoken s1-p4096-o512-b7-r0=2185.460ms
[labev] t=455444.306 ev.decode.rows1.cap0=136.247ms
[labev] t=455444.442 ev.decode.rows1.cap0=135.827ms
[labev] t=455444.578 ev.decode.rows1.cap0=135.685ms
[labev] t=455444.714 ev.decode.rows1.cap0=135.825ms
[labev] t=455444.850 ev.decode.rows1.cap0=135.652ms
[labev] t=455444.985 ev.decode.rows1.cap0=135.583ms
[labev] t=455445.121 ev.decode.rows1.cap0=135.878ms
[labev] t=455445.257 ev.decode.rows1.cap0=135.898ms
[labev] t=455445.393 ev.decode.rows1.cap0=135.748ms
[labev] t=455445.529 ev.decode.rows1.cap0=135.400ms
[labev] t=455445.664 ev.decode.rows1.cap0=135.640ms
[labev] t=455445.800 ev.decode.rows1.cap0=135.253ms
[labev] t=455445.935 ev.decode.rows1.cap0=135.371ms
[labev] t=455446.071 ev.decode.rows1.cap0=135.907ms
[labev] t=455446.207 ev.decode.rows1.cap0=135.224ms
[labev] t=455446.342 ev.decode.rows1.cap0=135.560ms
[labev] t=455446.480 ev.decode.rows1.cap0=137.560ms
[labev] t=455446.616 ev.decode.rows1.cap0=136.180ms
[labev] t=455446.752 ev.decode.rows1.cap0=136.070ms
[labev] t=455446.888 ev.decode.rows1.cap0=135.507ms
[labev] t=455447.024 ev.decode.rows1.cap0=135.938ms
[labev] t=455447.160 ev.decode.rows1.cap0=136.132ms
[labev] t=455447.297 ev.decode.rows1.cap0=136.367ms
[labev] t=455447.433 ev.decode.rows1.cap0=136.286ms
[labev] t=455447.580 ev.decode.rows1.cap0=146.635ms
[labev] t=455447.722 ev.decode.rows1.cap0=142.307ms
[labev] t=455447.859 ev.decode.rows1.cap0=136.630ms
[labev] t=455447.996 ev.decode.rows1.cap0=136.852ms
[labev] t=455448.133 ev.decode.rows1.cap0=136.690ms
[labev] t=455448.269 ev.decode.rows1.cap0=135.992ms
[labev] t=455448.405 ev.decode.rows1.cap0=136.170ms
[labev] t=455448.533 ev.decode.rows1.cap0=127.800ms
[labev] t=455448.534 req.start s1-p4096-o512-b7-r0=0.000ms
[labev] t=455448.534 req.handle=0.016ms
[labev] t=455448.554 tok.prepare=19.985ms
event=batching_admitted action=scheduler_admitted
[labev] t=455448.821 chunk.native.total=266.243ms
[labev] t=455449.085 chunk.native.total=264.376ms
[labev] t=455449.356 chunk.native.total=270.406ms
[labev] t=455449.629 chunk.native.total=273.261ms
[labev] t=455449.906 chunk.native.total=277.471ms
[labev] t=455450.185 chunk.native.total=278.104ms
[labprof] d0.performDecode.call=135.883ms/n64 f0.finalize.total=1.690ms/n128 f1.finalize.build=0.505ms/n127 f2.finalize.eval=1.146ms/n127 fc.finalize.call=1.695ms/n128 o1.ord.build=1.169ms/n1022 o2.ord.eval=7.310ms/n1022 p0.propose=0.002ms/n127 r0.round.interval=13.170ms/n127 s1.native.prefill.target=2.183ms/n7 s1.ord.prefill.target=40.203ms/n16 s2.native.prefill.drafter+eval=270.924ms/n7 s2.ord.prefill.eval=227.484ms/n16 s9.native.prefill.chunk.total=271.685ms/n6 s9.ord.prefill.chunk.total=267.722ms/n16 v0.verify.call=11.355ms/n127 v1.verify.build=0.901ms/n127 v2.verify.eval=10.349ms/n127
[labev] t=455450.467 chunk.native.total=281.965ms
[labev] t=455450.782 chunk.native.total=315.045ms
[labev] t=455450.782 req.firsttoken s1-p4096-o512-b7-r0=2247.835ms
[labev] t=455450.782 ev.propose=0.004ms
[labev] t=455450.793 ev.verify=11.242ms
[labev] t=455450.795 ev.finalize=1.664ms
[labev] t=455450.795 ev.propose=0.089ms
[labev] t=455450.807 ev.verify=11.438ms
[labev] t=455450.808 ev.finalize=1.654ms
[labev] t=455450.808 ev.propose=0.057ms
[labev] t=455450.820 ev.verify=11.331ms
[labev] t=455450.821 ev.finalize=1.656ms
[labev] t=455450.822 ev.propose=0.058ms
[labev] t=455450.833 ev.verify=11.152ms
[labev] t=455450.835 ev.finalize=1.685ms
[labev] t=455450.835 ev.propose=0.063ms
[labev] t=455450.846 ev.verify=11.235ms
[labev] t=455450.848 ev.finalize=1.658ms
[labev] t=455450.848 ev.propose=0.070ms
[labev] t=455450.859 ev.verify=11.288ms
[labev] t=455450.861 ev.finalize=1.697ms
[labev] t=455450.861 ev.propose=0.052ms
[labev] t=455450.872 ev.verify=11.401ms
[labev] t=455450.874 ev.finalize=1.644ms
[labev] t=455450.874 ev.propose=0.065ms
[labev] t=455450.886 ev.verify=11.312ms
[labev] t=455450.887 ev.finalize=1.648ms
[labev] t=455450.887 ev.propose=0.055ms
[labev] t=455450.899 ev.verify=11.129ms
[labev] t=455450.901 ev.finalize=2.271ms
[labev] t=455450.901 ev.propose=0.076ms
[labev] t=455450.913 ev.verify=11.434ms
[labev] t=455450.914 ev.finalize=1.663ms
[labev] t=455450.914 ev.propose=0.064ms
[labev] t=455450.926 ev.verify=11.255ms
[labev] t=455450.927 ev.finalize=1.652ms
[labev] t=455450.928 ev.propose=0.051ms
[labev] t=455450.939 ev.verify=11.214ms
[labev] t=455450.940 ev.finalize=1.546ms
[labev] t=455450.941 ev.propose=0.058ms
[labev] t=455450.952 ev.verify=11.116ms
[labev] t=455450.953 ev.finalize=1.607ms
[labev] t=455450.954 ev.propose=0.075ms
[labev] t=455450.965 ev.verify=11.210ms
[labev] t=455450.966 ev.finalize=1.642ms
[labev] t=455450.967 ev.propose=0.063ms
[labev] t=455450.978 ev.verify=11.320ms
[labev] t=455450.980 ev.finalize=1.539ms
[labev] t=455450.980 ev.propose=0.002ms
[labev] t=455450.991 ev.verify=11.275ms
[labev] t=455450.993 ev.finalize=1.641ms
[labev] t=455450.993 ev.propose=0.002ms
[labev] t=455451.004 ev.verify=11.201ms
[labev] t=455451.006 ev.finalize=1.634ms
[labev] t=455451.006 ev.propose=0.002ms
[labev] t=455451.017 ev.verify=11.227ms
[labev] t=455451.019 ev.finalize=1.863ms
[labev] t=455451.019 ev.propose=0.071ms
[labev] t=455451.030 ev.verify=11.189ms
[labev] t=455451.032 ev.finalize=1.851ms
[labev] t=455451.032 ev.propose=0.068ms
[labev] t=455451.044 ev.verify=11.203ms
[labev] t=455451.045 ev.finalize=1.642ms
[labev] t=455451.045 ev.propose=0.002ms
[labev] t=455451.056 ev.verify=11.198ms
[labev] t=455451.058 ev.finalize=1.645ms
[labev] t=455451.058 ev.propose=0.002ms
[labev] t=455451.070 ev.verify=11.374ms
[labev] t=455451.071 ev.finalize=1.636ms
[labev] t=455451.071 ev.propose=0.002ms
[labev] t=455451.083 ev.verify=11.387ms
[labev] t=455451.085 ev.finalize=1.633ms
[labev] t=455451.085 ev.propose=0.069ms
[labev] t=455451.096 ev.verify=11.154ms
[labev] t=455451.098 ev.finalize=1.647ms
[labev] t=455451.098 ev.propose=0.002ms
[labev] t=455451.109 ev.verify=11.274ms
[labev] t=455451.111 ev.finalize=1.626ms
[labev] t=455451.111 ev.propose=0.002ms
[labev] t=455451.122 ev.verify=11.359ms
[labev] t=455451.124 ev.finalize=2.284ms
[labev] t=455451.125 ev.propose=0.003ms
[labev] t=455451.136 ev.verify=11.322ms
[labev] t=455451.138 ev.finalize=1.678ms
[labev] t=455451.138 ev.propose=0.002ms
[labev] t=455451.149 ev.verify=11.333ms
[labev] t=455451.151 ev.finalize=1.659ms
[labev] t=455451.151 ev.propose=0.002ms
[labev] t=455451.162 ev.verify=11.333ms
[labev] t=455451.164 ev.finalize=1.645ms
[labev] t=455451.164 ev.propose=0.002ms
[labev] t=455451.175 ev.verify=11.216ms
[labev] t=455451.177 ev.finalize=1.636ms
[labev] t=455451.177 ev.propose=0.002ms
[labev] t=455451.188 ev.verify=11.322ms
[labev] t=455451.190 ev.finalize=1.627ms
[labev] t=455451.190 ev.propose=0.002ms
[labev] t=455451.201 ev.verify=11.255ms
[labev] t=455451.203 ev.finalize=1.632ms
[labev] t=455451.203 ev.propose=0.002ms
[labev] t=455451.214 ev.verify=11.268ms
[labev] t=455451.216 ev.finalize=1.658ms
[labev] t=455451.216 ev.propose=0.002ms
[labev] t=455451.228 ev.verify=11.589ms
[labev] t=455451.230 ev.finalize=1.638ms
[labev] t=455451.230 ev.propose=0.002ms
[labev] t=455451.241 ev.verify=11.305ms
[labev] t=455451.243 ev.finalize=1.648ms
[labev] t=455451.243 ev.propose=0.002ms
[labev] t=455451.254 ev.verify=11.168ms
[labev] t=455451.256 ev.finalize=1.642ms
[labev] t=455451.256 ev.propose=0.002ms
[labev] t=455451.267 ev.verify=11.466ms
[labev] t=455451.269 ev.finalize=1.650ms
[labev] t=455451.269 ev.propose=0.002ms
[labev] t=455451.280 ev.verify=11.412ms
[labev] t=455451.282 ev.finalize=1.662ms
[labev] t=455451.282 ev.propose=0.002ms
[labev] t=455451.293 ev.verify=11.173ms
[labev] t=455451.295 ev.finalize=1.620ms
[labev] t=455451.295 ev.propose=0.002ms
[labev] t=455451.306 ev.verify=11.104ms
[labev] t=455451.308 ev.finalize=1.661ms
[labev] t=455451.308 ev.propose=0.002ms
[labev] t=455451.319 ev.verify=11.293ms
[labev] t=455451.321 ev.finalize=1.646ms
[labev] t=455451.321 ev.propose=0.002ms
[labev] t=455451.333 ev.verify=11.375ms
[labev] t=455451.335 ev.finalize=2.297ms
[labev] t=455451.335 ev.propose=0.002ms
[labev] t=455451.346 ev.verify=11.414ms
[labev] t=455451.348 ev.finalize=1.654ms
[labev] t=455451.348 ev.propose=0.002ms
[labev] t=455451.359 ev.verify=11.253ms
[labev] t=455451.361 ev.finalize=1.651ms
[labev] t=455451.361 ev.propose=0.002ms
[labev] t=455451.372 ev.verify=11.040ms
[labev] t=455451.374 ev.finalize=1.634ms
[labev] t=455451.374 ev.propose=0.002ms
[labev] t=455451.385 ev.verify=11.176ms
[labev] t=455451.387 ev.finalize=1.637ms
[labev] t=455451.387 ev.propose=0.002ms
[labev] t=455451.398 ev.verify=11.303ms
[labev] t=455451.400 ev.finalize=1.643ms
[labev] t=455451.400 ev.propose=0.002ms
[labev] t=455451.411 ev.verify=11.184ms
[labev] t=455451.413 ev.finalize=1.671ms
[labev] t=455451.413 ev.propose=0.002ms
[labev] t=455451.424 ev.verify=11.293ms
[labev] t=455451.426 ev.finalize=1.665ms
[labev] t=455451.426 ev.propose=0.002ms
[labev] t=455451.437 ev.verify=11.175ms
[labev] t=455451.439 ev.finalize=1.646ms
[labev] t=455451.439 ev.propose=0.002ms
[labev] t=455451.450 ev.verify=11.142ms
[labev] t=455451.452 ev.finalize=1.660ms
[labev] t=455451.452 ev.propose=0.002ms
[labev] t=455451.464 ev.verify=11.445ms
[labev] t=455451.465 ev.finalize=1.560ms
[labev] t=455451.465 ev.propose=0.002ms
[labev] t=455451.477 ev.verify=11.384ms
[labev] t=455451.479 ev.finalize=1.682ms
[labev] t=455451.479 ev.propose=0.002ms
[labev] t=455451.490 ev.verify=11.405ms
[labev] t=455451.492 ev.finalize=1.656ms
[labev] t=455451.492 ev.propose=0.002ms
[labev] t=455451.503 ev.verify=11.256ms
[labev] t=455451.505 ev.finalize=1.646ms
[labev] t=455451.505 ev.propose=0.002ms
[labev] t=455451.516 ev.verify=11.390ms
[labev] t=455451.518 ev.finalize=1.685ms
[labev] t=455451.518 ev.propose=0.002ms
[labev] t=455451.529 ev.verify=11.180ms
[labev] t=455451.531 ev.finalize=1.640ms
[labev] t=455451.531 ev.propose=0.002ms
[labev] t=455451.542 ev.verify=11.233ms
[labev] t=455451.544 ev.finalize=1.684ms
[labev] t=455451.544 ev.propose=0.002ms
[labev] t=455451.555 ev.verify=11.279ms
[labev] t=455451.558 ev.finalize=2.323ms
[labev] t=455451.558 ev.propose=0.002ms
[labev] t=455451.569 ev.verify=11.453ms
[labev] t=455451.571 ev.finalize=1.712ms
[labev] t=455451.571 ev.propose=0.002ms
[labev] t=455451.583 ev.verify=11.375ms
[labev] t=455451.584 ev.finalize=1.661ms
[labev] t=455451.584 ev.propose=0.002ms
[labev] t=455451.596 ev.verify=11.298ms
[labev] t=455451.598 ev.finalize=1.688ms
[labev] t=455451.598 ev.propose=0.002ms
[labev] t=455451.609 ev.verify=11.351ms
[labev] t=455451.611 ev.finalize=1.667ms
[labev] t=455451.611 ev.propose=0.002ms
[labev] t=455451.622 ev.verify=11.344ms
[labev] t=455451.624 ev.finalize=1.676ms
[labev] t=455451.624 ev.propose=0.002ms
[labev] t=455451.635 ev.verify=11.467ms
[labev] t=455451.637 ev.finalize=1.669ms
[labev] t=455451.637 ev.propose=0.002ms
[labev] t=455451.648 ev.verify=11.187ms
[labev] t=455451.650 ev.finalize=1.652ms
[labev] t=455451.650 ev.propose=0.002ms
[labev] t=455451.662 ev.verify=11.396ms
[labev] t=455451.663 ev.finalize=1.660ms
[labev] t=455451.663 ev.propose=0.002ms
[labev] t=455451.675 ev.verify=11.259ms
[labev] t=455451.676 ev.finalize=1.631ms
[labev] t=455451.677 ev.propose=0.002ms
[labev] t=455451.688 ev.verify=11.257ms
[labev] t=455451.690 ev.finalize=1.673ms
[labev] t=455451.690 ev.propose=0.002ms
[labev] t=455451.701 ev.verify=11.246ms
[labev] t=455451.703 ev.finalize=1.652ms
[labev] t=455451.703 ev.propose=0.002ms
[labev] t=455451.714 ev.verify=11.203ms
[labev] t=455451.716 ev.finalize=1.664ms
[labev] t=455451.716 ev.propose=0.002ms
[labev] t=455451.727 ev.verify=11.328ms
[labev] t=455451.729 ev.finalize=1.659ms
[labev] t=455451.729 ev.propose=0.002ms
[labev] t=455451.740 ev.verify=11.353ms
[labev] t=455451.742 ev.finalize=1.640ms
[labev] t=455451.742 ev.propose=0.002ms
[labev] t=455451.753 ev.verify=11.216ms
[labev] t=455451.755 ev.finalize=1.636ms
[labev] t=455451.755 ev.propose=0.002ms
[labev] t=455451.766 ev.verify=11.396ms
[labev] t=455451.769 ev.finalize=2.283ms
[labev] t=455451.769 ev.propose=0.002ms
[labev] t=455451.780 ev.verify=11.391ms
[labev] t=455451.782 ev.finalize=1.559ms
[labev] t=455451.782 ev.propose=0.002ms
[labev] t=455451.793 ev.verify=11.156ms
[labev] t=455451.795 ev.finalize=1.660ms
[labev] t=455451.795 ev.propose=0.002ms
[labev] t=455451.806 ev.verify=11.280ms
[labev] t=455451.808 ev.finalize=1.645ms
[labev] t=455451.808 ev.propose=0.002ms
[labev] t=455451.819 ev.verify=11.358ms
[labev] t=455451.821 ev.finalize=1.653ms
[labev] t=455451.821 ev.propose=0.002ms
[labev] t=455451.833 ev.verify=11.352ms
[labev] t=455451.834 ev.finalize=1.645ms
[labev] t=455451.834 ev.propose=0.002ms
[labev] t=455451.846 ev.verify=11.274ms
[labev] t=455451.847 ev.finalize=1.652ms
[labev] t=455451.847 ev.propose=0.002ms
[labev] t=455451.859 ev.verify=11.432ms
[labev] t=455451.861 ev.finalize=1.674ms
[labev] t=455451.861 ev.propose=0.002ms
[labev] t=455451.872 ev.verify=10.965ms
[labev] t=455451.873 ev.finalize=1.661ms
[labev] t=455451.873 ev.propose=0.002ms
[labev] t=455451.885 ev.verify=11.164ms
[labev] t=455451.886 ev.finalize=1.647ms
[labev] t=455451.886 ev.propose=0.002ms
[labev] t=455451.898 ev.verify=11.355ms
[labev] t=455451.900 ev.finalize=1.662ms
[labev] t=455451.900 ev.propose=0.002ms
[labev] t=455451.911 ev.verify=11.126ms
[labev] t=455451.912 ev.finalize=1.661ms
[labev] t=455451.913 ev.propose=0.002ms
[labev] t=455451.924 ev.verify=11.043ms
[labev] t=455451.925 ev.finalize=1.837ms
[labev] t=455451.926 ev.propose=0.002ms
[labev] t=455451.937 ev.verify=11.238ms
[labev] t=455451.939 ev.finalize=1.660ms
[labev] t=455451.939 ev.propose=0.002ms
[labev] t=455451.950 ev.verify=11.220ms
[labev] t=455451.952 ev.finalize=1.680ms
[labev] t=455451.952 ev.propose=0.001ms
[labev] t=455451.963 ev.verify=11.363ms
[labev] t=455451.965 ev.finalize=1.672ms
[labev] t=455451.965 ev.propose=0.002ms
[labev] t=455451.976 ev.verify=11.422ms
[labev] t=455451.979 ev.finalize=2.340ms
[labev] t=455451.979 ev.propose=0.002ms
[labev] t=455451.990 ev.verify=11.176ms
[labev] t=455451.992 ev.finalize=1.531ms
[labev] t=455451.992 ev.propose=0.002ms
[labev] t=455452.003 ev.verify=11.151ms
[labev] t=455452.005 ev.finalize=1.656ms
[labev] t=455452.005 ev.propose=0.002ms
[labev] t=455452.016 ev.verify=11.314ms
[labev] t=455452.018 ev.finalize=1.637ms
[labev] t=455452.018 ev.propose=0.002ms
[labev] t=455452.029 ev.verify=11.353ms
[labev] t=455452.031 ev.finalize=1.651ms
[labev] t=455452.031 ev.propose=0.002ms
[labev] t=455452.042 ev.verify=11.353ms
[labev] t=455452.044 ev.finalize=1.649ms
[labev] t=455452.044 ev.propose=0.002ms
[labev] t=455452.055 ev.verify=11.354ms
[labev] t=455452.057 ev.finalize=1.701ms
[labev] t=455452.057 ev.propose=0.002ms
[labev] t=455452.069 ev.verify=11.226ms
[labev] t=455452.070 ev.finalize=1.659ms
[labev] t=455452.070 ev.propose=0.002ms
[labev] t=455452.082 ev.verify=11.199ms
[labev] t=455452.083 ev.finalize=1.640ms
[labev] t=455452.083 ev.propose=0.002ms
[labev] t=455452.095 ev.verify=11.264ms
[labev] t=455452.096 ev.finalize=1.538ms
[labev] t=455452.096 ev.propose=0.002ms
[labev] t=455452.108 ev.verify=11.696ms
[labev] t=455452.110 ev.finalize=1.697ms
[labev] t=455452.110 ev.propose=0.002ms
[labev] t=455452.121 ev.verify=11.244ms
[labev] t=455452.123 ev.finalize=1.660ms
[labev] t=455452.123 ev.propose=0.002ms
[labev] t=455452.134 ev.verify=11.275ms
[labev] t=455452.136 ev.finalize=1.656ms
[labev] t=455452.136 ev.propose=0.002ms
[labev] t=455452.147 ev.verify=11.298ms
[labev] t=455452.149 ev.finalize=1.672ms
[labev] t=455452.149 ev.propose=0.002ms
[labev] t=455452.160 ev.verify=11.328ms
[labev] t=455452.162 ev.finalize=1.664ms
[labev] t=455452.162 ev.propose=0.002ms
[labev] t=455452.174 ev.verify=11.413ms
[labev] t=455452.175 ev.finalize=1.669ms
[labev] t=455452.175 ev.propose=0.002ms
[labev] t=455452.187 ev.verify=11.406ms
[labev] t=455452.189 ev.finalize=1.658ms
[labev] t=455452.189 ev.propose=0.002ms
[labev] t=455452.200 ev.verify=11.408ms
[labev] t=455452.202 ev.finalize=2.314ms
[labev] t=455452.203 ev.propose=0.002ms
[labev] t=455452.214 ev.verify=11.235ms
[labev] t=455452.216 ev.finalize=1.671ms
[labev] t=455452.216 ev.propose=0.002ms
[labev] t=455452.227 ev.verify=11.323ms
[labev] t=455452.229 ev.finalize=1.680ms
[labev] t=455452.229 ev.propose=0.002ms
[labev] t=455452.240 ev.verify=11.458ms
[labev] t=455452.242 ev.finalize=1.655ms
[labev] t=455452.242 ev.propose=0.002ms
[labev] t=455452.253 ev.verify=11.193ms
[labev] t=455452.255 ev.finalize=1.675ms
[labev] t=455452.255 ev.propose=0.002ms
[labev] t=455452.266 ev.verify=11.185ms
[labev] t=455452.268 ev.finalize=1.673ms
[labev] t=455452.268 ev.propose=0.002ms
[labev] t=455452.280 ev.verify=11.422ms
[labev] t=455452.281 ev.finalize=1.657ms
[labev] t=455452.281 ev.propose=0.002ms
[labev] t=455452.293 ev.verify=11.437ms
[labev] t=455452.295 ev.finalize=1.681ms
[labev] t=455452.295 ev.propose=0.002ms
[labev] t=455452.306 ev.verify=11.373ms
[labev] t=455452.308 ev.finalize=1.662ms
[labev] t=455452.308 ev.propose=0.002ms
[labev] t=455452.319 ev.verify=11.121ms
[labev] t=455452.321 ev.finalize=1.658ms
[labev] t=455452.321 ev.propose=0.002ms
[labev] t=455452.332 ev.verify=11.436ms
[labev] t=455452.334 ev.finalize=1.664ms
[labev] t=455452.334 ev.propose=0.002ms
[labev] t=455452.345 ev.verify=11.459ms
[labev] t=455452.347 ev.finalize=1.662ms
[labev] t=455452.347 ev.propose=0.002ms
[labev] t=455452.358 ev.verify=11.191ms
[labev] t=455452.360 ev.finalize=1.670ms
[labev] t=455452.360 ev.propose=0.002ms
[labev] t=455452.372 ev.verify=11.426ms
[labev] t=455452.373 ev.finalize=1.675ms
[labev] t=455452.374 ev.propose=0.002ms
[labev] t=455452.385 ev.verify=11.425ms
[labev] t=455452.387 ev.finalize=1.654ms
[labev] t=455452.387 ev.propose=0.002ms
[labev] t=455452.398 ev.verify=11.317ms
[labev] t=455452.400 ev.finalize=1.641ms
[labev] t=455452.400 ev.propose=0.002ms
[labev] t=455452.411 ev.verify=11.473ms
[labev] t=455452.414 ev.finalize=2.319ms
[labev] t=455452.414 ev.propose=0.002ms
[labev] t=455452.425 ev.verify=11.394ms
[labev] t=455452.427 ev.finalize=1.669ms
[labev] t=455452.427 ev.propose=0.002ms
[labev] t=455452.439 ev.verify=11.416ms
[labev] t=455452.440 ev.finalize=1.692ms
[labev] t=455452.440 ev.propose=0.002ms
[labev] t=455452.452 ev.verify=11.249ms
[labev] t=455452.453 ev.finalize=1.670ms
[labev] t=455452.453 ev.propose=0.002ms
[labev] t=455452.465 ev.verify=11.447ms
[labev] t=455452.467 ev.finalize=1.650ms
[labev] t=455452.467 ev.propose=0.002ms
[labev] t=455452.478 ev.verify=11.357ms
[labev] t=455452.480 ev.finalize=1.621ms
[labev] t=455452.480 ev.propose=0.002ms
[labev] t=455452.491 ev.verify=11.410ms
[labev] t=455452.493 ev.finalize=1.670ms
[labev] t=455452.493 ev.propose=0.002ms
[labev] t=455452.504 ev.verify=11.161ms
[labev] t=455452.506 ev.finalize=1.662ms
[labev] t=455452.506 ev.propose=0.002ms
[labev] t=455452.517 ev.verify=11.410ms
[labev] t=455452.519 ev.finalize=1.669ms
[labev] t=455452.519 ev.propose=0.002ms
[labev] t=455452.531 ev.verify=11.301ms
[labev] t=455452.532 ev.finalize=1.673ms
[labev] t=455452.532 ev.propose=0.002ms
[labev] t=455452.544 ev.verify=11.363ms
[labev] t=455452.545 ev.finalize=1.655ms
[labev] t=455452.546 ev.propose=0.002ms
[labev] t=455452.557 ev.verify=11.286ms
[labev] t=455452.558 ev.finalize=1.558ms
[labev] t=455452.559 ev.propose=0.002ms
[labev] t=455452.570 ev.verify=11.289ms
[labev] t=455452.572 ev.finalize=1.664ms
[labev] t=455452.572 ev.propose=0.002ms
[labev] t=455452.583 ev.verify=11.404ms
[labev] t=455452.585 ev.finalize=1.639ms
[labev] t=455452.585 ev.propose=0.002ms
[labev] t=455452.596 ev.verify=11.232ms
[labev] t=455452.598 ev.finalize=1.681ms
[labev] t=455452.598 ev.propose=0.002ms
[labev] t=455452.609 ev.verify=11.364ms
[labev] t=455452.611 ev.finalize=1.567ms
[labev] t=455452.611 ev.propose=0.002ms
[labev] t=455452.622 ev.verify=11.257ms
[labev] t=455452.624 ev.finalize=1.572ms
[labev] t=455452.624 ev.propose=0.002ms
[labev] t=455452.635 ev.verify=11.185ms
[labev] t=455452.637 ev.finalize=1.562ms
[labev] t=455452.637 ev.propose=0.002ms
[labev] t=455452.648 ev.verify=11.314ms
[labev] t=455452.651 ev.finalize=2.332ms
[labev] t=455452.651 ev.propose=0.002ms
[labev] t=455452.662 ev.verify=11.351ms
[labev] t=455452.664 ev.finalize=1.559ms
[labev] t=455452.664 ev.propose=0.002ms
[labev] t=455452.675 ev.verify=11.286ms
[labev] t=455452.677 ev.finalize=1.664ms
[labev] t=455452.677 ev.propose=0.002ms
[labev] t=455452.688 ev.verify=11.437ms
[labev] t=455452.690 ev.finalize=1.558ms
[labev] t=455452.690 ev.propose=0.002ms
[labev] t=455452.701 ev.verify=11.264ms
[labev] t=455452.703 ev.finalize=1.549ms
[labev] t=455452.703 ev.propose=0.002ms
[labev] t=455452.715 ev.verify=11.564ms
[labev] t=455452.716 ev.finalize=1.663ms
[labev] t=455452.716 ev.propose=0.002ms
[labev] t=455452.728 ev.verify=11.459ms
[labev] t=455452.730 ev.finalize=1.650ms
[labev] t=455452.730 ev.propose=0.002ms
[labev] t=455452.741 ev.verify=11.245ms
[labev] t=455452.743 ev.finalize=1.701ms
[labev] t=455452.743 ev.propose=0.002ms
[labev] t=455452.754 ev.verify=11.453ms
[labev] t=455452.756 ev.finalize=1.687ms
[labev] t=455452.756 ev.propose=0.002ms
[labev] t=455452.767 ev.verify=11.302ms
[labev] t=455452.769 ev.finalize=1.679ms
[labev] t=455452.769 ev.propose=0.002ms
[labev] t=455452.781 ev.verify=11.412ms
[labev] t=455452.782 ev.finalize=1.689ms
[labev] t=455452.782 ev.propose=0.002ms
[labev] t=455452.794 ev.verify=11.315ms
[labev] t=455452.795 ev.finalize=1.668ms
[labev] t=455452.796 ev.propose=0.002ms
[labev] t=455452.807 ev.verify=11.200ms
[labev] t=455452.808 ev.finalize=1.684ms
[labev] t=455452.809 ev.propose=0.002ms
[labev] t=455452.820 ev.verify=11.349ms
[labev] t=455452.822 ev.finalize=1.681ms
[labev] t=455452.822 ev.propose=0.002ms
[labev] t=455452.833 ev.verify=11.317ms
[labev] t=455452.835 ev.finalize=1.659ms
[labev] t=455452.835 ev.propose=0.002ms
[labev] t=455452.846 ev.verify=11.459ms
[labev] t=455452.848 ev.finalize=1.669ms
[labev] t=455452.848 ev.propose=0.002ms
[labev] t=455452.860 ev.verify=11.395ms
[labev] t=455452.861 ev.finalize=1.667ms
[labev] t=455452.861 ev.propose=0.002ms
[labev] t=455452.873 ev.verify=11.464ms
[labev] t=455452.875 ev.finalize=1.697ms
[labev] t=455452.875 ev.propose=0.002ms
[labev] t=455452.886 ev.verify=11.414ms
[labev] t=455452.889 ev.finalize=2.350ms
[labev] t=455452.889 ev.propose=0.002ms
[labev] t=455452.900 ev.verify=11.222ms
[labev] t=455452.902 ev.finalize=1.668ms
[labev] t=455452.902 ev.propose=0.002ms
[labev] t=455452.913 ev.verify=11.147ms
[labev] t=455452.915 ev.finalize=1.657ms
[labev] t=455452.915 ev.propose=0.002ms
[labev] t=455452.926 ev.verify=11.357ms
[labev] t=455452.928 ev.finalize=1.673ms
[labev] t=455452.928 ev.propose=0.002ms
[labev] t=455452.939 ev.verify=11.300ms
[labev] t=455452.941 ev.finalize=1.664ms
[labev] t=455452.941 ev.propose=0.002ms
[labev] t=455452.952 ev.verify=11.265ms
[labev] t=455452.954 ev.finalize=1.691ms
[labev] t=455452.954 ev.propose=0.002ms
[labev] t=455452.965 ev.verify=11.403ms
[labev] t=455452.967 ev.finalize=1.688ms
[labev] t=455452.967 ev.propose=0.002ms
[labev] t=455452.979 ev.verify=11.199ms
[labev] t=455452.980 ev.finalize=1.665ms
[labev] t=455452.980 ev.propose=0.002ms
[labev] t=455452.992 ev.verify=11.278ms
[labev] t=455452.993 ev.finalize=1.646ms
[labev] t=455452.993 ev.propose=0.002ms
[labev] t=455453.005 ev.verify=11.366ms
[labev] t=455453.007 ev.finalize=1.682ms
[labev] t=455453.007 ev.propose=0.002ms
[labev] t=455453.018 ev.verify=11.365ms
[labev] t=455453.020 ev.finalize=1.677ms
[labev] t=455453.020 ev.propose=0.002ms
[labev] t=455453.031 ev.verify=11.441ms
[labev] t=455453.033 ev.finalize=1.684ms
[labev] t=455453.033 ev.propose=0.002ms
[labev] t=455453.044 ev.verify=11.250ms
[labev] t=455453.046 ev.finalize=1.576ms
[labev] t=455453.046 ev.propose=0.002ms
[labev] t=455453.057 ev.verify=11.308ms
[labev] t=455453.059 ev.finalize=1.672ms
[labev] t=455453.059 ev.propose=0.002ms
[labev] t=455453.070 ev.verify=11.204ms
[labev] t=455453.072 ev.finalize=1.705ms
[labev] t=455453.072 ev.propose=0.002ms
[labev] t=455453.084 ev.verify=11.503ms
[labev] t=455453.085 ev.finalize=1.670ms
[labev] t=455453.086 ev.propose=0.002ms
[labev] t=455453.097 ev.verify=11.250ms
[labev] t=455453.099 ev.finalize=2.329ms
[labev] t=455453.099 ev.propose=0.002ms
[labev] t=455453.111 ev.verify=11.460ms
[labev] t=455453.113 ev.finalize=1.678ms
[labev] t=455453.113 ev.propose=0.002ms
[labev] t=455453.124 ev.verify=11.308ms
[labev] t=455453.126 ev.finalize=1.683ms
[labev] t=455453.126 ev.propose=0.002ms
[labev] t=455453.137 ev.verify=11.371ms
[labev] t=455453.139 ev.finalize=1.709ms
[labev] t=455453.139 ev.propose=0.002ms
[labev] t=455453.150 ev.verify=11.369ms
[labev] t=455453.152 ev.finalize=1.766ms
[labev] t=455453.152 ev.propose=0.002ms
[labev] t=455453.164 ev.verify=11.411ms
[labev] t=455453.165 ev.finalize=1.681ms
[labev] t=455453.166 ev.propose=0.002ms
[labev] t=455453.177 ev.verify=11.092ms
[labev] t=455453.178 ev.finalize=1.561ms
[labev] t=455453.178 ev.propose=0.002ms
[labev] t=455453.190 ev.verify=11.405ms
[labev] t=455453.191 ev.finalize=1.666ms
[labev] t=455453.192 ev.propose=0.002ms
[labev] t=455453.203 ev.verify=11.269ms
[labev] t=455453.205 ev.finalize=1.658ms
[labev] t=455453.205 ev.propose=0.002ms
[labev] t=455453.216 ev.verify=11.347ms
[labev] t=455453.218 ev.finalize=1.570ms
[labev] t=455453.218 ev.propose=0.002ms
[labev] t=455453.229 ev.verify=11.217ms
[labev] t=455453.231 ev.finalize=1.561ms
[labev] t=455453.231 ev.propose=0.002ms
[labev] t=455453.242 ev.verify=11.519ms
[labev] t=455453.244 ev.finalize=1.694ms
[labev] t=455453.244 ev.propose=0.002ms
[labev] t=455453.255 ev.verify=11.417ms
[labev] t=455453.257 ev.finalize=1.681ms
[labev] t=455453.257 ev.propose=0.002ms
[labev] t=455453.269 ev.verify=11.612ms
[labev] t=455453.271 ev.finalize=1.668ms
[labev] t=455453.271 ev.propose=0.002ms
[labev] t=455453.282 ev.verify=11.304ms
[labev] t=455453.284 ev.finalize=1.682ms
[labev] t=455453.284 ev.propose=0.002ms
[labev] t=455453.295 ev.verify=11.514ms
[labev] t=455453.297 ev.finalize=1.667ms
[labev] t=455453.297 ev.propose=0.002ms
[labev] t=455453.309 ev.verify=11.344ms
[labev] t=455453.310 ev.finalize=1.682ms
[labev] t=455453.310 ev.propose=0.002ms
[labev] t=455453.322 ev.verify=11.420ms
[labev] t=455453.324 ev.finalize=1.704ms
[labev] t=455453.324 ev.propose=0.002ms
[labev] t=455453.335 ev.verify=11.175ms
[labev] t=455453.337 ev.finalize=2.334ms
[labev] t=455453.337 ev.propose=0.002ms
[labev] t=455453.349 ev.verify=11.479ms
[labev] t=455453.351 ev.finalize=1.710ms
[labev] t=455453.351 ev.propose=0.002ms
[labev] t=455453.362 ev.verify=11.325ms
[labev] t=455453.364 ev.finalize=1.677ms
[labev] t=455453.364 ev.propose=0.002ms
[labev] t=455453.375 ev.verify=11.262ms
[labev] t=455453.377 ev.finalize=1.662ms
[labev] t=455453.377 ev.propose=0.002ms
[labev] t=455453.388 ev.verify=11.249ms
[labev] t=455453.390 ev.finalize=1.556ms
[labev] t=455453.390 ev.propose=0.002ms
[labev] t=455453.401 ev.verify=11.319ms
[labev] t=455453.403 ev.finalize=1.558ms
[labev] t=455453.403 ev.propose=0.002ms
[labev] t=455453.414 ev.verify=11.213ms
[labev] t=455453.416 ev.finalize=1.680ms
[labev] t=455453.416 ev.propose=0.002ms
[labev] t=455453.427 ev.verify=11.385ms
[labev] t=455453.429 ev.finalize=1.660ms
[labev] t=455453.429 ev.propose=0.002ms
[labev] t=455453.441 ev.verify=11.491ms
[labev] t=455453.442 ev.finalize=1.655ms
[labev] t=455453.442 ev.propose=0.002ms
[labev] t=455453.454 ev.verify=11.100ms
[labev] t=455453.455 ev.finalize=1.658ms
[labev] t=455453.455 ev.propose=0.002ms
[labev] t=455453.467 ev.verify=11.201ms
[labev] t=455453.468 ev.finalize=1.670ms
[labev] t=455453.468 ev.propose=0.002ms
[labev] t=455453.480 ev.verify=11.171ms
[labev] t=455453.481 ev.finalize=1.697ms
[labev] t=455453.481 ev.propose=0.002ms
[labev] t=455453.493 ev.verify=11.236ms
[labev] t=455453.494 ev.finalize=1.693ms
[labev] t=455453.494 ev.propose=0.002ms
[labev] t=455453.506 ev.verify=11.350ms
[labev] t=455453.507 ev.finalize=1.676ms
[labev] t=455453.508 ev.propose=0.002ms
[labev] t=455453.519 ev.verify=11.344ms
[labev] t=455453.521 ev.finalize=1.688ms
[labev] t=455453.521 ev.propose=0.002ms
[labev] t=455453.532 ev.verify=11.414ms
[labev] t=455453.534 ev.finalize=1.671ms
[labev] t=455453.534 ev.propose=0.002ms
[labev] t=455453.545 ev.verify=11.334ms
[labev] t=455453.547 ev.finalize=1.670ms
[labev] t=455453.547 ev.propose=0.002ms
[labev] t=455453.559 ev.verify=11.484ms
[labev] t=455453.561 ev.finalize=2.354ms
[labev] t=455453.561 ev.propose=0.002ms
[labev] t=455453.573 ev.verify=11.524ms
[labev] t=455453.574 ev.finalize=1.583ms
[labev] t=455453.574 ev.propose=0.002ms
[labev] t=455453.586 ev.verify=11.325ms
[labev] t=455453.588 ev.finalize=1.689ms
[labev] t=455453.588 ev.propose=0.002ms
[labev] t=455453.599 ev.verify=11.319ms
[labev] t=455453.601 ev.finalize=1.580ms
[labev] t=455453.601 ev.propose=0.002ms
[labev] t=455453.612 ev.verify=11.304ms
[labev] t=455453.614 ev.finalize=1.707ms
[labev] t=455453.614 ev.propose=0.002ms
[labev] t=455453.625 ev.verify=11.508ms
[labev] t=455453.627 ev.finalize=1.673ms
[labev] t=455453.627 ev.propose=0.002ms
[labev] t=455453.638 ev.verify=11.245ms
[labev] t=455453.640 ev.finalize=1.675ms
[labev] t=455453.640 ev.propose=0.002ms
[labev] t=455453.652 ev.verify=11.407ms
[labev] t=455453.653 ev.finalize=1.671ms
[labev] t=455453.653 ev.propose=0.002ms
[labev] t=455453.665 ev.verify=11.315ms
[labev] t=455453.666 ev.finalize=1.679ms
[labev] t=455453.667 ev.propose=0.002ms
[labev] t=455453.678 ev.verify=11.278ms
[labev] t=455453.680 ev.finalize=1.580ms
[labev] t=455453.680 ev.propose=0.002ms
[labev] t=455453.691 ev.verify=11.390ms
[labev] t=455453.693 ev.finalize=1.692ms
[labev] t=455453.693 ev.propose=0.002ms
[labev] t=455453.704 ev.verify=11.375ms
[labev] t=455453.706 ev.finalize=1.665ms
[labev] t=455453.706 ev.propose=0.002ms
[labev] t=455453.717 ev.verify=11.138ms
[labev] t=455453.719 ev.finalize=1.701ms
[labev] t=455453.719 ev.propose=0.002ms
[labev] t=455453.730 ev.verify=11.371ms
[labev] t=455453.732 ev.finalize=1.690ms
[labev] t=455453.732 ev.propose=0.002ms
[labev] t=455453.744 ev.verify=11.368ms
[labev] t=455453.745 ev.finalize=1.687ms
[labev] t=455453.745 ev.propose=0.002ms
[labev] t=455453.757 ev.verify=11.523ms
[labev] t=455453.759 ev.finalize=1.557ms
[labev] t=455453.759 ev.propose=0.001ms
[labev] t=455453.770 ev.verify=11.267ms
[labev] t=455453.772 ev.finalize=1.666ms
[labev] t=455453.772 ev.propose=0.002ms
[labev] t=455453.783 ev.verify=11.479ms
[labev] t=455453.785 ev.finalize=1.671ms
[labev] t=455453.785 ev.propose=0.002ms
[labev] t=455453.797 ev.verify=11.485ms
[labev] t=455453.799 ev.finalize=2.252ms
[labev] t=455453.799 ev.propose=0.003ms
[labev] t=455453.810 ev.verify=11.498ms
[labev] t=455453.812 ev.finalize=1.706ms
[labev] t=455453.812 ev.propose=0.002ms
[labev] t=455453.824 ev.verify=11.375ms
[labev] t=455453.825 ev.finalize=1.699ms
[labev] t=455453.826 ev.propose=0.002ms
[labev] t=455453.837 ev.verify=11.237ms
[labev] t=455453.838 ev.finalize=1.657ms
[labev] t=455453.839 ev.propose=0.002ms
[labev] t=455453.850 ev.verify=11.110ms
[labev] t=455453.851 ev.finalize=1.664ms
[labev] t=455453.851 ev.propose=0.002ms
[labev] t=455453.863 ev.verify=11.351ms
[labev] t=455453.864 ev.finalize=1.580ms
[labev] t=455453.865 ev.propose=0.002ms
[labev] t=455453.876 ev.verify=11.357ms
[labev] t=455453.878 ev.finalize=1.579ms
[labev] t=455453.878 ev.propose=0.002ms
[labev] t=455453.889 ev.verify=11.341ms
[labev] t=455453.891 ev.finalize=1.590ms
[labev] t=455453.891 ev.propose=0.002ms
[labev] t=455453.902 ev.verify=11.402ms
[labev] t=455453.904 ev.finalize=1.715ms
[labev] t=455453.904 ev.propose=0.002ms
[labev] t=455453.915 ev.verify=11.141ms
[labev] t=455453.917 ev.finalize=1.689ms
[labev] t=455453.917 ev.propose=0.002ms
[labev] t=455453.928 ev.verify=11.435ms
[labev] t=455453.930 ev.finalize=1.687ms
[labev] t=455453.930 ev.propose=0.002ms
[labev] t=455453.942 ev.verify=11.304ms
[labev] t=455453.943 ev.finalize=1.683ms
[labev] t=455453.943 ev.propose=0.002ms
[labev] t=455453.955 ev.verify=11.335ms
[labev] t=455453.956 ev.finalize=1.700ms
[labev] t=455453.957 ev.propose=0.002ms
[labev] t=455453.968 ev.verify=11.276ms
[labev] t=455453.970 ev.finalize=1.692ms
[labev] t=455453.970 ev.propose=0.002ms
[labev] t=455453.981 ev.verify=11.107ms
[labev] t=455453.983 ev.finalize=1.666ms
[labev] t=455453.983 ev.propose=0.002ms
[labev] t=455453.994 ev.verify=11.519ms
[labev] t=455453.996 ev.finalize=1.534ms
[labev] t=455453.996 ev.propose=0.002ms
[labev] t=455454.007 ev.verify=11.527ms
[labev] t=455454.009 ev.finalize=1.696ms
[labev] t=455454.009 ev.propose=0.002ms
[labev] t=455454.021 ev.verify=11.350ms
[labev] t=455454.022 ev.finalize=1.681ms
[labev] t=455454.022 ev.propose=0.002ms
[labev] t=455454.034 ev.verify=11.446ms
[labev] t=455454.036 ev.finalize=2.368ms
[labev] t=455454.036 ev.propose=0.002ms
[labev] t=455454.048 ev.verify=11.515ms
[labev] t=455454.050 ev.finalize=1.684ms
[labev] t=455454.050 ev.propose=0.002ms
[labev] t=455454.061 ev.verify=11.567ms
[labev] t=455454.063 ev.finalize=1.683ms
[labev] t=455454.063 ev.propose=0.002ms
[labev] t=455454.075 ev.verify=11.392ms
[labev] t=455454.076 ev.finalize=1.663ms
[labev] t=455454.076 ev.propose=0.002ms
[labev] t=455454.088 ev.verify=11.477ms
[labev] t=455454.090 ev.finalize=1.689ms
[labev] t=455454.090 ev.propose=0.002ms
[labev] t=455454.101 ev.verify=11.538ms
[labev] t=455454.103 ev.finalize=1.680ms
[labev] t=455454.103 ev.propose=0.002ms
[labev] t=455454.114 ev.verify=11.464ms
[labev] t=455454.116 ev.finalize=1.682ms
[labev] t=455454.116 ev.propose=0.002ms
[labev] t=455454.128 ev.verify=11.373ms
[labev] t=455454.129 ev.finalize=1.657ms
[labev] t=455454.129 ev.propose=0.002ms
[labev] t=455454.141 ev.verify=11.338ms
[labev] t=455454.142 ev.finalize=1.585ms
[labev] t=455454.143 ev.propose=0.002ms
[labev] t=455454.154 ev.verify=11.329ms
[labev] t=455454.156 ev.finalize=1.585ms
[labev] t=455454.156 ev.propose=0.002ms
[labev] t=455454.167 ev.verify=11.444ms
[labev] t=455454.169 ev.finalize=1.685ms
[labev] t=455454.169 ev.propose=0.002ms
[labev] t=455454.180 ev.verify=11.235ms
[labev] t=455454.182 ev.finalize=1.685ms
[labev] t=455454.182 ev.propose=0.002ms
[labev] t=455454.193 ev.verify=11.264ms
[labev] t=455454.195 ev.finalize=1.681ms
[labev] t=455454.195 ev.propose=0.002ms
[labev] t=455454.207 ev.verify=11.494ms
[labev] t=455454.208 ev.finalize=1.698ms
[labev] t=455454.208 ev.propose=0.002ms
[labev] t=455454.220 ev.verify=11.353ms
[labev] t=455454.221 ev.finalize=1.680ms
[labev] t=455454.222 ev.propose=0.002ms
[labev] t=455454.233 ev.verify=11.400ms
[labev] t=455454.235 ev.finalize=1.681ms
[labev] t=455454.235 ev.propose=0.002ms
[labev] t=455454.246 ev.verify=11.420ms
[labev] t=455454.248 ev.finalize=1.704ms
[labev] t=455454.248 ev.propose=0.002ms
[labev] t=455454.260 ev.verify=11.425ms
[labev] t=455454.262 ev.finalize=2.252ms
[labev] t=455454.262 ev.propose=0.002ms
[labev] t=455454.273 ev.verify=11.404ms
[labev] t=455454.275 ev.finalize=1.690ms
[labev] t=455454.275 ev.propose=0.002ms
[labev] t=455454.287 ev.verify=11.427ms
[labev] t=455454.288 ev.finalize=1.676ms
[labev] t=455454.288 ev.propose=0.002ms
[labev] t=455454.300 ev.verify=11.488ms
[labev] t=455454.302 ev.finalize=1.711ms
[labev] t=455454.302 ev.propose=0.002ms
[labev] t=455454.313 ev.verify=11.410ms
[labev] t=455454.315 ev.finalize=1.690ms
[labev] t=455454.315 ev.propose=0.002ms
[labev] t=455454.326 ev.verify=11.426ms
[labev] t=455454.328 ev.finalize=1.802ms
[labev] t=455454.328 ev.propose=0.002ms
[labev] t=455454.340 ev.verify=11.333ms
[labev] t=455454.341 ev.finalize=1.695ms
[labev] t=455454.342 ev.propose=0.002ms
[labev] t=455454.353 ev.verify=11.277ms
[labev] t=455454.355 ev.finalize=1.695ms
[labev] t=455457.817 req.start s1-p4096-o512-b8-r0=0.000ms
[labev] t=455457.817 req.handle=0.068ms
[labev] t=455457.837 tok.prepare=20.007ms
event=batching_admitted action=scheduler_admitted
[labev] t=455458.156 chunk.native.total=318.470ms
[labev] t=455458.423 chunk.native.total=266.330ms
[labev] t=455458.692 chunk.native.total=269.386ms
[labev] t=455458.965 chunk.native.total=272.387ms
[labev] t=455459.242 chunk.native.total=277.529ms
[labev] t=455459.522 chunk.native.total=280.131ms
[labev] t=455459.805 chunk.native.total=282.657ms
[labev] t=455460.123 chunk.native.total=317.346ms
[labev] t=455460.123 req.firsttoken s1-p4096-o512-b8-r0=2305.259ms
[labev] t=455460.123 ev.propose=0.003ms
[labev] t=455460.134 ev.verify=11.488ms
[labev] t=455460.136 ev.finalize=1.655ms
[labev] t=455460.136 ev.propose=0.078ms
[labev] t=455460.148 ev.verify=11.683ms
[labev] t=455460.149 ev.finalize=1.644ms
[labev] t=455460.150 ev.propose=0.062ms
[labev] t=455460.161 ev.verify=11.347ms
[labev] t=455460.163 ev.finalize=1.633ms
[labev] t=455460.163 ev.propose=0.062ms
[labev] t=455460.174 ev.verify=11.206ms
[labev] t=455460.176 ev.finalize=1.673ms
[labev] t=455460.176 ev.propose=0.055ms
[labev] t=455460.187 ev.verify=11.264ms
[labev] t=455460.189 ev.finalize=1.741ms
[labev] t=455460.189 ev.propose=0.002ms
[labev] t=455460.200 ev.verify=11.366ms
[labev] t=455460.202 ev.finalize=1.645ms
[labev] t=455460.202 ev.propose=0.052ms
[labev] t=455460.214 ev.verify=11.416ms
[labev] t=455460.215 ev.finalize=1.635ms
[labev] t=455460.216 ev.propose=0.059ms
[labev] t=455460.227 ev.verify=11.326ms
[labev] t=455460.229 ev.finalize=1.651ms
[labev] t=455460.229 ev.propose=0.056ms
[labev] t=455460.240 ev.verify=11.016ms
[labev] t=455460.242 ev.finalize=2.296ms
[labev] t=455460.242 ev.propose=0.067ms
[labev] t=455460.254 ev.verify=11.285ms
[labev] t=455460.255 ev.finalize=1.651ms
[labev] t=455460.255 ev.propose=0.070ms
[labev] t=455460.267 ev.verify=11.155ms
[labev] t=455460.268 ev.finalize=1.714ms
[labev] t=455460.269 ev.propose=0.063ms
[labev] t=455460.280 ev.verify=11.187ms
[labev] t=455460.281 ev.finalize=1.543ms
[labev] t=455460.281 ev.propose=0.068ms
[labev] t=455460.293 ev.verify=11.166ms
[labev] t=455460.294 ev.finalize=1.569ms
[labev] t=455460.294 ev.propose=0.054ms
[labev] t=455460.306 ev.verify=11.183ms
[labev] t=455460.307 ev.finalize=1.659ms
[labev] t=455460.307 ev.propose=0.002ms
[labev] t=455460.319 ev.verify=11.284ms
[labev] t=455460.320 ev.finalize=1.541ms
[labev] t=455460.320 ev.propose=0.061ms
[labev] t=455460.332 ev.verify=11.186ms
[labev] t=455460.333 ev.finalize=1.636ms
[labev] t=455460.333 ev.propose=0.002ms
[labev] t=455460.345 ev.verify=11.194ms
[labev] t=455460.346 ev.finalize=1.702ms
[labev] t=455460.346 ev.propose=0.002ms
[labev] t=455460.358 ev.verify=11.197ms
[labev] t=455460.359 ev.finalize=1.646ms
[labev] t=455460.359 ev.propose=0.002ms
[labev] t=455460.371 ev.verify=11.229ms
[labev] t=455460.372 ev.finalize=1.651ms
[labev] t=455460.372 ev.propose=0.002ms
[labev] t=455460.384 ev.verify=11.279ms
[labev] t=455460.385 ev.finalize=1.646ms
[labev] t=455460.386 ev.propose=0.002ms
[labev] t=455460.397 ev.verify=11.161ms
[labev] t=455460.398 ev.finalize=1.651ms
[labev] t=455460.399 ev.propose=0.002ms
[labev] t=455460.410 ev.verify=11.263ms
[labev] t=455460.411 ev.finalize=1.641ms
[labev] t=455460.412 ev.propose=0.002ms
[labev] t=455460.423 ev.verify=11.372ms
[labev] t=455460.425 ev.finalize=1.640ms
[labev] t=455460.425 ev.propose=0.002ms
[labev] t=455460.436 ev.verify=11.222ms
[labev] t=455460.438 ev.finalize=1.623ms
[labev] t=455460.438 ev.propose=0.002ms
[labev] t=455460.449 ev.verify=11.242ms
[labev] t=455460.451 ev.finalize=1.645ms
[labev] t=455460.451 ev.propose=0.002ms
[labev] t=455460.462 ev.verify=11.263ms
[labev] t=455460.464 ev.finalize=2.277ms
[labev] t=455460.464 ev.propose=0.002ms
[labev] t=455460.476 ev.verify=11.215ms
[labev] t=455460.477 ev.finalize=1.656ms
[labev] t=455460.477 ev.propose=0.002ms
[labev] t=455460.489 ev.verify=11.270ms
[labev] t=455460.490 ev.finalize=1.634ms
[labev] t=455460.491 ev.propose=0.002ms
[labev] t=455460.502 ev.verify=11.296ms
[labev] t=455460.504 ev.finalize=1.628ms
[labev] t=455460.504 ev.propose=0.002ms
[labev] t=455460.515 ev.verify=11.288ms
[labev] t=455460.517 ev.finalize=1.644ms
[labev] t=455460.517 ev.propose=0.002ms
[labev] t=455460.528 ev.verify=11.272ms
[labev] t=455460.530 ev.finalize=1.617ms
[labev] t=455460.530 ev.propose=0.002ms
[labev] t=455460.541 ev.verify=11.174ms
[labev] t=455460.543 ev.finalize=1.666ms
[labev] t=455460.543 ev.propose=0.002ms
[labev] t=455460.554 ev.verify=11.256ms
[labev] t=455460.556 ev.finalize=1.649ms
[labev] t=455460.556 ev.propose=0.002ms
[labev] t=455460.567 ev.verify=11.330ms
[labev] t=455460.569 ev.finalize=1.645ms
[labev] t=455460.569 ev.propose=0.002ms
[labev] t=455460.580 ev.verify=11.154ms
[labev] t=455460.582 ev.finalize=1.639ms
[labev] t=455460.582 ev.propose=0.002ms
[labev] t=455460.593 ev.verify=11.124ms
[labev] t=455460.595 ev.finalize=1.641ms
[labev] t=455460.595 ev.propose=0.002ms
[labev] t=455460.606 ev.verify=11.379ms
[labev] t=455460.608 ev.finalize=1.639ms
[labev] t=455460.608 ev.propose=0.002ms
[labev] t=455460.619 ev.verify=11.359ms
[labev] t=455460.621 ev.finalize=1.623ms
[labev] t=455460.621 ev.propose=0.002ms
[labev] t=455460.632 ev.verify=11.076ms
[labev] t=455460.634 ev.finalize=1.654ms
[labev] t=455460.634 ev.propose=0.002ms
[labev] t=455460.645 ev.verify=11.028ms
[labev] t=455460.647 ev.finalize=1.676ms
[labev] t=455460.647 ev.propose=0.002ms
[labev] t=455460.658 ev.verify=11.166ms
[labev] t=455460.660 ev.finalize=1.660ms
[labev] t=455460.660 ev.propose=0.002ms
[labev] t=455460.671 ev.verify=11.323ms
[labev] t=455460.673 ev.finalize=2.272ms
[labev] t=455460.674 ev.propose=0.002ms
[labev] t=455460.685 ev.verify=11.364ms
[labev] t=455460.687 ev.finalize=1.654ms
[labev] t=455460.687 ev.propose=0.002ms
[labev] t=455460.698 ev.verify=11.263ms
[labev] t=455460.700 ev.finalize=1.633ms
[labev] t=455460.700 ev.propose=0.002ms
[labev] t=455460.711 ev.verify=11.102ms
[labev] t=455460.713 ev.finalize=1.641ms
[labev] t=455460.713 ev.propose=0.002ms
[labev] t=455460.724 ev.verify=11.094ms
[labev] t=455460.726 ev.finalize=1.643ms
[labev] t=455460.726 ev.propose=0.002ms
[labev] t=455460.737 ev.verify=11.258ms
[labev] t=455460.739 ev.finalize=1.751ms
[labev] t=455460.739 ev.propose=0.002ms
[labev] t=455460.750 ev.verify=11.186ms
[labev] t=455460.752 ev.finalize=1.629ms
[labev] t=455460.752 ev.propose=0.002ms
[labev] t=455460.763 ev.verify=11.329ms
[labev] t=455460.765 ev.finalize=1.621ms
[labev] t=455460.765 ev.propose=0.002ms
[labev] t=455460.776 ev.verify=11.206ms
[labev] t=455460.778 ev.finalize=1.679ms
[labev] t=455460.778 ev.propose=0.002ms
[labev] t=455460.789 ev.verify=11.210ms
[labev] t=455460.791 ev.finalize=1.532ms
[labev] t=455460.791 ev.propose=0.002ms
[labev] t=455460.802 ev.verify=11.147ms
[labev] t=455460.804 ev.finalize=1.635ms
[labev] t=455460.804 ev.propose=0.002ms
[labev] t=455460.815 ev.verify=11.320ms
[labev] t=455460.817 ev.finalize=1.668ms
[labev] t=455460.817 ev.propose=0.002ms
[labev] t=455460.828 ev.verify=11.307ms
[labev] t=455460.830 ev.finalize=1.666ms
[labev] t=455460.830 ev.propose=0.002ms
[labev] t=455460.841 ev.verify=11.324ms
[labev] t=455460.843 ev.finalize=1.645ms
[labev] t=455460.843 ev.propose=0.002ms
[labev] t=455460.854 ev.verify=11.128ms
[labev] t=455460.856 ev.finalize=1.657ms
[labev] t=455460.856 ev.propose=0.002ms
[labev] t=455460.867 ev.verify=11.205ms
[labev] t=455460.869 ev.finalize=1.529ms
[labev] t=455460.869 ev.propose=0.002ms
[labev] t=455460.880 ev.verify=11.274ms
[labev] t=455460.882 ev.finalize=1.675ms
[labev] t=455460.882 ev.propose=0.002ms
[labev] t=455460.893 ev.verify=11.393ms
[labev] t=455460.895 ev.finalize=1.534ms
[labev] t=455460.895 ev.propose=0.002ms
[labev] t=455460.906 ev.verify=11.202ms
[labev] t=455460.909 ev.finalize=2.194ms
[labev] t=455460.909 ev.propose=0.002ms
[labev] t=455460.920 ev.verify=11.276ms
[labev] t=455460.922 ev.finalize=1.663ms
[labev] t=455460.922 ev.propose=0.002ms
[labev] t=455460.933 ev.verify=11.356ms
[labev] t=455460.935 ev.finalize=1.538ms
[labev] t=455460.935 ev.propose=0.002ms
[labev] t=455460.946 ev.verify=11.088ms
[labev] t=455460.948 ev.finalize=1.649ms
[labev] t=455460.948 ev.propose=0.002ms
[labev] t=455460.959 ev.verify=11.231ms
[labev] t=455460.961 ev.finalize=1.647ms
[labev] t=455460.961 ev.propose=0.002ms
[labev] t=455460.972 ev.verify=11.227ms
[labev] t=455460.974 ev.finalize=1.621ms
[labev] t=455460.974 ev.propose=0.002ms
[labev] t=455460.985 ev.verify=11.405ms
[labev] t=455460.987 ev.finalize=1.515ms
[labev] t=455460.987 ev.propose=0.002ms
[labev] t=455460.998 ev.verify=11.149ms
[labev] t=455461.000 ev.finalize=1.617ms
[labev] t=455461.000 ev.propose=0.002ms
[labev] t=455461.011 ev.verify=11.020ms
[labev] t=455461.012 ev.finalize=1.627ms
[labev] t=455461.013 ev.propose=0.002ms
[labev] t=455461.024 ev.verify=11.255ms
[labev] t=455461.025 ev.finalize=1.578ms
[labev] t=455461.026 ev.propose=0.002ms
[labev] t=455461.037 ev.verify=11.401ms
[labev] t=455461.039 ev.finalize=1.669ms
[labev] t=455461.039 ev.propose=0.002ms
[labev] t=455461.050 ev.verify=11.200ms
[labev] t=455461.052 ev.finalize=1.638ms
[labev] t=455461.052 ev.propose=0.002ms
[labev] t=455461.063 ev.verify=11.334ms
[labev] t=455461.065 ev.finalize=1.629ms
[labev] t=455461.065 ev.propose=0.002ms
[labev] t=455461.076 ev.verify=11.210ms
[labev] t=455461.078 ev.finalize=1.622ms
[labev] t=455461.078 ev.propose=0.002ms
[labev] t=455461.089 ev.verify=11.214ms
[labev] t=455461.091 ev.finalize=1.636ms
[labev] t=455461.091 ev.propose=0.002ms
[labev] t=455461.102 ev.verify=11.183ms
[labev] t=455461.104 ev.finalize=1.635ms
[labev] t=455461.104 ev.propose=0.002ms
[labev] t=455461.115 ev.verify=11.276ms
[labev] t=455461.117 ev.finalize=1.634ms
[labev] t=455461.117 ev.propose=0.002ms
[labev] t=455461.128 ev.verify=11.392ms
[labev] t=455461.131 ev.finalize=2.258ms
[labev] t=455461.131 ev.propose=0.002ms
[labev] t=455461.142 ev.verify=11.224ms
[labev] t=455461.144 ev.finalize=1.685ms
[labev] t=455461.144 ev.propose=0.002ms
[labev] t=455461.155 ev.verify=11.292ms
[labev] t=455461.157 ev.finalize=1.662ms
[labev] t=455461.157 ev.propose=0.002ms
[labev] t=455461.168 ev.verify=11.206ms
[labev] t=455461.170 ev.finalize=1.601ms
[labev] t=455461.170 ev.propose=0.002ms
[labev] t=455461.181 ev.verify=11.271ms
[labev] t=455461.183 ev.finalize=1.608ms
[labev] t=455461.183 ev.propose=0.002ms
[labev] t=455461.194 ev.verify=11.331ms
[labev] t=455461.196 ev.finalize=1.671ms
[labev] t=455461.196 ev.propose=0.002ms
[labev] t=455461.208 ev.verify=11.465ms
[labev] t=455461.209 ev.finalize=1.631ms
[labev] t=455461.209 ev.propose=0.002ms
[labev] t=455461.220 ev.verify=11.056ms
[labev] t=455461.222 ev.finalize=1.637ms
[labev] t=455461.222 ev.propose=0.002ms
[labev] t=455461.234 ev.verify=11.387ms
[labev] t=455461.235 ev.finalize=1.650ms
[labev] t=455461.235 ev.propose=0.002ms
[labev] t=455461.247 ev.verify=11.209ms
[labev] t=455461.248 ev.finalize=1.633ms
[labev] t=455461.248 ev.propose=0.002ms
[labev] t=455461.260 ev.verify=11.364ms
[labev] t=455461.261 ev.finalize=1.616ms
[labev] t=455461.261 ev.propose=0.002ms
[labev] t=455461.273 ev.verify=11.122ms
[labev] t=455461.274 ev.finalize=1.522ms
[labev] t=455461.274 ev.propose=0.002ms
[labev] t=455461.285 ev.verify=11.046ms
[labev] t=455461.287 ev.finalize=1.652ms
[labev] t=455461.287 ev.propose=0.002ms
[labev] t=455461.298 ev.verify=11.256ms
[labev] t=455461.300 ev.finalize=1.660ms
[labev] t=455461.300 ev.propose=0.002ms
[labev] t=455461.312 ev.verify=11.327ms
[labev] t=455461.313 ev.finalize=1.652ms
[labev] t=455461.313 ev.propose=0.002ms
[labev] t=455461.324 ev.verify=11.127ms
[labev] t=455461.326 ev.finalize=1.646ms
[labev] t=455461.326 ev.propose=0.002ms
[labev] t=455461.337 ev.verify=11.233ms
[labev] t=455461.339 ev.finalize=1.678ms
[labev] t=455461.339 ev.propose=0.002ms
[labev] t=455461.350 ev.verify=11.163ms
[labev] t=455461.353 ev.finalize=2.295ms
[labev] t=455461.353 ev.propose=0.002ms
[labev] t=455461.364 ev.verify=11.504ms
[labev] t=455461.366 ev.finalize=1.640ms
[labev] t=455461.366 ev.propose=0.002ms
[labev] t=455461.377 ev.verify=11.260ms
[labev] t=455461.379 ev.finalize=1.615ms
[labev] t=455461.379 ev.propose=0.002ms
[labev] t=455461.391 ev.verify=11.284ms
[labev] t=455461.392 ev.finalize=1.639ms
[labev] t=455461.392 ev.propose=0.002ms
[labev] t=455461.404 ev.verify=11.285ms
[labev] t=455461.405 ev.finalize=1.608ms
[labev] t=455461.405 ev.propose=0.002ms
[labev] t=455461.417 ev.verify=11.280ms
[labev] t=455461.419 ev.finalize=1.869ms
[labev] t=455461.419 ev.propose=0.002ms
[labev] t=455461.430 ev.verify=11.357ms
[labev] t=455461.432 ev.finalize=1.830ms
[labev] t=455461.432 ev.propose=0.002ms
[labev] t=455461.444 ev.verify=11.437ms
[labev] t=455461.445 ev.finalize=1.707ms
[labev] t=455461.445 ev.propose=0.002ms
[labev] t=455461.457 ev.verify=11.339ms
[labev] t=455461.459 ev.finalize=1.867ms
[labev] t=455461.459 ev.propose=0.002ms
[labev] t=455461.470 ev.verify=11.234ms
[labev] t=455461.472 ev.finalize=1.651ms
[labev] t=455461.472 ev.propose=0.002ms
[labev] t=455461.483 ev.verify=11.255ms
[labev] t=455461.485 ev.finalize=1.649ms
[labev] t=455461.485 ev.propose=0.002ms
[labev] t=455461.496 ev.verify=11.213ms
[labev] t=455461.498 ev.finalize=1.615ms
[labev] t=455461.498 ev.propose=0.002ms
[labev] t=455461.509 ev.verify=11.304ms
[labev] t=455461.511 ev.finalize=1.612ms
[labev] t=455461.511 ev.propose=0.002ms
[labev] t=455461.522 ev.verify=11.465ms
[labev] t=455461.524 ev.finalize=1.546ms
[labev] t=455461.524 ev.propose=0.002ms
[labev] t=455461.535 ev.verify=11.377ms
[labev] t=455461.537 ev.finalize=1.630ms
[labev] t=455461.537 ev.propose=0.002ms
[labev] t=455461.548 ev.verify=11.177ms
[labev] t=455461.550 ev.finalize=1.606ms
[labev] t=455461.550 ev.propose=0.002ms
[labev] t=455461.561 ev.verify=11.319ms
[labev] t=455461.564 ev.finalize=2.319ms
[labev] t=455461.564 ev.propose=0.002ms
[labev] t=455461.575 ev.verify=11.231ms
[labev] t=455461.577 ev.finalize=1.612ms
[labev] t=455461.577 ev.propose=0.002ms
[labev] t=455461.588 ev.verify=11.463ms
[labev] t=455461.590 ev.finalize=1.644ms
[labev] t=455461.590 ev.propose=0.002ms
[labev] t=455461.601 ev.verify=11.248ms
[labev] t=455461.603 ev.finalize=1.660ms
[labev] t=455461.603 ev.propose=0.002ms
[labev] t=455461.615 ev.verify=11.408ms
[labev] t=455461.616 ev.finalize=1.631ms
[labev] t=455461.616 ev.propose=0.002ms
[labev] t=455461.628 ev.verify=11.172ms
[labev] t=455461.629 ev.finalize=1.657ms
[labev] t=455461.629 ev.propose=0.002ms
[labev] t=455461.641 ev.verify=11.573ms
[labev] t=455461.643 ev.finalize=1.667ms
[labev] t=455461.643 ev.propose=0.002ms
[labev] t=455461.654 ev.verify=11.446ms
[labev] t=455461.656 ev.finalize=1.629ms
[labev] t=455461.656 ev.propose=0.002ms
[labev] t=455461.667 ev.verify=11.355ms
[labev] t=455461.669 ev.finalize=1.673ms
[labev] t=455461.669 ev.propose=0.002ms
[labev] t=455461.680 ev.verify=11.131ms
[labev] t=455461.682 ev.finalize=1.647ms
[labev] t=455461.682 ev.propose=0.002ms
[labev] t=455461.694 ev.verify=11.381ms
[labev] t=455461.695 ev.finalize=1.602ms
[labev] t=455461.695 ev.propose=0.002ms
[labev] t=455461.707 ev.verify=11.318ms
[labev] t=455461.708 ev.finalize=1.650ms
[labev] t=455461.708 ev.propose=0.002ms
[labev] t=455461.720 ev.verify=11.370ms
[labev] t=455461.722 ev.finalize=1.656ms
[labev] t=455461.722 ev.propose=0.002ms
[labev] t=455461.733 ev.verify=11.383ms
[labev] t=455461.735 ev.finalize=1.657ms
[labev] t=455461.735 ev.propose=0.002ms
[labev] t=455461.746 ev.verify=11.263ms
[labev] t=455461.748 ev.finalize=1.553ms
[labev] t=455461.748 ev.propose=0.002ms
[labev] t=455461.759 ev.verify=11.103ms
[labev] t=455461.761 ev.finalize=1.649ms
[labev] t=455461.761 ev.propose=0.002ms
[labev] t=455461.772 ev.verify=11.238ms
[labev] t=455461.774 ev.finalize=1.652ms
[labev] t=455461.774 ev.propose=0.002ms
[labev] t=455461.785 ev.verify=11.216ms
[labev] t=455461.787 ev.finalize=2.284ms
[labev] t=455461.787 ev.propose=0.002ms
[labev] t=455461.799 ev.verify=11.267ms
[labev] t=455461.800 ev.finalize=1.642ms
[labev] t=455461.800 ev.propose=0.002ms
[labev] t=455461.812 ev.verify=11.392ms
[labev] t=455461.814 ev.finalize=1.661ms
[labev] t=455461.814 ev.propose=0.002ms
[labev] t=455461.825 ev.verify=11.264ms
[labev] t=455461.827 ev.finalize=1.647ms
[labev] t=455461.827 ev.propose=0.002ms
[labev] t=455461.838 ev.verify=11.448ms
[labev] t=455461.840 ev.finalize=1.628ms
[labev] t=455461.840 ev.propose=0.002ms
[labev] t=455461.851 ev.verify=11.224ms
[labev] t=455461.853 ev.finalize=1.640ms
[labev] t=455461.853 ev.propose=0.002ms
[labev] t=455461.864 ev.verify=11.217ms
[labev] t=455461.866 ev.finalize=1.576ms
[labev] t=455461.866 ev.propose=0.002ms
[labev] t=455461.877 ev.verify=11.227ms
[labev] t=455461.879 ev.finalize=1.529ms
[labev] t=455461.879 ev.propose=0.002ms
[labev] t=455461.890 ev.verify=11.285ms
[labev] t=455461.892 ev.finalize=1.514ms
[labev] t=455461.892 ev.propose=0.002ms
[labev] t=455461.903 ev.verify=11.091ms
[labev] t=455461.905 ev.finalize=1.625ms
[labev] t=455461.905 ev.propose=0.002ms
[labev] t=455461.916 ev.verify=11.307ms
[labev] t=455461.918 ev.finalize=1.660ms
[labev] t=455461.918 ev.propose=0.002ms
[labev] t=455461.929 ev.verify=11.338ms
[labev] t=455461.931 ev.finalize=1.630ms
[labev] t=455461.931 ev.propose=0.002ms
[labev] t=455461.942 ev.verify=11.298ms
[labev] t=455461.944 ev.finalize=1.617ms
[labev] t=455461.944 ev.propose=0.002ms
[labev] t=455461.955 ev.verify=11.138ms
[labev] t=455461.957 ev.finalize=1.654ms
[labev] t=455461.957 ev.propose=0.002ms
[labev] t=455461.968 ev.verify=11.145ms
[labev] t=455461.970 ev.finalize=1.547ms
[labev] t=455461.970 ev.propose=0.002ms
[labev] t=455461.981 ev.verify=11.107ms
[labev] t=455461.982 ev.finalize=1.530ms
[labev] t=455461.983 ev.propose=0.002ms
[labev] t=455461.994 ev.verify=11.307ms
[labev] t=455461.995 ev.finalize=1.517ms
[labev] t=455461.996 ev.propose=0.002ms
[labev] t=455462.007 ev.verify=11.337ms
[labev] t=455462.008 ev.finalize=1.515ms
[labev] t=455462.009 ev.propose=0.002ms
[labev] t=455462.020 ev.verify=11.132ms
[labev] t=455462.021 ev.finalize=1.630ms
[labev] t=455462.021 ev.propose=0.002ms
[labev] t=455462.033 ev.verify=11.229ms
[labev] t=455462.035 ev.finalize=2.304ms
[labev] t=455462.035 ev.propose=0.002ms
[labev] t=455462.047 ev.verify=11.345ms
[labev] t=455462.048 ev.finalize=1.542ms
[labev] t=455462.048 ev.propose=0.002ms
[labev] t=455462.059 ev.verify=11.240ms
[labev] t=455462.061 ev.finalize=1.645ms
[labev] t=455462.061 ev.propose=0.002ms
[labev] t=455462.073 ev.verify=11.486ms
[labev] t=455462.074 ev.finalize=1.532ms
[labev] t=455462.074 ev.propose=0.002ms
[labev] t=455462.086 ev.verify=11.435ms
[labev] t=455462.088 ev.finalize=1.629ms
[labev] t=455462.088 ev.propose=0.002ms
[labev] t=455462.099 ev.verify=11.162ms
[labev] t=455462.100 ev.finalize=1.650ms
[labev] t=455462.101 ev.propose=0.002ms
[labev] t=455462.112 ev.verify=11.463ms
[labev] t=455462.114 ev.finalize=1.686ms
[labev] t=455462.114 ev.propose=0.002ms
[labev] t=455462.125 ev.verify=11.209ms
[labev] t=455462.127 ev.finalize=1.635ms
[labev] t=455462.127 ev.propose=0.002ms
[labev] t=455462.138 ev.verify=11.282ms
[labev] t=455462.140 ev.finalize=1.517ms
[labev] t=455462.140 ev.propose=0.002ms
[labev] t=455462.151 ev.verify=11.285ms
[labev] t=455462.153 ev.finalize=1.662ms
[labev] t=455462.153 ev.propose=0.002ms
[labev] t=455462.164 ev.verify=11.131ms
[labev] t=455462.166 ev.finalize=1.664ms
[labev] t=455462.166 ev.propose=0.002ms
[labev] t=455462.177 ev.verify=11.251ms
[labev] t=455462.179 ev.finalize=1.617ms
[labev] t=455462.179 ev.propose=0.002ms
[labev] t=455462.190 ev.verify=11.405ms
[labev] t=455462.192 ev.finalize=1.551ms
[labev] t=455462.192 ev.propose=0.002ms
[labev] t=455462.203 ev.verify=11.254ms
[labev] t=455462.205 ev.finalize=1.630ms
[labev] t=455462.205 ev.propose=0.002ms
[labev] t=455462.216 ev.verify=11.124ms
[labev] t=455462.218 ev.finalize=1.551ms
[labev] t=455462.218 ev.propose=0.002ms
[labev] t=455462.229 ev.verify=11.173ms
[labev] t=455462.231 ev.finalize=1.668ms
[labev] t=455462.231 ev.propose=0.002ms
[labev] t=455462.242 ev.verify=11.354ms
[labev] t=455462.244 ev.finalize=1.640ms
[labev] t=455462.244 ev.propose=0.002ms
[labev] t=455462.255 ev.verify=11.229ms
[labev] t=455462.257 ev.finalize=1.532ms
[labev] t=455462.257 ev.propose=0.002ms
[labev] t=455462.268 ev.verify=11.421ms
[labev] t=455462.270 ev.finalize=1.533ms
[labev] t=455462.270 ev.propose=0.002ms
[labev] t=455462.281 ev.verify=11.096ms
[labev] t=455462.283 ev.finalize=1.529ms
[labev] t=455462.283 ev.propose=0.002ms
[labev] t=455462.294 ev.verify=11.111ms
[labev] t=455462.296 ev.finalize=2.365ms
[labev] t=455462.296 ev.propose=0.002ms
[labev] t=455462.308 ev.verify=11.488ms
[labev] t=455462.310 ev.finalize=1.670ms
[labev] t=455462.310 ev.propose=0.002ms
[labev] t=455462.321 ev.verify=11.283ms
[labev] t=455462.323 ev.finalize=1.668ms
[labev] t=455462.323 ev.propose=0.002ms
[labev] t=455462.334 ev.verify=11.430ms
[labev] t=455462.336 ev.finalize=1.632ms
[labev] t=455462.336 ev.propose=0.002ms
[labev] t=455462.348 ev.verify=11.403ms
[labev] t=455462.349 ev.finalize=1.659ms
[labev] t=455462.349 ev.propose=0.002ms
[labev] t=455462.361 ev.verify=11.196ms
[labev] t=455462.362 ev.finalize=1.643ms
[labev] t=455462.362 ev.propose=0.002ms
[labev] t=455462.374 ev.verify=11.176ms
[labev] t=455462.375 ev.finalize=1.624ms
[labev] t=455462.375 ev.propose=0.002ms
[labev] t=455462.387 ev.verify=11.253ms
[labev] t=455462.388 ev.finalize=1.644ms
[labev] t=455462.388 ev.propose=0.002ms
[labev] t=455462.400 ev.verify=11.360ms
[labev] t=455462.401 ev.finalize=1.637ms
[labev] t=455462.401 ev.propose=0.002ms
[labev] t=455462.413 ev.verify=11.389ms
[labev] t=455462.415 ev.finalize=1.642ms
[labev] t=455462.415 ev.propose=0.002ms
[labev] t=455462.426 ev.verify=11.347ms
[labev] t=455462.428 ev.finalize=1.636ms
[labev] t=455462.428 ev.propose=0.002ms
[labev] t=455462.439 ev.verify=11.309ms
[labev] t=455462.441 ev.finalize=1.658ms
[labev] t=455462.441 ev.propose=0.002ms
[labev] t=455462.452 ev.verify=11.327ms
[labev] t=455462.454 ev.finalize=1.639ms
[labev] t=455462.454 ev.propose=0.002ms
[labev] t=455462.465 ev.verify=11.246ms
[labev] t=455462.467 ev.finalize=1.536ms
[labev] t=455462.467 ev.propose=0.002ms
[labev] t=455462.478 ev.verify=11.324ms
[labev] t=455462.480 ev.finalize=1.673ms
[labev] t=455462.480 ev.propose=0.002ms
[labev] t=455462.491 ev.verify=11.231ms
[labev] t=455462.493 ev.finalize=1.648ms
[labev] t=455462.493 ev.propose=0.002ms
[labev] t=455462.504 ev.verify=11.193ms
[labev] t=455462.506 ev.finalize=1.643ms
[labev] t=455462.506 ev.propose=0.002ms
[labev] t=455462.517 ev.verify=11.317ms
[labev] t=455462.520 ev.finalize=2.314ms
[labev] t=455462.520 ev.propose=0.003ms
[labev] t=455462.531 ev.verify=11.250ms
[labev] t=455462.533 ev.finalize=1.646ms
[labev] t=455462.533 ev.propose=0.002ms
[labev] t=455462.544 ev.verify=11.435ms
[labev] t=455462.546 ev.finalize=1.627ms
[labev] t=455462.546 ev.propose=0.002ms
[labev] t=455462.558 ev.verify=11.529ms
[labev] t=455462.559 ev.finalize=1.644ms
[labev] t=455462.560 ev.propose=0.002ms
[labev] t=455462.571 ev.verify=11.306ms
[labev] t=455462.573 ev.finalize=1.652ms
[labev] t=455462.573 ev.propose=0.002ms
[labev] t=455462.584 ev.verify=11.356ms
[labev] t=455462.586 ev.finalize=1.658ms
[labev] t=455462.586 ev.propose=0.002ms
[labev] t=455462.597 ev.verify=11.464ms
[labev] t=455462.599 ev.finalize=1.675ms
[labev] t=455462.599 ev.propose=0.002ms
[labev] t=455462.611 ev.verify=11.341ms
[labev] t=455462.612 ev.finalize=1.676ms
[labev] t=455462.612 ev.propose=0.002ms
[labev] t=455462.624 ev.verify=11.400ms
[labev] t=455462.625 ev.finalize=1.572ms
[labev] t=455462.625 ev.propose=0.002ms
[labev] t=455462.637 ev.verify=11.346ms
[labev] t=455462.638 ev.finalize=1.626ms
[labev] t=455462.639 ev.propose=0.002ms
[labev] t=455462.650 ev.verify=11.552ms
[labev] t=455462.652 ev.finalize=1.670ms
[labev] t=455462.652 ev.propose=0.002ms
[labev] t=455462.663 ev.verify=11.282ms
[labev] t=455462.665 ev.finalize=1.619ms
[labev] t=455462.665 ev.propose=0.002ms
[labev] t=455462.676 ev.verify=11.468ms
[labev] t=455462.678 ev.finalize=1.679ms
[labev] t=455462.678 ev.propose=0.002ms
[labev] t=455462.690 ev.verify=11.332ms
[labev] t=455462.691 ev.finalize=1.660ms
[labev] t=455462.691 ev.propose=0.002ms
[labev] t=455462.703 ev.verify=11.295ms
[labev] t=455462.704 ev.finalize=1.628ms
[labev] t=455462.705 ev.propose=0.002ms
[labev] t=455462.716 ev.verify=11.400ms
[labev] t=455462.718 ev.finalize=1.644ms
[labev] t=455462.718 ev.propose=0.002ms
[labev] t=455462.729 ev.verify=11.360ms
[labev] t=455462.731 ev.finalize=2.308ms
[labev] t=455462.732 ev.propose=0.002ms
[labev] t=455462.743 ev.verify=11.377ms
[labev] t=455462.745 ev.finalize=1.661ms
[labev] t=455462.745 ev.propose=0.002ms
[labev] t=455462.756 ev.verify=11.344ms
[labev] t=455462.758 ev.finalize=1.675ms
[labev] t=455462.758 ev.propose=0.002ms
[labev] t=455462.769 ev.verify=11.352ms
[labev] t=455462.771 ev.finalize=1.629ms
[labev] t=455462.771 ev.propose=0.002ms
[labev] t=455462.782 ev.verify=11.226ms
[labev] t=455462.784 ev.finalize=1.544ms
[labev] t=455462.784 ev.propose=0.002ms
[labev] t=455462.796 ev.verify=11.499ms
[labev] t=455462.797 ev.finalize=1.656ms
[labev] t=455462.797 ev.propose=0.002ms
[labev] t=455462.809 ev.verify=11.324ms
[labev] t=455462.810 ev.finalize=1.656ms
[labev] t=455462.810 ev.propose=0.002ms
[labev] t=455462.822 ev.verify=11.404ms
[labev] t=455462.824 ev.finalize=1.669ms
[labev] t=455462.824 ev.propose=0.002ms
[labev] t=455462.835 ev.verify=11.526ms
[labev] t=455462.837 ev.finalize=1.631ms
[labev] t=455462.837 ev.propose=0.002ms
[labev] t=455462.848 ev.verify=11.341ms
[labev] t=455462.850 ev.finalize=1.666ms
[labev] t=455462.850 ev.propose=0.002ms
[labev] t=455462.862 ev.verify=11.378ms
[labev] t=455462.863 ev.finalize=1.649ms
[labev] t=455462.863 ev.propose=0.002ms
[labev] t=455462.875 ev.verify=11.393ms
[labev] t=455462.876 ev.finalize=1.643ms
[labev] t=455462.877 ev.propose=0.002ms
[labev] t=455462.888 ev.verify=11.340ms
[labev] t=455462.890 ev.finalize=1.652ms
[labev] t=455462.890 ev.propose=0.002ms
[labev] t=455462.901 ev.verify=11.363ms
[labev] t=455462.903 ev.finalize=1.662ms
[labev] t=455462.903 ev.propose=0.002ms
[labev] t=455462.914 ev.verify=11.481ms
[labev] t=455462.916 ev.finalize=1.660ms
[labev] t=455462.916 ev.propose=0.002ms
[labev] t=455462.928 ev.verify=11.327ms
[labev] t=455462.929 ev.finalize=1.549ms
[labev] t=455462.929 ev.propose=0.002ms
[labev] t=455462.941 ev.verify=11.383ms
[labev] t=455462.942 ev.finalize=1.637ms
[labev] t=455462.942 ev.propose=0.002ms
[labev] t=455462.954 ev.verify=11.211ms
[labev] t=455462.956 ev.finalize=2.352ms
[labev] t=455462.956 ev.propose=0.003ms
[labev] t=455462.967 ev.verify=11.315ms
[labev] t=455462.969 ev.finalize=1.638ms
[labev] t=455462.969 ev.propose=0.002ms
[labev] t=455462.981 ev.verify=11.267ms
[labev] t=455462.982 ev.finalize=1.524ms
[labev] t=455462.982 ev.propose=0.002ms
[labev] t=455462.993 ev.verify=11.278ms
[labev] t=455462.995 ev.finalize=1.542ms
[labev] t=455462.995 ev.propose=0.002ms
[labev] t=455463.007 ev.verify=11.425ms
[labev] t=455463.008 ev.finalize=1.641ms
[labev] t=455463.008 ev.propose=0.002ms
[labev] t=455463.020 ev.verify=11.296ms
[labev] t=455463.021 ev.finalize=1.671ms
[labev] t=455463.021 ev.propose=0.002ms
[labev] t=455463.033 ev.verify=11.450ms
[labev] t=455463.035 ev.finalize=1.641ms
[labev] t=455463.035 ev.propose=0.002ms
[labev] t=455463.046 ev.verify=11.486ms
[labev] t=455463.048 ev.finalize=1.676ms
[labev] t=455463.048 ev.propose=0.002ms
[labev] t=455463.059 ev.verify=11.433ms
[labev] t=455463.061 ev.finalize=1.644ms
[labev] t=455463.061 ev.propose=0.002ms
[labev] t=455463.073 ev.verify=11.371ms
[labev] t=455463.074 ev.finalize=1.650ms
[labev] t=455463.074 ev.propose=0.002ms
[labev] t=455463.086 ev.verify=11.491ms
[labev] t=455463.088 ev.finalize=1.655ms
[labev] t=455463.088 ev.propose=0.002ms
[labev] t=455463.099 ev.verify=11.189ms
[labev] t=455463.101 ev.finalize=1.629ms
[labev] t=455463.101 ev.propose=0.002ms
[labev] t=455463.112 ev.verify=11.370ms
[labev] t=455463.114 ev.finalize=1.643ms
[labev] t=455463.114 ev.propose=0.002ms
[labev] t=455463.125 ev.verify=11.122ms
[labev] t=455463.127 ev.finalize=1.688ms
[labev] t=455463.127 ev.propose=0.002ms
[labev] t=455463.138 ev.verify=11.271ms
[labev] t=455463.140 ev.finalize=1.761ms
[labev] t=455463.140 ev.propose=0.002ms
[labev] t=455463.151 ev.verify=11.311ms
[labev] t=455463.153 ev.finalize=1.643ms
[labev] t=455463.153 ev.propose=0.002ms
[labev] t=455463.165 ev.verify=11.494ms
[labev] t=455463.166 ev.finalize=1.638ms
[labev] t=455463.166 ev.propose=0.002ms
[labev] t=455463.178 ev.verify=11.564ms
[labev] t=455463.180 ev.finalize=1.645ms
[labev] t=455463.180 ev.propose=0.002ms
[labev] t=455463.191 ev.verify=11.354ms
[labev] t=455463.194 ev.finalize=2.368ms
[labev] t=455463.194 ev.propose=0.002ms
[labev] t=455463.205 ev.verify=11.388ms
[labev] t=455463.207 ev.finalize=1.683ms
[labev] t=455463.207 ev.propose=0.002ms
[labev] t=455463.218 ev.verify=11.135ms
[labev] t=455463.220 ev.finalize=1.704ms
[labev] t=455463.220 ev.propose=0.002ms
[labev] t=455463.231 ev.verify=11.221ms
[labev] t=455463.233 ev.finalize=1.735ms
[labev] t=455463.233 ev.propose=0.002ms
[labev] t=455463.244 ev.verify=11.350ms
[labev] t=455463.246 ev.finalize=1.706ms
[labev] t=455463.246 ev.propose=0.002ms
[labev] t=455463.258 ev.verify=11.443ms
[labev] t=455463.259 ev.finalize=1.666ms
[labev] t=455463.260 ev.propose=0.002ms
[labev] t=455463.271 ev.verify=11.545ms
[labev] t=455463.273 ev.finalize=1.648ms
[labev] t=455463.273 ev.propose=0.002ms
[labev] t=455463.284 ev.verify=11.379ms
[labev] t=455463.286 ev.finalize=1.659ms
[labev] t=455463.286 ev.propose=0.002ms
[labev] t=455463.297 ev.verify=11.079ms
[labev] t=455463.299 ev.finalize=1.687ms
[labev] t=455463.299 ev.propose=0.002ms
[labev] t=455463.310 ev.verify=11.285ms
[labev] t=455463.312 ev.finalize=1.684ms
[labev] t=455463.312 ev.propose=0.002ms
[labev] t=455463.324 ev.verify=11.419ms
[labev] t=455463.325 ev.finalize=1.684ms
[labev] t=455463.325 ev.propose=0.002ms
[labev] t=455463.337 ev.verify=11.531ms
[labev] t=455463.339 ev.finalize=1.649ms
[labev] t=455463.339 ev.propose=0.002ms
[labev] t=455463.350 ev.verify=11.269ms
[labev] t=455463.352 ev.finalize=1.864ms
[labev] t=455463.352 ev.propose=0.002ms
[labev] t=455463.363 ev.verify=11.191ms
[labev] t=455463.365 ev.finalize=1.843ms
[labev] t=455463.365 ev.propose=0.002ms
[labev] t=455463.377 ev.verify=11.288ms
[labev] t=455463.378 ev.finalize=1.557ms
[labev] t=455463.378 ev.propose=0.002ms
[labev] t=455463.389 ev.verify=11.225ms
[labev] t=455463.391 ev.finalize=1.669ms
[labev] t=455463.391 ev.propose=0.002ms
[labev] t=455463.403 ev.verify=11.242ms
[labev] t=455463.404 ev.finalize=1.605ms
[labev] t=455463.404 ev.propose=0.002ms
[labev] t=455463.416 ev.verify=11.321ms
[labev] t=455463.418 ev.finalize=2.214ms
[labev] t=455463.418 ev.propose=0.002ms
[labev] t=455463.429 ev.verify=11.345ms
[labev] t=455463.431 ev.finalize=1.523ms
[labev] t=455463.431 ev.propose=0.002ms
[labev] t=455463.442 ev.verify=11.517ms
[labev] t=455463.444 ev.finalize=1.653ms
[labev] t=455463.444 ev.propose=0.002ms
[labev] t=455463.456 ev.verify=11.500ms
[labev] t=455463.457 ev.finalize=1.643ms
[labev] t=455463.458 ev.propose=0.002ms
[labev] t=455463.469 ev.verify=11.263ms
[labev] t=455463.471 ev.finalize=1.655ms
[labev] t=455463.471 ev.propose=0.002ms
[labev] t=455463.482 ev.verify=11.230ms
[labev] t=455463.484 ev.finalize=1.656ms
[labev] t=455463.484 ev.propose=0.002ms
[labev] t=455463.495 ev.verify=11.405ms
[labev] t=455463.497 ev.finalize=1.668ms
[labev] t=455463.497 ev.propose=0.002ms
[labev] t=455463.508 ev.verify=11.276ms
[labev] t=455463.510 ev.finalize=1.690ms
[labev] t=455463.510 ev.propose=0.002ms
[labev] t=455463.521 ev.verify=11.375ms
[labev] t=455463.523 ev.finalize=1.675ms
[labev] t=455463.523 ev.propose=0.002ms
[labev] t=455463.535 ev.verify=11.267ms
[labev] t=455463.536 ev.finalize=1.686ms
[labev] t=455463.536 ev.propose=0.002ms
[labev] t=455463.548 ev.verify=11.358ms
[labev] t=455463.549 ev.finalize=1.657ms
[labev] t=455463.550 ev.propose=0.002ms
[labev] t=455463.561 ev.verify=11.252ms
[labev] t=455463.562 ev.finalize=1.666ms
[labev] t=455463.563 ev.propose=0.002ms
[labev] t=455463.574 ev.verify=11.418ms
[labev] t=455463.576 ev.finalize=1.647ms
[labev] t=455463.576 ev.propose=0.002ms
[labev] t=455463.587 ev.verify=11.429ms
[labev] t=455463.589 ev.finalize=1.705ms
[labev] t=455463.589 ev.propose=0.002ms
[labev] t=455463.600 ev.verify=11.288ms
[labev] t=455463.602 ev.finalize=1.700ms
[labev] t=455463.602 ev.propose=0.002ms
[labev] t=455463.614 ev.verify=11.282ms
[labev] t=455463.615 ev.finalize=1.678ms
[labev] t=455463.615 ev.propose=0.002ms
[labev] t=455463.627 ev.verify=11.374ms
[labev] t=455463.629 ev.finalize=2.247ms
[labev] t=455463.629 ev.propose=0.002ms
[labev] t=455463.640 ev.verify=11.267ms
[labev] t=455463.642 ev.finalize=1.652ms
[labev] t=455463.642 ev.propose=0.002ms
[labev] t=455463.654 ev.verify=11.273ms
[labev] t=455463.655 ev.finalize=1.555ms
[labev] t=455463.655 ev.propose=0.002ms
[labev] t=455463.667 ev.verify=11.381ms
[labev] t=455463.668 ev.finalize=1.666ms
[labev] t=455463.668 ev.propose=0.002ms
[labev] t=455463.680 ev.verify=11.159ms
[labev] t=455463.681 ev.finalize=1.662ms
[labev] t=455463.681 ev.propose=0.002ms
[labev] t=455463.693 ev.verify=11.382ms
[labev] t=455463.694 ev.finalize=1.637ms
[labev] t=455463.695 ev.propose=0.001ms
[labev] t=455463.706 ev.verify=11.173ms
[labev] t=455463.707 ev.finalize=1.646ms
[labev] t=455463.708 ev.propose=0.002ms
[labev] t=455463.719 ev.verify=11.205ms
[labev] t=455463.720 ev.finalize=1.659ms
[labev] t=455463.721 ev.propose=0.002ms
[labev] t=455463.736 ev.verify=15.092ms
[labev] t=455463.737 ev.finalize=1.559ms
[labev] t=455463.738 req.start s1-p4096-o512-b8-r0=0.000ms
[labev] t=455463.738 req.handle=0.013ms
[labev] t=455463.759 tok.prepare=20.121ms
event=batching_admitted action=scheduler_admitted
[labev] t=455464.014 chunk.ord.total=254.793ms
[labev] t=455464.266 chunk.ord.total=252.502ms
[labev] t=455464.522 chunk.ord.total=255.982ms
[labev] t=455464.781 chunk.ord.total=258.359ms
[labev] t=455465.042 chunk.ord.total=260.859ms
[labev] t=455465.305 chunk.ord.total=263.307ms
[labev] t=455465.571 chunk.ord.total=266.028ms
[labev] t=455465.879 chunk.ord.total=307.248ms
[labev] t=455465.879 req.firsttoken s1-p4096-o512-b8-r0=2140.277ms
[labev] t=455466.018 ev.decode.rows1.cap0=139.727ms
[labev] t=455466.155 ev.decode.rows1.cap0=136.102ms
[labev] t=455466.291 ev.decode.rows1.cap0=136.160ms
[labev] t=455466.427 ev.decode.rows1.cap0=136.225ms
[labev] t=455466.563 ev.decode.rows1.cap0=136.183ms
[labev] t=455466.700 ev.decode.rows1.cap0=136.034ms
[labev] t=455466.837 ev.decode.rows1.cap0=136.911ms
[labev] t=455466.973 ev.decode.rows1.cap0=135.972ms
[labev] t=455467.109 ev.decode.rows1.cap0=136.214ms
[labev] t=455467.245 ev.decode.rows1.cap0=136.160ms
[labev] t=455467.381 ev.decode.rows1.cap0=135.774ms
[labev] t=455467.517 ev.decode.rows1.cap0=136.052ms
[labev] t=455467.654 ev.decode.rows1.cap0=136.298ms
[labev] t=455467.790 ev.decode.rows1.cap0=136.011ms
[labev] t=455467.926 ev.decode.rows1.cap0=135.959ms
[labev] t=455468.062 ev.decode.rows1.cap0=135.949ms
[labev] t=455468.198 ev.decode.rows1.cap0=136.107ms
[labev] t=455468.334 ev.decode.rows1.cap0=136.184ms
[labev] t=455468.471 ev.decode.rows1.cap0=136.243ms
[labev] t=455468.607 ev.decode.rows1.cap0=136.365ms
[labev] t=455468.743 ev.decode.rows1.cap0=135.940ms
[labev] t=455468.880 ev.decode.rows1.cap0=136.475ms
[labev] t=455469.016 ev.decode.rows1.cap0=135.967ms
[labev] t=455469.152 ev.decode.rows1.cap0=136.424ms
[labev] t=455469.289 ev.decode.rows1.cap0=136.172ms
[labev] t=455469.425 ev.decode.rows1.cap0=136.228ms
[labev] t=455469.561 ev.decode.rows1.cap0=136.278ms
[labev] t=455469.698 ev.decode.rows1.cap0=136.338ms
[labev] t=455469.834 ev.decode.rows1.cap0=136.433ms
[labev] t=455469.971 ev.decode.rows1.cap0=136.663ms
[labev] t=455470.107 ev.decode.rows1.cap0=136.263ms
[labev] t=455470.235 ev.decode.rows1.cap0=127.722ms
[labev] t=455473.697 req.start s1-p4096-o512-b9-r0=0.000ms
[labev] t=455473.697 req.handle=0.038ms
[labev] t=455473.717 tok.prepare=19.789ms
event=batching_admitted action=scheduler_admitted
[labprof] d0.performDecode.call=136.042ms/n32 f0.finalize.total=1.683ms/n546 f1.finalize.build=0.500ms/n546 f2.finalize.eval=1.143ms/n546 fc.finalize.call=1.687ms/n546 o1.ord.build=1.183ms/n511 o2.ord.eval=7.308ms/n511 p0.propose=0.002ms/n546 r0.round.interval=13.157ms/n544 s1.native.prefill.target=63.078ms/n10 s1.ord.prefill.target=40.428ms/n8 s2.native.prefill.drafter+eval=219.012ms/n9 s2.ord.prefill.eval=224.455ms/n8 s9.native.prefill.chunk.total=288.154ms/n10 s9.ord.prefill.chunk.total=264.914ms/n8 v0.verify.call=11.317ms/n546 v1.verify.build=0.855ms/n546 v2.verify.eval=10.350ms/n546
[labev] t=455474.037 chunk.native.total=319.359ms
[labev] t=455474.302 chunk.native.total=265.552ms
[labev] t=455474.572 chunk.native.total=270.114ms
[labev] t=455474.845 chunk.native.total=272.407ms
[labev] t=455475.123 chunk.native.total=277.805ms
[labev] t=455475.402 chunk.native.total=279.231ms
[labev] t=455475.685 chunk.native.total=282.644ms
[labev] t=455476.002 chunk.native.total=316.989ms
[labev] t=455476.002 req.firsttoken s1-p4096-o512-b9-r0=2304.959ms
[labev] t=455476.002 ev.propose=0.004ms
[labev] t=455476.013 ev.verify=11.334ms
[labev] t=455476.015 ev.finalize=1.688ms
[labev] t=455476.015 ev.propose=0.076ms
[labev] t=455476.027 ev.verify=11.462ms
[labev] t=455476.029 ev.finalize=1.681ms
[labev] t=455476.029 ev.propose=0.064ms
[labev] t=455476.040 ev.verify=11.288ms
[labev] t=455476.042 ev.finalize=1.679ms
[labev] t=455476.042 ev.propose=0.058ms
[labev] t=455476.053 ev.verify=11.142ms
[labev] t=455476.055 ev.finalize=1.718ms
[labev] t=455476.055 ev.propose=0.051ms
[labev] t=455476.066 ev.verify=11.241ms
[labev] t=455476.068 ev.finalize=1.644ms
[labev] t=455476.068 ev.propose=0.058ms
[labev] t=455476.080 ev.verify=11.370ms
[labev] t=455476.081 ev.finalize=1.681ms
[labev] t=455476.081 ev.propose=0.051ms
[labev] t=455476.093 ev.verify=11.410ms
[labev] t=455476.095 ev.finalize=1.666ms
[labev] t=455476.095 ev.propose=0.052ms
[labev] t=455476.106 ev.verify=11.357ms
[labev] t=455476.108 ev.finalize=1.655ms
[labev] t=455476.108 ev.propose=0.064ms
[labev] t=455476.119 ev.verify=11.024ms
[labev] t=455476.121 ev.finalize=2.332ms
[labev] t=455476.122 ev.propose=0.075ms
[labev] t=455476.133 ev.verify=11.321ms
[labev] t=455476.135 ev.finalize=1.664ms
[labev] t=455476.135 ev.propose=0.076ms
[labev] t=455476.146 ev.verify=11.197ms
[labev] t=455476.148 ev.finalize=1.640ms
[labev] t=455476.148 ev.propose=0.071ms
[labev] t=455476.159 ev.verify=11.199ms
[labev] t=455476.161 ev.finalize=1.538ms
[labev] t=455476.161 ev.propose=0.044ms
[labev] t=455476.172 ev.verify=11.179ms
[labev] t=455476.174 ev.finalize=1.524ms
[labev] t=455476.174 ev.propose=0.002ms
[labev] t=455476.185 ev.verify=11.253ms
[labev] t=455476.187 ev.finalize=1.707ms
[labev] t=455476.187 ev.propose=0.068ms
[labev] t=455476.198 ev.verify=11.212ms
[labev] t=455476.200 ev.finalize=1.605ms
[labev] t=455476.200 ev.propose=0.002ms
[labev] t=455476.211 ev.verify=11.271ms
[labev] t=455476.213 ev.finalize=1.665ms
[labev] t=455476.213 ev.propose=0.062ms
[labev] t=455476.224 ev.verify=11.216ms
[labev] t=455476.226 ev.finalize=1.662ms
[labev] t=455476.226 ev.propose=0.002ms
[labev] t=455476.237 ev.verify=11.274ms
[labev] t=455476.239 ev.finalize=1.662ms
[labev] t=455476.239 ev.propose=0.002ms
[labev] t=455476.250 ev.verify=11.166ms
[labev] t=455476.252 ev.finalize=1.667ms
[labev] t=455476.252 ev.propose=0.002ms
[labev] t=455476.263 ev.verify=11.295ms
[labev] t=455476.265 ev.finalize=1.670ms
[labev] t=455476.265 ev.propose=0.002ms
[labev] t=455476.277 ev.verify=11.268ms
[labev] t=455476.278 ev.finalize=1.650ms
[labev] t=455476.278 ev.propose=0.002ms
[labev] t=455476.290 ev.verify=11.286ms
[labev] t=455476.291 ev.finalize=1.660ms
[labev] t=455476.292 ev.propose=0.002ms
[labev] t=455476.303 ev.verify=11.354ms
[labev] t=455476.305 ev.finalize=1.662ms
[labev] t=455476.305 ev.propose=0.002ms
[labev] t=455476.316 ev.verify=11.191ms
[labev] t=455476.318 ev.finalize=1.626ms
[labev] t=455476.318 ev.propose=0.073ms
[labev] t=455476.329 ev.verify=11.183ms
[labev] t=455476.331 ev.finalize=1.680ms
[labev] t=455476.331 ev.propose=0.002ms
[labev] t=455476.342 ev.verify=11.255ms
[labev] t=455476.344 ev.finalize=2.291ms
[labev] t=455476.344 ev.propose=0.003ms
[labev] t=455476.356 ev.verify=11.368ms
[labev] t=455476.358 ev.finalize=1.668ms
[labev] t=455476.358 ev.propose=0.002ms
[labev] t=455476.369 ev.verify=11.343ms
[labev] t=455476.371 ev.finalize=1.640ms
[labev] t=455476.371 ev.propose=0.002ms
[labev] t=455476.382 ev.verify=11.345ms
[labev] t=455476.384 ev.finalize=1.652ms
[labev] t=455476.384 ev.propose=0.002ms
[labev] t=455476.395 ev.verify=11.164ms
[labev] t=455476.397 ev.finalize=1.653ms
[labev] t=455476.397 ev.propose=0.002ms
[labev] t=455476.408 ev.verify=11.163ms
[labev] t=455476.410 ev.finalize=1.636ms
[labev] t=455476.410 ev.propose=0.002ms
[labev] t=455476.421 ev.verify=11.197ms
[labev] t=455476.423 ev.finalize=1.629ms
[labev] t=455476.423 ev.propose=0.002ms
[labev] t=455476.434 ev.verify=11.255ms
[labev] t=455476.436 ev.finalize=1.656ms
[labev] t=455476.436 ev.propose=0.002ms
[labev] t=455476.447 ev.verify=11.408ms
[labev] t=455476.449 ev.finalize=1.689ms
[labev] t=455476.449 ev.propose=0.002ms
[labev] t=455476.460 ev.verify=11.158ms
[labev] t=455476.462 ev.finalize=1.651ms
[labev] t=455476.462 ev.propose=0.002ms
[labev] t=455476.473 ev.verify=11.191ms
[labev] t=455476.475 ev.finalize=1.692ms
[labev] t=455476.475 ev.propose=0.002ms
[labev] t=455476.487 ev.verify=11.473ms
[labev] t=455476.488 ev.finalize=1.660ms
[labev] t=455476.489 ev.propose=0.002ms
[labev] t=455476.500 ev.verify=11.417ms
[labev] t=455476.502 ev.finalize=1.669ms
[labev] t=455476.502 ev.propose=0.002ms
[labev] t=455476.513 ev.verify=11.102ms
[labev] t=455476.515 ev.finalize=1.605ms
[labev] t=455476.515 ev.propose=0.002ms
[labev] t=455476.526 ev.verify=11.031ms
[labev] t=455476.527 ev.finalize=1.651ms
[labev] t=455476.528 ev.propose=0.002ms
[labev] t=455476.539 ev.verify=11.229ms
[labev] t=455476.540 ev.finalize=1.659ms
[labev] t=455476.541 ev.propose=0.002ms
[labev] t=455476.552 ev.verify=11.332ms
[labev] t=455476.554 ev.finalize=2.319ms
[labev] t=455476.554 ev.propose=0.002ms
[labev] t=455476.566 ev.verify=11.481ms
[labev] t=455476.568 ev.finalize=1.658ms
[labev] t=455476.568 ev.propose=0.002ms
[labev] t=455476.579 ev.verify=11.300ms
[labev] t=455476.581 ev.finalize=1.664ms
[labev] t=455476.581 ev.propose=0.002ms
[labev] t=455476.592 ev.verify=11.093ms
[labev] t=455476.594 ev.finalize=1.647ms
[labev] t=455476.594 ev.propose=0.002ms
[labev] t=455476.605 ev.verify=11.126ms
[labev] t=455476.607 ev.finalize=1.644ms
[labev] t=455476.607 ev.propose=0.002ms
[labev] t=455476.618 ev.verify=11.259ms
[labev] t=455476.620 ev.finalize=1.672ms
[labev] t=455476.620 ev.propose=0.002ms
[labev] t=455476.631 ev.verify=11.190ms
[labev] t=455476.633 ev.finalize=1.655ms
[labev] t=455476.633 ev.propose=0.002ms
[labev] t=455476.644 ev.verify=11.339ms
[labev] t=455476.646 ev.finalize=1.681ms
[labev] t=455476.646 ev.propose=0.002ms
[labev] t=455476.657 ev.verify=11.169ms
[labev] t=455476.659 ev.finalize=1.672ms
[labev] t=455476.659 ev.propose=0.002ms
[labev] t=455476.670 ev.verify=11.203ms
[labev] t=455476.672 ev.finalize=1.669ms
[labev] t=455476.672 ev.propose=0.002ms
[labev] t=455476.683 ev.verify=11.148ms
[labev] t=455476.685 ev.finalize=1.688ms
[labev] t=455476.685 ev.propose=0.002ms
[labev] t=455476.696 ev.verify=11.336ms
[labev] t=455476.698 ev.finalize=1.657ms
[labev] t=455476.698 ev.propose=0.002ms
[labev] t=455476.709 ev.verify=11.260ms
[labev] t=455476.711 ev.finalize=1.569ms
[labev] t=455476.711 ev.propose=0.002ms
[labev] t=455476.722 ev.verify=11.215ms
[labev] t=455476.724 ev.finalize=1.658ms
[labev] t=455476.724 ev.propose=0.002ms
[labev] t=455476.735 ev.verify=11.253ms
[labev] t=455476.737 ev.finalize=1.652ms
[labev] t=455476.737 ev.propose=0.002ms
[labev] t=455476.748 ev.verify=11.179ms
[labev] t=455476.750 ev.finalize=1.630ms
[labev] t=455476.750 ev.propose=0.002ms
[labev] t=455476.761 ev.verify=11.095ms
[labev] t=455476.763 ev.finalize=1.648ms
[labev] t=455476.763 ev.propose=0.002ms
[labev] t=455476.774 ev.verify=11.359ms
[labev] t=455476.776 ev.finalize=1.562ms
[labev] t=455476.776 ev.propose=0.002ms
[labev] t=455476.787 ev.verify=11.059ms
[labev] t=455476.789 ev.finalize=2.215ms
[labev] t=455476.790 ev.propose=0.002ms
[labev] t=455476.801 ev.verify=11.175ms
[labev] t=455476.802 ev.finalize=1.644ms
[labev] t=455476.803 ev.propose=0.002ms
[labev] t=455476.814 ev.verify=11.175ms
[labev] t=455476.815 ev.finalize=1.574ms
[labev] t=455476.815 ev.propose=0.002ms
[labev] t=455476.826 ev.verify=10.992ms
[labev] t=455476.828 ev.finalize=1.547ms
[labev] t=455476.828 ev.propose=0.002ms
[labev] t=455476.839 ev.verify=11.262ms
[labev] t=455476.841 ev.finalize=1.654ms
[labev] t=455476.841 ev.propose=0.002ms
[labev] t=455476.852 ev.verify=11.099ms
[labev] t=455476.854 ev.finalize=1.642ms
[labev] t=455476.854 ev.propose=0.002ms
[labev] t=455476.865 ev.verify=11.317ms
[labev] t=455476.867 ev.finalize=1.666ms
[labev] t=455476.867 ev.propose=0.002ms
[labev] t=455476.879 ev.verify=11.294ms
[labev] t=455476.880 ev.finalize=1.655ms
[labev] t=455476.880 ev.propose=0.002ms
[labev] t=455476.892 ev.verify=11.219ms
[labev] t=455476.893 ev.finalize=1.634ms
[labev] t=455476.893 ev.propose=0.002ms
[labev] t=455476.905 ev.verify=11.132ms
[labev] t=455476.906 ev.finalize=1.652ms
[labev] t=455476.906 ev.propose=0.002ms
[labev] t=455476.918 ev.verify=11.215ms
[labev] t=455476.919 ev.finalize=1.663ms
[labev] t=455476.919 ev.propose=0.002ms
[labev] t=455476.931 ev.verify=11.281ms
[labev] t=455476.932 ev.finalize=1.645ms
[labev] t=455476.932 ev.propose=0.002ms
[labev] t=455476.944 ev.verify=11.313ms
[labev] t=455476.945 ev.finalize=1.657ms
[labev] t=455476.946 ev.propose=0.002ms
[labev] t=455476.957 ev.verify=11.407ms
[labev] t=455476.959 ev.finalize=1.555ms
[labev] t=455476.959 ev.propose=0.002ms
[labev] t=455476.970 ev.verify=11.296ms
[labev] t=455476.972 ev.finalize=1.637ms
[labev] t=455476.972 ev.propose=0.002ms
[labev] t=455476.983 ev.verify=11.135ms
[labev] t=455476.985 ev.finalize=1.660ms
[labev] t=455476.985 ev.propose=0.002ms
[labev] t=455476.996 ev.verify=11.345ms
[labev] t=455476.998 ev.finalize=1.656ms
[labev] t=455476.998 ev.propose=0.002ms
[labev] t=455477.009 ev.verify=11.265ms
[labev] t=455477.011 ev.finalize=2.277ms
[labev] t=455477.012 ev.propose=0.002ms
[labev] t=455477.023 ev.verify=11.526ms
[labev] t=455477.025 ev.finalize=1.665ms
[labev] t=455477.025 ev.propose=0.002ms
[labev] t=455477.036 ev.verify=11.191ms
[labev] t=455477.038 ev.finalize=1.661ms
[labev] t=455477.038 ev.propose=0.002ms
[labev] t=455477.049 ev.verify=11.324ms
[labev] t=455477.051 ev.finalize=1.653ms
[labev] t=455477.051 ev.propose=0.002ms
[labev] t=455477.062 ev.verify=11.160ms
[labev] t=455477.064 ev.finalize=1.688ms
[labev] t=455477.064 ev.propose=0.002ms
[labev] t=455477.076 ev.verify=11.426ms
[labev] t=455477.077 ev.finalize=1.671ms
[labev] t=455477.077 ev.propose=0.002ms
[labev] t=455477.089 ev.verify=11.283ms
[labev] t=455477.090 ev.finalize=1.548ms
[labev] t=455477.090 ev.propose=0.002ms
[labev] t=455477.102 ev.verify=11.207ms
[labev] t=455477.103 ev.finalize=1.658ms
[labev] t=455477.103 ev.propose=0.002ms
[labev] t=455477.114 ev.verify=11.088ms
[labev] t=455477.116 ev.finalize=1.533ms
[labev] t=455477.116 ev.propose=0.002ms
[labev] t=455477.127 ev.verify=11.185ms
[labev] t=455477.129 ev.finalize=1.668ms
[labev] t=455477.129 ev.propose=0.002ms
[labev] t=455477.140 ev.verify=11.221ms
[labev] t=455477.142 ev.finalize=1.670ms
[labev] t=455477.142 ev.propose=0.002ms
[labev] t=455477.154 ev.verify=11.370ms
[labev] t=455477.155 ev.finalize=1.547ms
[labev] t=455477.155 ev.propose=0.002ms
[labev] t=455477.166 ev.verify=11.217ms
[labev] t=455477.168 ev.finalize=1.672ms
[labev] t=455477.168 ev.propose=0.002ms
[labev] t=455477.180 ev.verify=11.384ms
[labev] t=455477.181 ev.finalize=1.661ms
[labev] t=455477.182 ev.propose=0.002ms
[labev] t=455477.193 ev.verify=11.275ms
[labev] t=455477.194 ev.finalize=1.549ms
[labev] t=455477.195 ev.propose=0.002ms
[labev] t=455477.206 ev.verify=11.245ms
[labev] t=455477.207 ev.finalize=1.649ms
[labev] t=455477.208 ev.propose=0.002ms
[labev] t=455477.219 ev.verify=11.364ms
[labev] t=455477.221 ev.finalize=1.633ms
[labev] t=455477.221 ev.propose=0.002ms
[labev] t=455477.232 ev.verify=11.375ms
[labev] t=455477.234 ev.finalize=1.672ms
[labev] t=455477.234 ev.propose=0.002ms
[labev] t=455477.245 ev.verify=11.396ms
[labev] t=455477.248 ev.finalize=2.311ms
[labev] t=455477.248 ev.propose=0.002ms
[labev] t=455477.259 ev.verify=11.294ms
[labev] t=455477.261 ev.finalize=1.639ms
[labev] t=455477.261 ev.propose=0.002ms
[labev] t=455477.272 ev.verify=11.405ms
[labev] t=455477.274 ev.finalize=1.671ms
[labev] t=455477.274 ev.propose=0.002ms
[labev] t=455477.285 ev.verify=11.040ms
[labev] t=455477.287 ev.finalize=1.652ms
[labev] t=455477.287 ev.propose=0.002ms
[labev] t=455477.298 ev.verify=11.180ms
[labev] t=455477.300 ev.finalize=1.650ms
[labev] t=455477.300 ev.propose=0.002ms
[labev] t=455477.311 ev.verify=11.268ms
[labev] t=455477.313 ev.finalize=1.655ms
[labev] t=455477.313 ev.propose=0.002ms
[labev] t=455477.324 ev.verify=11.338ms
[labev] t=455477.326 ev.finalize=1.543ms
[labev] t=455477.326 ev.propose=0.002ms
[labev] t=455477.337 ev.verify=11.251ms
[labev] t=455477.339 ev.finalize=1.629ms
[labev] t=455477.339 ev.propose=0.002ms
[labev] t=455477.350 ev.verify=11.216ms
[labev] t=455477.352 ev.finalize=1.680ms
[labev] t=455477.352 ev.propose=0.001ms
[labev] t=455477.364 ev.verify=11.327ms
[labev] t=455477.365 ev.finalize=1.657ms
[labev] t=455477.365 ev.propose=0.002ms
[labev] t=455477.377 ev.verify=11.444ms
[labev] t=455477.379 ev.finalize=1.653ms
[labev] t=455477.379 ev.propose=0.002ms
[labev] t=455477.390 ev.verify=11.140ms
[labev] t=455477.392 ev.finalize=1.781ms
[labev] t=455477.392 ev.propose=0.002ms
[labev] t=455477.403 ev.verify=11.162ms
[labev] t=455477.405 ev.finalize=1.641ms
[labev] t=455477.405 ev.propose=0.002ms
[labev] t=455477.416 ev.verify=11.212ms
[labev] t=455477.418 ev.finalize=1.678ms
[labev] t=455477.418 ev.propose=0.002ms
[labev] t=455477.429 ev.verify=11.184ms
[labev] t=455477.431 ev.finalize=1.642ms
[labev] t=455477.431 ev.propose=0.002ms
[labev] t=455477.442 ev.verify=11.353ms
[labev] t=455477.444 ev.finalize=1.561ms
[labev] t=455477.444 ev.propose=0.002ms
[labev] t=455477.455 ev.verify=11.411ms
[labev] t=455477.457 ev.finalize=1.674ms
[labev] t=455477.457 ev.propose=0.002ms
[labev] t=455477.468 ev.verify=11.114ms
[labev] t=455477.470 ev.finalize=1.575ms
[labev] t=455477.470 ev.propose=0.002ms
[labev] t=455477.481 ev.verify=11.098ms
[labev] t=455477.483 ev.finalize=2.214ms
[labev] t=455477.483 ev.propose=0.002ms
[labev] t=455477.495 ev.verify=11.253ms
[labev] t=455477.496 ev.finalize=1.662ms
[labev] t=455477.496 ev.propose=0.002ms
[labev] t=455477.508 ev.verify=11.259ms
[labev] t=455477.509 ev.finalize=1.671ms
[labev] t=455477.509 ev.propose=0.002ms
[labev] t=455477.521 ev.verify=11.470ms
[labev] t=455477.522 ev.finalize=1.541ms
[labev] t=455477.523 ev.propose=0.002ms
[labev] t=455477.534 ev.verify=11.458ms
[labev] t=455477.536 ev.finalize=1.655ms
[labev] t=455477.536 ev.propose=0.002ms
[labev] t=455477.547 ev.verify=11.316ms
[labev] t=455477.549 ev.finalize=1.686ms
[labev] t=455477.549 ev.propose=0.002ms
[labev] t=455477.560 ev.verify=11.340ms
[labev] t=455477.562 ev.finalize=1.704ms
[labev] t=455477.562 ev.propose=0.002ms
[labev] t=455477.574 ev.verify=11.325ms
[labev] t=455477.575 ev.finalize=1.636ms
[labev] t=455477.575 ev.propose=0.002ms
[labev] t=455477.587 ev.verify=11.385ms
[labev] t=455477.588 ev.finalize=1.675ms
[labev] t=455477.589 ev.propose=0.002ms
[labev] t=455477.600 ev.verify=11.340ms
[labev] t=455477.601 ev.finalize=1.561ms
[labev] t=455477.602 ev.propose=0.002ms
[labev] t=455477.613 ev.verify=11.306ms
[labev] t=455477.615 ev.finalize=1.692ms
[labev] t=455477.615 ev.propose=0.002ms
[labev] t=455477.626 ev.verify=11.166ms
[labev] t=455477.628 ev.finalize=1.673ms
[labev] t=455477.628 ev.propose=0.002ms
[labev] t=455477.639 ev.verify=11.449ms
[labev] t=455477.641 ev.finalize=1.675ms
[labev] t=455477.641 ev.propose=0.002ms
[labev] t=455477.652 ev.verify=11.211ms
[labev] t=455477.654 ev.finalize=1.655ms
[labev] t=455477.654 ev.propose=0.002ms
[labev] t=455477.666 ev.verify=11.482ms
[labev] t=455477.667 ev.finalize=1.694ms
[labev] t=455477.667 ev.propose=0.002ms
[labev] t=455477.678 ev.verify=11.127ms
[labev] t=455477.680 ev.finalize=1.679ms
[labev] t=455477.680 ev.propose=0.002ms
[labev] t=455477.692 ev.verify=11.240ms
[labev] t=455477.693 ev.finalize=1.683ms
[labev] t=455477.693 ev.propose=0.002ms
[labev] t=455477.705 ev.verify=11.209ms
[labev] t=455477.707 ev.finalize=2.218ms
[labev] t=455477.707 ev.propose=0.002ms
[labev] t=455477.718 ev.verify=11.364ms
[labev] t=455477.720 ev.finalize=1.676ms
[labev] t=455477.720 ev.propose=0.002ms
[labev] t=455477.731 ev.verify=11.209ms
[labev] t=455477.733 ev.finalize=1.675ms
[labev] t=455477.733 ev.propose=0.002ms
[labev] t=455477.745 ev.verify=11.375ms
[labev] t=455477.746 ev.finalize=1.661ms
[labev] t=455477.746 ev.propose=0.002ms
[labev] t=455477.758 ev.verify=11.278ms
[labev] t=455477.759 ev.finalize=1.669ms
[labev] t=455477.760 ev.propose=0.001ms
[labev] t=455477.771 ev.verify=11.327ms
[labev] t=455477.772 ev.finalize=1.571ms
[labev] t=455477.773 ev.propose=0.002ms
[labev] t=455477.784 ev.verify=11.198ms
[labev] t=455477.785 ev.finalize=1.678ms
[labev] t=455477.786 ev.propose=0.002ms
[labev] t=455477.797 ev.verify=11.442ms
[labev] t=455477.799 ev.finalize=1.553ms
[labev] t=455477.799 ev.propose=0.002ms
[labev] t=455477.810 ev.verify=11.213ms
[labev] t=455477.812 ev.finalize=1.663ms
[labev] t=455477.812 ev.propose=0.002ms
[labev] t=455477.823 ev.verify=11.247ms
[labev] t=455477.825 ev.finalize=1.681ms
[labev] t=455477.825 ev.propose=0.002ms
[labev] t=455477.836 ev.verify=11.216ms
[labev] t=455477.838 ev.finalize=1.659ms
[labev] t=455477.838 ev.propose=0.002ms
[labev] t=455477.849 ev.verify=11.128ms
[labev] t=455477.851 ev.finalize=1.668ms
[labev] t=455477.851 ev.propose=0.002ms
[labev] t=455477.862 ev.verify=11.090ms
[labev] t=455477.864 ev.finalize=1.689ms
[labev] t=455477.864 ev.propose=0.002ms
[labev] t=455477.875 ev.verify=11.321ms
[labev] t=455477.877 ev.finalize=1.667ms
[labev] t=455477.877 ev.propose=0.002ms
[labev] t=455477.888 ev.verify=11.182ms
[labev] t=455477.890 ev.finalize=1.663ms
[labev] t=455477.890 ev.propose=0.002ms
[labev] t=455477.901 ev.verify=11.347ms
[labev] t=455477.903 ev.finalize=1.604ms
[labev] t=455477.903 ev.propose=0.002ms
[labev] t=455477.914 ev.verify=11.220ms
[labev] t=455477.916 ev.finalize=1.659ms
[labev] t=455477.916 ev.propose=0.002ms
[labev] t=455477.927 ev.verify=11.415ms
[labev] t=455477.929 ev.finalize=1.556ms
[labev] t=455477.929 ev.propose=0.002ms
[labev] t=455477.941 ev.verify=11.456ms
[labev] t=455477.943 ev.finalize=2.400ms
[labev] t=455477.943 ev.propose=0.002ms
[labev] t=455477.956 ev.verify=12.372ms
[labev] t=455477.958 ev.finalize=1.897ms
[labev] t=455477.958 ev.propose=0.002ms
[labev] t=455477.970 ev.verify=12.208ms
[labev] t=455477.972 ev.finalize=1.866ms
[labev] t=455477.972 ev.propose=0.002ms
[labev] t=455477.984 ev.verify=12.014ms
[labev] t=455477.986 ev.finalize=1.905ms
[labev] t=455477.986 ev.propose=0.002ms
[labev] t=455477.998 ev.verify=11.894ms
[labev] t=455478.000 ev.finalize=1.769ms
[labev] t=455478.000 ev.propose=0.002ms
[labev] t=455478.012 ev.verify=12.029ms
[labev] t=455478.014 ev.finalize=1.836ms
[labev] t=455478.014 ev.propose=0.003ms
[labev] t=455478.026 ev.verify=12.321ms
[labev] t=455478.028 ev.finalize=1.787ms
[labev] t=455478.028 ev.propose=0.002ms
[labev] t=455478.041 ev.verify=12.235ms
[labev] t=455478.042 ev.finalize=1.842ms
[labev] t=455478.043 ev.propose=0.003ms
[labev] t=455478.055 ev.verify=12.155ms
[labev] t=455478.057 ev.finalize=1.790ms
[labev] t=455478.057 ev.propose=0.002ms
[labev] t=455478.069 ev.verify=12.340ms
[labev] t=455478.071 ev.finalize=1.927ms
[labev] t=455478.071 ev.propose=0.002ms
[labev] t=455478.084 ev.verify=12.308ms
[labev] t=455478.085 ev.finalize=1.887ms
[labev] t=455478.086 ev.propose=0.003ms
[labev] t=455478.101 ev.verify=15.195ms
[labev] t=455478.103 ev.finalize=2.116ms
[labev] t=455478.103 ev.propose=0.004ms
[labev] t=455478.115 ev.verify=11.523ms
[labev] t=455478.116 ev.finalize=1.697ms
[labev] t=455478.117 ev.propose=0.002ms
[labev] t=455478.128 ev.verify=11.308ms
[labev] t=455478.130 ev.finalize=1.687ms
[labev] t=455478.130 ev.propose=0.002ms
[labev] t=455478.141 ev.verify=11.278ms
[labev] t=455478.143 ev.finalize=1.551ms
[labev] t=455478.143 ev.propose=0.002ms
[labev] t=455478.154 ev.verify=11.419ms
[labev] t=455478.156 ev.finalize=1.681ms
[labev] t=455478.156 ev.propose=0.002ms
[labev] t=455478.167 ev.verify=11.333ms
[labev] t=455478.169 ev.finalize=1.565ms
[labev] t=455478.169 ev.propose=0.002ms
[labev] t=455478.180 ev.verify=11.337ms
[labev] t=455478.183 ev.finalize=2.342ms
[labev] t=455478.183 ev.propose=0.002ms
[labev] t=455478.194 ev.verify=11.489ms
[labev] t=455478.196 ev.finalize=1.682ms
[labev] t=455478.196 ev.propose=0.002ms
[labev] t=455478.208 ev.verify=11.381ms
[labev] t=455478.209 ev.finalize=1.589ms
[labev] t=455478.209 ev.propose=0.002ms
[labev] t=455478.221 ev.verify=11.426ms
[labev] t=455478.223 ev.finalize=1.677ms
[labev] t=455478.223 ev.propose=0.002ms
[labev] t=455478.234 ev.verify=11.083ms
[labev] t=455478.235 ev.finalize=1.688ms
[labev] t=455478.236 ev.propose=0.002ms
[labev] t=455478.247 ev.verify=11.095ms
[labev] t=455478.248 ev.finalize=1.686ms
[labev] t=455478.248 ev.propose=0.002ms
[labev] t=455478.260 ev.verify=11.415ms
[labev] t=455478.262 ev.finalize=1.691ms
[labev] t=455478.262 ev.propose=0.002ms
[labev] t=455478.273 ev.verify=11.278ms
[labev] t=455478.275 ev.finalize=1.689ms
[labev] t=455478.275 ev.propose=0.002ms
[labev] t=455478.286 ev.verify=11.518ms
[labev] t=455478.288 ev.finalize=1.672ms
[labev] t=455478.288 ev.propose=0.002ms
[labev] t=455478.300 ev.verify=11.287ms
[labev] t=455478.301 ev.finalize=1.666ms
[labev] t=455478.301 ev.propose=0.002ms
[labev] t=455478.313 ev.verify=11.326ms
[labev] t=455478.314 ev.finalize=1.683ms
[labev] t=455478.315 ev.propose=0.002ms
[labev] t=455478.326 ev.verify=11.352ms
[labev] t=455478.328 ev.finalize=1.681ms
[labev] t=455478.328 ev.propose=0.002ms
[labev] t=455478.339 ev.verify=11.244ms
[labev] t=455478.341 ev.finalize=1.670ms
[labev] t=455478.341 ev.propose=0.002ms
[labev] t=455478.352 ev.verify=11.370ms
[labev] t=455478.354 ev.finalize=1.665ms
[labev] t=455478.354 ev.propose=0.002ms
[labev] t=455478.365 ev.verify=11.282ms
[labev] t=455478.367 ev.finalize=1.685ms
[labev] t=455478.367 ev.propose=0.002ms
[labev] t=455478.378 ev.verify=11.257ms
[labev] t=455478.380 ev.finalize=1.671ms
[labev] t=455478.380 ev.propose=0.002ms
[labev] t=455478.392 ev.verify=11.348ms
[labev] t=455478.393 ev.finalize=1.553ms
[labev] t=455478.393 ev.propose=0.002ms
[labev] t=455478.405 ev.verify=11.375ms
[labev] t=455478.407 ev.finalize=2.357ms
[labev] t=455478.407 ev.propose=0.003ms
[labev] t=455478.419 ev.verify=11.512ms
[labev] t=455478.420 ev.finalize=1.685ms
[labev] t=455478.421 ev.propose=0.002ms
[labev] t=455478.432 ev.verify=11.364ms
[labev] t=455478.433 ev.finalize=1.555ms
[labev] t=455478.434 ev.propose=0.002ms
[labev] t=455478.445 ev.verify=11.306ms
[labev] t=455478.447 ev.finalize=1.687ms
[labev] t=455478.447 ev.propose=0.002ms
[labev] t=455478.458 ev.verify=11.186ms
[labev] t=455478.460 ev.finalize=1.562ms
[labev] t=455478.460 ev.propose=0.002ms
[labev] t=455478.471 ev.verify=11.364ms
[labev] t=455478.473 ev.finalize=1.660ms
[labev] t=455478.473 ev.propose=0.002ms
[labev] t=455478.484 ev.verify=11.270ms
[labev] t=455478.486 ev.finalize=1.672ms
[labev] t=455478.486 ev.propose=0.002ms
[labev] t=455478.497 ev.verify=11.148ms
[labev] t=455478.499 ev.finalize=1.662ms
[labev] t=455478.499 ev.propose=0.002ms
[labev] t=455478.510 ev.verify=11.201ms
[labev] t=455478.512 ev.finalize=1.570ms
[labev] t=455478.512 ev.propose=0.002ms
[labev] t=455478.523 ev.verify=11.498ms
[labev] t=455478.525 ev.finalize=1.692ms
[labev] t=455478.525 ev.propose=0.002ms
[labev] t=455478.536 ev.verify=11.327ms
[labev] t=455478.538 ev.finalize=1.679ms
[labev] t=455478.538 ev.propose=0.002ms
[labev] t=455478.550 ev.verify=11.498ms
[labev] t=455478.552 ev.finalize=1.730ms
[labev] t=455478.552 ev.propose=0.002ms
[labev] t=455478.563 ev.verify=11.344ms
[labev] t=455478.565 ev.finalize=1.802ms
[labev] t=455478.565 ev.propose=0.002ms
[labev] t=455478.576 ev.verify=11.222ms
[labev] t=455478.578 ev.finalize=1.678ms
[labev] t=455478.578 ev.propose=0.002ms
[labev] t=455478.589 ev.verify=11.207ms
[labev] t=455478.591 ev.finalize=1.670ms
[labev] t=455478.591 ev.propose=0.002ms
[labev] t=455478.602 ev.verify=11.184ms
[labev] t=455478.604 ev.finalize=1.648ms
[labev] t=455478.604 ev.propose=0.002ms
[labev] t=455478.616 ev.verify=11.487ms
[labev] t=455478.617 ev.finalize=1.679ms
[labev] t=455478.617 ev.propose=0.002ms
[labev] t=455478.629 ev.verify=11.496ms
[labev] t=455478.631 ev.finalize=1.678ms
[labev] t=455478.631 ev.propose=0.002ms
[labev] t=455478.642 ev.verify=11.389ms
[labev] t=455478.645 ev.finalize=2.350ms
[labev] t=455478.645 ev.propose=0.002ms
[labev] t=455478.656 ev.verify=11.178ms
[labev] t=455478.658 ev.finalize=1.696ms
[labev] t=455478.658 ev.propose=0.002ms
[labev] t=455478.669 ev.verify=11.331ms
[labev] t=455478.671 ev.finalize=1.662ms
[labev] t=455478.671 ev.propose=0.002ms
[labev] t=455478.682 ev.verify=11.432ms
[labev] t=455478.684 ev.finalize=1.660ms
[labev] t=455478.684 ev.propose=0.002ms
[labev] t=455478.696 ev.verify=11.522ms
[labev] t=455478.697 ev.finalize=1.655ms
[labev] t=455478.697 ev.propose=0.002ms
[labev] t=455478.709 ev.verify=11.417ms
[labev] t=455478.711 ev.finalize=1.642ms
[labev] t=455478.711 ev.propose=0.002ms
[labev] t=455478.722 ev.verify=11.476ms
[labev] t=455478.724 ev.finalize=1.658ms
[labev] t=455478.724 ev.propose=0.002ms
[labev] t=455478.735 ev.verify=11.450ms
[labev] t=455478.737 ev.finalize=1.577ms
[labev] t=455478.737 ev.propose=0.002ms
[labev] t=455478.748 ev.verify=11.363ms
[labev] t=455478.750 ev.finalize=1.693ms
[labev] t=455478.750 ev.propose=0.002ms
[labev] t=455478.762 ev.verify=11.525ms
[labev] t=455478.763 ev.finalize=1.557ms
[labev] t=455478.764 ev.propose=0.002ms
[labev] t=455478.775 ev.verify=11.444ms
[labev] t=455478.777 ev.finalize=1.700ms
[labev] t=455478.777 ev.propose=0.002ms
[labev] t=455478.788 ev.verify=11.359ms
[labev] t=455478.790 ev.finalize=1.701ms
[labev] t=455478.790 ev.propose=0.002ms
[labev] t=455478.801 ev.verify=11.409ms
[labev] t=455478.803 ev.finalize=1.571ms
[labev] t=455478.803 ev.propose=0.002ms
[labev] t=455478.815 ev.verify=11.363ms
[labev] t=455478.816 ev.finalize=1.563ms
[labev] t=455478.816 ev.propose=0.002ms
[labev] t=455478.828 ev.verify=11.366ms
[labev] t=455478.829 ev.finalize=1.696ms
[labev] t=455478.829 ev.propose=0.002ms
[labev] t=455478.841 ev.verify=11.307ms
[labev] t=455478.842 ev.finalize=1.560ms
[labev] t=455478.842 ev.propose=0.002ms
[labev] t=455478.854 ev.verify=11.419ms
[labev] t=455478.856 ev.finalize=1.557ms
[labev] t=455478.856 ev.propose=0.002ms
[labev] t=455478.867 ev.verify=11.457ms
[labev] t=455478.869 ev.finalize=1.584ms
[labev] t=455478.869 ev.propose=0.002ms
[labev] t=455478.880 ev.verify=11.334ms
[labev] t=455478.882 ev.finalize=1.566ms
[labev] t=455478.882 ev.propose=0.002ms
[labev] t=455478.893 ev.verify=11.281ms
[labev] t=455478.895 ev.finalize=1.685ms
[labev] t=455478.895 ev.propose=0.002ms
[labev] t=455478.906 ev.verify=11.342ms
[labev] t=455478.909 ev.finalize=2.352ms
[labev] t=455478.909 ev.propose=0.002ms
[labev] t=455478.920 ev.verify=11.517ms
[labev] t=455478.922 ev.finalize=1.595ms
[labev] t=455478.922 ev.propose=0.002ms
[labev] t=455478.933 ev.verify=11.190ms
[labev] t=455478.935 ev.finalize=1.681ms
[labev] t=455478.935 ev.propose=0.002ms
[labev] t=455478.946 ev.verify=11.163ms
[labev] t=455478.948 ev.finalize=1.683ms
[labev] t=455478.948 ev.propose=0.002ms
[labev] t=455478.960 ev.verify=11.364ms
[labev] t=455478.961 ev.finalize=1.709ms
[labev] t=455478.961 ev.propose=0.002ms
[labev] t=455478.973 ev.verify=11.561ms
[labev] t=455478.975 ev.finalize=1.692ms
[labev] t=455478.975 ev.propose=0.002ms
[labev] t=455478.986 ev.verify=11.320ms
[labev] t=455478.988 ev.finalize=1.671ms
[labev] t=455478.988 ev.propose=0.002ms
[labev] t=455478.999 ev.verify=11.454ms
[labev] t=455479.001 ev.finalize=1.706ms
[labev] t=455479.001 ev.propose=0.002ms
[labev] t=455479.013 ev.verify=11.437ms
[labev] t=455479.014 ev.finalize=1.696ms
[labev] t=455479.015 ev.propose=0.002ms
[labev] t=455479.026 ev.verify=11.383ms
[labev] t=455479.028 ev.finalize=1.685ms
[labev] t=455479.028 ev.propose=0.002ms
[labev] t=455479.039 ev.verify=11.311ms
[labev] t=455479.041 ev.finalize=1.686ms
[labev] t=455479.041 ev.propose=0.002ms
[labev] t=455479.052 ev.verify=11.449ms
[labev] t=455479.054 ev.finalize=1.699ms
[labev] t=455479.054 ev.propose=0.001ms
[labev] t=455479.066 ev.verify=11.386ms
[labev] t=455479.067 ev.finalize=1.693ms
[labev] t=455479.067 ev.propose=0.002ms
[labev] t=455479.079 ev.verify=11.405ms
[labev] t=455479.081 ev.finalize=1.687ms
[labev] t=455479.081 ev.propose=0.002ms
[labev] t=455479.092 ev.verify=11.313ms
[labev] t=455479.094 ev.finalize=1.708ms
[labev] t=455479.094 ev.propose=0.002ms
[labev] t=455479.105 ev.verify=11.335ms
[labev] t=455479.107 ev.finalize=1.708ms
[labev] t=455479.107 ev.propose=0.002ms
[labev] t=455479.119 ev.verify=11.479ms
[labev] t=455479.121 ev.finalize=2.356ms
[labev] t=455479.121 ev.propose=0.003ms
[labev] t=455479.132 ev.verify=11.308ms
[labev] t=455479.134 ev.finalize=1.690ms
[labev] t=455479.134 ev.propose=0.002ms
[labev] t=455479.145 ev.verify=11.189ms
[labev] t=455479.147 ev.finalize=1.685ms
[labev] t=455479.147 ev.propose=0.002ms
[labev] t=455479.159 ev.verify=11.277ms
[labev] t=455479.160 ev.finalize=1.699ms
[labev] t=455479.160 ev.propose=0.002ms
[labev] t=455479.172 ev.verify=11.352ms
[labev] t=455479.174 ev.finalize=1.688ms
[labev] t=455479.174 ev.propose=0.002ms
[labev] t=455479.185 ev.verify=11.466ms
[labev] t=455479.187 ev.finalize=1.706ms
[labev] t=455479.187 ev.propose=0.002ms
[labev] t=455479.198 ev.verify=11.324ms
[labev] t=455479.200 ev.finalize=1.690ms
[labev] t=455479.200 ev.propose=0.002ms
[labev] t=455479.211 ev.verify=11.289ms
[labev] t=455479.213 ev.finalize=1.683ms
[labev] t=455479.213 ev.propose=0.002ms
[labev] t=455479.225 ev.verify=11.309ms
[labev] t=455479.226 ev.finalize=1.702ms
[labev] t=455479.226 ev.propose=0.002ms
[labev] t=455479.238 ev.verify=11.372ms
[labev] t=455479.239 ev.finalize=1.570ms
[labev] t=455479.240 ev.propose=0.002ms
[labev] t=455479.251 ev.verify=11.264ms
[labev] t=455479.253 ev.finalize=1.706ms
[labev] t=455479.253 ev.propose=0.002ms
[labev] t=455479.264 ev.verify=11.476ms
[labev] t=455479.266 ev.finalize=1.717ms
[labev] t=455479.266 ev.propose=0.002ms
[labev] t=455479.277 ev.verify=11.245ms
[labev] t=455479.279 ev.finalize=1.677ms
[labev] t=455479.279 ev.propose=0.002ms
[labev] t=455479.291 ev.verify=11.450ms
[labev] t=455479.292 ev.finalize=1.676ms
[labev] t=455479.292 ev.propose=0.002ms
[labev] t=455479.304 ev.verify=11.159ms
[labev] t=455479.305 ev.finalize=1.691ms
[labev] t=455479.305 ev.propose=0.002ms
[labev] t=455479.317 ev.verify=11.130ms
[labev] t=455479.318 ev.finalize=1.716ms
[labev] t=455479.318 ev.propose=0.002ms
[labev] t=455479.330 ev.verify=11.368ms
[labev] t=455479.332 ev.finalize=1.774ms
[labev] t=455479.332 ev.propose=0.002ms
[labev] t=455479.343 ev.verify=11.533ms
[labev] t=455479.346 ev.finalize=2.517ms
[labev] t=455479.346 ev.propose=0.003ms
[labev] t=455479.358 ev.verify=11.664ms
[labev] t=455479.360 ev.finalize=1.893ms
[labev] t=455479.360 ev.propose=0.003ms
[labev] t=455479.371 ev.verify=11.610ms
[labev] t=455479.373 ev.finalize=1.627ms
[labev] t=455479.373 ev.propose=0.002ms
[labev] t=455479.385 ev.verify=11.271ms
[labev] t=455479.386 ev.finalize=1.580ms
[labev] t=455479.386 ev.propose=0.002ms
[labev] t=455479.398 ev.verify=11.275ms
[labev] t=455479.399 ev.finalize=1.564ms
[labev] t=455479.399 ev.propose=0.002ms
[labev] t=455479.411 ev.verify=11.321ms
[labev] t=455479.412 ev.finalize=1.536ms
[labev] t=455479.412 ev.propose=0.002ms
[labev] t=455479.423 ev.verify=11.150ms
[labev] t=455479.425 ev.finalize=1.719ms
[labev] t=455479.425 ev.propose=0.002ms
[labev] t=455479.436 ev.verify=11.203ms
[labev] t=455479.438 ev.finalize=1.699ms
[labev] t=455479.438 ev.propose=0.002ms
[labev] t=455479.450 ev.verify=11.365ms
[labev] t=455479.451 ev.finalize=1.553ms
[labev] t=455479.451 ev.propose=0.002ms
[labev] t=455479.463 ev.verify=11.339ms
[labev] t=455479.464 ev.finalize=1.696ms
[labev] t=455479.465 ev.propose=0.002ms
[labev] t=455479.476 ev.verify=11.350ms
[labev] t=455479.478 ev.finalize=1.689ms
[labev] t=455479.478 ev.propose=0.002ms
[labev] t=455479.489 ev.verify=11.419ms
[labev] t=455479.491 ev.finalize=1.677ms
[labev] t=455479.491 ev.propose=0.002ms
[labev] t=455479.502 ev.verify=11.356ms
[labev] t=455479.504 ev.finalize=1.673ms
[labev] t=455479.504 ev.propose=0.002ms
[labev] t=455479.516 ev.verify=11.422ms
[labev] t=455479.517 ev.finalize=1.647ms
[labev] t=455479.517 ev.propose=0.002ms
[labev] t=455479.529 ev.verify=11.119ms
[labev] t=455479.530 ev.finalize=1.696ms
[labev] t=455479.530 ev.propose=0.002ms
[labev] t=455479.542 ev.verify=11.344ms
[labev] t=455479.543 ev.finalize=1.561ms
[labev] t=455479.543 ev.propose=0.002ms
[labev] t=455479.555 ev.verify=11.354ms
[labev] t=455479.557 ev.finalize=1.710ms
[labev] t=455479.557 ev.propose=0.002ms
[labev] t=455479.568 ev.verify=11.208ms
[labev] t=455479.570 ev.finalize=1.721ms
[labev] t=455479.570 ev.propose=0.002ms
[labev] t=455479.581 ev.verify=11.345ms
[labev] t=455479.583 ev.finalize=1.704ms
[labev] t=455479.583 ev.propose=0.002ms
[labev] t=455479.594 ev.verify=11.302ms
[labev] t=455479.597 ev.finalize=2.262ms
[labev] t=455479.597 ev.propose=0.002ms
[labev] t=455479.608 ev.verify=11.316ms
[labev] t=455479.610 ev.finalize=1.650ms
[labev] t=455479.610 ev.propose=0.002ms
[labev] t=455479.621 ev.verify=11.348ms
[labev] t=455479.623 ev.finalize=1.664ms
[labev] t=455479.623 ev.propose=0.002ms
[labev] t=455479.634 ev.verify=11.221ms
[labev] t=455479.636 ev.finalize=1.711ms
[labev] t=455479.636 ev.propose=0.002ms
[labev] t=455479.647 ev.verify=11.157ms
[labev] t=455479.649 ev.finalize=1.709ms
[labev] t=455479.649 ev.propose=0.002ms
[labev] t=455479.660 ev.verify=11.347ms
[labev] t=455479.662 ev.finalize=1.557ms
[labev] t=455479.662 ev.propose=0.002ms
[labev] t=455479.673 ev.verify=11.147ms
[labev] t=455479.675 ev.finalize=1.559ms
[labev] t=455479.675 ev.propose=0.002ms
[labev] t=455479.686 ev.verify=11.244ms
[labev] t=455479.688 ev.finalize=1.592ms
[labev] t=455479.688 ev.propose=0.002ms
[labev] t=455479.699 ev.verify=11.382ms
[labev] t=455479.701 ev.finalize=1.696ms
[labev] t=455479.703 req.start s1-p4096-o512-b9-r0=0.000ms
[labev] t=455479.703 req.handle=0.013ms
[labev] t=455479.723 tok.prepare=19.819ms
event=batching_admitted action=scheduler_admitted
[labev] t=455479.976 chunk.ord.total=253.072ms
[labev] t=455480.228 chunk.ord.total=252.056ms
[labev] t=455480.484 chunk.ord.total=255.712ms
[labev] t=455480.743 chunk.ord.total=258.931ms
[labev] t=455481.003 chunk.ord.total=260.066ms
[labev] t=455481.265 chunk.ord.total=261.941ms
[labev] t=455481.531 chunk.ord.total=265.768ms
[labev] t=455481.838 chunk.ord.total=306.950ms
[labev] t=455481.838 req.firsttoken s1-p4096-o512-b9-r0=2135.343ms
[labev] t=455481.974 ev.decode.rows1.cap0=135.868ms
[labev] t=455482.110 ev.decode.rows1.cap0=135.786ms
[labev] t=455482.245 ev.decode.rows1.cap0=135.556ms
[labev] t=455482.381 ev.decode.rows1.cap0=135.504ms
[labev] t=455482.517 ev.decode.rows1.cap0=135.822ms
[labev] t=455482.653 ev.decode.rows1.cap0=135.483ms
[labev] t=455482.788 ev.decode.rows1.cap0=135.624ms
[labev] t=455482.924 ev.decode.rows1.cap0=135.936ms
[labev] t=455483.060 ev.decode.rows1.cap0=135.450ms
[labev] t=455483.196 ev.decode.rows1.cap0=136.004ms
[labev] t=455483.332 ev.decode.rows1.cap0=135.661ms
[labev] t=455483.468 ev.decode.rows1.cap0=135.948ms
[labev] t=455483.603 ev.decode.rows1.cap0=135.644ms
[labev] t=455483.739 ev.decode.rows1.cap0=135.791ms
[labev] t=455483.875 ev.decode.rows1.cap0=135.552ms
[labev] t=455484.011 ev.decode.rows1.cap0=135.823ms
[labev] t=455484.147 ev.decode.rows1.cap0=136.124ms
[labev] t=455484.283 ev.decode.rows1.cap0=135.810ms
[labev] t=455484.419 ev.decode.rows1.cap0=136.077ms
[labev] t=455484.555 ev.decode.rows1.cap0=135.564ms
[labev] t=455484.691 ev.decode.rows1.cap0=135.823ms
[labev] t=455484.827 ev.decode.rows1.cap0=135.939ms
[labev] t=455484.963 ev.decode.rows1.cap0=136.030ms
[labev] t=455485.099 ev.decode.rows1.cap0=136.164ms
[labev] t=455485.235 ev.decode.rows1.cap0=136.019ms
[labev] t=455485.372 ev.decode.rows1.cap0=136.354ms
[labev] t=455485.508 ev.decode.rows1.cap0=135.776ms
[labev] t=455485.644 ev.decode.rows1.cap0=136.020ms
[labev] t=455485.780 ev.decode.rows1.cap0=136.248ms
[labev] t=455485.916 ev.decode.rows1.cap0=136.156ms
[labev] t=455486.053 ev.decode.rows1.cap0=136.096ms
[labev] t=455486.180 ev.decode.rows1.cap0=127.450ms
exit=0 tag=w6-on2 end 17:24:19
