start 17:11:49 tag=w5-cv-off bin=3e4b1855f7c9bd2d env=MLX_LM_QWEN35_COMPILED_VERIFY=0 MACPROVIDER_LAB_DUMP_DIR=<studio-home>/lab-332/mtp/dumps/cv-off
[labev] t=454771.001 chunk.ord.total=243.344ms
[labev] t=454771.015 chunk.ord.total=13.812ms
[labev] t=454771.023 ev.decode.rows1.cap0=8.707ms
[labev] t=454771.032 ev.decode.rows1.cap0=8.481ms
[labev] t=454771.041 ev.decode.rows1.cap0=8.461ms
[labev] t=454771.049 ev.decode.rows1.cap0=8.503ms
[labev] t=454771.058 ev.decode.rows1.cap0=8.411ms
[labev] t=454771.066 ev.decode.rows1.cap0=8.484ms
[labev] t=454771.075 ev.decode.rows1.cap0=8.432ms
[labev] t=454771.083 ev.decode.rows1.cap0=8.424ms
[labev] t=454771.091 ev.decode.rows1.cap0=8.391ms
[labev] t=454771.100 ev.decode.rows1.cap0=8.370ms
[labev] t=454771.108 ev.decode.rows1.cap0=8.416ms
[labev] t=454771.117 ev.decode.rows1.cap0=8.421ms
[labev] t=454771.125 ev.decode.rows1.cap0=8.420ms
[labev] t=454771.134 ev.decode.rows1.cap0=8.428ms
[labev] t=454771.142 ev.decode.rows1.cap0=8.483ms
[labev] t=454771.151 ev.decode.rows1.cap0=8.429ms
[labev] t=454771.159 ev.decode.rows1.cap0=8.560ms
[labev] t=454771.168 ev.decode.rows1.cap0=8.501ms
[labev] t=454771.176 ev.decode.rows1.cap0=8.550ms
[labev] t=454771.185 ev.decode.rows1.cap0=8.473ms
[labev] t=454771.193 ev.decode.rows1.cap0=8.547ms
[labev] t=454771.202 ev.decode.rows1.cap0=8.529ms
[labev] t=454771.211 ev.decode.rows1.cap0=8.601ms
[labev] t=454771.219 ev.decode.rows1.cap0=8.509ms
[labev] t=454771.228 ev.decode.rows1.cap0=8.567ms
[labev] t=454771.236 ev.decode.rows1.cap0=8.559ms
[labev] t=454771.245 ev.decode.rows1.cap0=8.511ms
[labev] t=454771.253 ev.decode.rows1.cap0=8.502ms
[labev] t=454771.262 ev.decode.rows1.cap0=8.529ms
[labev] t=454771.271 ev.decode.rows1.cap0=8.530ms
[labev] t=454771.279 ev.decode.rows1.cap0=8.457ms
[labev] t=454771.288 ev.decode.rows1.cap0=8.519ms
[labev] t=454771.296 ev.decode.rows1.cap0=8.489ms
[labev] t=454771.305 ev.decode.rows1.cap0=8.530ms
[labev] t=454771.313 ev.decode.rows1.cap0=8.511ms
[labev] t=454771.322 ev.decode.rows1.cap0=8.501ms
[labev] t=454771.330 ev.decode.rows1.cap0=8.497ms
[labev] t=454771.339 ev.decode.rows1.cap0=8.513ms
[labev] t=454771.347 ev.decode.rows1.cap0=8.508ms
[labev] t=454771.356 ev.decode.rows1.cap0=8.508ms
[labev] t=454771.364 ev.decode.rows1.cap0=8.501ms
[labev] t=454771.373 ev.decode.rows1.cap0=8.504ms
[labev] t=454771.382 ev.decode.rows1.cap0=8.518ms
[labev] t=454771.390 ev.decode.rows1.cap0=8.519ms
[labev] t=454771.399 ev.decode.rows1.cap0=8.592ms
[labev] t=454771.407 ev.decode.rows1.cap0=8.531ms
[labev] t=454771.416 ev.decode.rows1.cap0=8.559ms
[labev] t=454771.868 ev.decode.rows2.cap0=12.056ms
[labev] t=454771.880 ev.decode.rows2.cap0=11.918ms
[labev] t=454771.892 ev.decode.rows2.cap0=11.851ms
[labev] t=454771.904 ev.decode.rows2.cap0=11.741ms
[labev] t=454771.916 ev.decode.rows2.cap0=11.790ms
[labev] t=454771.927 ev.decode.rows2.cap0=11.816ms
[labev] t=454771.939 ev.decode.rows2.cap0=11.862ms
[labev] t=454771.951 ev.decode.rows2.cap0=11.841ms
[labev] t=454771.963 ev.decode.rows2.cap0=11.918ms
[labev] t=454771.975 ev.decode.rows2.cap0=11.849ms
[labev] t=454771.987 ev.decode.rows2.cap0=11.760ms
[labev] t=454771.999 ev.decode.rows2.cap0=11.832ms
[labev] t=454772.011 ev.decode.rows2.cap0=11.820ms
[labev] t=454772.022 ev.decode.rows2.cap0=11.843ms
[labev] t=454772.034 ev.decode.rows2.cap0=11.880ms
[labev] t=454772.046 ev.decode.rows2.cap0=12.060ms
[labev] t=454772.058 ev.decode.rows2.cap0=11.944ms
[labev] t=454772.071 ev.decode.rows2.cap0=12.087ms
[labev] t=454772.083 ev.decode.rows2.cap0=12.272ms
[labev] t=454772.095 ev.decode.rows2.cap0=12.042ms
[labev] t=454772.107 ev.decode.rows2.cap0=12.082ms
[labev] t=454772.119 ev.decode.rows2.cap0=11.951ms
[labev] t=454772.131 ev.decode.rows2.cap0=12.065ms
[labev] t=454772.143 ev.decode.rows2.cap0=11.988ms
[labev] t=454772.155 ev.decode.rows2.cap0=12.060ms
[labev] t=454772.167 ev.decode.rows2.cap0=12.024ms
[labev] t=454772.180 ev.decode.rows2.cap0=12.079ms
[labev] t=454772.192 ev.decode.rows2.cap0=12.022ms
[labev] t=454772.204 ev.decode.rows2.cap0=11.960ms
[labev] t=454772.216 ev.decode.rows2.cap0=12.051ms
[labev] t=454772.228 ev.decode.rows2.cap0=11.973ms
[labev] t=454772.240 ev.decode.rows2.cap0=12.010ms
[labev] t=454772.252 ev.decode.rows2.cap0=12.057ms
[labev] t=454772.264 ev.decode.rows2.cap0=12.003ms
[labev] t=454772.276 ev.decode.rows2.cap0=12.110ms
[labev] t=454772.288 ev.decode.rows2.cap0=11.999ms
[labev] t=454772.300 ev.decode.rows2.cap0=12.068ms
[labev] t=454772.312 ev.decode.rows2.cap0=12.106ms
[labev] t=454772.324 ev.decode.rows2.cap0=12.035ms
[labev] t=454772.336 ev.decode.rows2.cap0=12.067ms
[labev] t=454772.349 ev.decode.rows2.cap0=11.991ms
[labev] t=454772.361 ev.decode.rows2.cap0=12.102ms
[labev] t=454772.373 ev.decode.rows2.cap0=12.087ms
[labev] t=454772.385 ev.decode.rows2.cap0=12.097ms
[labev] t=454772.397 ev.decode.rows2.cap0=12.070ms
[labev] t=454772.409 ev.decode.rows2.cap0=11.988ms
[labev] t=454772.421 ev.decode.rows2.cap0=12.077ms
[labev] t=454772.449 chunk.ord.total=27.423ms
[labev] t=454772.476 chunk.ord.total=26.875ms
[labev] t=454772.487 ev.decode.rows2.cap0=11.800ms
[paged-kv] moe-isolation first prefill=[271,271] serial=[271,271] decodeA=[248068] serialA=[248068] decodeB=[248068] serialB=[248068]
[labev] t=454772.617 chunk.ord.total=27.691ms
[labev] t=454772.629 ev.decode.rows2.cap0=11.865ms
[paged-kv] moe-isolation rejoin decodeA=[198] serialA=[198] decodeB=[248068] serialB=[248068]
[paged-kv] batched-isolation model=qwen/qwen3.6-35b-a3b challenge pair 0 not distinguishing; trying next
[labev] t=454774.075 chunk.ord.total=241.206ms
[labev] t=454774.084 chunk.ord.total=8.491ms
[labev] t=454774.093 ev.decode.rows1.cap0=8.743ms
[labev] t=454774.101 ev.decode.rows1.cap0=8.529ms
[labev] t=454774.110 ev.decode.rows1.cap0=8.492ms
[labev] t=454774.118 ev.decode.rows1.cap0=8.534ms
[labev] t=454774.127 ev.decode.rows1.cap0=8.481ms
[labev] t=454774.135 ev.decode.rows1.cap0=8.456ms
[labev] t=454774.144 ev.decode.rows1.cap0=8.453ms
[labev] t=454774.152 ev.decode.rows1.cap0=8.429ms
[labev] t=454774.161 ev.decode.rows1.cap0=8.444ms
[labev] t=454774.169 ev.decode.rows1.cap0=8.543ms
[labev] t=454774.178 ev.decode.rows1.cap0=8.455ms
[labev] t=454774.186 ev.decode.rows1.cap0=8.518ms
[labev] t=454774.195 ev.decode.rows1.cap0=8.531ms
[labev] t=454774.204 ev.decode.rows1.cap0=8.527ms
[labev] t=454774.212 ev.decode.rows1.cap0=8.505ms
[labev] t=454774.221 ev.decode.rows1.cap0=8.510ms
[labev] t=454774.229 ev.decode.rows1.cap0=8.576ms
[labev] t=454774.238 ev.decode.rows1.cap0=8.521ms
[labev] t=454774.246 ev.decode.rows1.cap0=8.541ms
[labev] t=454774.255 ev.decode.rows1.cap0=8.545ms
[labev] t=454774.264 ev.decode.rows1.cap0=8.497ms
[labev] t=454774.272 ev.decode.rows1.cap0=8.519ms
[labev] t=454774.281 ev.decode.rows1.cap0=8.494ms
[labev] t=454774.289 ev.decode.rows1.cap0=8.528ms
[labev] t=454774.298 ev.decode.rows1.cap0=8.497ms
[labev] t=454774.306 ev.decode.rows1.cap0=8.512ms
[labev] t=454774.315 ev.decode.rows1.cap0=8.486ms
[labev] t=454774.323 ev.decode.rows1.cap0=8.502ms
[labev] t=454774.332 ev.decode.rows1.cap0=8.466ms
[labev] t=454774.340 ev.decode.rows1.cap0=8.528ms
[labev] t=454774.349 ev.decode.rows1.cap0=8.447ms
[labev] t=454774.357 ev.decode.rows1.cap0=8.494ms
[labev] t=454774.366 ev.decode.rows1.cap0=8.454ms
[labev] t=454774.374 ev.decode.rows1.cap0=8.466ms
[labev] t=454774.383 ev.decode.rows1.cap0=8.520ms
[labev] t=454774.391 ev.decode.rows1.cap0=8.470ms
[labev] t=454774.400 ev.decode.rows1.cap0=8.497ms
[labev] t=454774.408 ev.decode.rows1.cap0=8.486ms
[labev] t=454774.417 ev.decode.rows1.cap0=8.429ms
[labev] t=454774.425 ev.decode.rows1.cap0=8.492ms
[labev] t=454774.434 ev.decode.rows1.cap0=8.430ms
[labev] t=454774.442 ev.decode.rows1.cap0=8.432ms
[labev] t=454774.451 ev.decode.rows1.cap0=8.487ms
[labev] t=454774.459 ev.decode.rows1.cap0=8.546ms
[labev] t=454774.468 ev.decode.rows1.cap0=8.549ms
[labev] t=454774.477 ev.decode.rows1.cap0=8.546ms
[labev] t=454774.485 ev.decode.rows1.cap0=8.535ms
[labev] t=454774.933 ev.decode.rows2.cap0=11.971ms
[labev] t=454774.945 ev.decode.rows2.cap0=11.893ms
[labev] t=454774.957 ev.decode.rows2.cap0=11.830ms
[labev] t=454774.969 ev.decode.rows2.cap0=11.898ms
[labev] t=454774.981 ev.decode.rows2.cap0=11.817ms
[labev] t=454774.993 ev.decode.rows2.cap0=11.757ms
[labev] t=454775.004 ev.decode.rows2.cap0=11.823ms
[labev] t=454775.016 ev.decode.rows2.cap0=11.792ms
[labev] t=454775.028 ev.decode.rows2.cap0=11.908ms
[labev] t=454775.040 ev.decode.rows2.cap0=11.712ms
[labev] t=454775.052 ev.decode.rows2.cap0=11.857ms
[labev] t=454775.064 ev.decode.rows2.cap0=11.851ms
[labev] t=454775.076 ev.decode.rows2.cap0=11.948ms
[labev] t=454775.088 ev.decode.rows2.cap0=11.757ms
[labev] t=454775.099 ev.decode.rows2.cap0=11.825ms
[labev] t=454775.111 ev.decode.rows2.cap0=11.938ms
[labev] t=454775.123 ev.decode.rows2.cap0=11.911ms
[labev] t=454775.135 ev.decode.rows2.cap0=11.859ms
[labev] t=454775.147 ev.decode.rows2.cap0=11.910ms
[labev] t=454775.159 ev.decode.rows2.cap0=11.942ms
[labev] t=454775.171 ev.decode.rows2.cap0=11.940ms
[labev] t=454775.183 ev.decode.rows2.cap0=11.952ms
[labev] t=454775.195 ev.decode.rows2.cap0=11.814ms
[labev] t=454775.207 ev.decode.rows2.cap0=11.906ms
[labev] t=454775.219 ev.decode.rows2.cap0=11.920ms
[labev] t=454775.231 ev.decode.rows2.cap0=11.953ms
[labev] t=454775.243 ev.decode.rows2.cap0=11.924ms
[labev] t=454775.255 ev.decode.rows2.cap0=11.964ms
[labev] t=454775.267 ev.decode.rows2.cap0=11.884ms
[labev] t=454775.279 ev.decode.rows2.cap0=11.894ms
[labev] t=454775.291 ev.decode.rows2.cap0=11.925ms
[labev] t=454775.302 ev.decode.rows2.cap0=11.820ms
[labev] t=454775.315 ev.decode.rows2.cap0=12.081ms
[labev] t=454775.327 ev.decode.rows2.cap0=12.024ms
[labev] t=454775.339 ev.decode.rows2.cap0=12.066ms
[labev] t=454775.351 ev.decode.rows2.cap0=11.942ms
[labev] t=454775.363 ev.decode.rows2.cap0=11.965ms
[labev] t=454775.375 ev.decode.rows2.cap0=11.905ms
[labev] t=454775.387 ev.decode.rows2.cap0=11.838ms
[labev] t=454775.399 ev.decode.rows2.cap0=11.997ms
[labev] t=454775.411 ev.decode.rows2.cap0=11.989ms
[labev] t=454775.423 ev.decode.rows2.cap0=12.017ms
[labev] t=454775.435 ev.decode.rows2.cap0=12.039ms
[labev] t=454775.447 ev.decode.rows2.cap0=12.019ms
[labev] t=454775.459 ev.decode.rows2.cap0=12.019ms
[labev] t=454775.471 ev.decode.rows2.cap0=11.954ms
[labev] t=454775.483 ev.decode.rows2.cap0=11.974ms
[labev] t=454775.510 chunk.ord.total=27.078ms
[labev] t=454775.538 chunk.ord.total=27.939ms
[labev] t=454775.550 ev.decode.rows2.cap0=11.759ms
[paged-kv] moe-isolation first prefill=[2943,414] serial=[2943,414] decodeA=[11] serialA=[11] decodeB=[11] serialB=[11]
[labev] t=454775.674 chunk.ord.total=28.865ms
[labev] t=454775.686 ev.decode.rows2.cap0=12.286ms
[paged-kv] moe-isolation rejoin decodeA=[4097] serialA=[4097] decodeB=[11] serialB=[11]
[paged-kv] batched-isolation model=qwen/qwen3.6-35b-a3b challenge pair 1 not distinguishing; trying next
[labev] t=454777.141 chunk.ord.total=244.518ms
[labev] t=454777.149 chunk.ord.total=8.527ms
[labev] t=454777.158 ev.decode.rows1.cap0=8.613ms
[labev] t=454777.167 ev.decode.rows1.cap0=8.597ms
[labev] t=454777.175 ev.decode.rows1.cap0=8.535ms
[labev] t=454777.184 ev.decode.rows1.cap0=8.499ms
[labev] t=454777.192 ev.decode.rows1.cap0=8.527ms
[labev] t=454777.201 ev.decode.rows1.cap0=8.511ms
[labev] t=454777.209 ev.decode.rows1.cap0=8.496ms
[labev] t=454777.218 ev.decode.rows1.cap0=8.469ms
[labev] t=454777.226 ev.decode.rows1.cap0=8.492ms
[labev] t=454777.235 ev.decode.rows1.cap0=8.449ms
[labev] t=454777.243 ev.decode.rows1.cap0=8.435ms
[labev] t=454777.252 ev.decode.rows1.cap0=8.526ms
[labev] t=454777.260 ev.decode.rows1.cap0=8.563ms
[labev] t=454777.269 ev.decode.rows1.cap0=8.508ms
[labev] t=454777.278 ev.decode.rows1.cap0=8.545ms
[labev] t=454777.286 ev.decode.rows1.cap0=8.504ms
[labev] t=454777.295 ev.decode.rows1.cap0=8.544ms
[labev] t=454777.303 ev.decode.rows1.cap0=8.523ms
[labev] t=454777.312 ev.decode.rows1.cap0=8.545ms
[labev] t=454777.320 ev.decode.rows1.cap0=8.550ms
[labev] t=454777.329 ev.decode.rows1.cap0=8.518ms
[labev] t=454777.337 ev.decode.rows1.cap0=8.506ms
[labev] t=454777.346 ev.decode.rows1.cap0=8.571ms
[labev] t=454777.355 ev.decode.rows1.cap0=8.527ms
[labev] t=454777.363 ev.decode.rows1.cap0=8.506ms
[labev] t=454777.372 ev.decode.rows1.cap0=8.511ms
[labev] t=454777.380 ev.decode.rows1.cap0=8.532ms
[labev] t=454777.389 ev.decode.rows1.cap0=8.522ms
[labev] t=454777.397 ev.decode.rows1.cap0=8.559ms
[labev] t=454777.406 ev.decode.rows1.cap0=8.519ms
[labev] t=454777.414 ev.decode.rows1.cap0=8.442ms
[labev] t=454777.423 ev.decode.rows1.cap0=8.495ms
[labev] t=454777.431 ev.decode.rows1.cap0=8.481ms
[labev] t=454777.440 ev.decode.rows1.cap0=8.531ms
[labev] t=454777.449 ev.decode.rows1.cap0=8.457ms
[labev] t=454777.457 ev.decode.rows1.cap0=8.519ms
[labev] t=454777.466 ev.decode.rows1.cap0=8.496ms
[labev] t=454777.474 ev.decode.rows1.cap0=8.518ms
[labev] t=454777.483 ev.decode.rows1.cap0=8.449ms
[labev] t=454777.491 ev.decode.rows1.cap0=8.442ms
[labev] t=454777.500 ev.decode.rows1.cap0=8.480ms
[labev] t=454777.508 ev.decode.rows1.cap0=8.492ms
[labev] t=454777.517 ev.decode.rows1.cap0=8.463ms
[labev] t=454777.525 ev.decode.rows1.cap0=8.566ms
[labev] t=454777.534 ev.decode.rows1.cap0=8.564ms
[labev] t=454777.542 ev.decode.rows1.cap0=8.522ms
[labev] t=454777.551 ev.decode.rows1.cap0=8.546ms
[labev] t=454778.001 ev.decode.rows2.cap0=12.097ms
[labev] t=454778.013 ev.decode.rows2.cap0=11.941ms
[labev] t=454778.025 ev.decode.rows2.cap0=12.074ms
[labev] t=454778.037 ev.decode.rows2.cap0=11.979ms
[labev] t=454778.049 ev.decode.rows2.cap0=12.030ms
[labev] t=454778.061 ev.decode.rows2.cap0=12.039ms
[labev] t=454778.073 ev.decode.rows2.cap0=12.032ms
[labev] t=454778.085 ev.decode.rows2.cap0=12.019ms
[labev] t=454778.097 ev.decode.rows2.cap0=11.974ms
[labev] t=454778.109 ev.decode.rows2.cap0=12.050ms
[labev] t=454778.122 ev.decode.rows2.cap0=12.027ms
[labev] t=454778.134 ev.decode.rows2.cap0=12.059ms
[labev] t=454778.146 ev.decode.rows2.cap0=12.028ms
[labev] t=454778.158 ev.decode.rows2.cap0=12.033ms
[labev] t=454778.170 ev.decode.rows2.cap0=11.947ms
[labev] t=454778.182 ev.decode.rows2.cap0=12.009ms
[labev] t=454778.194 ev.decode.rows2.cap0=12.043ms
[labev] t=454778.206 ev.decode.rows2.cap0=12.013ms
[labev] t=454778.218 ev.decode.rows2.cap0=11.855ms
[labev] t=454778.230 ev.decode.rows2.cap0=11.969ms
[labev] t=454778.242 ev.decode.rows2.cap0=11.946ms
[labev] t=454778.254 ev.decode.rows2.cap0=12.018ms
[labev] t=454778.266 ev.decode.rows2.cap0=11.944ms
[labev] t=454778.278 ev.decode.rows2.cap0=12.002ms
[labev] t=454778.290 ev.decode.rows2.cap0=11.977ms
[labev] t=454778.302 ev.decode.rows2.cap0=12.033ms
[labev] t=454778.314 ev.decode.rows2.cap0=11.961ms
[labev] t=454778.326 ev.decode.rows2.cap0=11.896ms
[labev] t=454778.338 ev.decode.rows2.cap0=12.008ms
[labev] t=454778.350 ev.decode.rows2.cap0=11.974ms
[labev] t=454778.362 ev.decode.rows2.cap0=11.871ms
[labev] t=454778.374 ev.decode.rows2.cap0=11.921ms
[labev] t=454778.386 ev.decode.rows2.cap0=11.994ms
[labev] t=454778.398 ev.decode.rows2.cap0=11.977ms
[labev] t=454778.410 ev.decode.rows2.cap0=11.962ms
[labev] t=454778.422 ev.decode.rows2.cap0=11.855ms
[labev] t=454778.434 ev.decode.rows2.cap0=11.776ms
[labev] t=454778.446 ev.decode.rows2.cap0=11.841ms
[labev] t=454778.458 ev.decode.rows2.cap0=12.113ms
[labev] t=454778.470 ev.decode.rows2.cap0=12.031ms
[labev] t=454778.482 ev.decode.rows2.cap0=12.027ms
[labev] t=454778.494 ev.decode.rows2.cap0=11.971ms
[labev] t=454778.506 ev.decode.rows2.cap0=12.032ms
[labev] t=454778.518 ev.decode.rows2.cap0=11.970ms
[labev] t=454778.530 ev.decode.rows2.cap0=12.000ms
[labev] t=454778.542 ev.decode.rows2.cap0=11.997ms
[labev] t=454778.554 ev.decode.rows2.cap0=12.019ms
[labev] t=454778.578 chunk.ord.total=23.900ms
[labev] t=454778.605 chunk.ord.total=26.917ms
[labev] t=454778.617 ev.decode.rows2.cap0=12.048ms
[paged-kv] moe-isolation first prefill=[264,198] serial=[264,198] decodeA=[478] serialA=[478] decodeB=[406] serialB=[406]
[labev] t=454778.736 chunk.ord.total=28.050ms
[labev] t=454778.749 ev.decode.rows2.cap0=12.412ms
[paged-kv] moe-isolation rejoin decodeA=[292] serialA=[292] decodeB=[406] serialB=[406]
[paged-kv] parity model=qwen/qwen3.6-35b-a3b established=true nLayers=10 nNew=32 gatherKernelCalls=640 expectCalls=640 maxLogicalBlocks=9 nonIdentityPermutation=true
[paged-kv] batched-isolation model=qwen/qwen3.6-35b-a3b requiresMoE=true proven=true rowsDecoded=2 rowFailures=0 crossRowDivergences=0 challengeDistinguishing=true
[paged-kv] measure OK: runtime measurement complete, paged-KV attach eligible for model=qwen/qwen3.6-35b-a3b
[paged-kv] runtime-identity model=qwen/qwen3.6-35b-a3b model_sha256=3fed776d41b6883888541d19f71a3866acc3bc6e628402066b67e5ac0a676ff1 hardware_class=apple-silicon:Apple M3 Ultra:ram-256gb metallib_sha256=f42aef609211980ad87cf72f75b5551b767a0160858257b997bac49f0e95a756 kernel_identifier=macprovider_paged_kv_gather_v1
[labev] t=454782.309 req.start s1-p4096-o512-b-1-r0=0.001ms
[labev] t=454782.309 req.handle=0.107ms
[labev] t=454782.329 tok.prepare=20.463ms
event=batching_admitted action=scheduler_admitted
[labev] t=454782.619 chunk.ord.total=288.972ms
[labev] t=454782.873 chunk.ord.total=254.090ms
[labev] t=454783.129 chunk.ord.total=255.273ms
[labev] t=454783.387 chunk.ord.total=257.908ms
[labev] t=454783.648 chunk.ord.total=261.417ms
[labev] t=454783.911 chunk.ord.total=262.352ms
[labev] t=454784.177 chunk.ord.total=266.208ms
[labev] t=454784.483 chunk.ord.total=306.305ms
[labev] t=454784.484 req.firsttoken s1-p4096-o512-b-1-r0=2174.822ms
[labev] t=454784.619 ev.decode.rows1.cap0=135.568ms
[labev] t=454784.754 ev.decode.rows1.cap0=134.360ms
[labev] t=454784.888 ev.decode.rows1.cap0=134.263ms
[labev] t=454785.022 ev.decode.rows1.cap0=134.461ms
[labev] t=454785.157 ev.decode.rows1.cap0=134.395ms
[labev] t=454785.292 ev.decode.rows1.cap0=134.641ms
[labev] t=454785.427 ev.decode.rows1.cap0=134.716ms
[labev] t=454785.561 ev.decode.rows1.cap0=134.233ms
[labev] t=454785.696 ev.decode.rows1.cap0=134.701ms
[labev] t=454785.830 ev.decode.rows1.cap0=134.525ms
[labev] t=454785.965 ev.decode.rows1.cap0=134.696ms
[labev] t=454786.100 ev.decode.rows1.cap0=134.586ms
[labev] t=454786.234 ev.decode.rows1.cap0=134.454ms
[labev] t=454786.369 ev.decode.rows1.cap0=134.532ms
[labev] t=454786.503 ev.decode.rows1.cap0=134.374ms
[labev] t=454786.638 ev.decode.rows1.cap0=134.611ms
[labev] t=454786.773 ev.decode.rows1.cap0=134.375ms
[labev] t=454786.907 ev.decode.rows1.cap0=134.386ms
[labev] t=454787.042 ev.decode.rows1.cap0=134.563ms
[labev] t=454787.176 ev.decode.rows1.cap0=134.487ms
[labev] t=454787.311 ev.decode.rows1.cap0=134.505ms
[labev] t=454787.446 ev.decode.rows1.cap0=134.833ms
[labev] t=454787.581 ev.decode.rows1.cap0=134.951ms
[labev] t=454787.716 ev.decode.rows1.cap0=135.024ms
[labev] t=454787.851 ev.decode.rows1.cap0=135.050ms
[labev] t=454787.986 ev.decode.rows1.cap0=134.691ms
[labev] t=454788.121 ev.decode.rows1.cap0=134.792ms
[labev] t=454788.256 ev.decode.rows1.cap0=134.833ms
[labev] t=454788.391 ev.decode.rows1.cap0=134.887ms
[labev] t=454788.525 ev.decode.rows1.cap0=134.562ms
[labev] t=454788.660 ev.decode.rows1.cap0=134.859ms
[labev] t=454788.787 ev.decode.rows1.cap0=126.590ms
[labev] t=454788.789 req.start s1-p4096-o512-b-1-r0=0.000ms
[labev] t=454788.789 req.handle=0.014ms
[labev] t=454788.809 tok.prepare=20.389ms
event=batching_admitted action=scheduler_admitted
[labev] t=454789.077 chunk.native.total=267.567ms
[labev] t=454789.343 chunk.native.total=265.466ms
[labev] t=454789.611 chunk.native.total=268.445ms
[labev] t=454789.883 chunk.native.total=271.463ms
[labev] t=454790.161 chunk.native.total=277.540ms
[labev] t=454790.439 chunk.native.total=278.213ms
[labev] t=454790.720 chunk.native.total=281.278ms
[labprof] d0.performDecode.call=22.681ms/n320 o1.ord.build=1.123ms/n799 o2.ord.eval=7.838ms/n799 s1.native.prefill.target=39.984ms/n8 s1.ord.prefill.target=26.114ms/n23 s2.native.prefill.drafter+eval=270.774ms/n7 s2.ord.prefill.eval=111.149ms/n23 s9.native.prefill.chunk.total=272.887ms/n7 s9.ord.prefill.chunk.total=137.314ms/n23
[labev] t=454791.036 chunk.native.total=315.327ms
[labev] t=454791.036 req.firsttoken s1-p4096-o512-b-1-r0=2246.658ms
[labev] t=454791.036 ev.propose=0.483ms
[labev] t=454791.049 ev.verify=12.659ms
[labev] t=454791.052 ev.finalize=2.730ms
[labev] t=454791.052 ev.propose=0.073ms
[labev] t=454791.064 ev.verify=12.464ms
[labev] t=454791.066 ev.finalize=1.580ms
[labev] t=454791.066 ev.propose=0.071ms
[labev] t=454791.078 ev.verify=12.176ms
[labev] t=454791.080 ev.finalize=1.622ms
[labev] t=454791.080 ev.propose=0.062ms
[labev] t=454791.092 ev.verify=11.938ms
[labev] t=454791.094 ev.finalize=1.630ms
[labev] t=454791.094 ev.propose=0.064ms
[labev] t=454791.106 ev.verify=12.087ms
[labev] t=454791.108 ev.finalize=1.609ms
[labev] t=454791.108 ev.propose=0.058ms
[labev] t=454791.120 ev.verify=12.218ms
[labev] t=454791.122 ev.finalize=1.605ms
[labev] t=454791.122 ev.propose=0.056ms
[labev] t=454791.134 ev.verify=12.337ms
[labev] t=454791.136 ev.finalize=1.625ms
[labev] t=454791.136 ev.propose=0.051ms
[labev] t=454791.148 ev.verify=12.189ms
[labev] t=454791.150 ev.finalize=1.592ms
[labev] t=454791.150 ev.propose=0.050ms
[labev] t=454791.162 ev.verify=11.914ms
[labev] t=454791.164 ev.finalize=2.227ms
[labev] t=454791.165 ev.propose=0.061ms
[labev] t=454791.177 ev.verify=12.228ms
[labev] t=454791.179 ev.finalize=1.616ms
[labev] t=454791.179 ev.propose=0.055ms
[labev] t=454791.191 ev.verify=12.079ms
[labev] t=454791.192 ev.finalize=1.642ms
[labev] t=454791.193 ev.propose=0.002ms
[labev] t=454791.205 ev.verify=12.157ms
[labev] t=454791.208 ev.finalize=3.245ms
[labev] t=454791.208 ev.propose=0.054ms
[labev] t=454791.220 ev.verify=12.115ms
[labev] t=454791.222 ev.finalize=1.548ms
[labev] t=454791.222 ev.propose=0.002ms
[labev] t=454791.234 ev.verify=12.233ms
[labev] t=454791.236 ev.finalize=1.636ms
[labev] t=454791.236 ev.propose=0.002ms
[labev] t=454791.248 ev.verify=12.254ms
[labev] t=454791.250 ev.finalize=1.537ms
[labev] t=454791.250 ev.propose=0.063ms
[labev] t=454791.262 ev.verify=12.084ms
[labev] t=454791.264 ev.finalize=1.640ms
[labev] t=454791.264 ev.propose=0.064ms
[labev] t=454791.276 ev.verify=12.063ms
[labev] t=454791.278 ev.finalize=1.611ms
[labev] t=454791.278 ev.propose=0.054ms
[labev] t=454791.290 ev.verify=12.080ms
[labev] t=454791.292 ev.finalize=1.615ms
[labev] t=454791.292 ev.propose=0.002ms
[labev] t=454791.304 ev.verify=12.129ms
[labev] t=454791.305 ev.finalize=1.629ms
[labev] t=454791.306 ev.propose=0.059ms
[labev] t=454791.318 ev.verify=12.173ms
[labev] t=454791.319 ev.finalize=1.612ms
[labev] t=454791.320 ev.propose=0.002ms
[labev] t=454791.332 ev.verify=12.162ms
[labev] t=454791.333 ev.finalize=1.632ms
[labev] t=454791.334 ev.propose=0.064ms
[labev] t=454791.346 ev.verify=12.102ms
[labev] t=454791.347 ev.finalize=1.639ms
[labev] t=454791.347 ev.propose=0.002ms
[labev] t=454791.360 ev.verify=12.284ms
[labev] t=454791.361 ev.finalize=1.621ms
[labev] t=454791.362 ev.propose=0.002ms
[labev] t=454791.374 ev.verify=12.073ms
[labev] t=454791.375 ev.finalize=1.625ms
[labev] t=454791.375 ev.propose=0.002ms
[labev] t=454791.388 ev.verify=12.140ms
[labev] t=454791.389 ev.finalize=1.629ms
[labev] t=454791.389 ev.propose=0.002ms
[labev] t=454791.402 ev.verify=12.217ms
[labev] t=454791.404 ev.finalize=2.263ms
[labev] t=454791.404 ev.propose=0.002ms
[labev] t=454791.416 ev.verify=12.258ms
[labev] t=454791.418 ev.finalize=1.623ms
[labev] t=454791.418 ev.propose=0.002ms
[labev] t=454791.430 ev.verify=12.225ms
[labev] t=454791.432 ev.finalize=1.627ms
[labev] t=454791.432 ev.propose=0.002ms
[labev] t=454791.444 ev.verify=12.207ms
[labev] t=454791.446 ev.finalize=1.591ms
[labev] t=454791.446 ev.propose=0.002ms
[labev] t=454791.458 ev.verify=12.123ms
[labev] t=454791.460 ev.finalize=1.610ms
[labev] t=454791.460 ev.propose=0.002ms
[labev] t=454791.472 ev.verify=12.188ms
[labev] t=454791.474 ev.finalize=1.602ms
[labev] t=454791.474 ev.propose=0.002ms
[labev] t=454791.486 ev.verify=11.977ms
[labev] t=454791.487 ev.finalize=1.605ms
[labev] t=454791.487 ev.propose=0.002ms
[labev] t=454791.500 ev.verify=12.169ms
[labev] t=454791.501 ev.finalize=1.619ms
[labev] t=454791.501 ev.propose=0.002ms
[labev] t=454791.514 ev.verify=12.245ms
[labev] t=454791.515 ev.finalize=1.644ms
[labev] t=454791.515 ev.propose=0.002ms
[labev] t=454791.528 ev.verify=12.130ms
[labev] t=454791.529 ev.finalize=1.633ms
[labev] t=454791.529 ev.propose=0.002ms
[labev] t=454791.542 ev.verify=12.127ms
[labev] t=454791.543 ev.finalize=1.633ms
[labev] t=454791.543 ev.propose=0.002ms
[labev] t=454791.556 ev.verify=12.230ms
[labev] t=454791.557 ev.finalize=1.650ms
[labev] t=454791.557 ev.propose=0.002ms
[labev] t=454791.570 ev.verify=12.243ms
[labev] t=454791.571 ev.finalize=1.654ms
[labev] t=454791.571 ev.propose=0.002ms
[labev] t=454791.584 ev.verify=12.129ms
[labev] t=454791.585 ev.finalize=1.631ms
[labev] t=454791.585 ev.propose=0.002ms
[labev] t=454791.597 ev.verify=11.962ms
[labev] t=454791.599 ev.finalize=1.643ms
[labev] t=454791.599 ev.propose=0.002ms
[labev] t=454791.611 ev.verify=12.160ms
[labev] t=454791.613 ev.finalize=1.639ms
[labev] t=454791.613 ev.propose=0.002ms
[labev] t=454791.625 ev.verify=12.147ms
[labev] t=454791.627 ev.finalize=2.284ms
[labev] t=454791.628 ev.propose=0.002ms
[labev] t=454791.640 ev.verify=12.524ms
[labev] t=454791.642 ev.finalize=1.646ms
[labev] t=454791.642 ev.propose=0.002ms
[labev] t=454791.654 ev.verify=12.282ms
[labev] t=454791.656 ev.finalize=1.642ms
[labev] t=454791.656 ev.propose=0.002ms
[labev] t=454791.668 ev.verify=12.064ms
[labev] t=454791.670 ev.finalize=1.613ms
[labev] t=454791.670 ev.propose=0.002ms
[labev] t=454791.682 ev.verify=12.411ms
[labev] t=454791.684 ev.finalize=1.621ms
[labev] t=454791.684 ev.propose=0.002ms
[labev] t=454791.696 ev.verify=12.280ms
[labev] t=454791.698 ev.finalize=1.637ms
[labev] t=454791.698 ev.propose=0.002ms
[labev] t=454791.710 ev.verify=12.144ms
[labev] t=454791.712 ev.finalize=1.628ms
[labev] t=454791.712 ev.propose=0.002ms
[labev] t=454791.724 ev.verify=12.196ms
[labev] t=454791.726 ev.finalize=1.615ms
[labev] t=454791.726 ev.propose=0.002ms
[labev] t=454791.738 ev.verify=12.073ms
[labev] t=454791.740 ev.finalize=1.698ms
[labev] t=454791.740 ev.propose=0.002ms
[labev] t=454791.752 ev.verify=12.173ms
[labev] t=454791.754 ev.finalize=1.525ms
[labev] t=454791.754 ev.propose=0.002ms
[labev] t=454791.766 ev.verify=12.116ms
[labev] t=454791.767 ev.finalize=1.511ms
[labev] t=454791.768 ev.propose=0.002ms
[labev] t=454791.780 ev.verify=12.233ms
[labev] t=454791.781 ev.finalize=1.522ms
[labev] t=454791.781 ev.propose=0.002ms
[labev] t=454791.794 ev.verify=12.310ms
[labev] t=454791.795 ev.finalize=1.645ms
[labev] t=454791.796 ev.propose=0.002ms
[labev] t=454791.808 ev.verify=12.243ms
[labev] t=454791.809 ev.finalize=1.598ms
[labev] t=454791.810 ev.propose=0.002ms
[labev] t=454791.822 ev.verify=12.204ms
[labev] t=454791.823 ev.finalize=1.661ms
[labev] t=454791.824 ev.propose=0.002ms
[labev] t=454791.836 ev.verify=12.195ms
[labev] t=454791.837 ev.finalize=1.622ms
[labev] t=454791.838 ev.propose=0.002ms
[labev] t=454791.850 ev.verify=12.019ms
[labev] t=454791.851 ev.finalize=1.647ms
[labev] t=454791.851 ev.propose=0.002ms
[labev] t=454791.863 ev.verify=12.075ms
[labev] t=454791.865 ev.finalize=1.665ms
[labev] t=454791.865 ev.propose=0.002ms
[labev] t=454791.877 ev.verify=11.923ms
[labev] t=454791.880 ev.finalize=2.294ms
[labev] t=454791.880 ev.propose=0.002ms
[labev] t=454791.892 ev.verify=12.062ms
[labev] t=454791.893 ev.finalize=1.557ms
[labev] t=454791.893 ev.propose=0.002ms
[labev] t=454791.906 ev.verify=12.302ms
[labev] t=454791.907 ev.finalize=1.634ms
[labev] t=454791.908 ev.propose=0.002ms
[labev] t=454791.920 ev.verify=12.096ms
[labev] t=454791.921 ev.finalize=1.637ms
[labev] t=454791.921 ev.propose=0.002ms
[labev] t=454791.934 ev.verify=12.360ms
[labev] t=454791.935 ev.finalize=1.640ms
[labev] t=454791.936 ev.propose=0.002ms
[labev] t=454791.948 ev.verify=12.266ms
[labev] t=454791.950 ev.finalize=1.652ms
[labev] t=454791.950 ev.propose=0.002ms
[labev] t=454791.962 ev.verify=12.342ms
[labev] t=454791.964 ev.finalize=1.643ms
[labev] t=454791.964 ev.propose=0.002ms
[labev] t=454791.976 ev.verify=12.142ms
[labev] t=454791.978 ev.finalize=1.672ms
[labev] t=454791.978 ev.propose=0.002ms
[labev] t=454791.990 ev.verify=12.286ms
[labev] t=454791.992 ev.finalize=1.634ms
[labev] t=454791.992 ev.propose=0.002ms
[labev] t=454792.004 ev.verify=12.071ms
[labev] t=454792.006 ev.finalize=1.628ms
[labev] t=454792.006 ev.propose=0.002ms
[labev] t=454792.018 ev.verify=12.134ms
[labev] t=454792.020 ev.finalize=1.856ms
[labev] t=454792.020 ev.propose=0.002ms
[labev] t=454792.032 ev.verify=12.234ms
[labev] t=454792.034 ev.finalize=1.630ms
[labev] t=454792.034 ev.propose=0.002ms
[labev] t=454792.046 ev.verify=12.089ms
[labev] t=454792.048 ev.finalize=1.639ms
[labev] t=454792.048 ev.propose=0.002ms
[labev] t=454792.060 ev.verify=12.223ms
[labev] t=454792.062 ev.finalize=1.652ms
[labev] t=454792.062 ev.propose=0.002ms
[labev] t=454792.074 ev.verify=12.101ms
[labev] t=454792.076 ev.finalize=1.665ms
[labev] t=454792.076 ev.propose=0.002ms
[labev] t=454792.088 ev.verify=12.444ms
[labev] t=454792.090 ev.finalize=1.633ms
[labev] t=454792.090 ev.propose=0.002ms
[labev] t=454792.102 ev.verify=12.179ms
[labev] t=454792.104 ev.finalize=2.281ms
[labev] t=454792.105 ev.propose=0.002ms
[labev] t=454792.117 ev.verify=12.289ms
[labev] t=454792.119 ev.finalize=1.672ms
[labev] t=454792.119 ev.propose=0.002ms
[labev] t=454792.131 ev.verify=12.214ms
[labev] t=454792.133 ev.finalize=1.654ms
[labev] t=454792.133 ev.propose=0.002ms
[labev] t=454792.145 ev.verify=12.285ms
[labev] t=454792.147 ev.finalize=1.621ms
[labev] t=454792.147 ev.propose=0.002ms
[labev] t=454792.159 ev.verify=12.243ms
[labev] t=454792.161 ev.finalize=1.534ms
[labev] t=454792.161 ev.propose=0.002ms
[labev] t=454792.173 ev.verify=12.123ms
[labev] t=454792.175 ev.finalize=1.629ms
[labev] t=454792.175 ev.propose=0.002ms
[labev] t=454792.187 ev.verify=12.134ms
[labev] t=454792.188 ev.finalize=1.552ms
[labev] t=454792.188 ev.propose=0.002ms
[labev] t=454792.201 ev.verify=12.156ms
[labev] t=454792.202 ev.finalize=1.638ms
[labev] t=454792.202 ev.propose=0.002ms
[labev] t=454792.215 ev.verify=12.181ms
[labev] t=454792.216 ev.finalize=1.624ms
[labev] t=454792.216 ev.propose=0.002ms
[labev] t=454792.229 ev.verify=12.171ms
[labev] t=454792.230 ev.finalize=1.626ms
[labev] t=454792.230 ev.propose=0.002ms
[labev] t=454792.243 ev.verify=12.283ms
[labev] t=454792.244 ev.finalize=1.605ms
[labev] t=454792.244 ev.propose=0.002ms
[labev] t=454792.257 ev.verify=12.211ms
[labev] t=454792.258 ev.finalize=1.630ms
[labev] t=454792.258 ev.propose=0.002ms
[labev] t=454792.271 ev.verify=12.171ms
[labev] t=454792.272 ev.finalize=1.636ms
[labev] t=454792.272 ev.propose=0.002ms
[labev] t=454792.285 ev.verify=12.272ms
[labev] t=454792.286 ev.finalize=1.757ms
[labev] t=454792.286 ev.propose=0.002ms
[labev] t=454792.299 ev.verify=12.284ms
[labev] t=454792.301 ev.finalize=1.651ms
[labev] t=454792.301 ev.propose=0.002ms
[labev] t=454792.313 ev.verify=12.173ms
[labev] t=454792.315 ev.finalize=1.649ms
[labev] t=454792.315 ev.propose=0.002ms
[labev] t=454792.327 ev.verify=12.201ms
[labev] t=454792.329 ev.finalize=1.644ms
[labev] t=454792.329 ev.propose=0.002ms
[labev] t=454792.341 ev.verify=12.412ms
[labev] t=454792.343 ev.finalize=2.288ms
[labev] t=454792.343 ev.propose=0.002ms
[labev] t=454792.356 ev.verify=12.242ms
[labev] t=454792.357 ev.finalize=1.670ms
[labev] t=454792.358 ev.propose=0.002ms
[labev] t=454792.370 ev.verify=12.307ms
[labev] t=454792.372 ev.finalize=1.669ms
[labev] t=454792.372 ev.propose=0.002ms
[labev] t=454792.384 ev.verify=12.142ms
[labev] t=454792.386 ev.finalize=1.636ms
[labev] t=454792.386 ev.propose=0.002ms
[labev] t=454792.398 ev.verify=12.314ms
[labev] t=454792.400 ev.finalize=1.659ms
[labev] t=454792.400 ev.propose=0.002ms
[labev] t=454792.412 ev.verify=12.197ms
[labev] t=454792.414 ev.finalize=1.645ms
[labev] t=454792.414 ev.propose=0.002ms
[labev] t=454792.426 ev.verify=12.176ms
[labev] t=454792.428 ev.finalize=1.663ms
[labev] t=454792.428 ev.propose=0.002ms
[labev] t=454792.440 ev.verify=12.180ms
[labev] t=454792.442 ev.finalize=1.668ms
[labev] t=454792.442 ev.propose=0.002ms
[labev] t=454792.454 ev.verify=12.219ms
[labev] t=454792.456 ev.finalize=1.661ms
[labev] t=454792.456 ev.propose=0.002ms
[labev] t=454792.468 ev.verify=11.989ms
[labev] t=454792.470 ev.finalize=1.760ms
[labev] t=454792.470 ev.propose=0.002ms
[labev] t=454792.482 ev.verify=12.111ms
[labev] t=454792.484 ev.finalize=1.755ms
[labev] t=454792.484 ev.propose=0.002ms
[labev] t=454792.496 ev.verify=12.102ms
[labev] t=454792.498 ev.finalize=1.735ms
[labev] t=454792.498 ev.propose=0.002ms
[labev] t=454792.510 ev.verify=12.361ms
[labev] t=454792.512 ev.finalize=1.656ms
[labev] t=454792.512 ev.propose=0.002ms
[labev] t=454792.524 ev.verify=12.297ms
[labev] t=454792.526 ev.finalize=1.632ms
[labev] t=454792.526 ev.propose=0.002ms
[labev] t=454792.538 ev.verify=12.161ms
[labev] t=454792.540 ev.finalize=1.742ms
[labev] t=454792.540 ev.propose=0.002ms
[labev] t=454792.552 ev.verify=12.196ms
[labev] t=454792.554 ev.finalize=1.663ms
[labev] t=454792.554 ev.propose=0.002ms
[labev] t=454792.566 ev.verify=12.212ms
[labev] t=454792.568 ev.finalize=1.689ms
[labev] t=454792.568 ev.propose=0.002ms
[labev] t=454792.580 ev.verify=12.212ms
[labev] t=454792.582 ev.finalize=2.263ms
[labev] t=454792.583 ev.propose=0.002ms
[labev] t=454792.595 ev.verify=12.349ms
[labev] t=454792.597 ev.finalize=1.690ms
[labev] t=454792.597 ev.propose=0.002ms
[labev] t=454792.609 ev.verify=12.351ms
[labev] t=454792.611 ev.finalize=1.636ms
[labev] t=454792.611 ev.propose=0.002ms
[labev] t=454792.623 ev.verify=12.234ms
[labev] t=454792.625 ev.finalize=1.642ms
[labev] t=454792.625 ev.propose=0.002ms
[labev] t=454792.637 ev.verify=12.114ms
[labev] t=454792.639 ev.finalize=1.629ms
[labev] t=454792.639 ev.propose=0.002ms
[labev] t=454792.651 ev.verify=12.196ms
[labev] t=454792.653 ev.finalize=1.664ms
[labev] t=454792.653 ev.propose=0.002ms
[labev] t=454792.665 ev.verify=12.275ms
[labev] t=454792.667 ev.finalize=1.649ms
[labev] t=454792.667 ev.propose=0.002ms
[labev] t=454792.679 ev.verify=12.266ms
[labev] t=454792.681 ev.finalize=1.632ms
[labev] t=454792.681 ev.propose=0.002ms
[labev] t=454792.693 ev.verify=12.160ms
[labev] t=454792.695 ev.finalize=1.579ms
[labev] t=454792.695 ev.propose=0.002ms
[labev] t=454792.707 ev.verify=12.137ms
[labev] t=454792.709 ev.finalize=1.571ms
[labev] t=454792.709 ev.propose=0.002ms
[labev] t=454792.721 ev.verify=12.269ms
[labev] t=454792.723 ev.finalize=1.662ms
[labev] t=454792.723 ev.propose=0.002ms
[labev] t=454792.735 ev.verify=12.055ms
[labev] t=454792.737 ev.finalize=1.669ms
[labev] t=454792.737 ev.propose=0.002ms
[labev] t=454792.749 ev.verify=12.284ms
[labev] t=454792.751 ev.finalize=1.544ms
[labev] t=454792.751 ev.propose=0.002ms
[labev] t=454792.763 ev.verify=12.348ms
[labev] t=454792.765 ev.finalize=1.535ms
[labev] t=454792.765 ev.propose=0.002ms
[labev] t=454792.777 ev.verify=12.292ms
[labev] t=454792.779 ev.finalize=1.514ms
[labev] t=454792.779 ev.propose=0.002ms
[labev] t=454792.791 ev.verify=12.120ms
[labev] t=454792.792 ev.finalize=1.634ms
[labev] t=454792.793 ev.propose=0.002ms
[labev] t=454792.805 ev.verify=12.022ms
[labev] t=454792.806 ev.finalize=1.645ms
[labev] t=454792.806 ev.propose=0.002ms
[labev] t=454792.819 ev.verify=12.126ms
[labev] t=454792.820 ev.finalize=1.578ms
[labev] t=454792.820 ev.propose=0.002ms
[labev] t=454792.832 ev.verify=12.036ms
[labev] t=454792.834 ev.finalize=1.558ms
[labev] t=454792.834 ev.propose=0.002ms
[labev] t=454792.846 ev.verify=12.000ms
[labev] t=454792.848 ev.finalize=1.540ms
[labev] t=454792.848 ev.propose=0.002ms
[labev] t=454792.860 ev.verify=11.920ms
[labev] t=454792.861 ev.finalize=1.572ms
[labev] t=454792.861 ev.propose=0.002ms
[labev] t=454792.874 ev.verify=12.302ms
[labev] t=454792.876 ev.finalize=2.085ms
[labev] t=454792.876 ev.propose=0.002ms
[labev] t=454792.888 ev.verify=11.999ms
[labev] t=454792.890 ev.finalize=1.691ms
[labev] t=454792.890 ev.propose=0.002ms
[labev] t=454792.902 ev.verify=12.295ms
[labev] t=454792.904 ev.finalize=1.686ms
[labev] t=454792.904 ev.propose=0.002ms
[labev] t=454792.916 ev.verify=11.983ms
[labev] t=454792.917 ev.finalize=1.556ms
[labev] t=454792.917 ev.propose=0.002ms
[labev] t=454792.930 ev.verify=12.095ms
[labev] t=454792.931 ev.finalize=1.638ms
[labev] t=454792.931 ev.propose=0.002ms
[labev] t=454792.944 ev.verify=12.319ms
[labev] t=454792.945 ev.finalize=1.739ms
[labev] t=454792.946 ev.propose=0.004ms
[labev] t=454792.958 ev.verify=12.214ms
[labev] t=454792.959 ev.finalize=1.648ms
[labev] t=454792.960 ev.propose=0.002ms
[labev] t=454792.972 ev.verify=12.148ms
[labev] t=454792.974 ev.finalize=1.769ms
[labev] t=454792.974 ev.propose=0.002ms
[labev] t=454792.986 ev.verify=12.098ms
[labev] t=454792.987 ev.finalize=1.755ms
[labev] t=454792.988 ev.propose=0.002ms
[labev] t=454793.000 ev.verify=12.283ms
[labev] t=454793.002 ev.finalize=1.740ms
[labev] t=454793.002 ev.propose=0.001ms
[labev] t=454793.014 ev.verify=12.268ms
[labev] t=454793.016 ev.finalize=1.660ms
[labev] t=454793.016 ev.propose=0.002ms
[labev] t=454793.028 ev.verify=11.986ms
[labev] t=454793.030 ev.finalize=1.661ms
[labev] t=454793.030 ev.propose=0.002ms
[labev] t=454793.042 ev.verify=12.031ms
[labev] t=454793.043 ev.finalize=1.692ms
[labev] t=454793.043 ev.propose=0.002ms
[labev] t=454793.056 ev.verify=12.091ms
[labev] t=454793.057 ev.finalize=1.663ms
[labev] t=454793.057 ev.propose=0.002ms
[labev] t=454793.070 ev.verify=12.277ms
[labev] t=454793.071 ev.finalize=1.693ms
[labev] t=454793.071 ev.propose=0.002ms
[labev] t=454793.084 ev.verify=12.109ms
[labev] t=454793.085 ev.finalize=1.644ms
[labev] t=454793.085 ev.propose=0.002ms
[labev] t=454793.098 ev.verify=12.179ms
[labev] t=454793.099 ev.finalize=1.705ms
[labev] t=454793.099 ev.propose=0.002ms
[labev] t=454793.112 ev.verify=12.279ms
[labev] t=454793.114 ev.finalize=2.283ms
[labev] t=454793.114 ev.propose=0.002ms
[labev] t=454793.127 ev.verify=12.492ms
[labev] t=454793.128 ev.finalize=1.661ms
[labev] t=454793.128 ev.propose=0.002ms
[labev] t=454793.141 ev.verify=12.401ms
[labev] t=454793.143 ev.finalize=1.667ms
[labev] t=454793.143 ev.propose=0.002ms
[labev] t=454793.155 ev.verify=12.185ms
[labev] t=454793.157 ev.finalize=1.669ms
[labev] t=454793.157 ev.propose=0.002ms
[labev] t=454793.169 ev.verify=12.141ms
[labev] t=454793.171 ev.finalize=1.654ms
[labev] t=454793.171 ev.propose=0.002ms
[labev] t=454793.183 ev.verify=12.064ms
[labev] t=454793.184 ev.finalize=1.648ms
[labev] t=454793.184 ev.propose=0.001ms
[labev] t=454793.197 ev.verify=12.340ms
[labev] t=454793.198 ev.finalize=1.648ms
[labev] t=454793.199 ev.propose=0.002ms
[labev] t=454793.211 ev.verify=12.275ms
[labev] t=454793.213 ev.finalize=1.664ms
[labev] t=454793.213 ev.propose=0.002ms
[labev] t=454793.225 ev.verify=12.440ms
[labev] t=454793.227 ev.finalize=1.582ms
[labev] t=454793.227 ev.propose=0.002ms
[labev] t=454793.239 ev.verify=12.198ms
[labev] t=454793.241 ev.finalize=1.637ms
[labev] t=454793.241 ev.propose=0.002ms
[labev] t=454793.253 ev.verify=12.387ms
[labev] t=454793.255 ev.finalize=1.648ms
[labev] t=454793.255 ev.propose=0.002ms
[labev] t=454793.267 ev.verify=12.137ms
[labev] t=454793.269 ev.finalize=1.639ms
[labev] t=454793.269 ev.propose=0.002ms
[labev] t=454793.281 ev.verify=11.997ms
[labev] t=454793.283 ev.finalize=1.671ms
[labev] t=454793.283 ev.propose=0.002ms
[labev] t=454793.295 ev.verify=12.326ms
[labev] t=454793.297 ev.finalize=1.662ms
[labev] t=454793.297 ev.propose=0.002ms
[labev] t=454793.309 ev.verify=12.394ms
[labev] t=454793.311 ev.finalize=1.566ms
[labev] t=454793.311 ev.propose=0.002ms
[labev] t=454793.323 ev.verify=12.352ms
[labev] t=454793.325 ev.finalize=1.650ms
[labev] t=454793.325 ev.propose=0.002ms
[labev] t=454793.337 ev.verify=12.069ms
[labev] t=454793.339 ev.finalize=1.677ms
[labev] t=454793.339 ev.propose=0.002ms
[labev] t=454793.351 ev.verify=12.392ms
[labev] t=454793.354 ev.finalize=2.286ms
[labev] t=454793.354 ev.propose=0.002ms
[labev] t=454793.366 ev.verify=12.225ms
[labev] t=454793.368 ev.finalize=1.634ms
[labev] t=454793.368 ev.propose=0.002ms
[labev] t=454793.380 ev.verify=12.026ms
[labev] t=454793.382 ev.finalize=1.615ms
[labev] t=454793.382 ev.propose=0.002ms
[labev] t=454793.394 ev.verify=12.303ms
[labev] t=454793.396 ev.finalize=1.650ms
[labev] t=454793.396 ev.propose=0.002ms
[labev] t=454793.408 ev.verify=12.280ms
[labev] t=454793.410 ev.finalize=1.649ms
[labev] t=454793.410 ev.propose=0.002ms
[labev] t=454793.422 ev.verify=12.264ms
[labev] t=454793.424 ev.finalize=1.656ms
[labev] t=454793.424 ev.propose=0.002ms
[labev] t=454793.436 ev.verify=12.356ms
[labev] t=454793.438 ev.finalize=1.647ms
[labev] t=454793.438 ev.propose=0.002ms
[labev] t=454793.450 ev.verify=12.282ms
[labev] t=454793.452 ev.finalize=1.684ms
[labev] t=454793.452 ev.propose=0.002ms
[labev] t=454793.465 ev.verify=12.323ms
[labev] t=454793.466 ev.finalize=1.666ms
[labev] t=454793.466 ev.propose=0.002ms
[labev] t=454793.479 ev.verify=12.276ms
[labev] t=454793.480 ev.finalize=1.660ms
[labev] t=454793.481 ev.propose=0.002ms
[labev] t=454793.493 ev.verify=12.274ms
[labev] t=454793.495 ev.finalize=1.645ms
[labev] t=454793.495 ev.propose=0.002ms
[labev] t=454793.507 ev.verify=12.241ms
[labev] t=454793.509 ev.finalize=1.645ms
[labev] t=454793.509 ev.propose=0.002ms
[labev] t=454793.521 ev.verify=12.201ms
[labev] t=454793.523 ev.finalize=1.690ms
[labev] t=454793.523 ev.propose=0.002ms
[labev] t=454793.535 ev.verify=12.315ms
[labev] t=454793.537 ev.finalize=1.591ms
[labev] t=454793.537 ev.propose=0.002ms
[labev] t=454793.549 ev.verify=12.287ms
[labev] t=454793.551 ev.finalize=1.660ms
[labev] t=454793.551 ev.propose=0.002ms
[labev] t=454793.563 ev.verify=12.282ms
[labev] t=454793.565 ev.finalize=1.668ms
[labev] t=454793.565 ev.propose=0.002ms
[labev] t=454793.577 ev.verify=12.313ms
[labev] t=454793.579 ev.finalize=1.564ms
[labev] t=454793.579 ev.propose=0.002ms
[labev] t=454793.591 ev.verify=12.298ms
[labev] t=454793.593 ev.finalize=1.555ms
[labev] t=454793.593 ev.propose=0.002ms
[labev] t=454793.605 ev.verify=12.166ms
[labev] t=454793.607 ev.finalize=2.156ms
[labev] t=454793.608 ev.propose=0.002ms
[labev] t=454793.620 ev.verify=12.100ms
[labev] t=454793.621 ev.finalize=1.725ms
[labev] t=454793.622 ev.propose=0.002ms
[labev] t=454793.634 ev.verify=12.151ms
[labev] t=454793.635 ev.finalize=1.662ms
[labev] t=454793.636 ev.propose=0.002ms
[labev] t=454793.648 ev.verify=12.313ms
[labev] t=454793.650 ev.finalize=1.666ms
[labev] t=454793.650 ev.propose=0.002ms
[labev] t=454793.662 ev.verify=12.380ms
[labev] t=454793.664 ev.finalize=1.662ms
[labev] t=454793.664 ev.propose=0.001ms
[labev] t=454793.676 ev.verify=12.155ms
[labev] t=454793.678 ev.finalize=1.655ms
[labev] t=454793.678 ev.propose=0.002ms
[labev] t=454793.690 ev.verify=12.056ms
[labev] t=454793.692 ev.finalize=1.761ms
[labev] t=454793.692 ev.propose=0.002ms
[labev] t=454793.704 ev.verify=12.332ms
[labev] t=454793.706 ev.finalize=1.739ms
[labev] t=454793.706 ev.propose=0.002ms
[labev] t=454793.718 ev.verify=12.153ms
[labev] t=454793.720 ev.finalize=1.781ms
[labev] t=454793.720 ev.propose=0.002ms
[labev] t=454793.732 ev.verify=12.184ms
[labev] t=454793.734 ev.finalize=1.730ms
[labev] t=454793.734 ev.propose=0.001ms
[labev] t=454793.746 ev.verify=12.113ms
[labev] t=454793.748 ev.finalize=1.695ms
[labev] t=454793.748 ev.propose=0.002ms
[labev] t=454793.760 ev.verify=12.123ms
[labev] t=454793.762 ev.finalize=1.679ms
[labev] t=454793.762 ev.propose=0.002ms
[labev] t=454793.774 ev.verify=12.057ms
[labev] t=454793.776 ev.finalize=1.677ms
[labev] t=454793.776 ev.propose=0.002ms
[labev] t=454793.788 ev.verify=12.318ms
[labev] t=454793.790 ev.finalize=1.673ms
[labev] t=454793.790 ev.propose=0.002ms
[labev] t=454793.802 ev.verify=12.223ms
[labev] t=454793.804 ev.finalize=1.677ms
[labev] t=454793.804 ev.propose=0.002ms
[labev] t=454793.816 ev.verify=12.337ms
[labev] t=454793.818 ev.finalize=1.677ms
[labev] t=454793.818 ev.propose=0.002ms
[labev] t=454793.831 ev.verify=12.257ms
[labev] t=454793.833 ev.finalize=2.325ms
[labev] t=454793.833 ev.propose=0.002ms
[labev] t=454793.845 ev.verify=12.472ms
[labev] t=454793.847 ev.finalize=1.679ms
[labev] t=454793.847 ev.propose=0.002ms
[labev] t=454793.860 ev.verify=12.282ms
[labev] t=454793.861 ev.finalize=1.643ms
[labev] t=454793.861 ev.propose=0.002ms
[labev] t=454793.874 ev.verify=12.406ms
[labev] t=454793.875 ev.finalize=1.561ms
[labev] t=454793.876 ev.propose=0.002ms
[labev] t=454793.888 ev.verify=12.370ms
[labev] t=454793.890 ev.finalize=1.667ms
[labev] t=454793.890 ev.propose=0.002ms
[labev] t=454793.902 ev.verify=12.341ms
[labev] t=454793.904 ev.finalize=1.662ms
[labev] t=454793.904 ev.propose=0.002ms
[labev] t=454793.916 ev.verify=12.352ms
[labev] t=454793.918 ev.finalize=1.550ms
[labev] t=454793.918 ev.propose=0.002ms
[labev] t=454793.930 ev.verify=12.302ms
[labev] t=454793.932 ev.finalize=1.620ms
[labev] t=454793.932 ev.propose=0.002ms
[labev] t=454793.944 ev.verify=12.267ms
[labev] t=454793.946 ev.finalize=1.541ms
[labev] t=454793.946 ev.propose=0.002ms
[labev] t=454793.958 ev.verify=12.275ms
[labev] t=454793.960 ev.finalize=1.532ms
[labev] t=454793.960 ev.propose=0.002ms
[labev] t=454793.972 ev.verify=12.313ms
[labev] t=454793.974 ev.finalize=1.663ms
[labev] t=454793.974 ev.propose=0.002ms
[labev] t=454793.986 ev.verify=12.203ms
[labev] t=454793.988 ev.finalize=1.528ms
[labev] t=454793.988 ev.propose=0.002ms
[labev] t=454794.000 ev.verify=12.133ms
[labev] t=454794.002 ev.finalize=1.525ms
[labev] t=454794.002 ev.propose=0.002ms
[labev] t=454794.014 ev.verify=12.392ms
[labev] t=454794.016 ev.finalize=1.645ms
[labev] t=454794.016 ev.propose=0.002ms
[labev] t=454794.028 ev.verify=12.215ms
[labev] t=454794.030 ev.finalize=1.663ms
[labev] t=454794.030 ev.propose=0.002ms
[labev] t=454794.042 ev.verify=12.340ms
[labev] t=454794.044 ev.finalize=1.650ms
[labev] t=454794.044 ev.propose=0.002ms
[labev] t=454794.056 ev.verify=12.309ms
[labev] t=454794.058 ev.finalize=1.670ms
[labev] t=454794.058 ev.propose=0.002ms
[labev] t=454794.070 ev.verify=12.068ms
[labev] t=454794.072 ev.finalize=1.676ms
[labev] t=454794.072 ev.propose=0.002ms
[labev] t=454794.084 ev.verify=12.138ms
[labev] t=454794.086 ev.finalize=1.674ms
[labev] t=454794.086 ev.propose=0.002ms
[labev] t=454794.098 ev.verify=12.163ms
[labev] t=454794.100 ev.finalize=1.593ms
[labev] t=454794.100 ev.propose=0.002ms
[labev] t=454794.112 ev.verify=12.213ms
[labev] t=454794.115 ev.finalize=2.199ms
[labev] t=454794.115 ev.propose=0.002ms
[labev] t=454794.127 ev.verify=12.306ms
[labev] t=454794.129 ev.finalize=1.658ms
[labev] t=454794.129 ev.propose=0.002ms
[labev] t=454794.141 ev.verify=12.352ms
[labev] t=454794.143 ev.finalize=1.665ms
[labev] t=454794.143 ev.propose=0.002ms
[labev] t=454794.155 ev.verify=12.252ms
[labev] t=454794.157 ev.finalize=1.668ms
[labev] t=454794.157 ev.propose=0.002ms
[labev] t=454794.169 ev.verify=12.253ms
[labev] t=454794.171 ev.finalize=1.664ms
[labev] t=454794.171 ev.propose=0.002ms
[labev] t=454794.183 ev.verify=12.250ms
[labev] t=454794.185 ev.finalize=1.645ms
[labev] t=454794.185 ev.propose=0.002ms
[labev] t=454794.197 ev.verify=12.208ms
[labev] t=454794.199 ev.finalize=1.701ms
[labev] t=454794.199 ev.propose=0.002ms
[labev] t=454794.211 ev.verify=12.255ms
[labev] t=454794.213 ev.finalize=1.640ms
[labev] t=454794.213 ev.propose=0.002ms
[labev] t=454794.226 ev.verify=12.402ms
[labev] t=454794.227 ev.finalize=1.681ms
[labev] t=454794.227 ev.propose=0.002ms
[labev] t=454794.240 ev.verify=12.270ms
[labev] t=454794.241 ev.finalize=1.576ms
[labev] t=454794.241 ev.propose=0.002ms
[labev] t=454794.254 ev.verify=12.239ms
[labev] t=454794.255 ev.finalize=1.664ms
[labev] t=454794.256 ev.propose=0.002ms
[labev] t=454794.268 ev.verify=12.007ms
[labev] t=454794.269 ev.finalize=1.661ms
[labev] t=454794.269 ev.propose=0.002ms
[labev] t=454794.282 ev.verify=12.223ms
[labev] t=454794.283 ev.finalize=1.650ms
[labev] t=454794.283 ev.propose=0.002ms
[labev] t=454794.296 ev.verify=12.250ms
[labev] t=454794.297 ev.finalize=1.686ms
[labev] t=454794.297 ev.propose=0.002ms
[labev] t=454794.310 ev.verify=12.123ms
[labev] t=454794.311 ev.finalize=1.832ms
[labev] t=454794.312 ev.propose=0.002ms
[labev] t=454794.324 ev.verify=12.294ms
[labev] t=454794.326 ev.finalize=1.668ms
[labev] t=454794.326 ev.propose=0.002ms
[labev] t=454794.338 ev.verify=12.268ms
[labev] t=454794.340 ev.finalize=1.773ms
[labev] t=454794.340 ev.propose=0.002ms
[labev] t=454794.352 ev.verify=12.321ms
[labev] t=454794.355 ev.finalize=2.363ms
[labev] t=454794.355 ev.propose=0.002ms
[labev] t=454794.367 ev.verify=12.380ms
[labev] t=454794.369 ev.finalize=1.688ms
[labev] t=454794.369 ev.propose=0.002ms
[labev] t=454794.381 ev.verify=12.400ms
[labev] t=454794.383 ev.finalize=1.686ms
[labev] t=454794.383 ev.propose=0.002ms
[labev] t=454794.395 ev.verify=12.211ms
[labev] t=454794.397 ev.finalize=1.559ms
[labev] t=454794.397 ev.propose=0.002ms
[labev] t=454794.409 ev.verify=12.191ms
[labev] t=454794.411 ev.finalize=1.546ms
[labev] t=454794.411 ev.propose=0.002ms
[labev] t=454794.423 ev.verify=12.217ms
[labev] t=454794.425 ev.finalize=1.684ms
[labev] t=454794.425 ev.propose=0.002ms
[labev] t=454794.437 ev.verify=12.150ms
[labev] t=454794.439 ev.finalize=1.704ms
[labev] t=454794.439 ev.propose=0.002ms
[labev] t=454794.451 ev.verify=12.259ms
[labev] t=454794.453 ev.finalize=1.655ms
[labev] t=454794.453 ev.propose=0.002ms
[labev] t=454794.465 ev.verify=12.257ms
[labev] t=454794.467 ev.finalize=1.673ms
[labev] t=454794.467 ev.propose=0.002ms
[labev] t=454794.479 ev.verify=12.181ms
[labev] t=454794.481 ev.finalize=1.680ms
[labev] t=454794.481 ev.propose=0.002ms
[labev] t=454794.493 ev.verify=12.105ms
[labev] t=454794.495 ev.finalize=1.564ms
[labev] t=454794.495 ev.propose=0.002ms
[labev] t=454794.507 ev.verify=12.257ms
[labev] t=454794.509 ev.finalize=1.710ms
[labev] t=454794.509 ev.propose=0.002ms
[labev] t=454794.521 ev.verify=12.259ms
[labev] t=454794.523 ev.finalize=1.558ms
[labev] t=454794.523 ev.propose=0.002ms
[labev] t=454794.535 ev.verify=12.295ms
[labev] t=454794.537 ev.finalize=1.669ms
[labev] t=454794.537 ev.propose=0.002ms
[labev] t=454794.550 ev.verify=12.417ms
[labev] t=454794.551 ev.finalize=1.710ms
[labev] t=454794.552 ev.propose=0.002ms
[labev] t=454794.564 ev.verify=12.397ms
[labev] t=454794.566 ev.finalize=1.691ms
[labev] t=454794.566 ev.propose=0.002ms
[labev] t=454794.578 ev.verify=12.429ms
[labev] t=454794.580 ev.finalize=1.587ms
[labev] t=454794.580 ev.propose=0.002ms
[labev] t=454794.592 ev.verify=12.117ms
[labev] t=454794.594 ev.finalize=1.690ms
[labev] t=454794.594 ev.propose=0.002ms
[labev] t=454794.606 ev.verify=12.133ms
[labev] t=454794.608 ev.finalize=2.358ms
[labev] t=454794.609 ev.propose=0.002ms
[labev] t=454794.621 ev.verify=12.204ms
[labev] t=454794.623 ev.finalize=1.662ms
[labev] t=454794.623 ev.propose=0.002ms
[labev] t=454794.635 ev.verify=12.250ms
[labev] t=454794.636 ev.finalize=1.557ms
[labev] t=454794.637 ev.propose=0.002ms
[labev] t=454794.649 ev.verify=12.271ms
[labev] t=454794.651 ev.finalize=1.577ms
[labev] t=454794.651 ev.propose=0.002ms
[labev] t=454794.663 ev.verify=12.427ms
[labev] t=454794.665 ev.finalize=1.663ms
[labev] t=454794.665 ev.propose=0.002ms
[labev] t=454794.677 ev.verify=12.326ms
[labev] t=454794.679 ev.finalize=1.644ms
[labev] t=454794.679 ev.propose=0.002ms
[labev] t=454794.691 ev.verify=12.409ms
[labev] t=454794.693 ev.finalize=1.706ms
[labev] t=454794.693 ev.propose=0.002ms
[labev] t=454794.705 ev.verify=12.224ms
[labev] t=454794.707 ev.finalize=1.686ms
[labev] t=454794.707 ev.propose=0.002ms
[labev] t=454794.720 ev.verify=12.188ms
[labev] t=454794.721 ev.finalize=1.659ms
[labev] t=454794.721 ev.propose=0.002ms
[labev] t=454794.734 ev.verify=12.175ms
[labev] t=454794.735 ev.finalize=1.679ms
[labev] t=454794.735 ev.propose=0.002ms
[labev] t=454794.748 ev.verify=12.260ms
[labev] t=454794.749 ev.finalize=1.686ms
[labev] t=454794.749 ev.propose=0.002ms
[labev] t=454794.762 ev.verify=12.404ms
[labev] t=454794.764 ev.finalize=1.676ms
[labev] t=454794.764 ev.propose=0.002ms
[labev] t=454794.776 ev.verify=12.359ms
[labev] t=454794.778 ev.finalize=1.693ms
[labev] t=454794.778 ev.propose=0.002ms
[labev] t=454794.790 ev.verify=12.274ms
[labev] t=454794.792 ev.finalize=1.649ms
[labev] t=454794.792 ev.propose=0.002ms
[labev] t=454794.804 ev.verify=12.333ms
[labev] t=454794.806 ev.finalize=1.912ms
[labev] t=454794.806 ev.propose=0.002ms
[labev] t=454794.819 ev.verify=12.222ms
[labev] t=454794.820 ev.finalize=1.693ms
[labev] t=454794.821 ev.propose=0.002ms
[labev] t=454794.833 ev.verify=12.191ms
[labev] t=454794.834 ev.finalize=1.719ms
[labev] t=454794.835 ev.propose=0.002ms
[labev] t=454794.847 ev.verify=12.194ms
[labev] t=454794.849 ev.finalize=2.257ms
[labev] t=454794.849 ev.propose=0.002ms
[labev] t=454794.862 ev.verify=12.384ms
[labev] t=454794.863 ev.finalize=1.672ms
[labev] t=454794.863 ev.propose=0.002ms
[labev] t=454794.876 ev.verify=12.222ms
[labev] t=454794.877 ev.finalize=1.671ms
[labev] t=454794.877 ev.propose=0.002ms
[labev] t=454794.890 ev.verify=12.053ms
[labev] t=454794.891 ev.finalize=1.679ms
[labev] t=454794.891 ev.propose=0.002ms
[labev] t=454794.904 ev.verify=12.151ms
[labev] t=454794.905 ev.finalize=1.685ms
[labev] t=454794.905 ev.propose=0.002ms
[labev] t=454794.918 ev.verify=12.172ms
[labev] t=454794.919 ev.finalize=1.700ms
[labev] t=454794.919 ev.propose=0.002ms
[labev] t=454794.932 ev.verify=12.193ms
[labev] t=454794.933 ev.finalize=1.714ms
[labev] t=454794.933 ev.propose=0.002ms
[labev] t=454794.946 ev.verify=12.340ms
[labev] t=454794.947 ev.finalize=1.575ms
[labev] t=454794.947 ev.propose=0.002ms
[labev] t=454794.966 ev.verify=18.067ms
[labev] t=454794.967 ev.finalize=1.543ms
[labev] t=454798.402 req.start s1-p4096-o512-b0-r0=0.001ms
[labev] t=454798.402 req.handle=0.086ms
[labev] t=454798.423 tok.prepare=20.176ms
event=batching_admitted action=scheduler_admitted
[labev] t=454798.686 chunk.ord.total=263.426ms
[labev] t=454798.941 chunk.ord.total=254.579ms
[labev] t=454799.197 chunk.ord.total=255.775ms
[labev] t=454799.455 chunk.ord.total=258.210ms
[labev] t=454799.717 chunk.ord.total=261.648ms
[labev] t=454799.980 chunk.ord.total=262.946ms
[labev] t=454800.246 chunk.ord.total=266.096ms
[labev] t=454800.553 chunk.ord.total=306.938ms
[labev] t=454800.553 req.firsttoken s1-p4096-o512-b0-r0=2151.058ms
[labev] t=454800.692 ev.decode.rows1.cap0=138.765ms
[labev] t=454800.827 ev.decode.rows1.cap0=135.076ms
[labev] t=454800.962 ev.decode.rows1.cap0=134.895ms
[labev] t=454801.097 ev.decode.rows1.cap0=134.383ms
[labev] t=454801.231 ev.decode.rows1.cap0=134.623ms
[labev] t=454801.366 ev.decode.rows1.cap0=134.918ms
[labev] t=454801.502 ev.decode.rows1.cap0=135.021ms
[labev] t=454801.636 ev.decode.rows1.cap0=134.600ms
[labev] t=454801.771 ev.decode.rows1.cap0=134.826ms
[labev] t=454801.906 ev.decode.rows1.cap0=134.832ms
[labev] t=454802.041 ev.decode.rows1.cap0=134.579ms
[labev] t=454802.176 ev.decode.rows1.cap0=134.799ms
[labev] t=454802.311 ev.decode.rows1.cap0=134.837ms
[labev] t=454802.446 ev.decode.rows1.cap0=134.769ms
[labev] t=454802.580 ev.decode.rows1.cap0=134.800ms
[labev] t=454802.715 ev.decode.rows1.cap0=134.705ms
[labev] t=454802.850 ev.decode.rows1.cap0=134.735ms
[labev] t=454802.985 ev.decode.rows1.cap0=134.851ms
[labev] t=454803.120 ev.decode.rows1.cap0=134.874ms
[labev] t=454803.255 ev.decode.rows1.cap0=134.487ms
[labev] t=454803.389 ev.decode.rows1.cap0=134.776ms
[labev] t=454803.526 ev.decode.rows1.cap0=136.312ms
[labev] t=454803.662 ev.decode.rows1.cap0=135.575ms
[labev] t=454803.797 ev.decode.rows1.cap0=135.290ms
[labev] t=454803.932 ev.decode.rows1.cap0=135.149ms
[labev] t=454804.068 ev.decode.rows1.cap0=135.213ms
[labev] t=454804.203 ev.decode.rows1.cap0=135.554ms
[labev] t=454804.339 ev.decode.rows1.cap0=135.241ms
[labev] t=454804.474 ev.decode.rows1.cap0=135.397ms
[labev] t=454804.610 ev.decode.rows1.cap0=135.422ms
[labev] t=454804.745 ev.decode.rows1.cap0=135.347ms
[labev] t=454804.872 ev.decode.rows1.cap0=126.923ms
[labev] t=454804.873 req.start s1-p4096-o512-b0-r0=0.000ms
[labev] t=454804.873 req.handle=0.016ms
[labev] t=454804.893 tok.prepare=19.636ms
event=batching_admitted action=scheduler_admitted
[labev] t=454805.160 chunk.native.total=266.859ms
[labev] t=454805.426 chunk.native.total=265.855ms
[labev] t=454805.696 chunk.native.total=270.106ms
[labev] t=454805.969 chunk.native.total=272.722ms
[labev] t=454806.244 chunk.native.total=274.758ms
[labev] t=454806.521 chunk.native.total=277.383ms
[labev] t=454806.803 chunk.native.total=282.056ms
[labev] t=454807.121 chunk.native.total=317.264ms
[labev] t=454807.121 req.firsttoken s1-p4096-o512-b0-r0=2247.599ms
[labev] t=454807.121 ev.propose=0.003ms
[labev] t=454807.133 ev.verify=12.491ms
[labev] t=454807.135 ev.finalize=1.746ms
[labev] t=454807.135 ev.propose=0.068ms
[labev] t=454807.148 ev.verify=12.544ms
[labev] t=454807.149 ev.finalize=1.663ms
[labev] t=454807.150 ev.propose=0.062ms
[labev] t=454807.162 ev.verify=12.454ms
[labev] t=454807.164 ev.finalize=1.674ms
[labev] t=454807.164 ev.propose=0.042ms
[labev] t=454807.176 ev.verify=12.188ms
[labev] t=454807.178 ev.finalize=1.645ms
[labev] t=454807.178 ev.propose=0.045ms
[labev] t=454807.190 ev.verify=12.351ms
[labev] t=454807.192 ev.finalize=1.665ms
[labev] t=454807.192 ev.propose=0.002ms
[labev] t=454807.205 ev.verify=12.405ms
[labev] t=454807.206 ev.finalize=1.628ms
[labev] t=454807.206 ev.propose=0.048ms
[labev] t=454807.219 ev.verify=12.447ms
[labev] t=454807.221 ev.finalize=1.646ms
[labev] t=454807.221 ev.propose=0.062ms
[labev] t=454807.233 ev.verify=12.388ms
[labev] t=454807.235 ev.finalize=1.664ms
[labev] t=454807.235 ev.propose=0.046ms
[labev] t=454807.247 ev.verify=12.116ms
[labev] t=454807.250 ev.finalize=2.278ms
[labev] t=454807.250 ev.propose=0.061ms
[labev] t=454807.262 ev.verify=12.384ms
[labev] t=454807.264 ev.finalize=1.664ms
[labev] t=454807.264 ev.propose=0.071ms
[labev] t=454807.276 ev.verify=12.180ms
[labev] t=454807.278 ev.finalize=1.656ms
[labev] t=454807.278 ev.propose=0.054ms
[labev] t=454807.290 ev.verify=12.183ms
[labev] t=454807.292 ev.finalize=1.714ms
[labev] t=454807.292 ev.propose=0.048ms
[labev] t=454807.304 ev.verify=12.095ms
[labev] t=454807.306 ev.finalize=1.538ms
[labev] t=454807.306 ev.propose=0.066ms
[labev] t=454807.318 ev.verify=12.278ms
[labev] t=454807.320 ev.finalize=1.658ms
[labev] t=454807.320 ev.propose=0.060ms
[labev] t=454807.332 ev.verify=12.232ms
[labev] t=454807.334 ev.finalize=1.519ms
[labev] t=454807.334 ev.propose=0.053ms
[labev] t=454807.346 ev.verify=12.185ms
[labev] t=454807.348 ev.finalize=1.646ms
[labev] t=454807.348 ev.propose=0.002ms
[labev] t=454807.360 ev.verify=12.254ms
[labev] t=454807.362 ev.finalize=1.639ms
[labev] t=454807.362 ev.propose=0.063ms
[labev] t=454807.374 ev.verify=12.135ms
[labev] t=454807.376 ev.finalize=1.636ms
[labev] t=454807.376 ev.propose=0.002ms
[labev] t=454807.388 ev.verify=12.139ms
[labev] t=454807.390 ev.finalize=1.641ms
[labev] t=454807.390 ev.propose=0.002ms
[labev] t=454807.402 ev.verify=12.317ms
[labev] t=454807.404 ev.finalize=1.673ms
[labev] t=454807.404 ev.propose=0.002ms
[labev] t=454807.416 ev.verify=12.213ms
[labev] t=454807.418 ev.finalize=1.649ms
[labev] t=454807.418 ev.propose=0.002ms
[labev] t=454807.430 ev.verify=12.294ms
[labev] t=454807.432 ev.finalize=1.658ms
[labev] t=454807.432 ev.propose=0.002ms
[labev] t=454807.445 ev.verify=12.367ms
[labev] t=454807.446 ev.finalize=1.664ms
[labev] t=454807.446 ev.propose=0.002ms
[labev] t=454807.459 ev.verify=12.168ms
[labev] t=454807.460 ev.finalize=1.635ms
[labev] t=454807.460 ev.propose=0.002ms
[labev] t=454807.473 ev.verify=12.219ms
[labev] t=454807.474 ev.finalize=1.619ms
[labev] t=454807.474 ev.propose=0.002ms
[labev] t=454807.487 ev.verify=12.312ms
[labev] t=454807.489 ev.finalize=2.286ms
[labev] t=454807.489 ev.propose=0.002ms
[labev] t=454807.502 ev.verify=12.335ms
[labev] t=454807.503 ev.finalize=1.650ms
[labev] t=454807.503 ev.propose=0.002ms
[labev] t=454807.516 ev.verify=12.217ms
[labev] t=454807.517 ev.finalize=1.642ms
[labev] t=454807.517 ev.propose=0.002ms
[labev] t=454807.530 ev.verify=12.241ms
[labev] t=454807.531 ev.finalize=1.641ms
[labev] t=454807.531 ev.propose=0.002ms
[labev] t=454807.544 ev.verify=12.211ms
[labev] t=454807.545 ev.finalize=1.662ms
[labev] t=454807.545 ev.propose=0.002ms
[labev] t=454807.558 ev.verify=12.171ms
[labev] t=454807.559 ev.finalize=1.644ms
[labev] t=454807.559 ev.propose=0.002ms
[labev] t=454807.571 ev.verify=12.136ms
[labev] t=454807.573 ev.finalize=1.629ms
[labev] t=454807.573 ev.propose=0.002ms
[labev] t=454807.585 ev.verify=12.239ms
[labev] t=454807.587 ev.finalize=1.660ms
[labev] t=454807.587 ev.propose=0.002ms
[labev] t=454807.600 ev.verify=12.312ms
[labev] t=454807.601 ev.finalize=1.641ms
[labev] t=454807.601 ev.propose=0.002ms
[labev] t=454807.614 ev.verify=12.177ms
[labev] t=454807.615 ev.finalize=1.650ms
[labev] t=454807.615 ev.propose=0.002ms
[labev] t=454807.627 ev.verify=12.099ms
[labev] t=454807.629 ev.finalize=1.617ms
[labev] t=454807.629 ev.propose=0.002ms
[labev] t=454807.642 ev.verify=12.410ms
[labev] t=454807.643 ev.finalize=1.669ms
[labev] t=454807.643 ev.propose=0.002ms
[labev] t=454807.656 ev.verify=12.388ms
[labev] t=454807.657 ev.finalize=1.633ms
[labev] t=454807.658 ev.propose=0.002ms
[labev] t=454807.670 ev.verify=12.121ms
[labev] t=454807.671 ev.finalize=1.658ms
[labev] t=454807.671 ev.propose=0.002ms
[labev] t=454807.684 ev.verify=12.064ms
[labev] t=454807.685 ev.finalize=1.633ms
[labev] t=454807.685 ev.propose=0.002ms
[labev] t=454807.698 ev.verify=12.207ms
[labev] t=454807.699 ev.finalize=1.651ms
[labev] t=454807.699 ev.propose=0.002ms
[labev] t=454807.712 ev.verify=12.252ms
[labev] t=454807.714 ev.finalize=2.267ms
[labev] t=454807.714 ev.propose=0.002ms
[labev] t=454807.726 ev.verify=12.418ms
[labev] t=454807.728 ev.finalize=1.623ms
[labev] t=454807.728 ev.propose=0.002ms
[labev] t=454807.740 ev.verify=12.164ms
[labev] t=454807.742 ev.finalize=1.644ms
[labev] t=454807.742 ev.propose=0.002ms
[labev] t=454807.754 ev.verify=11.986ms
[labev] t=454807.756 ev.finalize=1.622ms
[labev] t=454807.756 ev.propose=0.002ms
[labev] t=454807.768 ev.verify=12.023ms
[labev] t=454807.770 ev.finalize=1.615ms
[labev] t=454807.770 ev.propose=0.002ms
[labev] t=454807.782 ev.verify=12.200ms
[labev] t=454807.784 ev.finalize=1.630ms
[labev] t=454807.784 ev.propose=0.002ms
[labev] t=454807.796 ev.verify=12.069ms
[labev] t=454807.797 ev.finalize=1.632ms
[labev] t=454807.798 ev.propose=0.002ms
[labev] t=454807.810 ev.verify=12.140ms
[labev] t=454807.811 ev.finalize=1.602ms
[labev] t=454807.811 ev.propose=0.002ms
[labev] t=454807.823 ev.verify=12.073ms
[labev] t=454807.825 ev.finalize=1.622ms
[labev] t=454807.825 ev.propose=0.002ms
[labev] t=454807.837 ev.verify=12.122ms
[labev] t=454807.839 ev.finalize=1.514ms
[labev] t=454807.839 ev.propose=0.002ms
[labev] t=454807.851 ev.verify=12.081ms
[labev] t=454807.853 ev.finalize=1.606ms
[labev] t=454807.853 ev.propose=0.002ms
[labev] t=454807.865 ev.verify=12.254ms
[labev] t=454807.867 ev.finalize=1.669ms
[labev] t=454807.867 ev.propose=0.002ms
[labev] t=454807.879 ev.verify=12.199ms
[labev] t=454807.881 ev.finalize=1.636ms
[labev] t=454807.881 ev.propose=0.002ms
[labev] t=454807.893 ev.verify=12.188ms
[labev] t=454807.895 ev.finalize=1.633ms
[labev] t=454807.895 ev.propose=0.002ms
[labev] t=454807.907 ev.verify=12.245ms
[labev] t=454807.909 ev.finalize=1.627ms
[labev] t=454807.909 ev.propose=0.002ms
[labev] t=454807.921 ev.verify=12.159ms
[labev] t=454807.923 ev.finalize=1.649ms
[labev] t=454807.923 ev.propose=0.002ms
[labev] t=454807.935 ev.verify=12.131ms
[labev] t=454807.937 ev.finalize=1.635ms
[labev] t=454807.937 ev.propose=0.002ms
[labev] t=454807.949 ev.verify=12.226ms
[labev] t=454807.951 ev.finalize=2.290ms
[labev] t=454807.951 ev.propose=0.003ms
[labev] t=454807.964 ev.verify=12.248ms
[labev] t=454807.965 ev.finalize=1.653ms
[labev] t=454807.966 ev.propose=0.002ms
[labev] t=454807.978 ev.verify=12.101ms
[labev] t=454807.980 ev.finalize=1.872ms
[labev] t=454807.980 ev.propose=0.002ms
[labev] t=454807.992 ev.verify=11.992ms
[labev] t=454807.993 ev.finalize=1.588ms
[labev] t=454807.993 ev.propose=0.002ms
[labev] t=454808.006 ev.verify=12.160ms
[labev] t=454808.007 ev.finalize=1.640ms
[labev] t=454808.007 ev.propose=0.002ms
[labev] t=454808.019 ev.verify=12.064ms
[labev] t=454808.021 ev.finalize=1.648ms
[labev] t=454808.021 ev.propose=0.002ms
[labev] t=454808.034 ev.verify=12.272ms
[labev] t=454808.035 ev.finalize=1.662ms
[labev] t=454808.035 ev.propose=0.002ms
[labev] t=454808.048 ev.verify=12.223ms
[labev] t=454808.049 ev.finalize=1.641ms
[labev] t=454808.049 ev.propose=0.002ms
[labev] t=454808.061 ev.verify=12.173ms
[labev] t=454808.063 ev.finalize=1.668ms
[labev] t=454808.063 ev.propose=0.002ms
[labev] t=454808.075 ev.verify=12.126ms
[labev] t=454808.077 ev.finalize=1.655ms
[labev] t=454808.077 ev.propose=0.002ms
[labev] t=454808.089 ev.verify=12.198ms
[labev] t=454808.091 ev.finalize=1.672ms
[labev] t=454808.091 ev.propose=0.002ms
[labev] t=454808.103 ev.verify=12.184ms
[labev] t=454808.105 ev.finalize=1.621ms
[labev] t=454808.105 ev.propose=0.002ms
[labev] t=454808.117 ev.verify=12.230ms
[labev] t=454808.119 ev.finalize=1.642ms
[labev] t=454808.119 ev.propose=0.002ms
[labev] t=454808.132 ev.verify=12.377ms
[labev] t=454808.133 ev.finalize=1.565ms
[labev] t=454808.133 ev.propose=0.002ms
[labev] t=454808.146 ev.verify=12.205ms
[labev] t=454808.147 ev.finalize=1.659ms
[labev] t=454808.147 ev.propose=0.002ms
[labev] t=454808.159 ev.verify=12.100ms
[labev] t=454808.161 ev.finalize=1.654ms
[labev] t=454808.161 ev.propose=0.002ms
[labev] t=454808.174 ev.verify=12.315ms
[labev] t=454808.175 ev.finalize=1.631ms
[labev] t=454808.175 ev.propose=0.002ms
[labev] t=454808.188 ev.verify=12.264ms
[labev] t=454808.190 ev.finalize=2.271ms
[labev] t=454808.190 ev.propose=0.002ms
[labev] t=454808.202 ev.verify=12.394ms
[labev] t=454808.204 ev.finalize=1.671ms
[labev] t=454808.204 ev.propose=0.002ms
[labev] t=454808.216 ev.verify=12.158ms
[labev] t=454808.218 ev.finalize=1.670ms
[labev] t=454808.218 ev.propose=0.002ms
[labev] t=454808.230 ev.verify=12.239ms
[labev] t=454808.232 ev.finalize=1.623ms
[labev] t=454808.232 ev.propose=0.002ms
[labev] t=454808.244 ev.verify=12.170ms
[labev] t=454808.246 ev.finalize=1.727ms
[labev] t=454808.246 ev.propose=0.002ms
[labev] t=454808.259 ev.verify=12.347ms
[labev] t=454808.260 ev.finalize=1.642ms
[labev] t=454808.260 ev.propose=0.002ms
[labev] t=454808.273 ev.verify=12.271ms
[labev] t=454808.274 ev.finalize=1.521ms
[labev] t=454808.274 ev.propose=0.002ms
[labev] t=454808.287 ev.verify=12.122ms
[labev] t=454808.288 ev.finalize=1.652ms
[labev] t=454808.288 ev.propose=0.002ms
[labev] t=454808.300 ev.verify=12.092ms
[labev] t=454808.302 ev.finalize=1.561ms
[labev] t=454808.302 ev.propose=0.002ms
[labev] t=454808.314 ev.verify=12.111ms
[labev] t=454808.316 ev.finalize=1.638ms
[labev] t=454808.316 ev.propose=0.002ms
[labev] t=454808.328 ev.verify=12.177ms
[labev] t=454808.330 ev.finalize=1.751ms
[labev] t=454808.330 ev.propose=0.002ms
[labev] t=454808.342 ev.verify=12.243ms
[labev] t=454808.344 ev.finalize=1.525ms
[labev] t=454808.344 ev.propose=0.002ms
[labev] t=454808.356 ev.verify=12.085ms
[labev] t=454808.358 ev.finalize=1.640ms
[labev] t=454808.358 ev.propose=0.002ms
[labev] t=454808.370 ev.verify=12.142ms
[labev] t=454808.372 ev.finalize=1.698ms
[labev] t=454808.372 ev.propose=0.002ms
[labev] t=454808.384 ev.verify=12.302ms
[labev] t=454808.386 ev.finalize=1.621ms
[labev] t=454808.386 ev.propose=0.002ms
[labev] t=454808.398 ev.verify=12.195ms
[labev] t=454808.400 ev.finalize=1.723ms
[labev] t=454808.400 ev.propose=0.002ms
[labev] t=454808.412 ev.verify=12.250ms
[labev] t=454808.414 ev.finalize=1.718ms
[labev] t=454808.414 ev.propose=0.002ms
[labev] t=454808.426 ev.verify=12.230ms
[labev] t=454808.428 ev.finalize=1.723ms
[labev] t=454808.428 ev.propose=0.002ms
[labev] t=454808.440 ev.verify=12.279ms
[labev] t=454808.443 ev.finalize=2.317ms
[labev] t=454808.443 ev.propose=0.002ms
[labev] t=454808.455 ev.verify=12.470ms
[labev] t=454808.457 ev.finalize=1.653ms
[labev] t=454808.457 ev.propose=0.001ms
[labev] t=454808.470 ev.verify=12.416ms
[labev] t=454808.471 ev.finalize=1.635ms
[labev] t=454808.471 ev.propose=0.002ms
[labev] t=454808.483 ev.verify=12.077ms
[labev] t=454808.485 ev.finalize=1.636ms
[labev] t=454808.485 ev.propose=0.002ms
[labev] t=454808.497 ev.verify=12.185ms
[labev] t=454808.499 ev.finalize=1.672ms
[labev] t=454808.499 ev.propose=0.002ms
[labev] t=454808.511 ev.verify=12.215ms
[labev] t=454808.513 ev.finalize=1.643ms
[labev] t=454808.513 ev.propose=0.002ms
[labev] t=454808.525 ev.verify=12.181ms
[labev] t=454808.527 ev.finalize=1.690ms
[labev] t=454808.527 ev.propose=0.002ms
[labev] t=454808.539 ev.verify=12.001ms
[labev] t=454808.541 ev.finalize=1.679ms
[labev] t=454808.541 ev.propose=0.002ms
[labev] t=454808.553 ev.verify=12.237ms
[labev] t=454808.555 ev.finalize=1.535ms
[labev] t=454808.555 ev.propose=0.002ms
[labev] t=454808.567 ev.verify=12.227ms
[labev] t=454808.569 ev.finalize=1.646ms
[labev] t=454808.569 ev.propose=0.002ms
[labev] t=454808.581 ev.verify=12.275ms
[labev] t=454808.583 ev.finalize=1.662ms
[labev] t=454808.583 ev.propose=0.002ms
[labev] t=454808.595 ev.verify=12.058ms
[labev] t=454808.597 ev.finalize=1.649ms
[labev] t=454808.597 ev.propose=0.002ms
[labev] t=454808.609 ev.verify=12.182ms
[labev] t=454808.611 ev.finalize=1.671ms
[labev] t=454808.611 ev.propose=0.002ms
[labev] t=454808.623 ev.verify=12.213ms
[labev] t=454808.625 ev.finalize=1.620ms
[labev] t=454808.625 ev.propose=0.002ms
[labev] t=454808.637 ev.verify=12.347ms
[labev] t=454808.639 ev.finalize=1.647ms
[labev] t=454808.639 ev.propose=0.002ms
[labev] t=454808.651 ev.verify=12.296ms
[labev] t=454808.653 ev.finalize=1.637ms
[labev] t=454808.653 ev.propose=0.002ms
[labev] t=454808.666 ev.verify=12.363ms
[labev] t=454808.668 ev.finalize=2.302ms
[labev] t=454808.668 ev.propose=0.002ms
[labev] t=454808.680 ev.verify=12.354ms
[labev] t=454808.682 ev.finalize=1.659ms
[labev] t=454808.682 ev.propose=0.002ms
[labev] t=454808.694 ev.verify=12.222ms
[labev] t=454808.696 ev.finalize=1.650ms
[labev] t=454808.696 ev.propose=0.002ms
[labev] t=454808.709 ev.verify=12.411ms
[labev] t=454808.710 ev.finalize=1.678ms
[labev] t=454808.710 ev.propose=0.002ms
[labev] t=454808.723 ev.verify=12.167ms
[labev] t=454808.724 ev.finalize=1.646ms
[labev] t=454808.724 ev.propose=0.002ms
[labev] t=454808.737 ev.verify=12.459ms
[labev] t=454808.739 ev.finalize=1.656ms
[labev] t=454808.739 ev.propose=0.002ms
[labev] t=454808.751 ev.verify=12.201ms
[labev] t=454808.753 ev.finalize=1.896ms
[labev] t=454808.753 ev.propose=0.002ms
[labev] t=454808.765 ev.verify=12.450ms
[labev] t=454808.767 ev.finalize=1.654ms
[labev] t=454808.767 ev.propose=0.002ms
[labev] t=454808.779 ev.verify=12.035ms
[labev] t=454808.781 ev.finalize=1.668ms
[labev] t=454808.781 ev.propose=0.002ms
[labev] t=454808.793 ev.verify=12.205ms
[labev] t=454808.795 ev.finalize=1.638ms
[labev] t=454808.795 ev.propose=0.002ms
[labev] t=454808.807 ev.verify=12.205ms
[labev] t=454808.809 ev.finalize=1.694ms
[labev] t=454808.809 ev.propose=0.002ms
[labev] t=454808.821 ev.verify=12.286ms
[labev] t=454808.823 ev.finalize=1.636ms
[labev] t=454808.823 ev.propose=0.002ms
[labev] t=454808.835 ev.verify=12.104ms
[labev] t=454808.837 ev.finalize=1.615ms
[labev] t=454808.837 ev.propose=0.002ms
[labev] t=454808.849 ev.verify=12.327ms
[labev] t=454808.851 ev.finalize=1.610ms
[labev] t=454808.851 ev.propose=0.002ms
[labev] t=454808.864 ev.verify=12.395ms
[labev] t=454808.865 ev.finalize=1.642ms
[labev] t=454808.865 ev.propose=0.002ms
[labev] t=454808.878 ev.verify=12.202ms
[labev] t=454808.879 ev.finalize=1.663ms
[labev] t=454808.879 ev.propose=0.002ms
[labev] t=454808.892 ev.verify=12.182ms
[labev] t=454808.893 ev.finalize=1.571ms
[labev] t=454808.893 ev.propose=0.002ms
[labev] t=454808.906 ev.verify=12.197ms
[labev] t=454808.908 ev.finalize=2.116ms
[labev] t=454808.908 ev.propose=0.002ms
[labev] t=454808.920 ev.verify=12.139ms
[labev] t=454808.922 ev.finalize=1.618ms
[labev] t=454808.922 ev.propose=0.002ms
[labev] t=454808.934 ev.verify=11.962ms
[labev] t=454808.935 ev.finalize=1.668ms
[labev] t=454808.935 ev.propose=0.002ms
[labev] t=454808.948 ev.verify=12.111ms
[labev] t=454808.949 ev.finalize=1.576ms
[labev] t=454808.949 ev.propose=0.002ms
[labev] t=454808.961 ev.verify=12.005ms
[labev] t=454808.963 ev.finalize=1.550ms
[labev] t=454808.963 ev.propose=0.002ms
[labev] t=454808.975 ev.verify=12.230ms
[labev] t=454808.977 ev.finalize=1.670ms
[labev] t=454808.977 ev.propose=0.002ms
[labev] t=454808.989 ev.verify=12.259ms
[labev] t=454808.991 ev.finalize=1.736ms
[labev] t=454808.991 ev.propose=0.002ms
[labev] t=454809.003 ev.verify=12.139ms
[labev] t=454809.005 ev.finalize=1.788ms
[labev] t=454809.005 ev.propose=0.002ms
[labev] t=454809.017 ev.verify=12.248ms
[labev] t=454809.019 ev.finalize=1.734ms
[labev] t=454809.019 ev.propose=0.002ms
[labev] t=454809.032 ev.verify=12.243ms
[labev] t=454809.033 ev.finalize=1.712ms
[labev] t=454809.033 ev.propose=0.002ms
[labev] t=454809.046 ev.verify=12.334ms
[labev] t=454809.047 ev.finalize=1.670ms
[labev] t=454809.048 ev.propose=0.002ms
[labev] t=454809.060 ev.verify=12.122ms
[labev] t=454809.061 ev.finalize=1.721ms
[labev] t=454809.062 ev.propose=0.002ms
[labev] t=454809.074 ev.verify=12.132ms
[labev] t=454809.075 ev.finalize=1.743ms
[labev] t=454809.076 ev.propose=0.002ms
[labev] t=454809.088 ev.verify=12.229ms
[labev] t=454809.090 ev.finalize=1.684ms
[labev] t=454809.090 ev.propose=0.002ms
[labev] t=454809.102 ev.verify=12.076ms
[labev] t=454809.103 ev.finalize=1.714ms
[labev] t=454809.104 ev.propose=0.002ms
[labev] t=454809.116 ev.verify=12.245ms
[labev] t=454809.118 ev.finalize=1.724ms
[labev] t=454809.118 ev.propose=0.002ms
[labev] t=454809.130 ev.verify=11.982ms
[labev] t=454809.131 ev.finalize=1.726ms
[labev] t=454809.131 ev.propose=0.002ms
[labev] t=454809.144 ev.verify=12.335ms
[labev] t=454809.146 ev.finalize=1.680ms
[labev] t=454809.146 ev.propose=0.002ms
[labev] t=454809.158 ev.verify=12.110ms
[labev] t=454809.160 ev.finalize=2.317ms
[labev] t=454809.160 ev.propose=0.002ms
[labev] t=454809.172 ev.verify=12.251ms
[labev] t=454809.174 ev.finalize=1.689ms
[labev] t=454809.174 ev.propose=0.002ms
[labev] t=454809.187 ev.verify=12.396ms
[labev] t=454809.188 ev.finalize=1.671ms
[labev] t=454809.189 ev.propose=0.002ms
[labev] t=454809.201 ev.verify=12.188ms
[labev] t=454809.202 ev.finalize=1.637ms
[labev] t=454809.202 ev.propose=0.002ms
[labev] t=454809.215 ev.verify=12.311ms
[labev] t=454809.217 ev.finalize=1.701ms
[labev] t=454809.217 ev.propose=0.002ms
[labev] t=454809.229 ev.verify=12.390ms
[labev] t=454809.231 ev.finalize=1.551ms
[labev] t=454809.231 ev.propose=0.002ms
[labev] t=454809.243 ev.verify=12.372ms
[labev] t=454809.245 ev.finalize=1.638ms
[labev] t=454809.245 ev.propose=0.002ms
[labev] t=454809.257 ev.verify=12.323ms
[labev] t=454809.259 ev.finalize=1.643ms
[labev] t=454809.259 ev.propose=0.002ms
[labev] t=454809.271 ev.verify=12.381ms
[labev] t=454809.273 ev.finalize=1.648ms
[labev] t=454809.273 ev.propose=0.002ms
[labev] t=454809.285 ev.verify=12.170ms
[labev] t=454809.287 ev.finalize=1.668ms
[labev] t=454809.287 ev.propose=0.002ms
[labev] t=454809.300 ev.verify=12.343ms
[labev] t=454809.301 ev.finalize=1.631ms
[labev] t=454809.301 ev.propose=0.002ms
[labev] t=454809.313 ev.verify=12.058ms
[labev] t=454809.315 ev.finalize=1.656ms
[labev] t=454809.315 ev.propose=0.002ms
[labev] t=454809.327 ev.verify=12.097ms
[labev] t=454809.329 ev.finalize=1.651ms
[labev] t=454809.329 ev.propose=0.002ms
[labev] t=454809.341 ev.verify=12.373ms
[labev] t=454809.343 ev.finalize=1.551ms
[labev] t=454809.343 ev.propose=0.002ms
[labev] t=454809.355 ev.verify=12.205ms
[labev] t=454809.357 ev.finalize=1.665ms
[labev] t=454809.357 ev.propose=0.001ms
[labev] t=454809.370 ev.verify=12.458ms
[labev] t=454809.371 ev.finalize=1.663ms
[labev] t=454809.371 ev.propose=0.002ms
[labev] t=454809.384 ev.verify=12.211ms
[labev] t=454809.385 ev.finalize=1.671ms
[labev] t=454809.385 ev.propose=0.002ms
[labev] t=454809.398 ev.verify=12.324ms
[labev] t=454809.400 ev.finalize=2.313ms
[labev] t=454809.400 ev.propose=0.002ms
[labev] t=454809.412 ev.verify=12.205ms
[labev] t=454809.414 ev.finalize=1.681ms
[labev] t=454809.414 ev.propose=0.002ms
[labev] t=454809.427 ev.verify=12.271ms
[labev] t=454809.428 ev.finalize=1.676ms
[labev] t=454809.428 ev.propose=0.002ms
[labev] t=454809.441 ev.verify=12.396ms
[labev] t=454809.442 ev.finalize=1.636ms
[labev] t=454809.443 ev.propose=0.002ms
[labev] t=454809.455 ev.verify=12.389ms
[labev] t=454809.457 ev.finalize=1.673ms
[labev] t=454809.457 ev.propose=0.002ms
[labev] t=454809.469 ev.verify=12.279ms
[labev] t=454809.471 ev.finalize=1.610ms
[labev] t=454809.471 ev.propose=0.002ms
[labev] t=454809.483 ev.verify=12.337ms
[labev] t=454809.485 ev.finalize=1.636ms
[labev] t=454809.485 ev.propose=0.002ms
[labev] t=454809.497 ev.verify=12.409ms
[labev] t=454809.499 ev.finalize=1.564ms
[labev] t=454809.499 ev.propose=0.002ms
[labev] t=454809.511 ev.verify=12.206ms
[labev] t=454809.513 ev.finalize=1.630ms
[labev] t=454809.513 ev.propose=0.002ms
[labev] t=454809.525 ev.verify=12.265ms
[labev] t=454809.528 ev.finalize=2.093ms
[labev] t=454809.528 ev.propose=0.002ms
[labev] t=454809.540 ev.verify=12.200ms
[labev] t=454809.542 ev.finalize=1.663ms
[labev] t=454809.542 ev.propose=0.002ms
[labev] t=454809.554 ev.verify=12.323ms
[labev] t=454809.556 ev.finalize=1.544ms
[labev] t=454809.556 ev.propose=0.002ms
[labev] t=454809.568 ev.verify=12.245ms
[labev] t=454809.570 ev.finalize=1.557ms
[labev] t=454809.570 ev.propose=0.001ms
[labev] t=454809.582 ev.verify=12.215ms
[labev] t=454809.584 ev.finalize=1.678ms
[labev] t=454809.584 ev.propose=0.002ms
[labev] t=454809.596 ev.verify=12.102ms
[labev] t=454809.597 ev.finalize=1.664ms
[labev] t=454809.598 ev.propose=0.002ms
[labev] t=454809.610 ev.verify=12.114ms
[labev] t=454809.611 ev.finalize=1.657ms
[labev] t=454809.611 ev.propose=0.002ms
[labev] t=454809.624 ev.verify=12.354ms
[labev] t=454809.625 ev.finalize=1.552ms
[labev] t=454809.626 ev.propose=0.002ms
[labev] t=454809.638 ev.verify=12.150ms
[labev] t=454809.639 ev.finalize=1.713ms
[labev] t=454809.640 ev.propose=0.002ms
[labev] t=454809.652 ev.verify=12.192ms
[labev] t=454809.653 ev.finalize=1.663ms
[labev] t=454809.654 ev.propose=0.002ms
[labev] t=454809.666 ev.verify=12.327ms
[labev] t=454809.668 ev.finalize=2.270ms
[labev] t=454809.668 ev.propose=0.002ms
[labev] t=454809.681 ev.verify=12.496ms
[labev] t=454809.683 ev.finalize=1.695ms
[labev] t=454809.683 ev.propose=0.002ms
[labev] t=454809.695 ev.verify=12.173ms
[labev] t=454809.697 ev.finalize=1.718ms
[labev] t=454809.697 ev.propose=0.002ms
[labev] t=454809.709 ev.verify=12.141ms
[labev] t=454809.711 ev.finalize=1.691ms
[labev] t=454809.711 ev.propose=0.002ms
[labev] t=454809.723 ev.verify=12.484ms
[labev] t=454809.725 ev.finalize=1.649ms
[labev] t=454809.725 ev.propose=0.001ms
[labev] t=454809.737 ev.verify=12.208ms
[labev] t=454809.739 ev.finalize=1.681ms
[labev] t=454809.739 ev.propose=0.002ms
[labev] t=454809.751 ev.verify=12.205ms
[labev] t=454809.753 ev.finalize=1.647ms
[labev] t=454809.753 ev.propose=0.002ms
[labev] t=454809.765 ev.verify=12.218ms
[labev] t=454809.767 ev.finalize=1.649ms
[labev] t=454809.767 ev.propose=0.002ms
[labev] t=454809.779 ev.verify=12.151ms
[labev] t=454809.781 ev.finalize=1.681ms
[labev] t=454809.781 ev.propose=0.002ms
[labev] t=454809.793 ev.verify=12.139ms
[labev] t=454809.795 ev.finalize=1.659ms
[labev] t=454809.795 ev.propose=0.002ms
[labev] t=454809.807 ev.verify=12.372ms
[labev] t=454809.809 ev.finalize=1.658ms
[labev] t=454809.809 ev.propose=0.002ms
[labev] t=454809.821 ev.verify=12.259ms
[labev] t=454809.823 ev.finalize=1.664ms
[labev] t=454809.823 ev.propose=0.002ms
[labev] t=454809.836 ev.verify=12.361ms
[labev] t=454809.837 ev.finalize=1.653ms
[labev] t=454809.837 ev.propose=0.002ms
[labev] t=454809.850 ev.verify=12.270ms
[labev] t=454809.851 ev.finalize=1.644ms
[labev] t=454809.852 ev.propose=0.002ms
[labev] t=454809.864 ev.verify=12.441ms
[labev] t=454809.866 ev.finalize=1.665ms
[labev] t=454809.866 ev.propose=0.002ms
[labev] t=454809.878 ev.verify=12.312ms
[labev] t=454809.880 ev.finalize=1.670ms
[labev] t=454809.880 ev.propose=0.002ms
[labev] t=454809.892 ev.verify=12.203ms
[labev] t=454809.895 ev.finalize=2.353ms
[labev] t=454809.895 ev.propose=0.002ms
[labev] t=454809.907 ev.verify=12.357ms
[labev] t=454809.909 ev.finalize=1.698ms
[labev] t=454809.909 ev.propose=0.002ms
[labev] t=454809.921 ev.verify=12.167ms
[labev] t=454809.923 ev.finalize=1.679ms
[labev] t=454809.923 ev.propose=0.001ms
[labev] t=454809.935 ev.verify=12.583ms
[labev] t=454809.937 ev.finalize=1.671ms
[labev] t=454809.937 ev.propose=0.002ms
[labev] t=454809.950 ev.verify=12.311ms
[labev] t=454809.951 ev.finalize=1.574ms
[labev] t=454809.951 ev.propose=0.002ms
[labev] t=454809.964 ev.verify=12.386ms
[labev] t=454809.965 ev.finalize=1.653ms
[labev] t=454809.965 ev.propose=0.002ms
[labev] t=454809.978 ev.verify=12.197ms
[labev] t=454809.979 ev.finalize=1.743ms
[labev] t=454809.980 ev.propose=0.002ms
[labev] t=454809.992 ev.verify=12.330ms
[labev] t=454809.994 ev.finalize=1.663ms
[labev] t=454809.994 ev.propose=0.002ms
[labev] t=454810.006 ev.verify=12.251ms
[labev] t=454810.008 ev.finalize=1.652ms
[labev] t=454810.008 ev.propose=0.002ms
[labev] t=454810.020 ev.verify=12.182ms
[labev] t=454810.022 ev.finalize=1.689ms
[labev] t=454810.022 ev.propose=0.002ms
[labev] t=454810.034 ev.verify=12.148ms
[labev] t=454810.036 ev.finalize=1.685ms
[labev] t=454810.036 ev.propose=0.002ms
[labev] t=454810.048 ev.verify=12.320ms
[labev] t=454810.050 ev.finalize=1.669ms
[labev] t=454810.050 ev.propose=0.002ms
[labev] t=454810.062 ev.verify=12.100ms
[labev] t=454810.064 ev.finalize=1.696ms
[labev] t=454810.064 ev.propose=0.002ms
[labev] t=454810.076 ev.verify=12.453ms
[labev] t=454810.078 ev.finalize=1.665ms
[labev] t=454810.078 ev.propose=0.002ms
[labev] t=454810.090 ev.verify=12.310ms
[labev] t=454810.092 ev.finalize=1.680ms
[labev] t=454810.092 ev.propose=0.002ms
[labev] t=454810.104 ev.verify=12.210ms
[labev] t=454810.106 ev.finalize=1.681ms
[labev] t=454810.106 ev.propose=0.002ms
[labev] t=454810.119 ev.verify=12.307ms
[labev] t=454810.120 ev.finalize=1.563ms
[labev] t=454810.120 ev.propose=0.002ms
[labev] t=454810.133 ev.verify=12.294ms
[labev] t=454810.135 ev.finalize=2.222ms
[labev] t=454810.135 ev.propose=0.002ms
[labev] t=454810.147 ev.verify=12.337ms
[labev] t=454810.149 ev.finalize=1.682ms
[labev] t=454810.149 ev.propose=0.002ms
[labev] t=454810.162 ev.verify=12.490ms
[labev] t=454810.163 ev.finalize=1.654ms
[labev] t=454810.163 ev.propose=0.002ms
[labev] t=454810.176 ev.verify=12.346ms
[labev] t=454810.177 ev.finalize=1.681ms
[labev] t=454810.178 ev.propose=0.002ms
[labev] t=454810.190 ev.verify=12.299ms
[labev] t=454810.192 ev.finalize=1.681ms
[labev] t=454810.192 ev.propose=0.002ms
[labev] t=454810.204 ev.verify=12.343ms
[labev] t=454810.206 ev.finalize=1.666ms
[labev] t=454810.206 ev.propose=0.002ms
[labev] t=454810.218 ev.verify=12.371ms
[labev] t=454810.220 ev.finalize=1.714ms
[labev] t=454810.220 ev.propose=0.002ms
[labev] t=454810.232 ev.verify=12.359ms
[labev] t=454810.234 ev.finalize=1.649ms
[labev] t=454810.234 ev.propose=0.002ms
[labev] t=454810.247 ev.verify=12.427ms
[labev] t=454810.248 ev.finalize=1.670ms
[labev] t=454810.249 ev.propose=0.002ms
[labev] t=454810.261 ev.verify=12.267ms
[labev] t=454810.263 ev.finalize=1.706ms
[labev] t=454810.263 ev.propose=0.002ms
[labev] t=454810.275 ev.verify=12.310ms
[labev] t=454810.277 ev.finalize=1.673ms
[labev] t=454810.277 ev.propose=0.002ms
[labev] t=454810.289 ev.verify=12.193ms
[labev] t=454810.291 ev.finalize=1.723ms
[labev] t=454810.291 ev.propose=0.002ms
[labev] t=454810.303 ev.verify=12.401ms
[labev] t=454810.305 ev.finalize=1.658ms
[labev] t=454810.305 ev.propose=0.002ms
[labev] t=454810.317 ev.verify=12.346ms
[labev] t=454810.319 ev.finalize=1.683ms
[labev] t=454810.319 ev.propose=0.002ms
[labev] t=454810.331 ev.verify=12.113ms
[labev] t=454810.333 ev.finalize=1.666ms
[labev] t=454810.333 ev.propose=0.002ms
[labev] t=454810.346 ev.verify=12.456ms
[labev] t=454810.347 ev.finalize=1.681ms
[labev] t=454810.347 ev.propose=0.002ms
[labev] t=454810.360 ev.verify=12.327ms
[labev] t=454810.362 ev.finalize=2.335ms
[labev] t=454810.362 ev.propose=0.002ms
[labev] t=454810.375 ev.verify=12.356ms
[labev] t=454810.376 ev.finalize=1.674ms
[labev] t=454810.376 ev.propose=0.002ms
[labev] t=454810.389 ev.verify=12.299ms
[labev] t=454810.391 ev.finalize=1.702ms
[labev] t=454810.391 ev.propose=0.002ms
[labev] t=454810.403 ev.verify=12.187ms
[labev] t=454810.404 ev.finalize=1.578ms
[labev] t=454810.405 ev.propose=0.002ms
[labev] t=454810.417 ev.verify=12.088ms
[labev] t=454810.418 ev.finalize=1.664ms
[labev] t=454810.418 ev.propose=0.002ms
[labev] t=454810.431 ev.verify=12.211ms
[labev] t=454810.432 ev.finalize=1.705ms
[labev] t=454810.432 ev.propose=0.002ms
[labev] t=454810.445 ev.verify=12.253ms
[labev] t=454810.446 ev.finalize=1.616ms
[labev] t=454810.446 ev.propose=0.002ms
[labev] t=454810.459 ev.verify=12.256ms
[labev] t=454810.460 ev.finalize=1.684ms
[labev] t=454810.461 ev.propose=0.002ms
[labev] t=454810.473 ev.verify=12.150ms
[labev] t=454810.474 ev.finalize=1.673ms
[labev] t=454810.475 ev.propose=0.002ms
[labev] t=454810.487 ev.verify=12.393ms
[labev] t=454810.489 ev.finalize=1.668ms
[labev] t=454810.489 ev.propose=0.002ms
[labev] t=454810.501 ev.verify=12.333ms
[labev] t=454810.503 ev.finalize=1.709ms
[labev] t=454810.503 ev.propose=0.002ms
[labev] t=454810.515 ev.verify=12.191ms
[labev] t=454810.517 ev.finalize=1.707ms
[labev] t=454810.517 ev.propose=0.002ms
[labev] t=454810.529 ev.verify=12.138ms
[labev] t=454810.531 ev.finalize=1.656ms
[labev] t=454810.531 ev.propose=0.002ms
[labev] t=454810.543 ev.verify=12.186ms
[labev] t=454810.545 ev.finalize=1.773ms
[labev] t=454810.545 ev.propose=0.002ms
[labev] t=454810.557 ev.verify=12.137ms
[labev] t=454810.559 ev.finalize=1.749ms
[labev] t=454810.559 ev.propose=0.002ms
[labev] t=454810.571 ev.verify=12.436ms
[labev] t=454810.573 ev.finalize=1.708ms
[labev] t=454810.573 ev.propose=0.002ms
[labev] t=454810.586 ev.verify=12.259ms
[labev] t=454810.587 ev.finalize=1.704ms
[labev] t=454810.587 ev.propose=0.002ms
[labev] t=454810.600 ev.verify=12.129ms
[labev] t=454810.602 ev.finalize=2.378ms
[labev] t=454810.602 ev.propose=0.002ms
[labev] t=454810.614 ev.verify=12.361ms
[labev] t=454810.616 ev.finalize=1.706ms
[labev] t=454810.616 ev.propose=0.001ms
[labev] t=454810.629 ev.verify=12.469ms
[labev] t=454810.630 ev.finalize=1.688ms
[labev] t=454810.631 ev.propose=0.002ms
[labev] t=454810.643 ev.verify=12.442ms
[labev] t=454810.645 ev.finalize=1.551ms
[labev] t=454810.645 ev.propose=0.002ms
[labev] t=454810.657 ev.verify=12.366ms
[labev] t=454810.659 ev.finalize=1.707ms
[labev] t=454810.659 ev.propose=0.002ms
[labev] t=454810.671 ev.verify=12.248ms
[labev] t=454810.673 ev.finalize=1.676ms
[labev] t=454810.673 ev.propose=0.002ms
[labev] t=454810.685 ev.verify=12.487ms
[labev] t=454810.687 ev.finalize=1.681ms
[labev] t=454810.687 ev.propose=0.002ms
[labev] t=454810.700 ev.verify=12.483ms
[labev] t=454810.702 ev.finalize=1.687ms
[labev] t=454810.702 ev.propose=0.002ms
[labev] t=454810.714 ev.verify=12.162ms
[labev] t=454810.716 ev.finalize=1.691ms
[labev] t=454810.716 ev.propose=0.002ms
[labev] t=454810.728 ev.verify=12.110ms
[labev] t=454810.729 ev.finalize=1.682ms
[labev] t=454810.730 ev.propose=0.002ms
[labev] t=454810.742 ev.verify=12.144ms
[labev] t=454810.743 ev.finalize=1.705ms
[labev] t=454810.744 ev.propose=0.002ms
[labev] t=454810.756 ev.verify=12.382ms
[labev] t=454810.758 ev.finalize=1.680ms
[labev] t=454810.758 ev.propose=0.002ms
[labev] t=454810.770 ev.verify=12.419ms
[labev] t=454810.772 ev.finalize=1.670ms
[labev] t=454810.772 ev.propose=0.001ms
[labev] t=454810.784 ev.verify=12.273ms
[labev] t=454810.786 ev.finalize=1.647ms
[labev] t=454810.786 ev.propose=0.002ms
[labev] t=454810.798 ev.verify=12.286ms
[labev] t=454810.800 ev.finalize=1.575ms
[labev] t=454810.800 ev.propose=0.002ms
[labev] t=454810.812 ev.verify=12.368ms
[labev] t=454810.814 ev.finalize=1.546ms
[labev] t=454810.814 ev.propose=0.002ms
[labev] t=454810.827 ev.verify=12.542ms
[labev] t=454810.828 ev.finalize=1.667ms
[labev] t=454810.829 ev.propose=0.002ms
[labev] t=454810.841 ev.verify=12.420ms
[labev] t=454810.843 ev.finalize=1.734ms
[labev] t=454810.843 ev.propose=0.002ms
[labev] t=454810.855 ev.verify=12.499ms
[labev] t=454810.858 ev.finalize=2.240ms
[labev] t=454810.858 ev.propose=0.002ms
[labev] t=454810.870 ev.verify=12.415ms
[labev] t=454810.872 ev.finalize=1.676ms
[labev] t=454810.872 ev.propose=0.002ms
[labev] t=454810.884 ev.verify=12.361ms
[labev] t=454810.886 ev.finalize=1.636ms
[labev] t=454810.886 ev.propose=0.002ms
[labev] t=454810.899 ev.verify=12.460ms
[labev] t=454810.900 ev.finalize=1.671ms
[labev] t=454810.900 ev.propose=0.002ms
[labev] t=454810.913 ev.verify=12.117ms
[labev] t=454810.914 ev.finalize=1.677ms
[labev] t=454810.914 ev.propose=0.002ms
[labev] t=454810.927 ev.verify=12.399ms
[labev] t=454810.928 ev.finalize=1.675ms
[labev] t=454810.929 ev.propose=0.002ms
[labev] t=454810.941 ev.verify=12.297ms
[labev] t=454810.942 ev.finalize=1.586ms
[labev] t=454810.943 ev.propose=0.002ms
[labev] t=454810.955 ev.verify=12.183ms
[labev] t=454810.956 ev.finalize=1.677ms
[labev] t=454810.957 ev.propose=0.002ms
[labev] t=454810.972 ev.verify=15.871ms
[labev] t=454810.974 ev.finalize=1.555ms
[labev] t=454814.434 req.start s1-p4096-o512-b1-r0=0.000ms
[labev] t=454814.434 req.handle=0.035ms
[labev] t=454814.454 tok.prepare=19.406ms
event=batching_admitted action=scheduler_admitted
[labprof] d0.performDecode.call=134.856ms/n32 f0.finalize.total=1.689ms/n552 f1.finalize.build=0.469ms/n552 f2.finalize.eval=1.165ms/n552 fc.finalize.call=1.693ms/n552 o1.ord.build=1.139ms/n511 o2.ord.eval=7.279ms/n511 p0.propose=0.002ms/n552 r0.round.interval=14.086ms/n550 s1.native.prefill.target=36.177ms/n9 s1.ord.prefill.target=40.521ms/n8 s2.native.prefill.drafter+eval=212.688ms/n9 s2.ord.prefill.eval=225.679ms/n8 s9.native.prefill.chunk.total=282.515ms/n9 s9.ord.prefill.chunk.total=266.239ms/n8 v0.verify.call=12.253ms/n552 v1.verify.build=1.569ms/n552 v2.verify.eval=10.580ms/n552
[labev] t=454814.765 chunk.native.total=310.893ms
[labev] t=454815.031 chunk.native.total=266.445ms
[labev] t=454815.301 chunk.native.total=269.993ms
[labev] t=454815.574 chunk.native.total=272.108ms
[labev] t=454815.850 chunk.native.total=275.952ms
[labev] t=454816.129 chunk.native.total=279.687ms
[labev] t=454816.412 chunk.native.total=282.255ms
[labev] t=454816.729 chunk.native.total=316.790ms
[labev] t=454816.729 req.firsttoken s1-p4096-o512-b1-r0=2294.501ms
[labev] t=454816.729 ev.propose=0.004ms
[labev] t=454816.741 ev.verify=12.310ms
[labev] t=454816.743 ev.finalize=1.651ms
[labev] t=454816.743 ev.propose=0.098ms
[labev] t=454816.755 ev.verify=12.335ms
[labev] t=454816.757 ev.finalize=1.628ms
[labev] t=454816.757 ev.propose=0.059ms
[labev] t=454816.769 ev.verify=12.187ms
[labev] t=454816.771 ev.finalize=1.612ms
[labev] t=454816.771 ev.propose=0.050ms
[labev] t=454816.783 ev.verify=12.076ms
[labev] t=454816.785 ev.finalize=1.590ms
[labev] t=454816.785 ev.propose=0.055ms
[labev] t=454816.797 ev.verify=12.250ms
[labev] t=454816.799 ev.finalize=1.629ms
[labev] t=454816.799 ev.propose=0.063ms
[labev] t=454816.811 ev.verify=12.248ms
[labev] t=454816.813 ev.finalize=1.627ms
[labev] t=454816.813 ev.propose=0.054ms
[labev] t=454816.826 ev.verify=12.435ms
[labev] t=454816.827 ev.finalize=1.658ms
[labev] t=454816.827 ev.propose=0.080ms
[labev] t=454816.840 ev.verify=12.255ms
[labev] t=454816.841 ev.finalize=1.648ms
[labev] t=454816.842 ev.propose=0.051ms
[labev] t=454816.854 ev.verify=12.044ms
[labev] t=454816.856 ev.finalize=2.270ms
[labev] t=454816.856 ev.propose=0.062ms
[labev] t=454816.869 ev.verify=12.434ms
[labev] t=454816.870 ev.finalize=1.605ms
[labev] t=454816.870 ev.propose=0.051ms
[labev] t=454816.883 ev.verify=12.173ms
[labev] t=454816.884 ev.finalize=1.626ms
[labev] t=454816.884 ev.propose=0.002ms
[labev] t=454816.896 ev.verify=12.190ms
[labev] t=454816.898 ev.finalize=1.532ms
[labev] t=454816.898 ev.propose=0.053ms
[labev] t=454816.910 ev.verify=12.074ms
[labev] t=454816.912 ev.finalize=1.521ms
[labev] t=454816.912 ev.propose=0.002ms
[labev] t=454816.924 ev.verify=12.178ms
[labev] t=454816.926 ev.finalize=1.856ms
[labev] t=454816.926 ev.propose=0.002ms
[labev] t=454816.938 ev.verify=12.231ms
[labev] t=454816.940 ev.finalize=1.517ms
[labev] t=454816.940 ev.propose=0.061ms
[labev] t=454816.952 ev.verify=12.125ms
[labev] t=454816.954 ev.finalize=1.618ms
[labev] t=454816.954 ev.propose=0.074ms
[labev] t=454816.966 ev.verify=12.175ms
[labev] t=454816.968 ev.finalize=1.643ms
[labev] t=454816.968 ev.propose=0.065ms
[labev] t=454816.980 ev.verify=12.109ms
[labev] t=454816.982 ev.finalize=1.601ms
[labev] t=454816.982 ev.propose=0.056ms
[labev] t=454816.994 ev.verify=12.084ms
[labev] t=454816.996 ev.finalize=1.618ms
[labev] t=454816.996 ev.propose=0.069ms
[labev] t=454817.008 ev.verify=12.181ms
[labev] t=454817.010 ev.finalize=1.630ms
[labev] t=454817.010 ev.propose=0.002ms
[labev] t=454817.022 ev.verify=12.127ms
[labev] t=454817.024 ev.finalize=1.635ms
[labev] t=454817.024 ev.propose=0.058ms
[labev] t=454817.036 ev.verify=12.114ms
[labev] t=454817.038 ev.finalize=1.603ms
[labev] t=454817.038 ev.propose=0.002ms
[labev] t=454817.050 ev.verify=12.338ms
[labev] t=454817.052 ev.finalize=1.616ms
[labev] t=454817.052 ev.propose=0.002ms
[labev] t=454817.064 ev.verify=12.136ms
[labev] t=454817.066 ev.finalize=1.640ms
[labev] t=454817.066 ev.propose=0.002ms
[labev] t=454817.078 ev.verify=12.199ms
[labev] t=454817.080 ev.finalize=1.631ms
[labev] t=454817.080 ev.propose=0.002ms
[labev] t=454817.092 ev.verify=12.229ms
[labev] t=454817.094 ev.finalize=2.246ms
[labev] t=454817.094 ev.propose=0.002ms
[labev] t=454817.107 ev.verify=12.248ms
[labev] t=454817.108 ev.finalize=1.661ms
[labev] t=454817.108 ev.propose=0.002ms
[labev] t=454817.121 ev.verify=12.213ms
[labev] t=454817.122 ev.finalize=1.612ms
[labev] t=454817.122 ev.propose=0.002ms
[labev] t=454817.135 ev.verify=12.238ms
[labev] t=454817.136 ev.finalize=1.623ms
[labev] t=454817.136 ev.propose=0.002ms
[labev] t=454817.149 ev.verify=12.221ms
[labev] t=454817.150 ev.finalize=1.618ms
[labev] t=454817.150 ev.propose=0.002ms
[labev] t=454817.163 ev.verify=12.186ms
[labev] t=454817.164 ev.finalize=1.623ms
[labev] t=454817.164 ev.propose=0.002ms
[labev] t=454817.176 ev.verify=12.125ms
[labev] t=454817.178 ev.finalize=1.629ms
[labev] t=454817.178 ev.propose=0.002ms
[labev] t=454817.190 ev.verify=12.178ms
[labev] t=454817.192 ev.finalize=1.639ms
[labev] t=454817.192 ev.propose=0.002ms
[labev] t=454817.204 ev.verify=12.271ms
[labev] t=454817.206 ev.finalize=1.643ms
[labev] t=454817.206 ev.propose=0.002ms
[labev] t=454817.218 ev.verify=12.120ms
[labev] t=454817.220 ev.finalize=1.644ms
[labev] t=454817.220 ev.propose=0.002ms
[labev] t=454817.232 ev.verify=12.105ms
[labev] t=454817.234 ev.finalize=1.642ms
[labev] t=454817.234 ev.propose=0.002ms
[labev] t=454817.246 ev.verify=12.394ms
[labev] t=454817.248 ev.finalize=1.651ms
[labev] t=454817.248 ev.propose=0.002ms
[labev] t=454817.261 ev.verify=12.362ms
[labev] t=454817.262 ev.finalize=1.650ms
[labev] t=454817.262 ev.propose=0.002ms
[labev] t=454817.275 ev.verify=12.149ms
[labev] t=454817.276 ev.finalize=1.644ms
[labev] t=454817.276 ev.propose=0.002ms
[labev] t=454817.288 ev.verify=11.977ms
[labev] t=454817.290 ev.finalize=1.608ms
[labev] t=454817.290 ev.propose=0.002ms
[labev] t=454817.302 ev.verify=12.122ms
[labev] t=454817.304 ev.finalize=1.637ms
[labev] t=454817.304 ev.propose=0.002ms
[labev] t=454817.316 ev.verify=12.284ms
[labev] t=454817.319 ev.finalize=2.275ms
[labev] t=454817.319 ev.propose=0.002ms
[labev] t=454817.331 ev.verify=12.449ms
[labev] t=454817.333 ev.finalize=1.671ms
[labev] t=454817.333 ev.propose=0.002ms
[labev] t=454817.345 ev.verify=12.239ms
[labev] t=454817.347 ev.finalize=1.607ms
[labev] t=454817.347 ev.propose=0.002ms
[labev] t=454817.359 ev.verify=12.050ms
[labev] t=454817.361 ev.finalize=1.629ms
[labev] t=454817.361 ev.propose=0.002ms
[labev] t=454817.373 ev.verify=12.133ms
[labev] t=454817.375 ev.finalize=1.619ms
[labev] t=454817.375 ev.propose=0.002ms
[labev] t=454817.387 ev.verify=12.251ms
[labev] t=454817.389 ev.finalize=1.630ms
[labev] t=454817.389 ev.propose=0.002ms
[labev] t=454817.401 ev.verify=12.166ms
[labev] t=454817.403 ev.finalize=1.633ms
[labev] t=454817.403 ev.propose=0.002ms
[labev] t=454817.415 ev.verify=12.469ms
[labev] t=454817.417 ev.finalize=1.631ms
[labev] t=454817.417 ev.propose=0.002ms
[labev] t=454817.429 ev.verify=12.245ms
[labev] t=454817.431 ev.finalize=1.593ms
[labev] t=454817.431 ev.propose=0.002ms
[labev] t=454817.443 ev.verify=12.252ms
[labev] t=454817.445 ev.finalize=1.620ms
[labev] t=454817.445 ev.propose=0.002ms
[labev] t=454817.457 ev.verify=12.222ms
[labev] t=454817.459 ev.finalize=1.625ms
[labev] t=454817.459 ev.propose=0.002ms
[labev] t=454817.471 ev.verify=12.118ms
[labev] t=454817.473 ev.finalize=1.645ms
[labev] t=454817.473 ev.propose=0.002ms
[labev] t=454817.485 ev.verify=12.235ms
[labev] t=454817.487 ev.finalize=1.628ms
[labev] t=454817.487 ev.propose=0.002ms
[labev] t=454817.499 ev.verify=12.147ms
[labev] t=454817.501 ev.finalize=1.605ms
[labev] t=454817.501 ev.propose=0.002ms
[labev] t=454817.513 ev.verify=12.147ms
[labev] t=454817.515 ev.finalize=1.649ms
[labev] t=454817.515 ev.propose=0.002ms
[labev] t=454817.527 ev.verify=12.269ms
[labev] t=454817.529 ev.finalize=1.609ms
[labev] t=454817.529 ev.propose=0.002ms
[labev] t=454817.541 ev.verify=12.330ms
[labev] t=454817.543 ev.finalize=2.288ms
[labev] t=454817.544 ev.propose=0.002ms
[labev] t=454817.556 ev.verify=12.224ms
[labev] t=454817.557 ev.finalize=1.670ms
[labev] t=454817.558 ev.propose=0.002ms
[labev] t=454817.570 ev.verify=12.296ms
[labev] t=454817.572 ev.finalize=1.631ms
[labev] t=454817.572 ev.propose=0.002ms
[labev] t=454817.584 ev.verify=12.455ms
[labev] t=454817.586 ev.finalize=1.615ms
[labev] t=454817.586 ev.propose=0.002ms
[labev] t=454817.598 ev.verify=12.023ms
[labev] t=454817.600 ev.finalize=1.655ms
[labev] t=454817.600 ev.propose=0.002ms
[labev] t=454817.612 ev.verify=12.363ms
[labev] t=454817.614 ev.finalize=1.643ms
[labev] t=454817.614 ev.propose=0.002ms
[labev] t=454817.626 ev.verify=12.246ms
[labev] t=454817.628 ev.finalize=1.634ms
[labev] t=454817.628 ev.propose=0.002ms
[labev] t=454817.640 ev.verify=12.320ms
[labev] t=454817.642 ev.finalize=1.644ms
[labev] t=454817.642 ev.propose=0.002ms
[labev] t=454817.654 ev.verify=12.037ms
[labev] t=454817.656 ev.finalize=1.605ms
[labev] t=454817.656 ev.propose=0.002ms
[labev] t=454817.668 ev.verify=12.314ms
[labev] t=454817.670 ev.finalize=1.613ms
[labev] t=454817.670 ev.propose=0.002ms
[labev] t=454817.682 ev.verify=12.343ms
[labev] t=454817.684 ev.finalize=1.606ms
[labev] t=454817.684 ev.propose=0.002ms
[labev] t=454817.696 ev.verify=12.307ms
[labev] t=454817.698 ev.finalize=1.634ms
[labev] t=454817.698 ev.propose=0.002ms
[labev] t=454817.710 ev.verify=12.323ms
[labev] t=454817.712 ev.finalize=1.618ms
[labev] t=454817.712 ev.propose=0.002ms
[labev] t=454817.724 ev.verify=12.192ms
[labev] t=454817.726 ev.finalize=1.604ms
[labev] t=454817.726 ev.propose=0.002ms
[labev] t=454817.738 ev.verify=12.161ms
[labev] t=454817.740 ev.finalize=1.617ms
[labev] t=454817.740 ev.propose=0.002ms
[labev] t=454817.752 ev.verify=12.243ms
[labev] t=454817.754 ev.finalize=1.619ms
[labev] t=454817.754 ev.propose=0.002ms
[labev] t=454817.766 ev.verify=12.366ms
[labev] t=454817.769 ev.finalize=2.267ms
[labev] t=454817.769 ev.propose=0.002ms
[labev] t=454817.781 ev.verify=12.444ms
[labev] t=454817.783 ev.finalize=1.647ms
[labev] t=454817.783 ev.propose=0.002ms
[labev] t=454817.795 ev.verify=12.389ms
[labev] t=454817.797 ev.finalize=1.633ms
[labev] t=454817.797 ev.propose=0.002ms
[labev] t=454817.810 ev.verify=12.454ms
[labev] t=454817.811 ev.finalize=1.653ms
[labev] t=454817.812 ev.propose=0.002ms
[labev] t=454817.824 ev.verify=12.222ms
[labev] t=454817.825 ev.finalize=1.633ms
[labev] t=454817.826 ev.propose=0.002ms
[labev] t=454817.838 ev.verify=12.369ms
[labev] t=454817.840 ev.finalize=1.643ms
[labev] t=454817.840 ev.propose=0.002ms
[labev] t=454817.852 ev.verify=12.252ms
[labev] t=454817.854 ev.finalize=1.634ms
[labev] t=454817.854 ev.propose=0.002ms
[labev] t=454817.866 ev.verify=12.327ms
[labev] t=454817.868 ev.finalize=1.617ms
[labev] t=454817.868 ev.propose=0.002ms
[labev] t=454817.880 ev.verify=12.263ms
[labev] t=454817.882 ev.finalize=1.642ms
[labev] t=454817.882 ev.propose=0.002ms
[labev] t=454817.894 ev.verify=12.233ms
[labev] t=454817.896 ev.finalize=1.634ms
[labev] t=454817.896 ev.propose=0.002ms
[labev] t=454817.908 ev.verify=12.340ms
[labev] t=454817.910 ev.finalize=1.643ms
[labev] t=454817.910 ev.propose=0.002ms
[labev] t=454817.922 ev.verify=12.275ms
[labev] t=454817.924 ev.finalize=1.622ms
[labev] t=454817.924 ev.propose=0.002ms
[labev] t=454817.936 ev.verify=12.156ms
[labev] t=454817.938 ev.finalize=1.518ms
[labev] t=454817.938 ev.propose=0.002ms
[labev] t=454817.950 ev.verify=12.291ms
[labev] t=454817.952 ev.finalize=1.534ms
[labev] t=454817.952 ev.propose=0.002ms
[labev] t=454817.964 ev.verify=12.347ms
[labev] t=454817.966 ev.finalize=1.582ms
[labev] t=454817.966 ev.propose=0.002ms
[labev] t=454817.978 ev.verify=12.212ms
[labev] t=454817.980 ev.finalize=1.655ms
[labev] t=454817.980 ev.propose=0.002ms
[labev] t=454817.992 ev.verify=12.010ms
[labev] t=454817.994 ev.finalize=1.692ms
[labev] t=454817.994 ev.propose=0.002ms
[labev] t=454818.006 ev.verify=12.264ms
[labev] t=454818.008 ev.finalize=1.658ms
[labev] t=454818.008 ev.propose=0.002ms
[labev] t=454818.020 ev.verify=12.234ms
[labev] t=454818.022 ev.finalize=2.263ms
[labev] t=454818.022 ev.propose=0.002ms
[labev] t=454818.035 ev.verify=12.145ms
[labev] t=454818.036 ev.finalize=1.558ms
[labev] t=454818.036 ev.propose=0.002ms
[labev] t=454818.049 ev.verify=12.351ms
[labev] t=454818.050 ev.finalize=1.658ms
[labev] t=454818.051 ev.propose=0.002ms
[labev] t=454818.063 ev.verify=12.287ms
[labev] t=454818.064 ev.finalize=1.539ms
[labev] t=454818.064 ev.propose=0.002ms
[labev] t=454818.077 ev.verify=12.170ms
[labev] t=454818.078 ev.finalize=1.652ms
[labev] t=454818.078 ev.propose=0.002ms
[labev] t=454818.091 ev.verify=12.119ms
[labev] t=454818.092 ev.finalize=1.673ms
[labev] t=454818.092 ev.propose=0.002ms
[labev] t=454818.105 ev.verify=12.208ms
[labev] t=454818.106 ev.finalize=1.650ms
[labev] t=454818.106 ev.propose=0.002ms
[labev] t=454818.119 ev.verify=12.154ms
[labev] t=454818.120 ev.finalize=1.642ms
[labev] t=454818.120 ev.propose=0.002ms
[labev] t=454818.133 ev.verify=12.283ms
[labev] t=454818.134 ev.finalize=1.648ms
[labev] t=454818.134 ev.propose=0.002ms
[labev] t=454818.147 ev.verify=12.283ms
[labev] t=454818.148 ev.finalize=1.644ms
[labev] t=454818.148 ev.propose=0.002ms
[labev] t=454818.161 ev.verify=12.317ms
[labev] t=454818.162 ev.finalize=1.639ms
[labev] t=454818.163 ev.propose=0.002ms
[labev] t=454818.175 ev.verify=12.299ms
[labev] t=454818.177 ev.finalize=1.651ms
[labev] t=454818.177 ev.propose=0.002ms
[labev] t=454818.189 ev.verify=12.210ms
[labev] t=454818.191 ev.finalize=1.644ms
[labev] t=454818.191 ev.propose=0.002ms
[labev] t=454818.203 ev.verify=12.158ms
[labev] t=454818.205 ev.finalize=1.638ms
[labev] t=454818.205 ev.propose=0.002ms
[labev] t=454818.217 ev.verify=12.367ms
[labev] t=454818.219 ev.finalize=1.667ms
[labev] t=454818.219 ev.propose=0.002ms
[labev] t=454818.231 ev.verify=12.146ms
[labev] t=454818.233 ev.finalize=1.663ms
[labev] t=454818.233 ev.propose=0.002ms
[labev] t=454818.245 ev.verify=12.128ms
[labev] t=454818.247 ev.finalize=1.681ms
[labev] t=454818.247 ev.propose=0.002ms
[labev] t=454818.259 ev.verify=12.188ms
[labev] t=454818.261 ev.finalize=2.296ms
[labev] t=454818.261 ev.propose=0.002ms
[labev] t=454818.274 ev.verify=12.344ms
[labev] t=454818.275 ev.finalize=1.671ms
[labev] t=454818.276 ev.propose=0.002ms
[labev] t=454818.288 ev.verify=12.351ms
[labev] t=454818.290 ev.finalize=1.645ms
[labev] t=454818.290 ev.propose=0.002ms
[labev] t=454818.302 ev.verify=12.140ms
[labev] t=454818.304 ev.finalize=1.649ms
[labev] t=454818.304 ev.propose=0.002ms
[labev] t=454818.316 ev.verify=12.158ms
[labev] t=454818.317 ev.finalize=1.643ms
[labev] t=454818.318 ev.propose=0.002ms
[labev] t=454818.330 ev.verify=12.365ms
[labev] t=454818.332 ev.finalize=1.645ms
[labev] t=454818.332 ev.propose=0.002ms
[labev] t=454818.344 ev.verify=12.408ms
[labev] t=454818.346 ev.finalize=1.649ms
[labev] t=454818.346 ev.propose=0.002ms
[labev] t=454818.358 ev.verify=12.350ms
[labev] t=454818.360 ev.finalize=1.702ms
[labev] t=454818.360 ev.propose=0.002ms
[labev] t=454818.372 ev.verify=12.030ms
[labev] t=454818.374 ev.finalize=1.738ms
[labev] t=454818.374 ev.propose=0.002ms
[labev] t=454818.386 ev.verify=12.374ms
[labev] t=454818.388 ev.finalize=1.716ms
[labev] t=454818.388 ev.propose=0.002ms
[labev] t=454818.401 ev.verify=12.357ms
[labev] t=454818.402 ev.finalize=1.632ms
[labev] t=454818.402 ev.propose=0.002ms
[labev] t=454818.415 ev.verify=12.167ms
[labev] t=454818.416 ev.finalize=1.653ms
[labev] t=454818.416 ev.propose=0.002ms
[labev] t=454818.429 ev.verify=12.379ms
[labev] t=454818.430 ev.finalize=1.657ms
[labev] t=454818.431 ev.propose=0.002ms
[labev] t=454818.443 ev.verify=12.355ms
[labev] t=454818.445 ev.finalize=1.635ms
[labev] t=454818.445 ev.propose=0.002ms
[labev] t=454818.457 ev.verify=12.280ms
[labev] t=454818.459 ev.finalize=1.669ms
[labev] t=454818.459 ev.propose=0.002ms
[labev] t=454818.471 ev.verify=12.427ms
[labev] t=454818.473 ev.finalize=1.657ms
[labev] t=454818.473 ev.propose=0.002ms
[labev] t=454818.485 ev.verify=12.264ms
[labev] t=454818.488 ev.finalize=2.306ms
[labev] t=454818.488 ev.propose=0.002ms
[labev] t=454818.500 ev.verify=12.395ms
[labev] t=454818.502 ev.finalize=1.651ms
[labev] t=454818.502 ev.propose=0.002ms
[labev] t=454818.514 ev.verify=12.205ms
[labev] t=454818.516 ev.finalize=1.642ms
[labev] t=454818.516 ev.propose=0.002ms
[labev] t=454818.528 ev.verify=12.402ms
[labev] t=454818.530 ev.finalize=1.637ms
[labev] t=454818.530 ev.propose=0.002ms
[labev] t=454818.542 ev.verify=12.357ms
[labev] t=454818.544 ev.finalize=1.642ms
[labev] t=454818.544 ev.propose=0.002ms
[labev] t=454818.557 ev.verify=12.370ms
[labev] t=454818.558 ev.finalize=1.639ms
[labev] t=454818.558 ev.propose=0.002ms
[labev] t=454818.571 ev.verify=12.138ms
[labev] t=454818.572 ev.finalize=1.659ms
[labev] t=454818.572 ev.propose=0.002ms
[labev] t=454818.585 ev.verify=12.439ms
[labev] t=454818.587 ev.finalize=1.643ms
[labev] t=454818.587 ev.propose=0.002ms
[labev] t=454818.599 ev.verify=12.305ms
[labev] t=454818.601 ev.finalize=1.648ms
[labev] t=454818.601 ev.propose=0.002ms
[labev] t=454818.613 ev.verify=12.347ms
[labev] t=454818.615 ev.finalize=1.653ms
[labev] t=454818.615 ev.propose=0.002ms
[labev] t=454818.627 ev.verify=12.251ms
[labev] t=454818.629 ev.finalize=1.661ms
[labev] t=454818.629 ev.propose=0.002ms
[labev] t=454818.641 ev.verify=12.291ms
[labev] t=454818.643 ev.finalize=1.652ms
[labev] t=454818.643 ev.propose=0.002ms
[labev] t=454818.655 ev.verify=12.301ms
[labev] t=454818.657 ev.finalize=1.672ms
[labev] t=454818.657 ev.propose=0.002ms
[labev] t=454818.669 ev.verify=12.318ms
[labev] t=454818.671 ev.finalize=1.720ms
[labev] t=454818.671 ev.propose=0.002ms
[labev] t=454818.684 ev.verify=12.260ms
[labev] t=454818.685 ev.finalize=1.663ms
[labev] t=454818.685 ev.propose=0.002ms
[labev] t=454818.697 ev.verify=12.073ms
[labev] t=454818.699 ev.finalize=1.620ms
[labev] t=454818.699 ev.propose=0.002ms
[labev] t=454818.712 ev.verify=12.239ms
[labev] t=454818.714 ev.finalize=2.251ms
[labev] t=454818.714 ev.propose=0.002ms
[labev] t=454818.726 ev.verify=12.391ms
[labev] t=454818.728 ev.finalize=1.543ms
[labev] t=454818.728 ev.propose=0.002ms
[labev] t=454818.740 ev.verify=12.341ms
[labev] t=454818.742 ev.finalize=1.647ms
[labev] t=454818.742 ev.propose=0.002ms
[labev] t=454818.754 ev.verify=12.249ms
[labev] t=454818.756 ev.finalize=1.661ms
[labev] t=454818.756 ev.propose=0.002ms
[labev] t=454818.768 ev.verify=12.106ms
[labev] t=454818.770 ev.finalize=1.665ms
[labev] t=454818.770 ev.propose=0.002ms
[labev] t=454818.782 ev.verify=12.306ms
[labev] t=454818.784 ev.finalize=1.660ms
[labev] t=454818.784 ev.propose=0.002ms
[labev] t=454818.797 ev.verify=12.251ms
[labev] t=454818.798 ev.finalize=1.637ms
[labev] t=454818.798 ev.propose=0.002ms
[labev] t=454818.811 ev.verify=12.255ms
[labev] t=454818.812 ev.finalize=1.677ms
[labev] t=454818.812 ev.propose=0.002ms
[labev] t=454818.825 ev.verify=12.246ms
[labev] t=454818.826 ev.finalize=1.652ms
[labev] t=454818.826 ev.propose=0.002ms
[labev] t=454818.839 ev.verify=12.314ms
[labev] t=454818.840 ev.finalize=1.658ms
[labev] t=454818.841 ev.propose=0.002ms
[labev] t=454818.853 ev.verify=12.199ms
[labev] t=454818.854 ev.finalize=1.713ms
[labev] t=454818.855 ev.propose=0.002ms
[labev] t=454818.867 ev.verify=12.355ms
[labev] t=454818.869 ev.finalize=1.675ms
[labev] t=454818.869 ev.propose=0.002ms
[labev] t=454818.881 ev.verify=12.115ms
[labev] t=454818.883 ev.finalize=1.655ms
[labev] t=454818.883 ev.propose=0.001ms
[labev] t=454818.895 ev.verify=12.424ms
[labev] t=454818.897 ev.finalize=1.552ms
[labev] t=454818.897 ev.propose=0.002ms
[labev] t=454818.909 ev.verify=12.273ms
[labev] t=454818.911 ev.finalize=1.560ms
[labev] t=454818.911 ev.propose=0.002ms
[labev] t=454818.923 ev.verify=12.204ms
[labev] t=454818.925 ev.finalize=1.580ms
[labev] t=454818.925 ev.propose=0.002ms
[labev] t=454818.937 ev.verify=12.315ms
[labev] t=454818.939 ev.finalize=1.691ms
[labev] t=454818.939 ev.propose=0.002ms
[labev] t=454818.951 ev.verify=12.259ms
[labev] t=454818.953 ev.finalize=1.688ms
[labev] t=454818.953 ev.propose=0.002ms
[labev] t=454818.965 ev.verify=12.260ms
[labev] t=454818.968 ev.finalize=2.318ms
[labev] t=454818.968 ev.propose=0.002ms
[labev] t=454818.980 ev.verify=12.366ms
[labev] t=454818.982 ev.finalize=1.664ms
[labev] t=454818.982 ev.propose=0.002ms
[labev] t=454818.994 ev.verify=12.226ms
[labev] t=454818.996 ev.finalize=1.666ms
[labev] t=454818.996 ev.propose=0.002ms
[labev] t=454819.008 ev.verify=12.110ms
[labev] t=454819.010 ev.finalize=1.625ms
[labev] t=454819.010 ev.propose=0.001ms
[labev] t=454819.022 ev.verify=12.325ms
[labev] t=454819.024 ev.finalize=1.635ms
[labev] t=454819.024 ev.propose=0.002ms
[labev] t=454819.036 ev.verify=12.404ms
[labev] t=454819.038 ev.finalize=1.552ms
[labev] t=454819.038 ev.propose=0.002ms
[labev] t=454819.050 ev.verify=12.320ms
[labev] t=454819.052 ev.finalize=1.656ms
[labev] t=454819.052 ev.propose=0.002ms
[labev] t=454819.064 ev.verify=12.191ms
[labev] t=454819.066 ev.finalize=1.677ms
[labev] t=454819.066 ev.propose=0.002ms
[labev] t=454819.078 ev.verify=12.273ms
[labev] t=454819.080 ev.finalize=1.666ms
[labev] t=454819.080 ev.propose=0.002ms
[labev] t=454819.093 ev.verify=12.301ms
[labev] t=454819.094 ev.finalize=1.663ms
[labev] t=454819.094 ev.propose=0.002ms
[labev] t=454819.107 ev.verify=12.294ms
[labev] t=454819.108 ev.finalize=1.672ms
[labev] t=454819.108 ev.propose=0.002ms
[labev] t=454819.121 ev.verify=12.339ms
[labev] t=454819.122 ev.finalize=1.644ms
[labev] t=454819.123 ev.propose=0.002ms
[labev] t=454819.135 ev.verify=12.249ms
[labev] t=454819.136 ev.finalize=1.542ms
[labev] t=454819.137 ev.propose=0.002ms
[labev] t=454819.149 ev.verify=12.210ms
[labev] t=454819.150 ev.finalize=1.557ms
[labev] t=454819.150 ev.propose=0.002ms
[labev] t=454819.163 ev.verify=12.120ms
[labev] t=454819.164 ev.finalize=1.671ms
[labev] t=454819.164 ev.propose=0.002ms
[labev] t=454819.177 ev.verify=12.282ms
[labev] t=454819.178 ev.finalize=1.648ms
[labev] t=454819.179 ev.propose=0.002ms
[labev] t=454819.191 ev.verify=12.142ms
[labev] t=454819.193 ev.finalize=1.880ms
[labev] t=454819.193 ev.propose=0.002ms
[labev] t=454819.205 ev.verify=12.203ms
[labev] t=454819.207 ev.finalize=1.668ms
[labev] t=454819.207 ev.propose=0.002ms
[labev] t=454819.219 ev.verify=12.187ms
[labev] t=454819.221 ev.finalize=2.348ms
[labev] t=454819.221 ev.propose=0.002ms
[labev] t=454819.234 ev.verify=12.388ms
[labev] t=454819.236 ev.finalize=1.649ms
[labev] t=454819.236 ev.propose=0.002ms
[labev] t=454819.248 ev.verify=12.555ms
[labev] t=454819.250 ev.finalize=1.631ms
[labev] t=454819.250 ev.propose=0.002ms
[labev] t=454819.262 ev.verify=12.153ms
[labev] t=454819.264 ev.finalize=1.667ms
[labev] t=454819.264 ev.propose=0.002ms
[labev] t=454819.276 ev.verify=12.312ms
[labev] t=454819.278 ev.finalize=1.580ms
[labev] t=454819.278 ev.propose=0.002ms
[labev] t=454819.290 ev.verify=12.198ms
[labev] t=454819.292 ev.finalize=1.562ms
[labev] t=454819.292 ev.propose=0.002ms
[labev] t=454819.304 ev.verify=12.165ms
[labev] t=454819.306 ev.finalize=1.702ms
[labev] t=454819.306 ev.propose=0.002ms
[labev] t=454819.318 ev.verify=12.256ms
[labev] t=454819.320 ev.finalize=1.665ms
[labev] t=454819.320 ev.propose=0.002ms
[labev] t=454819.333 ev.verify=12.548ms
[labev] t=454819.334 ev.finalize=1.538ms
[labev] t=454819.334 ev.propose=0.002ms
[labev] t=454819.347 ev.verify=12.298ms
[labev] t=454819.348 ev.finalize=1.528ms
[labev] t=454819.348 ev.propose=0.002ms
[labev] t=454819.361 ev.verify=12.533ms
[labev] t=454819.363 ev.finalize=1.691ms
[labev] t=454819.363 ev.propose=0.002ms
[labev] t=454819.375 ev.verify=12.562ms
[labev] t=454819.377 ev.finalize=1.625ms
[labev] t=454819.377 ev.propose=0.002ms
[labev] t=454819.389 ev.verify=12.415ms
[labev] t=454819.391 ev.finalize=1.665ms
[labev] t=454819.391 ev.propose=0.002ms
[labev] t=454819.403 ev.verify=12.242ms
[labev] t=454819.405 ev.finalize=1.689ms
[labev] t=454819.405 ev.propose=0.002ms
[labev] t=454819.418 ev.verify=12.396ms
[labev] t=454819.419 ev.finalize=1.641ms
[labev] t=454819.419 ev.propose=0.002ms
[labev] t=454819.432 ev.verify=12.283ms
[labev] t=454819.433 ev.finalize=1.657ms
[labev] t=454819.434 ev.propose=0.002ms
[labev] t=454819.446 ev.verify=12.425ms
[labev] t=454819.448 ev.finalize=1.634ms
[labev] t=454819.448 ev.propose=0.002ms
[labev] t=454819.460 ev.verify=12.131ms
[labev] t=454819.462 ev.finalize=1.648ms
[labev] t=454819.462 ev.propose=0.002ms
[labev] t=454819.474 ev.verify=12.362ms
[labev] t=454819.476 ev.finalize=2.338ms
[labev] t=454819.477 ev.propose=0.002ms
[labev] t=454819.489 ev.verify=12.354ms
[labev] t=454819.491 ev.finalize=1.665ms
[labev] t=454819.491 ev.propose=0.002ms
[labev] t=454819.503 ev.verify=12.160ms
[labev] t=454819.505 ev.finalize=1.678ms
[labev] t=454819.505 ev.propose=0.002ms
[labev] t=454819.517 ev.verify=12.290ms
[labev] t=454819.519 ev.finalize=1.574ms
[labev] t=454819.519 ev.propose=0.002ms
[labev] t=454819.531 ev.verify=12.317ms
[labev] t=454819.533 ev.finalize=1.667ms
[labev] t=454819.533 ev.propose=0.002ms
[labev] t=454819.545 ev.verify=12.255ms
[labev] t=454819.547 ev.finalize=1.657ms
[labev] t=454819.547 ev.propose=0.002ms
[labev] t=454819.560 ev.verify=12.502ms
[labev] t=454819.561 ev.finalize=1.651ms
[labev] t=454819.561 ev.propose=0.002ms
[labev] t=454819.574 ev.verify=12.362ms
[labev] t=454819.575 ev.finalize=1.549ms
[labev] t=454819.575 ev.propose=0.002ms
[labev] t=454819.588 ev.verify=12.193ms
[labev] t=454819.589 ev.finalize=1.659ms
[labev] t=454819.589 ev.propose=0.002ms
[labev] t=454819.602 ev.verify=12.671ms
[labev] t=454819.604 ev.finalize=1.664ms
[labev] t=454819.604 ev.propose=0.002ms
[labev] t=454819.616 ev.verify=12.269ms
[labev] t=454819.618 ev.finalize=1.670ms
[labev] t=454819.618 ev.propose=0.002ms
[labev] t=454819.630 ev.verify=12.477ms
[labev] t=454819.632 ev.finalize=1.657ms
[labev] t=454819.632 ev.propose=0.002ms
[labev] t=454819.644 ev.verify=12.174ms
[labev] t=454819.646 ev.finalize=1.679ms
[labev] t=454819.646 ev.propose=0.002ms
[labev] t=454819.659 ev.verify=12.295ms
[labev] t=454819.660 ev.finalize=1.658ms
[labev] t=454819.660 ev.propose=0.002ms
[labev] t=454819.673 ev.verify=12.456ms
[labev] t=454819.675 ev.finalize=1.641ms
[labev] t=454819.675 ev.propose=0.002ms
[labev] t=454819.687 ev.verify=12.162ms
[labev] t=454819.689 ev.finalize=1.691ms
[labev] t=454819.689 ev.propose=0.002ms
[labev] t=454819.701 ev.verify=12.265ms
[labev] t=454819.703 ev.finalize=1.688ms
[labev] t=454819.703 ev.propose=0.002ms
[labev] t=454819.715 ev.verify=12.129ms
[labev] t=454819.717 ev.finalize=2.293ms
[labev] t=454819.717 ev.propose=0.002ms
[labev] t=454819.730 ev.verify=12.203ms
[labev] t=454819.731 ev.finalize=1.678ms
[labev] t=454819.731 ev.propose=0.002ms
[labev] t=454819.744 ev.verify=12.298ms
[labev] t=454819.745 ev.finalize=1.660ms
[labev] t=454819.746 ev.propose=0.002ms
[labev] t=454819.758 ev.verify=12.380ms
[labev] t=454819.760 ev.finalize=1.652ms
[labev] t=454819.760 ev.propose=0.002ms
[labev] t=454819.772 ev.verify=12.418ms
[labev] t=454819.774 ev.finalize=1.678ms
[labev] t=454819.774 ev.propose=0.002ms
[labev] t=454819.786 ev.verify=12.198ms
[labev] t=454819.788 ev.finalize=1.625ms
[labev] t=454819.788 ev.propose=0.002ms
[labev] t=454819.800 ev.verify=12.414ms
[labev] t=454819.802 ev.finalize=1.658ms
[labev] t=454819.802 ev.propose=0.002ms
[labev] t=454819.815 ev.verify=12.458ms
[labev] t=454819.816 ev.finalize=1.679ms
[labev] t=454819.816 ev.propose=0.002ms
[labev] t=454819.829 ev.verify=12.333ms
[labev] t=454819.830 ev.finalize=1.563ms
[labev] t=454819.831 ev.propose=0.002ms
[labev] t=454819.843 ev.verify=12.309ms
[labev] t=454819.845 ev.finalize=1.648ms
[labev] t=454819.845 ev.propose=0.002ms
[labev] t=454819.857 ev.verify=12.515ms
[labev] t=454819.859 ev.finalize=1.657ms
[labev] t=454819.859 ev.propose=0.002ms
[labev] t=454819.871 ev.verify=12.184ms
[labev] t=454819.873 ev.finalize=1.669ms
[labev] t=454819.873 ev.propose=0.002ms
[labev] t=454819.885 ev.verify=12.440ms
[labev] t=454819.887 ev.finalize=1.660ms
[labev] t=454819.887 ev.propose=0.002ms
[labev] t=454819.900 ev.verify=12.409ms
[labev] t=454819.901 ev.finalize=1.676ms
[labev] t=454819.901 ev.propose=0.002ms
[labev] t=454819.914 ev.verify=12.437ms
[labev] t=454819.916 ev.finalize=1.647ms
[labev] t=454819.916 ev.propose=0.002ms
[labev] t=454819.928 ev.verify=12.350ms
[labev] t=454819.930 ev.finalize=1.649ms
[labev] t=454819.930 ev.propose=0.002ms
[labev] t=454819.942 ev.verify=12.140ms
[labev] t=454819.944 ev.finalize=2.316ms
[labev] t=454819.944 ev.propose=0.002ms
[labev] t=454819.957 ev.verify=12.274ms
[labev] t=454819.958 ev.finalize=1.710ms
[labev] t=454819.959 ev.propose=0.002ms
[labev] t=454819.971 ev.verify=12.281ms
[labev] t=454819.973 ev.finalize=1.669ms
[labev] t=454819.973 ev.propose=0.002ms
[labev] t=454819.985 ev.verify=12.260ms
[labev] t=454819.987 ev.finalize=1.664ms
[labev] t=454819.987 ev.propose=0.002ms
[labev] t=454819.999 ev.verify=12.009ms
[labev] t=454820.000 ev.finalize=1.691ms
[labev] t=454820.001 ev.propose=0.002ms
[labev] t=454820.013 ev.verify=12.184ms
[labev] t=454820.014 ev.finalize=1.563ms
[labev] t=454820.015 ev.propose=0.002ms
[labev] t=454820.027 ev.verify=12.283ms
[labev] t=454820.029 ev.finalize=1.708ms
[labev] t=454820.029 ev.propose=0.002ms
[labev] t=454820.041 ev.verify=12.348ms
[labev] t=454820.043 ev.finalize=1.668ms
[labev] t=454820.043 ev.propose=0.002ms
[labev] t=454820.055 ev.verify=12.084ms
[labev] t=454820.057 ev.finalize=1.652ms
[labev] t=454820.057 ev.propose=0.002ms
[labev] t=454820.069 ev.verify=12.312ms
[labev] t=454820.071 ev.finalize=1.652ms
[labev] t=454820.071 ev.propose=0.002ms
[labev] t=454820.083 ev.verify=12.015ms
[labev] t=454820.085 ev.finalize=1.654ms
[labev] t=454820.085 ev.propose=0.002ms
[labev] t=454820.097 ev.verify=12.304ms
[labev] t=454820.099 ev.finalize=1.685ms
[labev] t=454820.099 ev.propose=0.002ms
[labev] t=454820.111 ev.verify=12.236ms
[labev] t=454820.113 ev.finalize=1.660ms
[labev] t=454820.113 ev.propose=0.002ms
[labev] t=454820.125 ev.verify=12.183ms
[labev] t=454820.127 ev.finalize=1.683ms
[labev] t=454820.127 ev.propose=0.002ms
[labev] t=454820.139 ev.verify=12.237ms
[labev] t=454820.141 ev.finalize=1.556ms
[labev] t=454820.141 ev.propose=0.002ms
[labev] t=454820.153 ev.verify=12.461ms
[labev] t=454820.155 ev.finalize=1.668ms
[labev] t=454820.155 ev.propose=0.002ms
[labev] t=454820.167 ev.verify=12.247ms
[labev] t=454820.169 ev.finalize=1.684ms
[labev] t=454820.169 ev.propose=0.002ms
[labev] t=454820.182 ev.verify=12.354ms
[labev] t=454820.184 ev.finalize=2.348ms
[labev] t=454820.184 ev.propose=0.002ms
[labev] t=454820.196 ev.verify=12.450ms
[labev] t=454820.198 ev.finalize=1.680ms
[labev] t=454820.198 ev.propose=0.002ms
[labev] t=454820.211 ev.verify=12.376ms
[labev] t=454820.212 ev.finalize=1.656ms
[labev] t=454820.212 ev.propose=0.002ms
[labev] t=454820.225 ev.verify=12.247ms
[labev] t=454820.226 ev.finalize=1.658ms
[labev] t=454820.227 ev.propose=0.002ms
[labev] t=454820.239 ev.verify=12.296ms
[labev] t=454820.241 ev.finalize=1.665ms
[labev] t=454820.241 ev.propose=0.002ms
[labev] t=454820.253 ev.verify=12.234ms
[labev] t=454820.255 ev.finalize=1.660ms
[labev] t=454820.255 ev.propose=0.002ms
[labev] t=454820.267 ev.verify=12.265ms
[labev] t=454820.269 ev.finalize=1.676ms
[labev] t=454820.269 ev.propose=0.002ms
[labev] t=454820.281 ev.verify=12.469ms
[labev] t=454820.283 ev.finalize=1.653ms
[labev] t=454820.283 ev.propose=0.002ms
[labev] t=454820.295 ev.verify=12.175ms
[labev] t=454820.297 ev.finalize=1.673ms
[labev] t=454820.297 ev.propose=0.002ms
[labev] t=454820.309 ev.verify=12.311ms
[labev] t=454820.311 ev.finalize=1.557ms
[labev] t=454820.311 ev.propose=0.002ms
[labev] t=454820.323 ev.verify=12.239ms
[labev] t=454820.325 ev.finalize=1.669ms
[labev] t=454820.325 ev.propose=0.002ms
[labev] t=454820.338 ev.verify=12.395ms
[labev] t=454820.339 ev.finalize=1.661ms
[labev] t=454820.339 ev.propose=0.002ms
[labev] t=454820.352 ev.verify=12.205ms
[labev] t=454820.353 ev.finalize=1.650ms
[labev] t=454820.353 ev.propose=0.002ms
[labev] t=454820.366 ev.verify=12.229ms
[labev] t=454820.367 ev.finalize=1.653ms
[labev] t=454820.368 ev.propose=0.002ms
[labev] t=454820.380 ev.verify=12.357ms
[labev] t=454820.382 ev.finalize=1.697ms
[labev] t=454820.382 ev.propose=0.002ms
[labev] t=454820.394 ev.verify=12.447ms
[labev] t=454820.396 ev.finalize=1.652ms
[labev] t=454820.396 ev.propose=0.002ms
[labev] t=454820.408 ev.verify=12.150ms
[labev] t=454820.410 ev.finalize=1.678ms
[labev] t=454820.410 ev.propose=0.002ms
[labev] t=454820.422 ev.verify=12.306ms
[labev] t=454820.425 ev.finalize=2.236ms
[labev] t=454820.425 ev.propose=0.002ms
[labev] t=454820.437 ev.verify=12.349ms
[labev] t=454820.439 ev.finalize=1.586ms
[labev] t=454820.439 ev.propose=0.002ms
[labev] t=454820.451 ev.verify=12.392ms
[labev] t=454820.453 ev.finalize=1.695ms
[labev] t=454820.453 ev.propose=0.002ms
[labev] t=454820.465 ev.verify=12.244ms
[labev] t=454820.467 ev.finalize=1.563ms
[labev] t=454820.467 ev.propose=0.002ms
[labev] t=454820.479 ev.verify=12.453ms
[labev] t=454820.481 ev.finalize=1.681ms
[labev] t=454820.481 ev.propose=0.002ms
[labev] t=454820.494 ev.verify=12.441ms
[labev] t=454820.495 ev.finalize=1.552ms
[labev] t=454820.495 ev.propose=0.002ms
[labev] t=454820.508 ev.verify=12.387ms
[labev] t=454820.509 ev.finalize=1.524ms
[labev] t=454820.509 ev.propose=0.002ms
[labev] t=454820.522 ev.verify=12.349ms
[labev] t=454820.524 ev.finalize=1.669ms
[labev] t=454820.524 ev.propose=0.002ms
[labev] t=454820.536 ev.verify=12.393ms
[labev] t=454820.538 ev.finalize=1.666ms
[labev] t=454820.538 ev.propose=0.002ms
[labev] t=454820.547 ev.verify=8.644ms
[labev] t=454820.548 ev.finalize=1.506ms
[labev] t=454820.549 req.start s1-p4096-o512-b1-r0=0.000ms
[labev] t=454820.549 req.handle=0.013ms
[labev] t=454820.569 tok.prepare=20.027ms
event=batching_admitted action=scheduler_admitted
[labev] t=454820.822 chunk.ord.total=252.753ms
[labev] t=454821.075 chunk.ord.total=252.146ms
[labev] t=454821.330 chunk.ord.total=255.312ms
[labev] t=454821.587 chunk.ord.total=257.119ms
[labev] t=454821.848 chunk.ord.total=260.540ms
[labev] t=454822.110 chunk.ord.total=261.703ms
[labev] t=454822.376 chunk.ord.total=266.214ms
[labev] t=454822.683 chunk.ord.total=306.727ms
[labev] t=454822.683 req.firsttoken s1-p4096-o512-b1-r0=2133.566ms
[labev] t=454822.820 ev.decode.rows1.cap0=137.152ms
[labev] t=454822.955 ev.decode.rows1.cap0=135.448ms
[labev] t=454823.091 ev.decode.rows1.cap0=135.297ms
[labev] t=454823.226 ev.decode.rows1.cap0=135.188ms
[labev] t=454823.361 ev.decode.rows1.cap0=134.944ms
[labev] t=454823.496 ev.decode.rows1.cap0=135.072ms
[labev] t=454823.632 ev.decode.rows1.cap0=135.326ms
[labev] t=454823.767 ev.decode.rows1.cap0=135.350ms
[labev] t=454823.903 ev.decode.rows1.cap0=135.469ms
[labev] t=454824.039 ev.decode.rows1.cap0=135.728ms
[labev] t=454824.174 ev.decode.rows1.cap0=135.185ms
[labev] t=454824.310 ev.decode.rows1.cap0=135.558ms
[labev] t=454824.445 ev.decode.rows1.cap0=135.552ms
[labev] t=454824.581 ev.decode.rows1.cap0=135.282ms
[labev] t=454824.716 ev.decode.rows1.cap0=135.271ms
[labev] t=454824.851 ev.decode.rows1.cap0=135.089ms
[labev] t=454824.986 ev.decode.rows1.cap0=135.278ms
[labev] t=454825.122 ev.decode.rows1.cap0=135.300ms
[labev] t=454825.258 ev.decode.rows1.cap0=135.549ms
[labev] t=454825.393 ev.decode.rows1.cap0=135.522ms
[labev] t=454825.530 ev.decode.rows1.cap0=136.734ms
[labev] t=454825.667 ev.decode.rows1.cap0=136.562ms
[labev] t=454825.802 ev.decode.rows1.cap0=135.447ms
[labev] t=454825.938 ev.decode.rows1.cap0=135.529ms
[labev] t=454826.074 ev.decode.rows1.cap0=135.645ms
[labev] t=454826.210 ev.decode.rows1.cap0=135.956ms
[labev] t=454826.345 ev.decode.rows1.cap0=135.708ms
[labev] t=454826.481 ev.decode.rows1.cap0=135.587ms
[labev] t=454826.624 ev.decode.rows1.cap0=142.292ms
[labev] t=454826.769 ev.decode.rows1.cap0=145.226ms
[labev] t=454826.905 ev.decode.rows1.cap0=136.168ms
[labev] t=454827.033 ev.decode.rows1.cap0=127.877ms
[labev] t=454830.451 req.start s1-p4096-o512-b2-r0=0.001ms
[labev] t=454830.451 req.handle=0.085ms
[labev] t=454830.471 tok.prepare=19.842ms
event=batching_admitted action=scheduler_admitted
[labev] t=454830.792 chunk.native.total=320.203ms
[labev] t=454831.058 chunk.native.total=266.186ms
[labev] t=454831.328 chunk.native.total=269.850ms
[labev] t=454831.601 chunk.native.total=272.534ms
[labev] t=454831.878 chunk.native.total=276.928ms
[labev] t=454832.155 chunk.native.total=277.211ms
[labev] t=454832.435 chunk.native.total=280.289ms
[labev] t=454832.750 chunk.native.total=314.730ms
[labev] t=454832.750 req.firsttoken s1-p4096-o512-b2-r0=2298.897ms
[labev] t=454832.750 ev.propose=0.003ms
[labev] t=454832.763 ev.verify=12.386ms
[labev] t=454832.764 ev.finalize=1.665ms
[labev] t=454832.764 ev.propose=0.073ms
[labev] t=454832.777 ev.verify=12.513ms
[labev] t=454832.779 ev.finalize=1.854ms
[labev] t=454832.779 ev.propose=0.058ms
[labev] t=454832.791 ev.verify=12.232ms
[labev] t=454832.793 ev.finalize=1.655ms
[labev] t=454832.793 ev.propose=0.064ms
[labev] t=454832.805 ev.verify=12.121ms
[labev] t=454832.807 ev.finalize=1.619ms
[labev] t=454832.807 ev.propose=0.060ms
[labev] t=454832.819 ev.verify=12.151ms
[labev] t=454832.821 ev.finalize=1.671ms
[labev] t=454832.821 ev.propose=0.051ms
[labev] t=454832.833 ev.verify=12.206ms
[labev] t=454832.835 ev.finalize=1.635ms
[labev] t=454832.835 ev.propose=0.063ms
[labev] t=454832.848 ev.verify=12.360ms
[labev] t=454832.849 ev.finalize=1.619ms
[labev] t=454832.849 ev.propose=0.053ms
[labev] t=454832.862 ev.verify=12.344ms
[labev] t=454832.864 ev.finalize=1.630ms
[labev] t=454832.864 ev.propose=0.056ms
[labev] t=454832.876 ev.verify=12.071ms
[labev] t=454832.878 ev.finalize=2.297ms
[labev] t=454832.878 ev.propose=0.077ms
[labev] t=454832.891 ev.verify=12.281ms
[labev] t=454832.892 ev.finalize=1.642ms
[labev] t=454832.892 ev.propose=0.068ms
[labev] t=454832.905 ev.verify=12.153ms
[labev] t=454832.906 ev.finalize=1.669ms
[labev] t=454832.906 ev.propose=0.056ms
[labev] t=454832.919 ev.verify=12.115ms
[labev] t=454832.920 ev.finalize=1.518ms
[labev] t=454832.920 ev.propose=0.056ms
[labev] t=454832.932 ev.verify=12.101ms
[labev] t=454832.934 ev.finalize=1.503ms
[labev] t=454832.934 ev.propose=0.059ms
[labev] t=454832.946 ev.verify=12.144ms
[labev] t=454832.948 ev.finalize=1.644ms
[labev] t=454832.948 ev.propose=0.073ms
[labev] t=454832.960 ev.verify=12.177ms
[labev] t=454832.962 ev.finalize=1.506ms
[labev] t=454832.962 ev.propose=0.002ms
[labev] t=454832.974 ev.verify=12.197ms
[labev] t=454832.976 ev.finalize=1.662ms
[labev] t=454832.976 ev.propose=0.002ms
[labev] t=454832.988 ev.verify=12.168ms
[labev] t=454832.990 ev.finalize=1.627ms
[labev] t=454832.990 ev.propose=0.070ms
[labev] t=454833.002 ev.verify=12.097ms
[labev] t=454833.004 ev.finalize=1.638ms
[labev] t=454833.004 ev.propose=0.063ms
[labev] t=454833.016 ev.verify=12.071ms
[labev] t=454833.018 ev.finalize=1.622ms
[labev] t=454833.018 ev.propose=0.056ms
[labev] t=454833.030 ev.verify=12.202ms
[labev] t=454833.032 ev.finalize=1.650ms
[labev] t=454833.032 ev.propose=0.058ms
[labev] t=454833.044 ev.verify=12.055ms
[labev] t=454833.046 ev.finalize=1.626ms
[labev] t=454833.046 ev.propose=0.002ms
[labev] t=454833.058 ev.verify=12.212ms
[labev] t=454833.060 ev.finalize=1.617ms
[labev] t=454833.060 ev.propose=0.048ms
[labev] t=454833.072 ev.verify=12.385ms
[labev] t=454833.074 ev.finalize=1.643ms
[labev] t=454833.074 ev.propose=0.002ms
[labev] t=454833.086 ev.verify=12.191ms
[labev] t=454833.088 ev.finalize=1.668ms
[labev] t=454833.088 ev.propose=0.002ms
[labev] t=454833.100 ev.verify=12.257ms
[labev] t=454833.102 ev.finalize=1.675ms
[labev] t=454833.102 ev.propose=0.002ms
[labev] t=454833.114 ev.verify=12.154ms
[labev] t=454833.116 ev.finalize=2.252ms
[labev] t=454833.117 ev.propose=0.002ms
[labev] t=454833.129 ev.verify=12.211ms
[labev] t=454833.130 ev.finalize=1.625ms
[labev] t=454833.131 ev.propose=0.002ms
[labev] t=454833.143 ev.verify=12.162ms
[labev] t=454833.144 ev.finalize=1.642ms
[labev] t=454833.145 ev.propose=0.002ms
[labev] t=454833.157 ev.verify=12.150ms
[labev] t=454833.158 ev.finalize=1.589ms
[labev] t=454833.158 ev.propose=0.002ms
[labev] t=454833.171 ev.verify=12.101ms
[labev] t=454833.172 ev.finalize=1.587ms
[labev] t=454833.172 ev.propose=0.002ms
[labev] t=454833.184 ev.verify=12.117ms
[labev] t=454833.186 ev.finalize=1.596ms
[labev] t=454833.186 ev.propose=0.002ms
[labev] t=454833.198 ev.verify=12.131ms
[labev] t=454833.200 ev.finalize=1.587ms
[labev] t=454833.200 ev.propose=0.002ms
[labev] t=454833.212 ev.verify=12.036ms
[labev] t=454833.214 ev.finalize=1.630ms
[labev] t=454833.214 ev.propose=0.001ms
[labev] t=454833.226 ev.verify=12.210ms
[labev] t=454833.228 ev.finalize=1.577ms
[labev] t=454833.228 ev.propose=0.002ms
[labev] t=454833.240 ev.verify=12.037ms
[labev] t=454833.241 ev.finalize=1.591ms
[labev] t=454833.242 ev.propose=0.002ms
[labev] t=454833.254 ev.verify=12.060ms
[labev] t=454833.255 ev.finalize=1.592ms
[labev] t=454833.255 ev.propose=0.002ms
[labev] t=454833.268 ev.verify=12.315ms
[labev] t=454833.269 ev.finalize=1.590ms
[labev] t=454833.269 ev.propose=0.002ms
[labev] t=454833.282 ev.verify=12.222ms
[labev] t=454833.283 ev.finalize=1.617ms
[labev] t=454833.283 ev.propose=0.002ms
[labev] t=454833.295 ev.verify=12.043ms
[labev] t=454833.297 ev.finalize=1.575ms
[labev] t=454833.297 ev.propose=0.002ms
[labev] t=454833.309 ev.verify=11.966ms
[labev] t=454833.311 ev.finalize=1.583ms
[labev] t=454833.311 ev.propose=0.002ms
[labev] t=454833.323 ev.verify=12.151ms
[labev] t=454833.325 ev.finalize=1.629ms
[labev] t=454833.325 ev.propose=0.002ms
[labev] t=454833.337 ev.verify=12.282ms
[labev] t=454833.339 ev.finalize=2.174ms
[labev] t=454833.339 ev.propose=0.002ms
[labev] t=454833.352 ev.verify=12.286ms
[labev] t=454833.353 ev.finalize=1.618ms
[labev] t=454833.354 ev.propose=0.002ms
[labev] t=454833.366 ev.verify=12.179ms
[labev] t=454833.367 ev.finalize=1.598ms
[labev] t=454833.367 ev.propose=0.002ms
[labev] t=454833.379 ev.verify=11.998ms
[labev] t=454833.381 ev.finalize=1.596ms
[labev] t=454833.381 ev.propose=0.002ms
[labev] t=454833.393 ev.verify=12.038ms
[labev] t=454833.395 ev.finalize=1.628ms
[labev] t=454833.395 ev.propose=0.002ms
[labev] t=454833.407 ev.verify=12.213ms
[labev] t=454833.409 ev.finalize=1.607ms
[labev] t=454833.409 ev.propose=0.002ms
[labev] t=454833.421 ev.verify=12.159ms
[labev] t=454833.423 ev.finalize=1.617ms
[labev] t=454833.423 ev.propose=0.002ms
[labev] t=454833.435 ev.verify=12.226ms
[labev] t=454833.437 ev.finalize=1.609ms
[labev] t=454833.437 ev.propose=0.002ms
[labev] t=454833.449 ev.verify=12.145ms
[labev] t=454833.451 ev.finalize=1.741ms
[labev] t=454833.451 ev.propose=0.002ms
[labev] t=454833.463 ev.verify=12.230ms
[labev] t=454833.465 ev.finalize=1.524ms
[labev] t=454833.465 ev.propose=0.002ms
[labev] t=454833.477 ev.verify=12.177ms
[labev] t=454833.479 ev.finalize=1.621ms
[labev] t=454833.479 ev.propose=0.002ms
[labev] t=454833.491 ev.verify=12.289ms
[labev] t=454833.493 ev.finalize=1.620ms
[labev] t=454833.493 ev.propose=0.002ms
[labev] t=454833.505 ev.verify=12.127ms
[labev] t=454833.507 ev.finalize=1.613ms
[labev] t=454833.507 ev.propose=0.002ms
[labev] t=454833.519 ev.verify=12.217ms
[labev] t=454833.521 ev.finalize=1.638ms
[labev] t=454833.521 ev.propose=0.002ms
[labev] t=454833.533 ev.verify=12.249ms
[labev] t=454833.535 ev.finalize=1.626ms
[labev] t=454833.535 ev.propose=0.002ms
[labev] t=454833.547 ev.verify=12.200ms
[labev] t=454833.549 ev.finalize=1.653ms
[labev] t=454833.549 ev.propose=0.002ms
[labev] t=454833.561 ev.verify=12.074ms
[labev] t=454833.563 ev.finalize=1.632ms
[labev] t=454833.563 ev.propose=0.002ms
[labev] t=454833.575 ev.verify=12.212ms
[labev] t=454833.577 ev.finalize=2.266ms
[labev] t=454833.578 ev.propose=0.002ms
[labev] t=454833.590 ev.verify=12.282ms
[labev] t=454833.592 ev.finalize=1.650ms
[labev] t=454833.592 ev.propose=0.002ms
[labev] t=454833.604 ev.verify=12.186ms
[labev] t=454833.606 ev.finalize=1.704ms
[labev] t=454833.606 ev.propose=0.002ms
[labev] t=454833.618 ev.verify=11.938ms
[labev] t=454833.619 ev.finalize=1.573ms
[labev] t=454833.619 ev.propose=0.002ms
[labev] t=454833.632 ev.verify=12.168ms
[labev] t=454833.633 ev.finalize=1.618ms
[labev] t=454833.633 ev.propose=0.002ms
[labev] t=454833.645 ev.verify=12.033ms
[labev] t=454833.647 ev.finalize=1.630ms
[labev] t=454833.647 ev.propose=0.002ms
[labev] t=454833.659 ev.verify=12.272ms
[labev] t=454833.661 ev.finalize=1.643ms
[labev] t=454833.661 ev.propose=0.002ms
[labev] t=454833.673 ev.verify=12.200ms
[labev] t=454833.675 ev.finalize=1.514ms
[labev] t=454833.675 ev.propose=0.002ms
[labev] t=454833.687 ev.verify=12.289ms
[labev] t=454833.689 ev.finalize=1.645ms
[labev] t=454833.689 ev.propose=0.002ms
[labev] t=454833.702 ev.verify=12.298ms
[labev] t=454833.703 ev.finalize=1.646ms
[labev] t=454833.703 ev.propose=0.002ms
[labev] t=454833.715 ev.verify=12.204ms
[labev] t=454833.717 ev.finalize=1.620ms
[labev] t=454833.717 ev.propose=0.002ms
[labev] t=454833.729 ev.verify=12.146ms
[labev] t=454833.731 ev.finalize=1.633ms
[labev] t=454833.731 ev.propose=0.002ms
[labev] t=454833.743 ev.verify=12.215ms
[labev] t=454833.745 ev.finalize=1.645ms
[labev] t=454833.745 ev.propose=0.002ms
[labev] t=454833.757 ev.verify=12.211ms
[labev] t=454833.759 ev.finalize=1.596ms
[labev] t=454833.759 ev.propose=0.002ms
[labev] t=454833.771 ev.verify=12.237ms
[labev] t=454833.773 ev.finalize=1.646ms
[labev] t=454833.773 ev.propose=0.002ms
[labev] t=454833.786 ev.verify=12.391ms
[labev] t=454833.787 ev.finalize=1.545ms
[labev] t=454833.787 ev.propose=0.002ms
[labev] t=454833.799 ev.verify=12.220ms
[labev] t=454833.801 ev.finalize=1.638ms
[labev] t=454833.801 ev.propose=0.002ms
[labev] t=454833.813 ev.verify=12.071ms
[labev] t=454833.816 ev.finalize=2.297ms
[labev] t=454833.816 ev.propose=0.002ms
[labev] t=454833.828 ev.verify=12.382ms
[labev] t=454833.830 ev.finalize=1.695ms
[labev] t=454833.830 ev.propose=0.002ms
[labev] t=454833.842 ev.verify=12.195ms
[labev] t=454833.844 ev.finalize=1.635ms
[labev] t=454833.844 ev.propose=0.002ms
[labev] t=454833.856 ev.verify=12.451ms
[labev] t=454833.858 ev.finalize=1.645ms
[labev] t=454833.858 ev.propose=0.002ms
[labev] t=454833.870 ev.verify=12.175ms
[labev] t=454833.872 ev.finalize=1.718ms
[labev] t=454833.872 ev.propose=0.002ms
[labev] t=454833.885 ev.verify=12.268ms
[labev] t=454833.886 ev.finalize=1.634ms
[labev] t=454833.886 ev.propose=0.002ms
[labev] t=454833.899 ev.verify=12.187ms
[labev] t=454833.900 ev.finalize=1.629ms
[labev] t=454833.900 ev.propose=0.002ms
[labev] t=454833.913 ev.verify=12.322ms
[labev] t=454833.914 ev.finalize=1.595ms
[labev] t=454833.914 ev.propose=0.002ms
[labev] t=454833.927 ev.verify=12.329ms
[labev] t=454833.928 ev.finalize=1.620ms
[labev] t=454833.928 ev.propose=0.002ms
[labev] t=454833.941 ev.verify=12.213ms
[labev] t=454833.942 ev.finalize=1.636ms
[labev] t=454833.942 ev.propose=0.002ms
[labev] t=454833.955 ev.verify=12.092ms
[labev] t=454833.956 ev.finalize=1.632ms
[labev] t=454833.956 ev.propose=0.002ms
[labev] t=454833.969 ev.verify=12.260ms
[labev] t=454833.970 ev.finalize=1.609ms
[labev] t=454833.970 ev.propose=0.002ms
[labev] t=454833.983 ev.verify=12.338ms
[labev] t=454833.984 ev.finalize=1.645ms
[labev] t=454833.985 ev.propose=0.002ms
[labev] t=454833.997 ev.verify=12.192ms
[labev] t=454833.998 ev.finalize=1.660ms
[labev] t=454833.999 ev.propose=0.002ms
[labev] t=454834.011 ev.verify=12.193ms
[labev] t=454834.012 ev.finalize=1.593ms
[labev] t=454834.012 ev.propose=0.002ms
[labev] t=454834.025 ev.verify=12.263ms
[labev] t=454834.026 ev.finalize=1.543ms
[labev] t=454834.026 ev.propose=0.002ms
[labev] t=454834.039 ev.verify=12.134ms
[labev] t=454834.040 ev.finalize=1.662ms
[labev] t=454834.040 ev.propose=0.001ms
[labev] t=454834.053 ev.verify=12.265ms
[labev] t=454834.055 ev.finalize=2.284ms
[labev] t=454834.055 ev.propose=0.002ms
[labev] t=454834.067 ev.verify=12.364ms
[labev] t=454834.069 ev.finalize=1.671ms
[labev] t=454834.069 ev.propose=0.002ms
[labev] t=454834.082 ev.verify=12.378ms
[labev] t=454834.083 ev.finalize=1.634ms
[labev] t=454834.083 ev.propose=0.002ms
[labev] t=454834.096 ev.verify=12.225ms
[labev] t=454834.097 ev.finalize=1.659ms
[labev] t=454834.097 ev.propose=0.002ms
[labev] t=454834.110 ev.verify=12.406ms
[labev] t=454834.112 ev.finalize=1.647ms
[labev] t=454834.112 ev.propose=0.002ms
[labev] t=454834.124 ev.verify=12.045ms
[labev] t=454834.126 ev.finalize=1.870ms
[labev] t=454834.126 ev.propose=0.002ms
[labev] t=454834.138 ev.verify=12.154ms
[labev] t=454834.140 ev.finalize=1.655ms
[labev] t=454834.140 ev.propose=0.002ms
[labev] t=454834.152 ev.verify=12.243ms
[labev] t=454834.154 ev.finalize=1.653ms
[labev] t=454834.154 ev.propose=0.002ms
[labev] t=454834.166 ev.verify=12.156ms
[labev] t=454834.168 ev.finalize=1.628ms
[labev] t=454834.168 ev.propose=0.002ms
[labev] t=454834.180 ev.verify=12.052ms
[labev] t=454834.181 ev.finalize=1.533ms
[labev] t=454834.181 ev.propose=0.002ms
[labev] t=454834.194 ev.verify=12.196ms
[labev] t=454834.195 ev.finalize=1.643ms
[labev] t=454834.195 ev.propose=0.002ms
[labev] t=454834.208 ev.verify=12.272ms
[labev] t=454834.209 ev.finalize=1.642ms
[labev] t=454834.209 ev.propose=0.002ms
[labev] t=454834.222 ev.verify=12.342ms
[labev] t=454834.223 ev.finalize=1.629ms
[labev] t=454834.224 ev.propose=0.002ms
[labev] t=454834.236 ev.verify=12.100ms
[labev] t=454834.237 ev.finalize=1.614ms
[labev] t=454834.237 ev.propose=0.002ms
[labev] t=454834.250 ev.verify=12.187ms
[labev] t=454834.251 ev.finalize=1.646ms
[labev] t=454834.251 ev.propose=0.002ms
[labev] t=454834.264 ev.verify=12.189ms
[labev] t=454834.265 ev.finalize=1.645ms
[labev] t=454834.265 ev.propose=0.002ms
[labev] t=454834.278 ev.verify=12.366ms
[labev] t=454834.280 ev.finalize=2.290ms
[labev] t=454834.280 ev.propose=0.002ms
[labev] t=454834.293 ev.verify=12.373ms
[labev] t=454834.294 ev.finalize=1.625ms
[labev] t=454834.294 ev.propose=0.002ms
[labev] t=454834.307 ev.verify=12.452ms
[labev] t=454834.309 ev.finalize=1.621ms
[labev] t=454834.309 ev.propose=0.002ms
[labev] t=454834.321 ev.verify=12.216ms
[labev] t=454834.323 ev.finalize=1.623ms
[labev] t=454834.323 ev.propose=0.002ms
[labev] t=454834.335 ev.verify=12.117ms
[labev] t=454834.336 ev.finalize=1.602ms
[labev] t=454834.337 ev.propose=0.002ms
[labev] t=454834.349 ev.verify=12.351ms
[labev] t=454834.351 ev.finalize=1.636ms
[labev] t=454834.351 ev.propose=0.002ms
[labev] t=454834.363 ev.verify=12.240ms
[labev] t=454834.365 ev.finalize=1.595ms
[labev] t=454834.365 ev.propose=0.002ms
[labev] t=454834.377 ev.verify=12.237ms
[labev] t=454834.379 ev.finalize=1.649ms
[labev] t=454834.379 ev.propose=0.002ms
[labev] t=454834.391 ev.verify=12.329ms
[labev] t=454834.393 ev.finalize=1.633ms
[labev] t=454834.393 ev.propose=0.001ms
[labev] t=454834.405 ev.verify=12.398ms
[labev] t=454834.407 ev.finalize=1.661ms
[labev] t=454834.407 ev.propose=0.002ms
[labev] t=454834.419 ev.verify=12.357ms
[labev] t=454834.421 ev.finalize=1.625ms
[labev] t=454834.421 ev.propose=0.002ms
[labev] t=454834.433 ev.verify=12.291ms
[labev] t=454834.435 ev.finalize=1.642ms
[labev] t=454834.435 ev.propose=0.002ms
[labev] t=454834.448 ev.verify=12.354ms
[labev] t=454834.449 ev.finalize=1.560ms
[labev] t=454834.449 ev.propose=0.002ms
[labprof] d0.performDecode.call=135.843ms/n32 f0.finalize.total=1.670ms/n392 f1.finalize.build=0.465ms/n392 f2.finalize.eval=1.152ms/n392 fc.finalize.call=1.675ms/n392 o1.ord.build=1.149ms/n511 o2.ord.eval=7.330ms/n511 p0.propose=0.002ms/n393 r0.round.interval=14.088ms/n391 s1.native.prefill.target=42.676ms/n15 s1.ord.prefill.target=40.093ms/n8 s2.native.prefill.drafter+eval=244.312ms/n16 s2.ord.prefill.eval=223.970ms/n8 s9.native.prefill.chunk.total=284.538ms/n16 s9.ord.prefill.chunk.total=264.092ms/n8 v0.verify.call=12.243ms/n392 v1.verify.build=1.545ms/n393 v2.verify.eval=10.594ms/n393
[labev] t=454834.461 ev.verify=12.139ms
[labev] t=454834.463 ev.finalize=1.659ms
[labev] t=454834.463 ev.propose=0.002ms
[labev] t=454834.475 ev.verify=12.238ms
[labev] t=454834.477 ev.finalize=1.651ms
[labev] t=454834.477 ev.propose=0.002ms
[labev] t=454834.489 ev.verify=12.163ms
[labev] t=454834.491 ev.finalize=1.630ms
[labev] t=454834.491 ev.propose=0.002ms
[labev] t=454834.503 ev.verify=12.170ms
[labev] t=454834.505 ev.finalize=1.615ms
[labev] t=454834.505 ev.propose=0.002ms
[labev] t=454834.517 ev.verify=12.184ms
[labev] t=454834.520 ev.finalize=2.333ms
[labev] t=454834.520 ev.propose=0.002ms
[labev] t=454834.532 ev.verify=12.153ms
[labev] t=454834.534 ev.finalize=1.685ms
[labev] t=454834.534 ev.propose=0.002ms
[labev] t=454834.546 ev.verify=12.209ms
[labev] t=454834.548 ev.finalize=1.646ms
[labev] t=454834.548 ev.propose=0.002ms
[labev] t=454834.560 ev.verify=12.309ms
[labev] t=454834.562 ev.finalize=1.648ms
[labev] t=454834.562 ev.propose=0.002ms
[labev] t=454834.574 ev.verify=12.279ms
[labev] t=454834.576 ev.finalize=1.647ms
[labev] t=454834.576 ev.propose=0.002ms
[labev] t=454834.588 ev.verify=12.119ms
[labev] t=454834.590 ev.finalize=1.653ms
[labev] t=454834.590 ev.propose=0.002ms
[labev] t=454834.602 ev.verify=12.326ms
[labev] t=454834.604 ev.finalize=1.623ms
[labev] t=454834.604 ev.propose=0.002ms
[labev] t=454834.616 ev.verify=11.992ms
[labev] t=454834.618 ev.finalize=1.628ms
[labev] t=454834.618 ev.propose=0.002ms
[labev] t=454834.630 ev.verify=12.372ms
[labev] t=454834.632 ev.finalize=1.694ms
[labev] t=454834.632 ev.propose=0.002ms
[labev] t=454834.644 ev.verify=12.139ms
[labev] t=454834.646 ev.finalize=1.741ms
[labev] t=454834.646 ev.propose=0.002ms
[labev] t=454834.658 ev.verify=12.164ms
[labev] t=454834.660 ev.finalize=1.714ms
[labev] t=454834.660 ev.propose=0.002ms
[labev] t=454834.672 ev.verify=12.298ms
[labev] t=454834.674 ev.finalize=1.710ms
[labev] t=454834.674 ev.propose=0.002ms
[labev] t=454834.686 ev.verify=12.149ms
[labev] t=454834.688 ev.finalize=1.696ms
[labev] t=454834.688 ev.propose=0.002ms
[labev] t=454834.701 ev.verify=12.344ms
[labev] t=454834.702 ev.finalize=1.707ms
[labev] t=454834.702 ev.propose=0.002ms
[labev] t=454834.715 ev.verify=12.115ms
[labev] t=454834.716 ev.finalize=1.723ms
[labev] t=454834.716 ev.propose=0.002ms
[labev] t=454834.729 ev.verify=12.191ms
[labev] t=454834.730 ev.finalize=1.651ms
[labev] t=454834.730 ev.propose=0.002ms
[labev] t=454834.743 ev.verify=12.376ms
[labev] t=454834.745 ev.finalize=2.282ms
[labev] t=454834.745 ev.propose=0.002ms
[labev] t=454834.758 ev.verify=12.316ms
[labev] t=454834.759 ev.finalize=1.681ms
[labev] t=454834.759 ev.propose=0.002ms
[labev] t=454834.772 ev.verify=12.222ms
[labev] t=454834.773 ev.finalize=1.629ms
[labev] t=454834.773 ev.propose=0.002ms
[labev] t=454834.786 ev.verify=12.232ms
[labev] t=454834.787 ev.finalize=1.663ms
[labev] t=454834.787 ev.propose=0.002ms
[labev] t=454834.800 ev.verify=12.149ms
[labev] t=454834.801 ev.finalize=1.649ms
[labev] t=454834.801 ev.propose=0.002ms
[labev] t=454834.814 ev.verify=12.152ms
[labev] t=454834.815 ev.finalize=1.685ms
[labev] t=454834.815 ev.propose=0.002ms
[labev] t=454834.828 ev.verify=12.212ms
[labev] t=454834.829 ev.finalize=1.622ms
[labev] t=454834.829 ev.propose=0.002ms
[labev] t=454834.842 ev.verify=12.343ms
[labev] t=454834.843 ev.finalize=1.617ms
[labev] t=454834.843 ev.propose=0.002ms
[labev] t=454834.856 ev.verify=12.307ms
[labev] t=454834.857 ev.finalize=1.651ms
[labev] t=454834.858 ev.propose=0.002ms
[labev] t=454834.870 ev.verify=12.287ms
[labev] t=454834.872 ev.finalize=1.658ms
[labev] t=454834.872 ev.propose=0.002ms
[labev] t=454834.884 ev.verify=12.189ms
[labev] t=454834.886 ev.finalize=1.646ms
[labev] t=454834.886 ev.propose=0.002ms
[labev] t=454834.898 ev.verify=12.251ms
[labev] t=454834.900 ev.finalize=1.535ms
[labev] t=454834.900 ev.propose=0.002ms
[labev] t=454834.912 ev.verify=12.199ms
[labev] t=454834.913 ev.finalize=1.541ms
[labev] t=454834.914 ev.propose=0.002ms
[labev] t=454834.926 ev.verify=12.140ms
[labev] t=454834.927 ev.finalize=1.526ms
[labev] t=454834.927 ev.propose=0.001ms
[labev] t=454834.940 ev.verify=12.133ms
[labev] t=454834.941 ev.finalize=1.646ms
[labev] t=454834.941 ev.propose=0.002ms
[labev] t=454834.953 ev.verify=12.100ms
[labev] t=454834.955 ev.finalize=1.647ms
[labev] t=454834.955 ev.propose=0.002ms
[labev] t=454834.967 ev.verify=12.084ms
[labev] t=454834.969 ev.finalize=1.553ms
[labev] t=454834.969 ev.propose=0.002ms
[labev] t=454834.981 ev.verify=12.127ms
[labev] t=454834.983 ev.finalize=1.532ms
[labev] t=454834.983 ev.propose=0.002ms
[labev] t=454834.995 ev.verify=12.319ms
[labev] t=454834.997 ev.finalize=2.282ms
[labev] t=454834.998 ev.propose=0.002ms
[labev] t=454835.010 ev.verify=12.329ms
[labev] t=454835.011 ev.finalize=1.542ms
[labev] t=454835.012 ev.propose=0.002ms
[labev] t=454835.024 ev.verify=12.014ms
[labev] t=454835.025 ev.finalize=1.653ms
[labev] t=454835.025 ev.propose=0.002ms
[labev] t=454835.038 ev.verify=12.323ms
[labev] t=454835.039 ev.finalize=1.664ms
[labev] t=454835.040 ev.propose=0.002ms
[labev] t=454835.052 ev.verify=12.183ms
[labev] t=454835.053 ev.finalize=1.679ms
[labev] t=454835.054 ev.propose=0.002ms
[labev] t=454835.066 ev.verify=12.263ms
[labev] t=454835.068 ev.finalize=1.634ms
[labev] t=454835.068 ev.propose=0.002ms
[labev] t=454835.080 ev.verify=12.100ms
[labev] t=454835.081 ev.finalize=1.557ms
[labev] t=454835.081 ev.propose=0.002ms
[labev] t=454835.094 ev.verify=12.428ms
[labev] t=454835.096 ev.finalize=1.671ms
[labev] t=454835.096 ev.propose=0.002ms
[labev] t=454835.108 ev.verify=12.289ms
[labev] t=454835.110 ev.finalize=1.650ms
[labev] t=454835.110 ev.propose=0.002ms
[labev] t=454835.122 ev.verify=12.326ms
[labev] t=454835.124 ev.finalize=1.647ms
[labev] t=454835.124 ev.propose=0.002ms
[labev] t=454835.136 ev.verify=12.129ms
[labev] t=454835.138 ev.finalize=1.642ms
[labev] t=454835.138 ev.propose=0.002ms
[labev] t=454835.150 ev.verify=12.138ms
[labev] t=454835.152 ev.finalize=1.647ms
[labev] t=454835.152 ev.propose=0.002ms
[labev] t=454835.164 ev.verify=12.088ms
[labev] t=454835.166 ev.finalize=1.703ms
[labev] t=454835.166 ev.propose=0.002ms
[labev] t=454835.178 ev.verify=12.252ms
[labev] t=454835.180 ev.finalize=1.659ms
[labev] t=454835.180 ev.propose=0.002ms
[labev] t=454835.192 ev.verify=12.184ms
[labev] t=454835.194 ev.finalize=1.622ms
[labev] t=454835.194 ev.propose=0.002ms
[labev] t=454835.206 ev.verify=12.320ms
[labev] t=454835.208 ev.finalize=1.621ms
[labev] t=454835.208 ev.propose=0.002ms
[labev] t=454835.220 ev.verify=12.215ms
[labev] t=454835.222 ev.finalize=1.648ms
[labev] t=454835.222 ev.propose=0.002ms
[labev] t=454835.234 ev.verify=12.229ms
[labev] t=454835.236 ev.finalize=2.289ms
[labev] t=454835.237 ev.propose=0.002ms
[labev] t=454835.249 ev.verify=12.432ms
[labev] t=454835.251 ev.finalize=1.657ms
[labev] t=454835.251 ev.propose=0.002ms
[labev] t=454835.263 ev.verify=12.484ms
[labev] t=454835.265 ev.finalize=1.573ms
[labev] t=454835.265 ev.propose=0.002ms
[labev] t=454835.277 ev.verify=12.326ms
[labev] t=454835.279 ev.finalize=1.606ms
[labev] t=454835.279 ev.propose=0.002ms
[labev] t=454835.291 ev.verify=12.371ms
[labev] t=454835.293 ev.finalize=1.665ms
[labev] t=454835.293 ev.propose=0.002ms
[labev] t=454835.306 ev.verify=12.376ms
[labev] t=454835.307 ev.finalize=1.542ms
[labev] t=454835.307 ev.propose=0.001ms
[labev] t=454835.320 ev.verify=12.360ms
[labev] t=454835.321 ev.finalize=1.661ms
[labev] t=454835.321 ev.propose=0.002ms
[labev] t=454835.334 ev.verify=12.074ms
[labev] t=454835.335 ev.finalize=1.662ms
[labev] t=454835.335 ev.propose=0.001ms
[labev] t=454835.348 ev.verify=12.176ms
[labev] t=454835.349 ev.finalize=1.636ms
[labev] t=454835.349 ev.propose=0.002ms
[labev] t=454835.362 ev.verify=12.400ms
[labev] t=454835.363 ev.finalize=1.647ms
[labev] t=454835.363 ev.propose=0.002ms
[labev] t=454835.376 ev.verify=12.411ms
[labev] t=454835.378 ev.finalize=1.647ms
[labev] t=454835.378 ev.propose=0.002ms
[labev] t=454835.390 ev.verify=12.137ms
[labev] t=454835.392 ev.finalize=1.676ms
[labev] t=454835.392 ev.propose=0.002ms
[labev] t=454835.404 ev.verify=12.182ms
[labev] t=454835.406 ev.finalize=1.683ms
[labev] t=454835.406 ev.propose=0.002ms
[labev] t=454835.418 ev.verify=12.304ms
[labev] t=454835.420 ev.finalize=1.658ms
[labev] t=454835.420 ev.propose=0.002ms
[labev] t=454835.432 ev.verify=12.353ms
[labev] t=454835.434 ev.finalize=1.705ms
[labev] t=454835.434 ev.propose=0.002ms
[labev] t=454835.446 ev.verify=12.156ms
[labev] t=454835.448 ev.finalize=1.748ms
[labev] t=454835.448 ev.propose=0.002ms
[labev] t=454835.460 ev.verify=12.361ms
[labev] t=454835.462 ev.finalize=1.656ms
[labev] t=454835.462 ev.propose=0.002ms
[labev] t=454835.474 ev.verify=12.325ms
[labev] t=454835.477 ev.finalize=2.340ms
[labev] t=454835.477 ev.propose=0.002ms
[labev] t=454835.489 ev.verify=12.357ms
[labev] t=454835.491 ev.finalize=1.551ms
[labev] t=454835.491 ev.propose=0.002ms
[labev] t=454835.503 ev.verify=12.187ms
[labev] t=454835.505 ev.finalize=1.676ms
[labev] t=454835.505 ev.propose=0.002ms
[labev] t=454835.517 ev.verify=12.210ms
[labev] t=454835.519 ev.finalize=1.671ms
[labev] t=454835.519 ev.propose=0.002ms
[labev] t=454835.531 ev.verify=12.333ms
[labev] t=454835.533 ev.finalize=1.681ms
[labev] t=454835.533 ev.propose=0.002ms
[labev] t=454835.545 ev.verify=12.198ms
[labev] t=454835.547 ev.finalize=1.536ms
[labev] t=454835.547 ev.propose=0.002ms
[labev] t=454835.559 ev.verify=12.097ms
[labev] t=454835.561 ev.finalize=1.589ms
[labev] t=454835.561 ev.propose=0.002ms
[labev] t=454835.573 ev.verify=12.295ms
[labev] t=454835.575 ev.finalize=1.541ms
[labev] t=454835.575 ev.propose=0.002ms
[labev] t=454835.587 ev.verify=12.347ms
[labev] t=454835.589 ev.finalize=1.541ms
[labev] t=454835.589 ev.propose=0.002ms
[labev] t=454835.602 ev.verify=12.549ms
[labev] t=454835.603 ev.finalize=1.674ms
[labev] t=454835.603 ev.propose=0.002ms
[labev] t=454835.616 ev.verify=12.163ms
[labev] t=454835.617 ev.finalize=1.682ms
[labev] t=454835.617 ev.propose=0.002ms
[labev] t=454835.630 ev.verify=12.293ms
[labev] t=454835.631 ev.finalize=1.654ms
[labev] t=454835.631 ev.propose=0.002ms
[labev] t=454835.644 ev.verify=12.370ms
[labev] t=454835.645 ev.finalize=1.577ms
[labev] t=454835.646 ev.propose=0.002ms
[labev] t=454835.658 ev.verify=12.257ms
[labev] t=454835.660 ev.finalize=1.649ms
[labev] t=454835.660 ev.propose=0.002ms
[labev] t=454835.672 ev.verify=12.245ms
[labev] t=454835.674 ev.finalize=1.662ms
[labev] t=454835.674 ev.propose=0.002ms
[labev] t=454835.686 ev.verify=12.301ms
[labev] t=454835.688 ev.finalize=1.677ms
[labev] t=454835.688 ev.propose=0.001ms
[labev] t=454835.700 ev.verify=12.182ms
[labev] t=454835.702 ev.finalize=1.710ms
[labev] t=454835.702 ev.propose=0.002ms
[labev] t=454835.714 ev.verify=12.428ms
[labev] t=454835.716 ev.finalize=1.667ms
[labev] t=454835.716 ev.propose=0.002ms
[labev] t=454835.728 ev.verify=12.217ms
[labev] t=454835.730 ev.finalize=1.670ms
[labev] t=454835.730 ev.propose=0.002ms
[labev] t=454835.742 ev.verify=12.354ms
[labev] t=454835.744 ev.finalize=1.578ms
[labev] t=454835.744 ev.propose=0.001ms
[labev] t=454835.757 ev.verify=12.396ms
[labev] t=454835.759 ev.finalize=2.126ms
[labev] t=454835.759 ev.propose=0.002ms
[labev] t=454835.771 ev.verify=12.291ms
[labev] t=454835.773 ev.finalize=1.698ms
[labev] t=454835.773 ev.propose=0.002ms
[labev] t=454835.785 ev.verify=12.349ms
[labev] t=454835.787 ev.finalize=1.686ms
[labev] t=454835.787 ev.propose=0.002ms
[labev] t=454835.800 ev.verify=12.388ms
[labev] t=454835.801 ev.finalize=1.579ms
[labev] t=454835.801 ev.propose=0.002ms
[labev] t=454835.814 ev.verify=12.231ms
[labev] t=454835.815 ev.finalize=1.650ms
[labev] t=454835.815 ev.propose=0.002ms
[labev] t=454835.828 ev.verify=12.237ms
[labev] t=454835.829 ev.finalize=1.647ms
[labev] t=454835.829 ev.propose=0.001ms
[labev] t=454835.842 ev.verify=12.356ms
[labev] t=454835.843 ev.finalize=1.581ms
[labev] t=454835.844 ev.propose=0.002ms
[labev] t=454835.856 ev.verify=12.355ms
[labev] t=454835.858 ev.finalize=1.662ms
[labev] t=454835.858 ev.propose=0.002ms
[labev] t=454835.870 ev.verify=12.322ms
[labev] t=454835.872 ev.finalize=1.555ms
[labev] t=454835.872 ev.propose=0.002ms
[labev] t=454835.884 ev.verify=12.450ms
[labev] t=454835.886 ev.finalize=1.628ms
[labev] t=454835.886 ev.propose=0.002ms
[labev] t=454835.898 ev.verify=12.224ms
[labev] t=454835.900 ev.finalize=1.668ms
[labev] t=454835.900 ev.propose=0.002ms
[labev] t=454835.912 ev.verify=12.362ms
[labev] t=454835.914 ev.finalize=1.655ms
[labev] t=454835.914 ev.propose=0.002ms
[labev] t=454835.927 ev.verify=12.382ms
[labev] t=454835.928 ev.finalize=1.670ms
[labev] t=454835.928 ev.propose=0.002ms
[labev] t=454835.941 ev.verify=12.268ms
[labev] t=454835.942 ev.finalize=1.719ms
[labev] t=454835.942 ev.propose=0.002ms
[labev] t=454835.955 ev.verify=12.275ms
[labev] t=454835.957 ev.finalize=1.690ms
[labev] t=454835.957 ev.propose=0.002ms
[labev] t=454835.969 ev.verify=12.447ms
[labev] t=454835.971 ev.finalize=1.664ms
[labev] t=454835.971 ev.propose=0.002ms
[labev] t=454835.983 ev.verify=12.246ms
[labev] t=454835.985 ev.finalize=1.560ms
[labev] t=454835.985 ev.propose=0.002ms
[labev] t=454835.997 ev.verify=12.265ms
[labev] t=454835.999 ev.finalize=1.671ms
[labev] t=454835.999 ev.propose=0.002ms
[labev] t=454836.011 ev.verify=12.034ms
[labev] t=454836.013 ev.finalize=2.351ms
[labev] t=454836.013 ev.propose=0.002ms
[labev] t=454836.026 ev.verify=12.336ms
[labev] t=454836.027 ev.finalize=1.545ms
[labev] t=454836.028 ev.propose=0.002ms
[labev] t=454836.040 ev.verify=12.185ms
[labev] t=454836.041 ev.finalize=1.593ms
[labev] t=454836.041 ev.propose=0.002ms
[labev] t=454836.054 ev.verify=12.418ms
[labev] t=454836.056 ev.finalize=1.669ms
[labev] t=454836.056 ev.propose=0.002ms
[labev] t=454836.068 ev.verify=12.378ms
[labev] t=454836.070 ev.finalize=1.667ms
[labev] t=454836.070 ev.propose=0.002ms
[labev] t=454836.082 ev.verify=12.201ms
[labev] t=454836.084 ev.finalize=1.574ms
[labev] t=454836.084 ev.propose=0.002ms
[labev] t=454836.096 ev.verify=12.210ms
[labev] t=454836.098 ev.finalize=1.556ms
[labev] t=454836.098 ev.propose=0.002ms
[labev] t=454836.110 ev.verify=12.221ms
[labev] t=454836.112 ev.finalize=1.555ms
[labev] t=454836.112 ev.propose=0.002ms
[labev] t=454836.124 ev.verify=12.320ms
[labev] t=454836.126 ev.finalize=1.567ms
[labev] t=454836.126 ev.propose=0.002ms
[labev] t=454836.138 ev.verify=12.301ms
[labev] t=454836.140 ev.finalize=1.682ms
[labev] t=454836.140 ev.propose=0.002ms
[labev] t=454836.152 ev.verify=12.401ms
[labev] t=454836.154 ev.finalize=1.680ms
[labev] t=454836.154 ev.propose=0.002ms
[labev] t=454836.166 ev.verify=12.373ms
[labev] t=454836.168 ev.finalize=1.575ms
[labev] t=454836.168 ev.propose=0.002ms
[labev] t=454836.181 ev.verify=12.436ms
[labev] t=454836.182 ev.finalize=1.555ms
[labev] t=454836.182 ev.propose=0.002ms
[labev] t=454836.195 ev.verify=12.279ms
[labev] t=454836.196 ev.finalize=1.686ms
[labev] t=454836.196 ev.propose=0.002ms
[labev] t=454836.209 ev.verify=12.151ms
[labev] t=454836.210 ev.finalize=1.705ms
[labev] t=454836.210 ev.propose=0.002ms
[labev] t=454836.223 ev.verify=12.259ms
[labev] t=454836.224 ev.finalize=1.599ms
[labev] t=454836.225 ev.propose=0.002ms
[labev] t=454836.237 ev.verify=12.396ms
[labev] t=454836.239 ev.finalize=1.709ms
[labev] t=454836.239 ev.propose=0.002ms
[labev] t=454836.251 ev.verify=12.159ms
[labev] t=454836.253 ev.finalize=1.719ms
[labev] t=454836.253 ev.propose=0.002ms
[labev] t=454836.265 ev.verify=12.370ms
[labev] t=454836.267 ev.finalize=1.599ms
[labev] t=454836.267 ev.propose=0.002ms
[labev] t=454836.279 ev.verify=12.264ms
[labev] t=454836.281 ev.finalize=1.518ms
[labev] t=454836.281 ev.propose=0.002ms
[labev] t=454836.293 ev.verify=12.258ms
[labev] t=454836.295 ev.finalize=1.679ms
[labev] t=454836.295 ev.propose=0.002ms
[labev] t=454836.307 ev.verify=12.370ms
[labev] t=454836.309 ev.finalize=1.665ms
[labev] t=454836.309 ev.propose=0.002ms
[labev] t=454836.322 ev.verify=12.402ms
[labev] t=454836.324 ev.finalize=2.345ms
[labev] t=454836.324 ev.propose=0.002ms
[labev] t=454836.336 ev.verify=12.181ms
[labev] t=454836.338 ev.finalize=1.719ms
[labev] t=454836.338 ev.propose=0.002ms
[labev] t=454836.350 ev.verify=12.325ms
[labev] t=454836.352 ev.finalize=1.581ms
[labev] t=454836.352 ev.propose=0.002ms
[labev] t=454836.365 ev.verify=12.371ms
[labev] t=454836.366 ev.finalize=1.578ms
[labev] t=454836.366 ev.propose=0.002ms
[labev] t=454836.379 ev.verify=12.214ms
[labev] t=454836.380 ev.finalize=1.674ms
[labev] t=454836.380 ev.propose=0.002ms
[labev] t=454836.393 ev.verify=12.412ms
[labev] t=454836.394 ev.finalize=1.565ms
[labev] t=454836.394 ev.propose=0.002ms
[labev] t=454836.407 ev.verify=12.228ms
[labev] t=454836.408 ev.finalize=1.675ms
[labev] t=454836.409 ev.propose=0.002ms
[labev] t=454836.421 ev.verify=12.323ms
[labev] t=454836.423 ev.finalize=1.677ms
[labev] t=454836.423 ev.propose=0.002ms
[labev] t=454836.435 ev.verify=12.414ms
[labev] t=454836.437 ev.finalize=1.674ms
[labev] t=454836.437 ev.propose=0.002ms
[labev] t=454836.449 ev.verify=12.314ms
[labev] t=454836.451 ev.finalize=1.557ms
[labev] t=454836.451 ev.propose=0.002ms
[labev] t=454836.463 ev.verify=12.015ms
[labev] t=454836.465 ev.finalize=1.664ms
[labev] t=454836.465 ev.propose=0.002ms
[labev] t=454836.477 ev.verify=12.362ms
[labev] t=454836.479 ev.finalize=1.591ms
[labev] t=454836.479 ev.propose=0.002ms
[labev] t=454836.491 ev.verify=12.199ms
[labev] t=454836.493 ev.finalize=1.587ms
[labev] t=454836.493 ev.propose=0.002ms
[labev] t=454836.505 ev.verify=12.300ms
[labev] t=454836.507 ev.finalize=1.589ms
[labev] t=454836.507 ev.propose=0.002ms
[labev] t=454836.519 ev.verify=12.515ms
[labev] t=454836.521 ev.finalize=1.565ms
[labev] t=454836.521 ev.propose=0.002ms
[labev] t=454836.533 ev.verify=12.299ms
[labev] t=454836.535 ev.finalize=1.649ms
[labev] t=454836.535 ev.propose=0.002ms
[labev] t=454836.548 ev.verify=12.475ms
[labev] t=454836.549 ev.finalize=1.684ms
[labev] t=454836.549 ev.propose=0.002ms
[labev] t=454836.562 ev.verify=12.183ms
[labev] t=454836.563 ev.finalize=1.662ms
[labev] t=454836.563 ev.propose=0.002ms
[labev] t=454836.576 ev.verify=12.386ms
[labev] t=454836.578 ev.finalize=1.683ms
[labev] t=454836.578 ev.propose=0.002ms
[labev] t=454836.590 ev.verify=12.172ms
[labev] t=454836.592 ev.finalize=1.659ms
[labev] t=454836.592 ev.propose=0.002ms
[labev] t=454836.604 ev.verify=12.309ms
[labev] t=454836.606 ev.finalize=2.228ms
[labev] t=454836.606 ev.propose=0.002ms
[labev] t=454836.619 ev.verify=12.214ms
[labev] t=454836.620 ev.finalize=1.663ms
[labev] t=454836.620 ev.propose=0.002ms
[labev] t=454836.633 ev.verify=12.331ms
[labev] t=454836.634 ev.finalize=1.551ms
[labev] t=454836.634 ev.propose=0.002ms
[labev] t=454836.647 ev.verify=12.280ms
[labev] t=454836.648 ev.finalize=1.675ms
[labev] t=454836.649 ev.propose=0.002ms
[labev] t=454836.661 ev.verify=12.151ms
[labev] t=454836.662 ev.finalize=1.666ms
[labev] t=454836.663 ev.propose=0.002ms
[labev] t=454836.675 ev.verify=12.445ms
[labev] t=454836.677 ev.finalize=1.695ms
[labev] t=454836.677 ev.propose=0.002ms
[labev] t=454836.689 ev.verify=12.168ms
[labev] t=454836.691 ev.finalize=1.694ms
[labev] t=454836.691 ev.propose=0.002ms
[labev] t=454836.703 ev.verify=12.258ms
[labev] t=454836.705 ev.finalize=1.694ms
[labev] t=454836.706 req.start s1-p4096-o512-b2-r0=0.000ms
[labev] t=454836.706 req.handle=0.012ms
[labev] t=454836.726 tok.prepare=19.773ms
event=batching_admitted action=scheduler_admitted
[labev] t=454836.980 chunk.ord.total=253.614ms
[labev] t=454837.232 chunk.ord.total=251.652ms
[labev] t=454837.488 chunk.ord.total=256.186ms
[labev] t=454837.746 chunk.ord.total=257.934ms
[labev] t=454838.006 chunk.ord.total=259.701ms
[labev] t=454838.267 chunk.ord.total=261.473ms
[labev] t=454838.534 chunk.ord.total=266.261ms
[labev] t=454838.841 chunk.ord.total=306.878ms
[labev] t=454838.841 req.firsttoken s1-p4096-o512-b2-r0=2134.523ms
[labev] t=454838.976 ev.decode.rows1.cap0=135.300ms
[labev] t=454839.111 ev.decode.rows1.cap0=134.599ms
[labev] t=454839.245 ev.decode.rows1.cap0=134.430ms
[labev] t=454839.380 ev.decode.rows1.cap0=134.544ms
[labev] t=454839.515 ev.decode.rows1.cap0=134.615ms
[labev] t=454839.650 ev.decode.rows1.cap0=134.956ms
[labev] t=454839.785 ev.decode.rows1.cap0=135.043ms
[labev] t=454839.920 ev.decode.rows1.cap0=134.782ms
[labev] t=454840.054 ev.decode.rows1.cap0=134.585ms
[labev] t=454840.190 ev.decode.rows1.cap0=134.909ms
[labev] t=454840.324 ev.decode.rows1.cap0=134.579ms
[labev] t=454840.459 ev.decode.rows1.cap0=134.672ms
[labev] t=454840.594 ev.decode.rows1.cap0=134.880ms
[labev] t=454840.729 ev.decode.rows1.cap0=134.746ms
[labev] t=454840.864 ev.decode.rows1.cap0=134.869ms
[labev] t=454840.999 ev.decode.rows1.cap0=135.002ms
[labev] t=454841.134 ev.decode.rows1.cap0=134.920ms
[labev] t=454841.269 ev.decode.rows1.cap0=134.676ms
[labev] t=454841.404 ev.decode.rows1.cap0=134.919ms
[labev] t=454841.539 ev.decode.rows1.cap0=134.957ms
[labev] t=454841.674 ev.decode.rows1.cap0=134.963ms
[labev] t=454841.809 ev.decode.rows1.cap0=135.077ms
[labev] t=454841.944 ev.decode.rows1.cap0=134.688ms
[labev] t=454842.079 ev.decode.rows1.cap0=135.080ms
[labev] t=454842.214 ev.decode.rows1.cap0=135.046ms
[labev] t=454842.349 ev.decode.rows1.cap0=134.881ms
[labev] t=454842.484 ev.decode.rows1.cap0=135.192ms
[labev] t=454842.620 ev.decode.rows1.cap0=135.243ms
[labev] t=454842.755 ev.decode.rows1.cap0=135.204ms
[labev] t=454842.890 ev.decode.rows1.cap0=135.168ms
[labev] t=454843.026 ev.decode.rows1.cap0=135.178ms
[labev] t=454843.152 ev.decode.rows1.cap0=126.745ms
[labev] t=454846.583 req.start s1-p4096-o512-b3-r0=0.000ms
[labev] t=454846.583 req.handle=0.084ms
[labev] t=454846.603 tok.prepare=19.582ms
event=batching_admitted action=scheduler_admitted
[labev] t=454846.911 chunk.ord.total=308.261ms
[labev] t=454847.164 chunk.ord.total=253.041ms
[labev] t=454847.420 chunk.ord.total=255.945ms
[labev] t=454847.678 chunk.ord.total=257.801ms
[labev] t=454847.940 chunk.ord.total=261.331ms
[labev] t=454848.203 chunk.ord.total=263.609ms
[labev] t=454848.468 chunk.ord.total=264.812ms
[labev] t=454848.775 chunk.ord.total=306.356ms
[labev] t=454848.775 req.firsttoken s1-p4096-o512-b3-r0=2192.002ms
[labev] t=454848.910 ev.decode.rows1.cap0=134.974ms
[labev] t=454849.044 ev.decode.rows1.cap0=134.495ms
[labev] t=454849.178 ev.decode.rows1.cap0=133.970ms
[labev] t=454849.313 ev.decode.rows1.cap0=134.202ms
[labev] t=454849.447 ev.decode.rows1.cap0=133.964ms
[labev] t=454849.581 ev.decode.rows1.cap0=134.312ms
[labev] t=454849.716 ev.decode.rows1.cap0=134.570ms
[labev] t=454849.850 ev.decode.rows1.cap0=134.465ms
[labev] t=454849.985 ev.decode.rows1.cap0=134.389ms
[labev] t=454850.120 ev.decode.rows1.cap0=134.623ms
[labev] t=454850.254 ev.decode.rows1.cap0=134.303ms
[labev] t=454850.388 ev.decode.rows1.cap0=134.079ms
[labev] t=454850.523 ev.decode.rows1.cap0=134.460ms
[labev] t=454850.657 ev.decode.rows1.cap0=134.570ms
[labev] t=454850.792 ev.decode.rows1.cap0=134.587ms
[labev] t=454850.927 ev.decode.rows1.cap0=134.528ms
[labev] t=454851.061 ev.decode.rows1.cap0=134.547ms
[labev] t=454851.196 ev.decode.rows1.cap0=134.907ms
[labev] t=454851.331 ev.decode.rows1.cap0=134.638ms
[labev] t=454851.466 ev.decode.rows1.cap0=134.953ms
[labev] t=454851.601 ev.decode.rows1.cap0=134.841ms
[labev] t=454851.736 ev.decode.rows1.cap0=134.948ms
[labev] t=454851.871 ev.decode.rows1.cap0=134.593ms
[labev] t=454852.006 ev.decode.rows1.cap0=134.937ms
[labev] t=454852.141 ev.decode.rows1.cap0=134.896ms
[labev] t=454852.276 ev.decode.rows1.cap0=135.121ms
[labev] t=454852.411 ev.decode.rows1.cap0=135.181ms
[labev] t=454852.547 ev.decode.rows1.cap0=135.089ms
[labev] t=454852.682 ev.decode.rows1.cap0=134.872ms
[labev] t=454852.817 ev.decode.rows1.cap0=135.018ms
[labev] t=454852.952 ev.decode.rows1.cap0=134.866ms
[labev] t=454853.078 ev.decode.rows1.cap0=126.632ms
[labev] t=454853.079 req.start s1-p4096-o512-b3-r0=0.000ms
[labev] t=454853.080 req.handle=0.016ms
[labev] t=454853.099 tok.prepare=19.678ms
event=batching_admitted action=scheduler_admitted
[labev] t=454853.365 chunk.native.total=265.541ms
[labev] t=454853.630 chunk.native.total=265.314ms
[labev] t=454853.900 chunk.native.total=269.471ms
[labev] t=454854.172 chunk.native.total=272.229ms
[labev] t=454854.447 chunk.native.total=274.988ms
[labprof] d0.performDecode.call=134.508ms/n64 f0.finalize.total=1.672ms/n160 f1.finalize.build=0.479ms/n160 f2.finalize.eval=1.139ms/n160 fc.finalize.call=1.676ms/n160 o1.ord.build=1.131ms/n1022 o2.ord.eval=7.265ms/n1022 p0.propose=0.002ms/n159 r0.round.interval=14.098ms/n159 s1.native.prefill.target=2.080ms/n6 s1.ord.prefill.target=40.138ms/n16 s2.native.prefill.drafter+eval=268.981ms/n6 s2.ord.prefill.eval=227.664ms/n16 s9.native.prefill.chunk.total=269.545ms/n5 s9.ord.prefill.chunk.total=267.839ms/n16 v0.verify.call=12.269ms/n160 v1.verify.build=1.576ms/n159 v2.verify.eval=10.595ms/n159
[labev] t=454854.726 chunk.native.total=278.886ms
[labev] t=454855.008 chunk.native.total=281.928ms
[labev] t=454855.325 chunk.native.total=316.797ms
[labev] t=454855.325 req.firsttoken s1-p4096-o512-b3-r0=2245.785ms
[labev] t=454855.325 ev.propose=0.003ms
[labev] t=454855.337 ev.verify=12.097ms
[labev] t=454855.339 ev.finalize=1.672ms
[labev] t=454855.339 ev.propose=0.065ms
[labev] t=454855.352 ev.verify=12.344ms
[labev] t=454855.353 ev.finalize=1.636ms
[labev] t=454855.354 ev.propose=0.058ms
[labev] t=454855.366 ev.verify=12.210ms
[labev] t=454855.368 ev.finalize=1.659ms
[labev] t=454855.368 ev.propose=0.069ms
[labev] t=454855.380 ev.verify=12.110ms
[labev] t=454855.381 ev.finalize=1.649ms
[labev] t=454855.382 ev.propose=0.045ms
[labev] t=454855.394 ev.verify=12.182ms
[labev] t=454855.396 ev.finalize=1.645ms
[labev] t=454855.396 ev.propose=0.043ms
[labev] t=454855.408 ev.verify=12.174ms
[labev] t=454855.410 ev.finalize=1.635ms
[labev] t=454855.410 ev.propose=0.048ms
[labev] t=454855.422 ev.verify=12.415ms
[labev] t=454855.424 ev.finalize=1.635ms
[labev] t=454855.424 ev.propose=0.050ms
[labev] t=454855.436 ev.verify=12.280ms
[labev] t=454855.438 ev.finalize=1.605ms
[labev] t=454855.438 ev.propose=0.038ms
[labev] t=454855.450 ev.verify=12.037ms
[labev] t=454855.452 ev.finalize=2.271ms
[labev] t=454855.453 ev.propose=0.041ms
[labev] t=454855.465 ev.verify=12.317ms
[labev] t=454855.467 ev.finalize=1.697ms
[labev] t=454855.467 ev.propose=0.077ms
[labev] t=454855.479 ev.verify=12.130ms
[labev] t=454855.481 ev.finalize=1.665ms
[labev] t=454855.481 ev.propose=0.069ms
[labev] t=454855.493 ev.verify=12.148ms
[labev] t=454855.495 ev.finalize=1.560ms
[labev] t=454855.495 ev.propose=0.067ms
[labev] t=454855.507 ev.verify=12.056ms
[labev] t=454855.509 ev.finalize=1.598ms
[labev] t=454855.509 ev.propose=0.002ms
[labev] t=454855.521 ev.verify=12.170ms
[labev] t=454855.522 ev.finalize=1.614ms
[labev] t=454855.523 ev.propose=0.002ms
[labev] t=454855.535 ev.verify=12.250ms
[labev] t=454855.536 ev.finalize=1.521ms
[labev] t=454855.537 ev.propose=0.064ms
[labev] t=454855.549 ev.verify=12.125ms
[labev] t=454855.550 ev.finalize=1.632ms
[labev] t=454855.550 ev.propose=0.002ms
[labev] t=454855.563 ev.verify=12.185ms
[labev] t=454855.564 ev.finalize=1.617ms
[labev] t=454855.565 ev.propose=0.058ms
[labev] t=454855.577 ev.verify=12.107ms
[labev] t=454855.578 ev.finalize=1.665ms
[labev] t=454855.578 ev.propose=0.056ms
[labev] t=454855.591 ev.verify=12.074ms
[labev] t=454855.592 ev.finalize=1.643ms
[labev] t=454855.592 ev.propose=0.059ms
[labev] t=454855.605 ev.verify=12.121ms
[labev] t=454855.606 ev.finalize=1.612ms
[labev] t=454855.606 ev.propose=0.002ms
[labev] t=454855.619 ev.verify=12.226ms
[labev] t=454855.620 ev.finalize=1.663ms
[labev] t=454855.620 ev.propose=0.062ms
[labev] t=454855.633 ev.verify=12.162ms
[labev] t=454855.634 ev.finalize=1.633ms
[labev] t=454855.634 ev.propose=0.002ms
[labev] t=454855.647 ev.verify=12.332ms
[labev] t=454855.648 ev.finalize=1.626ms
[labev] t=454855.648 ev.propose=0.001ms
[labev] t=454855.661 ev.verify=12.221ms
[labev] t=454855.662 ev.finalize=1.635ms
[labev] t=454855.662 ev.propose=0.002ms
[labev] t=454855.675 ev.verify=12.158ms
[labev] t=454855.676 ev.finalize=1.620ms
[labev] t=454855.676 ev.propose=0.002ms
[labev] t=454855.689 ev.verify=12.289ms
[labev] t=454855.691 ev.finalize=2.247ms
[labev] t=454855.691 ev.propose=0.002ms
[labev] t=454855.703 ev.verify=12.323ms
[labev] t=454855.705 ev.finalize=1.662ms
[labev] t=454855.705 ev.propose=0.002ms
[labev] t=454855.718 ev.verify=12.239ms
[labev] t=454855.719 ev.finalize=1.646ms
[labev] t=454855.719 ev.propose=0.001ms
[labev] t=454855.732 ev.verify=12.248ms
[labev] t=454855.733 ev.finalize=1.611ms
[labev] t=454855.733 ev.propose=0.001ms
[labev] t=454855.746 ev.verify=12.189ms
[labev] t=454855.747 ev.finalize=1.650ms
[labev] t=454855.747 ev.propose=0.001ms
[labev] t=454855.760 ev.verify=12.159ms
[labev] t=454855.761 ev.finalize=1.608ms
[labev] t=454855.761 ev.propose=0.001ms
[labev] t=454855.773 ev.verify=12.132ms
[labev] t=454855.775 ev.finalize=1.608ms
[labev] t=454855.775 ev.propose=0.001ms
[labev] t=454855.787 ev.verify=12.298ms
[labev] t=454855.789 ev.finalize=1.675ms
[labev] t=454855.789 ev.propose=0.002ms
[labev] t=454855.802 ev.verify=12.267ms
[labev] t=454855.803 ev.finalize=1.658ms
[labev] t=454855.803 ev.propose=0.001ms
[labev] t=454855.816 ev.verify=12.164ms
[labev] t=454855.817 ev.finalize=1.630ms
[labev] t=454855.817 ev.propose=0.002ms
[labev] t=454855.829 ev.verify=12.097ms
[labev] t=454855.831 ev.finalize=1.618ms
[labev] t=454855.831 ev.propose=0.002ms
[labev] t=454855.844 ev.verify=12.387ms
[labev] t=454855.845 ev.finalize=1.637ms
[labev] t=454855.845 ev.propose=0.001ms
[labev] t=454855.858 ev.verify=12.318ms
[labev] t=454855.859 ev.finalize=1.623ms
[labev] t=454855.859 ev.propose=0.002ms
[labev] t=454855.872 ev.verify=12.116ms
[labev] t=454855.873 ev.finalize=1.708ms
[labev] t=454855.873 ev.propose=0.001ms
[labev] t=454855.885 ev.verify=12.019ms
[labev] t=454855.887 ev.finalize=1.655ms
[labev] t=454855.887 ev.propose=0.001ms
[labev] t=454855.899 ev.verify=12.173ms
[labev] t=454855.901 ev.finalize=1.630ms
[labev] t=454855.901 ev.propose=0.002ms
[labev] t=454855.914 ev.verify=12.298ms
[labev] t=454855.916 ev.finalize=2.277ms
[labev] t=454855.916 ev.propose=0.002ms
[labev] t=454855.928 ev.verify=12.374ms
[labev] t=454855.930 ev.finalize=1.637ms
[labev] t=454855.930 ev.propose=0.001ms
[labev] t=454855.942 ev.verify=12.215ms
[labev] t=454855.944 ev.finalize=1.661ms
[labev] t=454855.944 ev.propose=0.001ms
[labev] t=454855.956 ev.verify=12.112ms
[labev] t=454855.958 ev.finalize=1.649ms
[labev] t=454855.958 ev.propose=0.001ms
[labev] t=454855.970 ev.verify=12.081ms
[labev] t=454855.972 ev.finalize=1.644ms
[labev] t=454855.972 ev.propose=0.002ms
[labev] t=454855.984 ev.verify=12.230ms
[labev] t=454855.986 ev.finalize=1.645ms
[labev] t=454855.986 ev.propose=0.001ms
[labev] t=454855.998 ev.verify=12.159ms
[labev] t=454856.000 ev.finalize=1.642ms
[labev] t=454856.000 ev.propose=0.001ms
[labev] t=454856.012 ev.verify=12.214ms
[labev] t=454856.014 ev.finalize=1.657ms
[labev] t=454856.014 ev.propose=0.001ms
[labev] t=454856.026 ev.verify=12.159ms
[labev] t=454856.028 ev.finalize=1.642ms
[labev] t=454856.028 ev.propose=0.002ms
[labev] t=454856.040 ev.verify=12.206ms
[labev] t=454856.042 ev.finalize=1.535ms
[labev] t=454856.042 ev.propose=0.002ms
[labev] t=454856.054 ev.verify=12.160ms
[labev] t=454856.056 ev.finalize=1.640ms
[labev] t=454856.056 ev.propose=0.002ms
[labev] t=454856.068 ev.verify=12.207ms
[labev] t=454856.070 ev.finalize=1.644ms
[labev] t=454856.070 ev.propose=0.001ms
[labev] t=454856.082 ev.verify=12.213ms
[labev] t=454856.084 ev.finalize=1.680ms
[labev] t=454856.084 ev.propose=0.002ms
[labev] t=454856.096 ev.verify=12.231ms
[labev] t=454856.098 ev.finalize=1.633ms
[labev] t=454856.098 ev.propose=0.001ms
[labev] t=454856.110 ev.verify=12.037ms
[labev] t=454856.112 ev.finalize=1.729ms
[labev] t=454856.112 ev.propose=0.001ms
[labev] t=454856.124 ev.verify=12.095ms
[labev] t=454856.126 ev.finalize=1.647ms
[labev] t=454856.126 ev.propose=0.002ms
[labev] t=454856.138 ev.verify=12.046ms
[labev] t=454856.139 ev.finalize=1.632ms
[labev] t=454856.139 ev.propose=0.001ms
[labev] t=454856.152 ev.verify=12.267ms
[labev] t=454856.153 ev.finalize=1.723ms
[labev] t=454856.154 ev.propose=0.002ms
[labev] t=454856.166 ev.verify=12.064ms
[labev] t=454856.168 ev.finalize=2.308ms
[labev] t=454856.168 ev.propose=0.002ms
[labev] t=454856.180 ev.verify=12.203ms
[labev] t=454856.182 ev.finalize=1.568ms
[labev] t=454856.182 ev.propose=0.002ms
[labev] t=454856.194 ev.verify=11.983ms
[labev] t=454856.196 ev.finalize=1.709ms
[labev] t=454856.196 ev.propose=0.002ms
[labev] t=454856.208 ev.verify=12.216ms
[labev] t=454856.210 ev.finalize=1.636ms
[labev] t=454856.210 ev.propose=0.001ms
[labev] t=454856.222 ev.verify=11.984ms
[labev] t=454856.224 ev.finalize=1.729ms
[labev] t=454856.224 ev.propose=0.001ms
[labev] t=454856.236 ev.verify=12.042ms
[labev] t=454856.237 ev.finalize=1.530ms
[labev] t=454856.237 ev.propose=0.001ms
[labev] t=454856.249 ev.verify=11.992ms
[labev] t=454856.251 ev.finalize=1.612ms
[labev] t=454856.251 ev.propose=0.002ms
[labev] t=454856.263 ev.verify=12.118ms
[labev] t=454856.265 ev.finalize=1.666ms
[labev] t=454856.265 ev.propose=0.002ms
[labev] t=454856.277 ev.verify=11.961ms
[labev] t=454856.279 ev.finalize=1.641ms
[labev] t=454856.279 ev.propose=0.002ms
[labev] t=454856.291 ev.verify=12.245ms
[labev] t=454856.293 ev.finalize=1.545ms
[labev] t=454856.293 ev.propose=0.001ms
[labev] t=454856.305 ev.verify=12.216ms
[labev] t=454856.307 ev.finalize=1.531ms
[labev] t=454856.307 ev.propose=0.001ms
[labev] t=454856.319 ev.verify=12.294ms
[labev] t=454856.321 ev.finalize=1.532ms
[labev] t=454856.321 ev.propose=0.001ms
[labev] t=454856.333 ev.verify=12.080ms
[labev] t=454856.334 ev.finalize=1.511ms
[labev] t=454856.335 ev.propose=0.002ms
[labev] t=454856.347 ev.verify=11.987ms
[labev] t=454856.348 ev.finalize=1.652ms
[labev] t=454856.348 ev.propose=0.001ms
[labev] t=454856.361 ev.verify=12.245ms
[labev] t=454856.362 ev.finalize=1.651ms
[labev] t=454856.362 ev.propose=0.002ms
[labev] t=454856.375 ev.verify=12.165ms
[labev] t=454856.376 ev.finalize=1.658ms
[labev] t=454856.376 ev.propose=0.001ms
[labev] t=454856.389 ev.verify=12.202ms
[labev] t=454856.390 ev.finalize=1.684ms
[labev] t=454856.390 ev.propose=0.001ms
[labev] t=454856.403 ev.verify=12.454ms
[labev] t=454856.405 ev.finalize=1.638ms
[labev] t=454856.405 ev.propose=0.002ms
[labev] t=454856.417 ev.verify=12.172ms
[labev] t=454856.418 ev.finalize=1.636ms
[labev] t=454856.419 ev.propose=0.001ms
[labev] t=454856.431 ev.verify=12.330ms
[labev] t=454856.433 ev.finalize=1.638ms
[labev] t=454856.433 ev.propose=0.001ms
[labev] t=454856.446 ev.verify=13.135ms
[labev] t=454856.448 ev.finalize=2.639ms
[labev] t=454856.449 ev.propose=0.002ms
[labev] t=454856.461 ev.verify=12.442ms
[labev] t=454856.463 ev.finalize=1.643ms
[labev] t=454856.463 ev.propose=0.002ms
[labev] t=454856.475 ev.verify=12.231ms
[labev] t=454856.477 ev.finalize=1.652ms
[labev] t=454856.477 ev.propose=0.002ms
[labev] t=454856.489 ev.verify=12.167ms
[labev] t=454856.491 ev.finalize=1.629ms
[labev] t=454856.491 ev.propose=0.002ms
[labev] t=454856.503 ev.verify=12.131ms
[labev] t=454856.505 ev.finalize=1.649ms
[labev] t=454856.505 ev.propose=0.001ms
[labev] t=454856.517 ev.verify=12.081ms
[labev] t=454856.519 ev.finalize=1.613ms
[labev] t=454856.519 ev.propose=0.001ms
[labev] t=454856.531 ev.verify=12.239ms
[labev] t=454856.533 ev.finalize=1.644ms
[labev] t=454856.533 ev.propose=0.001ms
[labev] t=454856.545 ev.verify=12.314ms
[labev] t=454856.547 ev.finalize=1.625ms
[labev] t=454856.547 ev.propose=0.001ms
[labev] t=454856.559 ev.verify=12.242ms
[labev] t=454856.561 ev.finalize=1.657ms
[labev] t=454856.561 ev.propose=0.001ms
[labev] t=454856.573 ev.verify=12.296ms
[labev] t=454856.575 ev.finalize=1.649ms
[labev] t=454856.575 ev.propose=0.002ms
[labev] t=454856.587 ev.verify=12.218ms
[labev] t=454856.589 ev.finalize=1.629ms
[labev] t=454856.589 ev.propose=0.001ms
[labev] t=454856.601 ev.verify=12.056ms
[labev] t=454856.603 ev.finalize=1.634ms
[labev] t=454856.603 ev.propose=0.001ms
[labev] t=454856.615 ev.verify=12.284ms
[labev] t=454856.617 ev.finalize=1.657ms
[labev] t=454856.617 ev.propose=0.002ms
[labev] t=454856.629 ev.verify=11.982ms
[labev] t=454856.631 ev.finalize=1.627ms
[labev] t=454856.631 ev.propose=0.001ms
[labev] t=454856.643 ev.verify=12.368ms
[labev] t=454856.645 ev.finalize=1.639ms
[labev] t=454856.645 ev.propose=0.001ms
[labev] t=454856.657 ev.verify=12.142ms
[labev] t=454856.659 ev.finalize=1.677ms
[labev] t=454856.659 ev.propose=0.002ms
[labev] t=454856.671 ev.verify=12.249ms
[labev] t=454856.673 ev.finalize=2.299ms
[labev] t=454856.673 ev.propose=0.002ms
[labev] t=454856.686 ev.verify=12.410ms
[labev] t=454856.688 ev.finalize=1.640ms
[labev] t=454856.688 ev.propose=0.002ms
[labev] t=454856.700 ev.verify=12.374ms
[labev] t=454856.702 ev.finalize=1.624ms
[labev] t=454856.702 ev.propose=0.001ms
[labev] t=454856.714 ev.verify=12.202ms
[labev] t=454856.716 ev.finalize=1.668ms
[labev] t=454856.716 ev.propose=0.001ms
[labev] t=454856.728 ev.verify=12.239ms
[labev] t=454856.730 ev.finalize=1.652ms
[labev] t=454856.730 ev.propose=0.002ms
[labev] t=454856.742 ev.verify=12.296ms
[labev] t=454856.744 ev.finalize=1.541ms
[labev] t=454856.744 ev.propose=0.002ms
[labev] t=454856.756 ev.verify=12.242ms
[labev] t=454856.758 ev.finalize=1.642ms
[labev] t=454856.758 ev.propose=0.001ms
[labev] t=454856.770 ev.verify=12.178ms
[labev] t=454856.772 ev.finalize=1.642ms
[labev] t=454856.772 ev.propose=0.002ms
[labev] t=454856.784 ev.verify=12.109ms
[labev] t=454856.786 ev.finalize=1.633ms
[labev] t=454856.786 ev.propose=0.001ms
[labev] t=454856.798 ev.verify=12.225ms
[labev] t=454856.800 ev.finalize=1.637ms
[labev] t=454856.800 ev.propose=0.001ms
[labev] t=454856.812 ev.verify=12.342ms
[labev] t=454856.814 ev.finalize=1.641ms
[labev] t=454856.814 ev.propose=0.001ms
[labev] t=454856.826 ev.verify=12.130ms
[labev] t=454856.828 ev.finalize=1.665ms
[labev] t=454856.828 ev.propose=0.001ms
[labev] t=454856.840 ev.verify=12.137ms
[labev] t=454856.842 ev.finalize=1.654ms
[labev] t=454856.842 ev.propose=0.001ms
[labev] t=454856.854 ev.verify=12.384ms
[labev] t=454856.856 ev.finalize=1.525ms
[labev] t=454856.856 ev.propose=0.001ms
[labev] t=454856.868 ev.verify=12.167ms
[labev] t=454856.870 ev.finalize=1.642ms
[labev] t=454856.870 ev.propose=0.001ms
[labev] t=454856.882 ev.verify=12.352ms
[labev] t=454856.884 ev.finalize=1.613ms
[labev] t=454856.884 ev.propose=0.001ms
[labev] t=454856.896 ev.verify=12.325ms
[labev] t=454856.898 ev.finalize=1.643ms
[labev] t=454856.898 ev.propose=0.002ms
[labev] t=454856.910 ev.verify=12.261ms
[labev] t=454856.913 ev.finalize=2.322ms
[labev] t=454856.913 ev.propose=0.002ms
[labev] t=454856.925 ev.verify=12.305ms
[labev] t=454856.927 ev.finalize=1.663ms
[labev] t=454856.927 ev.propose=0.001ms
[labev] t=454856.939 ev.verify=12.466ms
[labev] t=454856.941 ev.finalize=1.646ms
[labev] t=454856.941 ev.propose=0.001ms
[labev] t=454856.953 ev.verify=12.068ms
[labev] t=454856.955 ev.finalize=1.642ms
[labev] t=454856.955 ev.propose=0.001ms
[labev] t=454856.967 ev.verify=12.301ms
[labev] t=454856.969 ev.finalize=1.654ms
[labev] t=454856.969 ev.propose=0.001ms
[labev] t=454856.981 ev.verify=12.251ms
[labev] t=454856.983 ev.finalize=1.648ms
[labev] t=454856.983 ev.propose=0.001ms
[labev] t=454856.996 ev.verify=12.373ms
[labev] t=454856.997 ev.finalize=1.549ms
[labev] t=454856.997 ev.propose=0.002ms
[labev] t=454857.010 ev.verify=12.160ms
[labev] t=454857.011 ev.finalize=1.536ms
[labev] t=454857.011 ev.propose=0.001ms
[labev] t=454857.024 ev.verify=12.307ms
[labev] t=454857.025 ev.finalize=1.653ms
[labev] t=454857.025 ev.propose=0.001ms
[labev] t=454857.038 ev.verify=12.159ms
[labev] t=454857.039 ev.finalize=1.623ms
[labev] t=454857.039 ev.propose=0.002ms
[labev] t=454857.051 ev.verify=12.152ms
[labev] t=454857.053 ev.finalize=1.554ms
[labev] t=454857.053 ev.propose=0.001ms
[labev] t=454857.065 ev.verify=12.191ms
[labev] t=454857.067 ev.finalize=1.655ms
[labev] t=454857.067 ev.propose=0.001ms
[labev] t=454857.080 ev.verify=12.318ms
[labev] t=454857.081 ev.finalize=1.541ms
[labev] t=454857.081 ev.propose=0.002ms
[labev] t=454857.094 ev.verify=12.334ms
[labev] t=454857.095 ev.finalize=1.687ms
[labev] t=454857.095 ev.propose=0.001ms
[labev] t=454857.108 ev.verify=12.319ms
[labev] t=454857.109 ev.finalize=1.655ms
[labev] t=454857.109 ev.propose=0.001ms
[labev] t=454857.122 ev.verify=12.144ms
[labev] t=454857.123 ev.finalize=1.696ms
[labev] t=454857.123 ev.propose=0.002ms
[labev] t=454857.136 ev.verify=12.323ms
[labev] t=454857.138 ev.finalize=1.665ms
[labev] t=454857.138 ev.propose=0.002ms
[labev] t=454857.150 ev.verify=12.295ms
[labev] t=454857.152 ev.finalize=1.584ms
[labev] t=454857.152 ev.propose=0.002ms
[labev] t=454857.164 ev.verify=12.198ms
[labev] t=454857.166 ev.finalize=2.309ms
[labev] t=454857.166 ev.propose=0.002ms
[labev] t=454857.179 ev.verify=12.142ms
[labev] t=454857.180 ev.finalize=1.636ms
[labev] t=454857.180 ev.propose=0.002ms
[labev] t=454857.193 ev.verify=12.271ms
[labev] t=454857.194 ev.finalize=1.660ms
[labev] t=454857.194 ev.propose=0.002ms
[labev] t=454857.207 ev.verify=12.155ms
[labev] t=454857.208 ev.finalize=1.645ms
[labev] t=454857.208 ev.propose=0.002ms
[labev] t=454857.220 ev.verify=12.090ms
[labev] t=454857.222 ev.finalize=1.617ms
[labev] t=454857.222 ev.propose=0.002ms
[labev] t=454857.234 ev.verify=12.159ms
[labev] t=454857.236 ev.finalize=1.690ms
[labev] t=454857.236 ev.propose=0.001ms
[labev] t=454857.249 ev.verify=12.434ms
[labev] t=454857.251 ev.finalize=1.984ms
[labev] t=454857.251 ev.propose=0.003ms
[labev] t=454857.264 ev.verify=13.308ms
[labev] t=454857.266 ev.finalize=1.719ms
[labev] t=454857.266 ev.propose=0.002ms
[labev] t=454857.279 ev.verify=13.036ms
[labev] t=454857.281 ev.finalize=1.784ms
[labev] t=454857.281 ev.propose=0.002ms
[labev] t=454857.294 ev.verify=13.288ms
[labev] t=454857.296 ev.finalize=1.784ms
[labev] t=454857.296 ev.propose=0.002ms
[labev] t=454857.310 ev.verify=13.184ms
[labev] t=454857.312 ev.finalize=1.942ms
[labev] t=454857.312 ev.propose=0.003ms
[labev] t=454857.325 ev.verify=13.325ms
[labev] t=454857.327 ev.finalize=1.796ms
[labev] t=454857.327 ev.propose=0.002ms
[labev] t=454857.340 ev.verify=13.186ms
[labev] t=454857.342 ev.finalize=1.768ms
[labev] t=454857.342 ev.propose=0.002ms
[labev] t=454857.356 ev.verify=13.264ms
[labev] t=454857.358 ev.finalize=1.918ms
[labev] t=454857.358 ev.propose=0.002ms
[labev] t=454857.371 ev.verify=13.179ms
[labev] t=454857.373 ev.finalize=1.910ms
[labev] t=454857.373 ev.propose=0.002ms
[labev] t=454857.386 ev.verify=13.310ms
[labev] t=454857.388 ev.finalize=1.815ms
[labev] t=454857.388 ev.propose=0.002ms
[labev] t=454857.402 ev.verify=13.283ms
[labev] t=454857.405 ev.finalize=3.120ms
[labev] t=454857.405 ev.propose=0.002ms
[labev] t=454857.419 ev.verify=14.223ms
[labev] t=454857.422 ev.finalize=2.406ms
[labev] t=454857.422 ev.propose=0.002ms
[labev] t=454857.434 ev.verify=12.373ms
[labev] t=454857.436 ev.finalize=1.700ms
[labev] t=454857.436 ev.propose=0.002ms
[labev] t=454857.448 ev.verify=12.236ms
[labev] t=454857.450 ev.finalize=1.664ms
[labev] t=454857.450 ev.propose=0.002ms
[labev] t=454857.462 ev.verify=12.288ms
[labev] t=454857.464 ev.finalize=1.660ms
[labev] t=454857.464 ev.propose=0.002ms
[labev] t=454857.476 ev.verify=12.168ms
[labev] t=454857.478 ev.finalize=1.654ms
[labev] t=454857.478 ev.propose=0.001ms
[labev] t=454857.491 ev.verify=12.323ms
[labev] t=454857.492 ev.finalize=1.628ms
[labev] t=454857.492 ev.propose=0.001ms
[labev] t=454857.505 ev.verify=12.364ms
[labev] t=454857.506 ev.finalize=1.673ms
[labev] t=454857.507 ev.propose=0.001ms
[labev] t=454857.519 ev.verify=12.461ms
[labev] t=454857.521 ev.finalize=1.654ms
[labev] t=454857.521 ev.propose=0.002ms
[labev] t=454857.533 ev.verify=12.264ms
[labev] t=454857.535 ev.finalize=1.645ms
[labev] t=454857.535 ev.propose=0.002ms
[labev] t=454857.547 ev.verify=12.178ms
[labev] t=454857.549 ev.finalize=1.672ms
[labev] t=454857.549 ev.propose=0.001ms
[labev] t=454857.561 ev.verify=12.305ms
[labev] t=454857.563 ev.finalize=1.671ms
[labev] t=454857.563 ev.propose=0.001ms
[labev] t=454857.575 ev.verify=12.273ms
[labev] t=454857.577 ev.finalize=1.673ms
[labev] t=454857.577 ev.propose=0.001ms
[labev] t=454857.589 ev.verify=12.346ms
[labev] t=454857.591 ev.finalize=1.647ms
[labev] t=454857.591 ev.propose=0.001ms
[labev] t=454857.603 ev.verify=12.190ms
[labev] t=454857.605 ev.finalize=1.680ms
[labev] t=454857.605 ev.propose=0.002ms
[labev] t=454857.618 ev.verify=12.453ms
[labev] t=454857.620 ev.finalize=1.680ms
[labev] t=454857.620 ev.propose=0.001ms
[labev] t=454857.632 ev.verify=12.324ms
[labev] t=454857.634 ev.finalize=1.680ms
[labev] t=454857.634 ev.propose=0.001ms
[labev] t=454857.646 ev.verify=12.250ms
[labev] t=454857.648 ev.finalize=2.295ms
[labev] t=454857.648 ev.propose=0.002ms
[labev] t=454857.661 ev.verify=12.257ms
[labev] t=454857.663 ev.finalize=1.739ms
[labev] t=454857.663 ev.propose=0.002ms
[labev] t=454857.675 ev.verify=12.271ms
[labev] t=454857.677 ev.finalize=1.776ms
[labev] t=454857.677 ev.propose=0.002ms
[labev] t=454857.689 ev.verify=12.439ms
[labev] t=454857.691 ev.finalize=1.691ms
[labev] t=454857.691 ev.propose=0.001ms
[labev] t=454857.703 ev.verify=12.048ms
[labev] t=454857.705 ev.finalize=1.667ms
[labev] t=454857.705 ev.propose=0.002ms
[labev] t=454857.717 ev.verify=12.274ms
[labev] t=454857.719 ev.finalize=1.571ms
[labev] t=454857.719 ev.propose=0.001ms
[labev] t=454857.731 ev.verify=12.044ms
[labev] t=454857.733 ev.finalize=1.688ms
[labev] t=454857.733 ev.propose=0.002ms
[labev] t=454857.745 ev.verify=12.194ms
[labev] t=454857.747 ev.finalize=1.690ms
[labev] t=454857.747 ev.propose=0.001ms
[labev] t=454857.759 ev.verify=12.258ms
[labev] t=454857.761 ev.finalize=1.686ms
[labev] t=454857.761 ev.propose=0.001ms
[labev] t=454857.773 ev.verify=12.260ms
[labev] t=454857.775 ev.finalize=1.687ms
[labev] t=454857.775 ev.propose=0.002ms
[labev] t=454857.788 ev.verify=12.473ms
[labev] t=454857.789 ev.finalize=1.655ms
[labev] t=454857.789 ev.propose=0.002ms
[labev] t=454857.802 ev.verify=12.223ms
[labev] t=454857.803 ev.finalize=1.648ms
[labev] t=454857.803 ev.propose=0.001ms
[labev] t=454857.816 ev.verify=12.168ms
[labev] t=454857.817 ev.finalize=1.629ms
[labev] t=454857.817 ev.propose=0.002ms
[labev] t=454857.830 ev.verify=12.389ms
[labev] t=454857.832 ev.finalize=1.778ms
[labev] t=454857.832 ev.propose=0.002ms
[labev] t=454857.844 ev.verify=12.177ms
[labev] t=454857.845 ev.finalize=1.550ms
[labev] t=454857.846 ev.propose=0.002ms
[labev] t=454857.858 ev.verify=12.153ms
[labev] t=454857.859 ev.finalize=1.549ms
[labev] t=454857.859 ev.propose=0.002ms
[labev] t=454857.872 ev.verify=12.145ms
[labev] t=454857.873 ev.finalize=1.724ms
[labev] t=454857.873 ev.propose=0.002ms
[labev] t=454857.886 ev.verify=12.161ms
[labev] t=454857.887 ev.finalize=1.677ms
[labev] t=454857.887 ev.propose=0.001ms
[labev] t=454857.900 ev.verify=12.467ms
[labev] t=454857.902 ev.finalize=2.325ms
[labev] t=454857.902 ev.propose=0.002ms
[labev] t=454857.915 ev.verify=12.191ms
[labev] t=454857.916 ev.finalize=1.672ms
[labev] t=454857.916 ev.propose=0.001ms
[labev] t=454857.929 ev.verify=12.322ms
[labev] t=454857.930 ev.finalize=1.550ms
[labev] t=454857.930 ev.propose=0.002ms
[labev] t=454857.943 ev.verify=12.426ms
[labev] t=454857.945 ev.finalize=1.681ms
[labev] t=454857.945 ev.propose=0.001ms
[labev] t=454857.957 ev.verify=12.304ms
[labev] t=454857.959 ev.finalize=1.687ms
[labev] t=454857.959 ev.propose=0.001ms
[labev] t=454857.971 ev.verify=12.309ms
[labev] t=454857.973 ev.finalize=1.668ms
[labev] t=454857.973 ev.propose=0.001ms
[labev] t=454857.985 ev.verify=12.325ms
[labev] t=454857.987 ev.finalize=1.558ms
[labev] t=454857.987 ev.propose=0.002ms
[labev] t=454858.000 ev.verify=12.410ms
[labev] t=454858.001 ev.finalize=1.644ms
[labev] t=454858.001 ev.propose=0.001ms
[labev] t=454858.014 ev.verify=12.396ms
[labev] t=454858.015 ev.finalize=1.653ms
[labev] t=454858.015 ev.propose=0.001ms
[labev] t=454858.028 ev.verify=12.321ms
[labev] t=454858.030 ev.finalize=1.642ms
[labev] t=454858.030 ev.propose=0.001ms
[labev] t=454858.042 ev.verify=12.378ms
[labev] t=454858.044 ev.finalize=1.662ms
[labev] t=454858.044 ev.propose=0.001ms
[labev] t=454858.056 ev.verify=12.380ms
[labev] t=454858.058 ev.finalize=1.655ms
[labev] t=454858.058 ev.propose=0.001ms
[labev] t=454858.070 ev.verify=12.405ms
[labev] t=454858.072 ev.finalize=1.649ms
[labev] t=454858.072 ev.propose=0.002ms
[labev] t=454858.085 ev.verify=12.465ms
[labev] t=454858.086 ev.finalize=1.637ms
[labev] t=454858.086 ev.propose=0.002ms
[labev] t=454858.099 ev.verify=12.440ms
[labev] t=454858.101 ev.finalize=1.685ms
[labev] t=454858.101 ev.propose=0.001ms
[labev] t=454858.113 ev.verify=12.331ms
[labev] t=454858.115 ev.finalize=1.687ms
[labev] t=454858.115 ev.propose=0.001ms
[labev] t=454858.127 ev.verify=12.153ms
[labev] t=454858.129 ev.finalize=1.679ms
[labev] t=454858.129 ev.propose=0.002ms
[labev] t=454858.141 ev.verify=12.246ms
[labev] t=454858.144 ev.finalize=2.343ms
[labev] t=454858.144 ev.propose=0.002ms
[labev] t=454858.156 ev.verify=12.342ms
[labev] t=454858.158 ev.finalize=1.695ms
[labev] t=454858.158 ev.propose=0.001ms
[labev] t=454858.170 ev.verify=12.407ms
[labev] t=454858.172 ev.finalize=1.653ms
[labev] t=454858.172 ev.propose=0.001ms
[labev] t=454858.184 ev.verify=12.099ms
[labev] t=454858.186 ev.finalize=1.676ms
[labev] t=454858.186 ev.propose=0.001ms
[labev] t=454858.198 ev.verify=12.228ms
[labev] t=454858.200 ev.finalize=1.665ms
[labev] t=454858.200 ev.propose=0.001ms
[labev] t=454858.212 ev.verify=12.094ms
[labev] t=454858.214 ev.finalize=1.680ms
[labev] t=454858.214 ev.propose=0.001ms
[labev] t=454858.226 ev.verify=12.281ms
[labev] t=454858.228 ev.finalize=1.540ms
[labev] t=454858.228 ev.propose=0.001ms
[labev] t=454858.240 ev.verify=12.242ms
[labev] t=454858.242 ev.finalize=1.548ms
[labev] t=454858.242 ev.propose=0.001ms
[labev] t=454858.254 ev.verify=12.332ms
[labev] t=454858.256 ev.finalize=1.681ms
[labev] t=454858.256 ev.propose=0.001ms
[labev] t=454858.268 ev.verify=12.114ms
[labev] t=454858.270 ev.finalize=1.677ms
[labev] t=454858.270 ev.propose=0.001ms
[labev] t=454858.282 ev.verify=12.270ms
[labev] t=454858.284 ev.finalize=1.745ms
[labev] t=454858.284 ev.propose=0.001ms
[labev] t=454858.297 ev.verify=12.325ms
[labev] t=454858.298 ev.finalize=1.741ms
[labev] t=454858.298 ev.propose=0.001ms
[labev] t=454858.311 ev.verify=12.292ms
[labev] t=454858.313 ev.finalize=1.682ms
[labev] t=454858.313 ev.propose=0.001ms
[labev] t=454858.325 ev.verify=12.164ms
[labev] t=454858.327 ev.finalize=1.688ms
[labev] t=454858.327 ev.propose=0.001ms
[labev] t=454858.339 ev.verify=12.027ms
[labev] t=454858.340 ev.finalize=1.553ms
[labev] t=454858.340 ev.propose=0.002ms
[labev] t=454858.353 ev.verify=12.379ms
[labev] t=454858.354 ev.finalize=1.667ms
[labev] t=454858.355 ev.propose=0.001ms
[labev] t=454858.367 ev.verify=12.194ms
[labev] t=454858.369 ev.finalize=1.677ms
[labev] t=454858.369 ev.propose=0.002ms
[labev] t=454858.381 ev.verify=12.471ms
[labev] t=454858.383 ev.finalize=1.553ms
[labev] t=454858.383 ev.propose=0.002ms
[labev] t=454858.395 ev.verify=12.278ms
[labev] t=454858.397 ev.finalize=1.606ms
[labev] t=454858.397 ev.propose=0.002ms
[labev] t=454858.409 ev.verify=12.134ms
[labev] t=454858.411 ev.finalize=2.203ms
[labev] t=454858.411 ev.propose=0.001ms
[labev] t=454858.424 ev.verify=12.242ms
[labev] t=454858.425 ev.finalize=1.661ms
[labev] t=454858.425 ev.propose=0.001ms
[labev] t=454858.438 ev.verify=12.239ms
[labev] t=454858.439 ev.finalize=1.671ms
[labev] t=454858.439 ev.propose=0.001ms
[labev] t=454858.452 ev.verify=12.101ms
[labev] t=454858.453 ev.finalize=1.679ms
[labev] t=454858.453 ev.propose=0.001ms
[labev] t=454858.466 ev.verify=12.319ms
[labev] t=454858.467 ev.finalize=1.546ms
[labev] t=454858.467 ev.propose=0.001ms
[labev] t=454858.480 ev.verify=12.101ms
[labev] t=454858.481 ev.finalize=1.634ms
[labev] t=454858.481 ev.propose=0.002ms
[labev] t=454858.493 ev.verify=12.121ms
[labev] t=454858.495 ev.finalize=1.576ms
[labev] t=454858.495 ev.propose=0.002ms
[labev] t=454858.507 ev.verify=12.128ms
[labev] t=454858.509 ev.finalize=1.670ms
[labev] t=454858.509 ev.propose=0.002ms
[labev] t=454858.522 ev.verify=12.514ms
[labev] t=454858.524 ev.finalize=1.805ms
[labev] t=454858.524 ev.propose=0.003ms
[labev] t=454858.536 ev.verify=12.571ms
[labev] t=454858.538 ev.finalize=1.876ms
[labev] t=454858.538 ev.propose=0.004ms
[labev] t=454858.551 ev.verify=12.599ms
[labev] t=454858.553 ev.finalize=1.718ms
[labev] t=454858.553 ev.propose=0.002ms
[labev] t=454858.566 ev.verify=12.578ms
[labev] t=454858.567 ev.finalize=1.675ms
[labev] t=454858.567 ev.propose=0.002ms
[labev] t=454858.580 ev.verify=12.479ms
[labev] t=454858.582 ev.finalize=1.639ms
[labev] t=454858.582 ev.propose=0.001ms
[labev] t=454858.594 ev.verify=12.429ms
[labev] t=454858.596 ev.finalize=1.685ms
[labev] t=454858.596 ev.propose=0.002ms
[labev] t=454858.608 ev.verify=12.388ms
[labev] t=454858.610 ev.finalize=1.653ms
[labev] t=454858.610 ev.propose=0.001ms
[labev] t=454858.622 ev.verify=12.302ms
[labev] t=454858.624 ev.finalize=1.649ms
[labev] t=454858.624 ev.propose=0.002ms
[labev] t=454858.637 ev.verify=12.346ms
[labev] t=454858.638 ev.finalize=1.651ms
[labev] t=454858.638 ev.propose=0.001ms
[labev] t=454858.651 ev.verify=12.353ms
[labev] t=454858.652 ev.finalize=1.611ms
[labev] t=454858.653 ev.propose=0.002ms
[labev] t=454858.665 ev.verify=12.310ms
[labev] t=454858.667 ev.finalize=1.685ms
[labev] t=454858.667 ev.propose=0.002ms
[labev] t=454858.679 ev.verify=12.225ms
[labev] t=454858.681 ev.finalize=2.353ms
[labev] t=454858.681 ev.propose=0.002ms
[labev] t=454858.694 ev.verify=12.208ms
[labev] t=454858.695 ev.finalize=1.704ms
[labev] t=454858.696 ev.propose=0.002ms
[labev] t=454858.708 ev.verify=12.148ms
[labev] t=454858.709 ev.finalize=1.640ms
[labev] t=454858.709 ev.propose=0.002ms
[labev] t=454858.722 ev.verify=12.084ms
[labev] t=454858.723 ev.finalize=1.599ms
[labev] t=454858.723 ev.propose=0.002ms
[labev] t=454858.736 ev.verify=12.290ms
[labev] t=454858.737 ev.finalize=1.565ms
[labev] t=454858.737 ev.propose=0.002ms
[labev] t=454858.750 ev.verify=12.265ms
[labev] t=454858.751 ev.finalize=1.743ms
[labev] t=454858.752 ev.propose=0.002ms
[labev] t=454858.764 ev.verify=12.364ms
[labev] t=454858.766 ev.finalize=1.684ms
[labev] t=454858.766 ev.propose=0.002ms
[labev] t=454858.778 ev.verify=12.146ms
[labev] t=454858.780 ev.finalize=1.691ms
[labev] t=454858.780 ev.propose=0.002ms
[labev] t=454858.792 ev.verify=12.096ms
[labev] t=454858.794 ev.finalize=1.703ms
[labev] t=454858.794 ev.propose=0.002ms
[labev] t=454858.806 ev.verify=12.225ms
[labev] t=454858.808 ev.finalize=1.662ms
[labev] t=454858.808 ev.propose=0.002ms
[labev] t=454858.820 ev.verify=12.431ms
[labev] t=454858.822 ev.finalize=1.685ms
[labev] t=454858.822 ev.propose=0.002ms
[labev] t=454858.835 ev.verify=12.465ms
[labev] t=454858.836 ev.finalize=1.661ms
[labev] t=454858.836 ev.propose=0.002ms
[labev] t=454858.849 ev.verify=12.181ms
[labev] t=454858.850 ev.finalize=1.684ms
[labev] t=454858.850 ev.propose=0.002ms
[labev] t=454858.863 ev.verify=12.383ms
[labev] t=454858.864 ev.finalize=1.674ms
[labev] t=454858.865 ev.propose=0.002ms
[labev] t=454858.877 ev.verify=12.181ms
[labev] t=454858.879 ev.finalize=1.701ms
[labev] t=454858.879 ev.propose=0.002ms
[labev] t=454858.891 ev.verify=12.256ms
[labev] t=454858.893 ev.finalize=1.663ms
[labev] t=454858.893 ev.propose=0.002ms
[labev] t=454858.905 ev.verify=12.358ms
[labev] t=454858.907 ev.finalize=1.731ms
[labev] t=454858.907 ev.propose=0.002ms
[labev] t=454858.919 ev.verify=12.286ms
[labev] t=454858.922 ev.finalize=2.339ms
[labev] t=454858.922 ev.propose=0.002ms
[labev] t=454858.934 ev.verify=12.465ms
[labev] t=454858.936 ev.finalize=1.571ms
[labev] t=454858.936 ev.propose=0.002ms
[labev] t=454858.948 ev.verify=12.345ms
[labev] t=454858.950 ev.finalize=1.653ms
[labev] t=454858.950 ev.propose=0.001ms
[labev] t=454858.962 ev.verify=12.318ms
[labev] t=454858.964 ev.finalize=1.701ms
[labev] t=454858.964 ev.propose=0.002ms
[labev] t=454858.977 ev.verify=12.288ms
[labev] t=454858.978 ev.finalize=1.694ms
[labev] t=454858.978 ev.propose=0.001ms
[labev] t=454858.991 ev.verify=12.364ms
[labev] t=454858.992 ev.finalize=1.562ms
[labev] t=454858.993 ev.propose=0.002ms
[labev] t=454859.005 ev.verify=12.467ms
[labev] t=454859.007 ev.finalize=1.676ms
[labev] t=454859.007 ev.propose=0.002ms
[labev] t=454859.019 ev.verify=12.310ms
[labev] t=454859.021 ev.finalize=1.681ms
[labev] t=454859.021 ev.propose=0.001ms
[labev] t=454859.033 ev.verify=12.325ms
[labev] t=454859.035 ev.finalize=1.677ms
[labev] t=454859.035 ev.propose=0.001ms
[labev] t=454859.048 ev.verify=12.463ms
[labev] t=454859.049 ev.finalize=1.686ms
[labev] t=454859.049 ev.propose=0.001ms
[labev] t=454859.062 ev.verify=12.309ms
[labev] t=454859.063 ev.finalize=1.598ms
[labev] t=454859.064 ev.propose=0.001ms
[labev] t=454859.076 ev.verify=12.175ms
[labev] t=454859.077 ev.finalize=1.638ms
[labev] t=454859.078 ev.propose=0.001ms
[labev] t=454859.090 ev.verify=12.100ms
[labev] t=454859.091 ev.finalize=1.677ms
[labev] t=454859.091 ev.propose=0.001ms
[labev] t=454859.104 ev.verify=12.284ms
[labev] t=454859.105 ev.finalize=1.585ms
[labev] t=454859.106 ev.propose=0.001ms
[labev] t=454859.118 ev.verify=12.374ms
[labev] t=454859.120 ev.finalize=1.591ms
[labev] t=454859.120 ev.propose=0.002ms
[labev] t=454859.132 ev.verify=12.370ms
[labev] t=454859.134 ev.finalize=1.687ms
[labev] t=454859.134 ev.propose=0.002ms
[labev] t=454859.146 ev.verify=12.509ms
[labev] t=454859.148 ev.finalize=1.665ms
[labev] t=454859.148 ev.propose=0.001ms
[labev] t=454859.161 ev.verify=12.315ms
[labev] t=454859.162 ev.finalize=1.694ms
[labev] t=454859.162 ev.propose=0.001ms
[labev] t=454859.174 ev.verify=12.102ms
[labev] t=454859.176 ev.finalize=1.723ms
[labev] t=454859.176 ev.propose=0.001ms
[labev] t=454859.189 ev.verify=12.409ms
[labev] t=454859.191 ev.finalize=2.246ms
[labev] t=454859.191 ev.propose=0.002ms
[labev] t=454859.204 ev.verify=12.361ms
[labev] t=454859.205 ev.finalize=1.605ms
[labev] t=454859.205 ev.propose=0.002ms
[labev] t=454859.218 ev.verify=12.498ms
[labev] t=454859.220 ev.finalize=1.702ms
[labev] t=454859.220 ev.propose=0.001ms
[labev] t=454859.232 ev.verify=12.293ms
[labev] t=454859.234 ev.finalize=1.682ms
[labev] t=454859.234 ev.propose=0.001ms
[labev] t=454859.246 ev.verify=12.523ms
[labev] t=454859.248 ev.finalize=1.705ms
[labev] t=454859.248 ev.propose=0.002ms
[labev] t=454859.260 ev.verify=12.254ms
[labev] t=454859.262 ev.finalize=1.686ms
[labev] t=454859.262 ev.propose=0.001ms
[labev] t=454859.275 ev.verify=12.257ms
[labev] t=454859.276 ev.finalize=1.706ms
[labev] t=454859.276 ev.propose=0.001ms
[labev] t=454859.289 ev.verify=12.244ms
[labev] t=454859.290 ev.finalize=1.725ms
[labev] t=454862.701 req.start s1-p4096-o512-b4-r0=0.000ms
[labev] t=454862.701 req.handle=0.070ms
[labev] t=454862.721 tok.prepare=19.491ms
event=batching_admitted action=scheduler_admitted
[labev] t=454863.027 chunk.ord.total=306.130ms
[labev] t=454863.280 chunk.ord.total=252.816ms
[labev] t=454863.536 chunk.ord.total=255.268ms
[labev] t=454863.794 chunk.ord.total=257.865ms
[labev] t=454864.054 chunk.ord.total=260.436ms
[labev] t=454864.317 chunk.ord.total=263.127ms
[labev] t=454864.583 chunk.ord.total=265.702ms
[labev] t=454864.890 chunk.ord.total=306.339ms
[labev] t=454864.890 req.firsttoken s1-p4096-o512-b4-r0=2188.432ms
[labev] t=454865.025 ev.decode.rows1.cap0=135.591ms
[labev] t=454865.160 ev.decode.rows1.cap0=134.930ms
[labev] t=454865.295 ev.decode.rows1.cap0=134.876ms
[labev] t=454865.430 ev.decode.rows1.cap0=134.971ms
[labev] t=454865.565 ev.decode.rows1.cap0=134.835ms
[labev] t=454865.701 ev.decode.rows1.cap0=135.314ms
[labev] t=454865.835 ev.decode.rows1.cap0=134.537ms
[labev] t=454865.970 ev.decode.rows1.cap0=135.043ms
[labev] t=454866.105 ev.decode.rows1.cap0=134.854ms
[labev] t=454866.240 ev.decode.rows1.cap0=135.027ms
[labev] t=454866.376 ev.decode.rows1.cap0=135.141ms
[labev] t=454866.511 ev.decode.rows1.cap0=134.834ms
[labev] t=454866.646 ev.decode.rows1.cap0=135.181ms
[labev] t=454866.781 ev.decode.rows1.cap0=135.134ms
[labev] t=454866.917 ev.decode.rows1.cap0=135.280ms
[labev] t=454867.052 ev.decode.rows1.cap0=135.109ms
[labev] t=454867.187 ev.decode.rows1.cap0=134.832ms
[labev] t=454867.322 ev.decode.rows1.cap0=135.245ms
[labev] t=454867.457 ev.decode.rows1.cap0=135.162ms
[labev] t=454867.593 ev.decode.rows1.cap0=135.247ms
[labev] t=454867.728 ev.decode.rows1.cap0=135.189ms
[labev] t=454867.863 ev.decode.rows1.cap0=134.924ms
[labev] t=454867.998 ev.decode.rows1.cap0=135.183ms
[labev] t=454868.134 ev.decode.rows1.cap0=135.176ms
[labev] t=454868.269 ev.decode.rows1.cap0=135.556ms
[labev] t=454868.405 ev.decode.rows1.cap0=135.423ms
[labev] t=454868.540 ev.decode.rows1.cap0=135.480ms
[labev] t=454868.676 ev.decode.rows1.cap0=135.375ms
[labev] t=454868.812 ev.decode.rows1.cap0=135.737ms
[labev] t=454868.947 ev.decode.rows1.cap0=135.615ms
[labev] t=454869.083 ev.decode.rows1.cap0=135.475ms
[labev] t=454869.210 ev.decode.rows1.cap0=127.070ms
[labev] t=454869.211 req.start s1-p4096-o512-b4-r0=0.000ms
[labev] t=454869.211 req.handle=0.017ms
[labev] t=454869.231 tok.prepare=19.908ms
event=batching_admitted action=scheduler_admitted
[labev] t=454869.498 chunk.native.total=267.020ms
[labev] t=454869.764 chunk.native.total=265.402ms
[labev] t=454870.033 chunk.native.total=269.395ms
[labev] t=454870.306 chunk.native.total=272.397ms
[labev] t=454870.581 chunk.native.total=274.675ms
[labev] t=454870.859 chunk.native.total=278.245ms
[labev] t=454871.142 chunk.native.total=282.637ms
[labev] t=454871.458 chunk.native.total=316.374ms
[labev] t=454871.458 req.firsttoken s1-p4096-o512-b4-r0=2247.042ms
[labev] t=454871.458 ev.propose=0.003ms
[labev] t=454871.470 ev.verify=12.235ms
[labev] t=454871.472 ev.finalize=1.738ms
[labev] t=454871.473 ev.propose=0.084ms
[labev] t=454871.485 ev.verify=12.537ms
[labev] t=454871.487 ev.finalize=1.657ms
[labev] t=454871.487 ev.propose=0.032ms
[labev] t=454871.499 ev.verify=12.433ms
[labev] t=454871.501 ev.finalize=1.628ms
[labev] t=454871.501 ev.propose=0.061ms
[labev] t=454871.513 ev.verify=12.220ms
[labev] t=454871.515 ev.finalize=1.662ms
[labev] t=454871.515 ev.propose=0.046ms
[labev] t=454871.528 ev.verify=12.343ms
[labev] t=454871.529 ev.finalize=1.635ms
[labev] t=454871.529 ev.propose=0.001ms
[labev] t=454871.542 ev.verify=12.406ms
[labev] t=454871.544 ev.finalize=1.636ms
[labev] t=454871.544 ev.propose=0.047ms
[labev] t=454871.556 ev.verify=12.462ms
[labev] t=454871.558 ev.finalize=1.636ms
[labev] t=454871.558 ev.propose=0.060ms
[labev] t=454871.570 ev.verify=12.415ms
[labev] t=454871.572 ev.finalize=1.631ms
[labev] t=454871.572 ev.propose=0.047ms
[labev] t=454871.584 ev.verify=12.072ms
[labev] t=454871.587 ev.finalize=2.278ms
[labev] t=454871.587 ev.propose=0.056ms
[labev] t=454871.599 ev.verify=12.384ms
[labev] t=454871.601 ev.finalize=1.651ms
[labev] t=454871.601 ev.propose=0.075ms
[labev] t=454871.613 ev.verify=12.176ms
[labev] t=454871.615 ev.finalize=1.639ms
[labev] t=454871.615 ev.propose=0.002ms
[labev] t=454871.627 ev.verify=12.248ms
[labev] t=454871.629 ev.finalize=1.735ms
[labev] t=454871.629 ev.propose=0.049ms
[labev] t=454871.642 ev.verify=12.169ms
[labev] t=454871.643 ev.finalize=1.558ms
[labev] t=454871.643 ev.propose=0.075ms
[labev] t=454871.655 ev.verify=12.161ms
[labev] t=454871.657 ev.finalize=1.627ms
[labev] t=454871.657 ev.propose=0.002ms
[labev] t=454871.670 ev.verify=12.302ms
[labev] t=454871.671 ev.finalize=1.747ms
[labev] t=454871.671 ev.propose=0.002ms
[labev] t=454871.684 ev.verify=12.187ms
[labev] t=454871.685 ev.finalize=1.683ms
[labev] t=454871.685 ev.propose=0.002ms
[labev] t=454871.698 ev.verify=12.196ms
[labev] t=454871.699 ev.finalize=1.665ms
[labev] t=454871.699 ev.propose=0.002ms
[labev] t=454871.712 ev.verify=12.165ms
[labev] t=454871.713 ev.finalize=1.671ms
[labev] t=454871.713 ev.propose=0.002ms
[labev] t=454871.726 ev.verify=12.261ms
[labev] t=454871.727 ev.finalize=1.648ms
[labev] t=454871.728 ev.propose=0.002ms
[labev] t=454871.740 ev.verify=12.225ms
[labev] t=454871.741 ev.finalize=1.612ms
[labev] t=454871.742 ev.propose=0.002ms
[labev] t=454871.754 ev.verify=12.190ms
[labev] t=454871.755 ev.finalize=1.634ms
[labev] t=454871.756 ev.propose=0.002ms
[labev] t=454871.768 ev.verify=12.220ms
[labev] t=454871.769 ev.finalize=1.682ms
[labev] t=454871.770 ev.propose=0.002ms
[labev] t=454871.782 ev.verify=12.291ms
[labev] t=454871.784 ev.finalize=1.655ms
[labev] t=454871.784 ev.propose=0.002ms
[labev] t=454871.796 ev.verify=12.167ms
[labev] t=454871.798 ev.finalize=1.675ms
[labev] t=454871.798 ev.propose=0.053ms
[labev] t=454871.810 ev.verify=12.174ms
[labev] t=454871.812 ev.finalize=1.621ms
[labev] t=454871.812 ev.propose=0.002ms
[labev] t=454871.824 ev.verify=12.251ms
[labev] t=454871.826 ev.finalize=2.299ms
[labev] t=454871.826 ev.propose=0.002ms
[labev] t=454871.839 ev.verify=12.299ms
[labev] t=454871.840 ev.finalize=1.638ms
[labev] t=454871.840 ev.propose=0.001ms
[labev] t=454871.853 ev.verify=12.236ms
[labev] t=454871.854 ev.finalize=1.633ms
[labev] t=454871.855 ev.propose=0.002ms
[labev] t=454871.867 ev.verify=12.256ms
[labev] t=454871.868 ev.finalize=1.633ms
[labev] t=454871.869 ev.propose=0.002ms
[labev] t=454871.881 ev.verify=12.220ms
[labev] t=454871.882 ev.finalize=1.636ms
[labev] t=454871.883 ev.propose=0.002ms
[labev] t=454871.895 ev.verify=12.183ms
[labev] t=454871.896 ev.finalize=1.638ms
[labev] t=454871.897 ev.propose=0.002ms
[labev] t=454871.909 ev.verify=12.277ms
[labev] t=454871.911 ev.finalize=1.621ms
[labev] t=454871.911 ev.propose=0.002ms
[labev] t=454871.923 ev.verify=12.166ms
[labev] t=454871.924 ev.finalize=1.648ms
[labev] t=454871.925 ev.propose=0.002ms
[labev] t=454871.937 ev.verify=12.314ms
[labev] t=454871.939 ev.finalize=1.617ms
[labev] t=454871.939 ev.propose=0.002ms
[labev] t=454871.951 ev.verify=12.131ms
[labev] t=454871.953 ev.finalize=1.635ms
[labev] t=454871.953 ev.propose=0.002ms
[labev] t=454871.965 ev.verify=12.173ms
[labev] t=454871.966 ev.finalize=1.653ms
[labev] t=454871.967 ev.propose=0.002ms
[labev] t=454871.979 ev.verify=12.462ms
[labev] t=454871.981 ev.finalize=1.634ms
[labev] t=454871.981 ev.propose=0.002ms
[labev] t=454871.993 ev.verify=12.357ms
[labev] t=454871.995 ev.finalize=1.635ms
[labev] t=454871.995 ev.propose=0.002ms
[labev] t=454872.007 ev.verify=12.137ms
[labev] t=454872.009 ev.finalize=1.642ms
[labev] t=454872.009 ev.propose=0.002ms
[labev] t=454872.021 ev.verify=12.048ms
[labev] t=454872.023 ev.finalize=1.662ms
[labev] t=454872.023 ev.propose=0.002ms
[labev] t=454872.035 ev.verify=12.204ms
[labev] t=454872.037 ev.finalize=1.624ms
[labev] t=454872.037 ev.propose=0.002ms
[labev] t=454872.049 ev.verify=12.377ms
[labev] t=454872.051 ev.finalize=2.217ms
[labev] t=454872.052 ev.propose=0.002ms
[labev] t=454872.064 ev.verify=12.494ms
[labev] t=454872.066 ev.finalize=1.659ms
[labev] t=454872.066 ev.propose=0.002ms
[labev] t=454872.078 ev.verify=12.338ms
[labev] t=454872.080 ev.finalize=1.626ms
[labev] t=454872.080 ev.propose=0.002ms
[labev] t=454872.092 ev.verify=12.143ms
[labev] t=454872.094 ev.finalize=1.634ms
[labev] t=454872.094 ev.propose=0.002ms
[labev] t=454872.106 ev.verify=12.131ms
[labev] t=454872.108 ev.finalize=1.671ms
[labev] t=454872.108 ev.propose=0.002ms
[labev] t=454872.120 ev.verify=12.286ms
[labev] t=454872.122 ev.finalize=1.653ms
[labev] t=454872.122 ev.propose=0.002ms
[labev] t=454872.134 ev.verify=12.246ms
[labev] t=454872.136 ev.finalize=1.609ms
[labev] t=454872.136 ev.propose=0.002ms
[labev] t=454872.148 ev.verify=12.306ms
[labev] t=454872.150 ev.finalize=1.618ms
[labev] t=454872.150 ev.propose=0.002ms
[labev] t=454872.162 ev.verify=12.216ms
[labev] t=454872.164 ev.finalize=1.628ms
[labev] t=454872.164 ev.propose=0.002ms
[labev] t=454872.176 ev.verify=12.324ms
[labev] t=454872.178 ev.finalize=1.604ms
[labev] t=454872.178 ev.propose=0.002ms
[labev] t=454872.190 ev.verify=12.192ms
[labev] t=454872.192 ev.finalize=1.635ms
[labev] t=454872.192 ev.propose=0.002ms
[labev] t=454872.205 ev.verify=12.332ms
[labev] t=454872.206 ev.finalize=1.544ms
[labev] t=454872.206 ev.propose=0.002ms
[labev] t=454872.218 ev.verify=12.171ms
[labev] t=454872.220 ev.finalize=1.521ms
[labev] t=454872.220 ev.propose=0.002ms
[labev] t=454872.232 ev.verify=12.315ms
[labev] t=454872.234 ev.finalize=1.661ms
[labev] t=454872.234 ev.propose=0.002ms
[labev] t=454872.247 ev.verify=12.341ms
[labev] t=454872.248 ev.finalize=1.649ms
[labev] t=454872.248 ev.propose=0.002ms
[labev] t=454872.261 ev.verify=12.216ms
[labev] t=454872.262 ev.finalize=1.655ms
[labev] t=454872.262 ev.propose=0.002ms
[labev] t=454872.275 ev.verify=12.314ms
[labev] t=454872.276 ev.finalize=1.658ms
[labev] t=454872.276 ev.propose=0.002ms
[labev] t=454872.289 ev.verify=12.219ms
[labev] t=454872.290 ev.finalize=1.633ms
[labev] t=454872.290 ev.propose=0.002ms
[labev] t=454872.303 ev.verify=12.324ms
[labev] t=454872.305 ev.finalize=2.277ms
[labev] t=454872.305 ev.propose=0.002ms
[labev] t=454872.318 ev.verify=12.306ms
[labev] t=454872.319 ev.finalize=1.568ms
[labev] t=454872.319 ev.propose=0.002ms
[labev] t=454872.331 ev.verify=12.207ms
[labev] t=454872.333 ev.finalize=1.627ms
[labev] t=454872.333 ev.propose=0.002ms
[labev] t=454872.345 ev.verify=12.094ms
[labev] t=454872.347 ev.finalize=1.612ms
[labev] t=454872.347 ev.propose=0.002ms
[labev] t=454872.359 ev.verify=12.274ms
[labev] t=454872.361 ev.finalize=1.666ms
[labev] t=454872.361 ev.propose=0.002ms
[labev] t=454872.373 ev.verify=12.213ms
[labev] t=454872.375 ev.finalize=1.541ms
[labev] t=454872.375 ev.propose=0.002ms
[labev] t=454872.387 ev.verify=12.309ms
[labev] t=454872.389 ev.finalize=1.638ms
[labev] t=454872.389 ev.propose=0.002ms
[labev] t=454872.402 ev.verify=12.375ms
[labev] t=454872.403 ev.finalize=1.622ms
[labev] t=454872.403 ev.propose=0.002ms
[labev] t=454872.416 ev.verify=12.234ms
[labev] t=454872.417 ev.finalize=1.617ms
[labev] t=454872.417 ev.propose=0.002ms
[labev] t=454872.429 ev.verify=12.082ms
[labev] t=454872.431 ev.finalize=1.638ms
[labev] t=454872.431 ev.propose=0.002ms
[labev] t=454872.443 ev.verify=12.211ms
[labev] t=454872.445 ev.finalize=1.611ms
[labev] t=454872.445 ev.propose=0.002ms
[labev] t=454872.457 ev.verify=12.241ms
[labev] t=454872.459 ev.finalize=1.649ms
[labev] t=454872.459 ev.propose=0.002ms
[labev] t=454872.472 ev.verify=12.286ms
[labev] t=454872.473 ev.finalize=1.636ms
[labev] t=454872.473 ev.propose=0.002ms
[labev] t=454872.486 ev.verify=12.411ms
[labev] t=454872.487 ev.finalize=1.530ms
[labev] t=454872.487 ev.propose=0.002ms
[labev] t=454872.500 ev.verify=12.317ms
[labev] t=454872.501 ev.finalize=1.617ms
[labev] t=454872.501 ev.propose=0.002ms
[labev] t=454872.514 ev.verify=12.102ms
[labev] t=454872.515 ev.finalize=1.597ms
[labev] t=454872.515 ev.propose=0.002ms
[labev] t=454872.527 ev.verify=12.156ms
[labev] t=454872.529 ev.finalize=1.651ms
[labev] t=454872.529 ev.propose=0.002ms
[labev] t=454872.541 ev.verify=12.162ms
[labev] t=454872.544 ev.finalize=2.281ms
[labev] t=454872.544 ev.propose=0.002ms
[labev] t=454872.556 ev.verify=12.540ms
[labev] t=454872.558 ev.finalize=1.649ms
[labev] t=454872.558 ev.propose=0.002ms
[labev] t=454872.570 ev.verify=12.167ms
[labev] t=454872.572 ev.finalize=1.632ms
[labev] t=454872.572 ev.propose=0.002ms
[labev] t=454872.585 ev.verify=12.329ms
[labev] t=454872.586 ev.finalize=1.675ms
[labev] t=454872.586 ev.propose=0.002ms
[labev] t=454872.599 ev.verify=12.172ms
[labev] t=454872.600 ev.finalize=1.641ms
[labev] t=454872.600 ev.propose=0.002ms
[labev] t=454872.613 ev.verify=12.373ms
[labev] t=454872.614 ev.finalize=1.651ms
[labev] t=454872.615 ev.propose=0.002ms
[labev] t=454872.627 ev.verify=12.306ms
[labev] t=454872.628 ev.finalize=1.634ms
[labev] t=454872.629 ev.propose=0.002ms
[labev] t=454872.641 ev.verify=12.209ms
[labev] t=454872.642 ev.finalize=1.626ms
[labev] t=454872.643 ev.propose=0.002ms
[labev] t=454872.655 ev.verify=12.113ms
[labev] t=454872.656 ev.finalize=1.638ms
[labev] t=454872.657 ev.propose=0.002ms
[labev] t=454872.669 ev.verify=12.312ms
[labev] t=454872.671 ev.finalize=1.675ms
[labev] t=454872.671 ev.propose=0.002ms
[labev] t=454872.683 ev.verify=12.392ms
[labev] t=454872.685 ev.finalize=1.753ms
[labev] t=454872.685 ev.propose=0.002ms
[labev] t=454872.697 ev.verify=12.125ms
[labev] t=454872.699 ev.finalize=1.729ms
[labev] t=454872.699 ev.propose=0.002ms
[labev] t=454872.711 ev.verify=12.241ms
[labev] t=454872.713 ev.finalize=1.717ms
[labev] t=454872.713 ev.propose=0.002ms
[labev] t=454872.725 ev.verify=12.191ms
[labev] t=454872.727 ev.finalize=1.638ms
[labev] t=454872.727 ev.propose=0.002ms
[labev] t=454872.739 ev.verify=12.132ms
[labev] t=454872.741 ev.finalize=1.723ms
[labev] t=454872.741 ev.propose=0.002ms
[labev] t=454872.753 ev.verify=12.171ms
[labev] t=454872.755 ev.finalize=1.749ms
[labev] t=454872.755 ev.propose=0.002ms
[labev] t=454872.767 ev.verify=12.312ms
[labev] t=454872.769 ev.finalize=1.727ms
[labev] t=454872.769 ev.propose=0.002ms
[labev] t=454872.782 ev.verify=12.250ms
[labev] t=454872.784 ev.finalize=2.307ms
[labev] t=454872.784 ev.propose=0.002ms
[labev] t=454872.796 ev.verify=12.416ms
[labev] t=454872.798 ev.finalize=1.634ms
[labev] t=454872.798 ev.propose=0.003ms
[labev] t=454872.810 ev.verify=12.256ms
[labev] t=454872.812 ev.finalize=1.653ms
[labev] t=454872.812 ev.propose=0.002ms
[labev] t=454872.825 ev.verify=12.446ms
[labev] t=454872.826 ev.finalize=1.626ms
[labev] t=454872.826 ev.propose=0.002ms
[labev] t=454872.839 ev.verify=12.049ms
[labev] t=454872.840 ev.finalize=1.654ms
[labev] t=454872.840 ev.propose=0.002ms
[labev] t=454872.853 ev.verify=12.164ms
[labev] t=454872.854 ev.finalize=1.636ms
[labev] t=454872.854 ev.propose=0.001ms
[labev] t=454872.867 ev.verify=12.252ms
[labev] t=454872.868 ev.finalize=1.616ms
[labev] t=454872.868 ev.propose=0.002ms
[labev] t=454872.880 ev.verify=12.086ms
[labev] t=454872.882 ev.finalize=1.643ms
[labev] t=454872.882 ev.propose=0.002ms
[labev] t=454872.894 ev.verify=12.241ms
[labev] t=454872.896 ev.finalize=1.638ms
[labev] t=454872.896 ev.propose=0.002ms
[labev] t=454872.909 ev.verify=12.270ms
[labev] t=454872.910 ev.finalize=1.648ms
[labev] t=454872.910 ev.propose=0.002ms
[labev] t=454872.923 ev.verify=12.314ms
[labev] t=454872.924 ev.finalize=1.636ms
[labev] t=454872.924 ev.propose=0.002ms
[labev] t=454872.937 ev.verify=12.204ms
[labev] t=454872.938 ev.finalize=1.615ms
[labev] t=454872.938 ev.propose=0.002ms
[labev] t=454872.951 ev.verify=12.205ms
[labev] t=454872.952 ev.finalize=1.631ms
[labev] t=454872.952 ev.propose=0.002ms
[labev] t=454872.965 ev.verify=12.161ms
[labev] t=454872.966 ev.finalize=1.537ms
[labev] t=454872.966 ev.propose=0.002ms
[labev] t=454872.979 ev.verify=12.407ms
[labev] t=454872.980 ev.finalize=1.639ms
[labev] t=454872.980 ev.propose=0.002ms
[labev] t=454872.993 ev.verify=12.246ms
[labev] t=454872.994 ev.finalize=1.639ms
[labev] t=454872.995 ev.propose=0.001ms
[labev] t=454873.007 ev.verify=12.249ms
[labev] t=454873.009 ev.finalize=2.331ms
[labev] t=454873.009 ev.propose=0.002ms
[labev] t=454873.022 ev.verify=12.416ms
[labev] t=454873.023 ev.finalize=1.672ms
[labev] t=454873.023 ev.propose=0.002ms
[labev] t=454873.036 ev.verify=12.315ms
[labev] t=454873.037 ev.finalize=1.545ms
[labev] t=454873.038 ev.propose=0.002ms
[labev] t=454873.050 ev.verify=12.190ms
[labev] t=454873.051 ev.finalize=1.529ms
[labev] t=454873.051 ev.propose=0.002ms
[labev] t=454873.064 ev.verify=12.249ms
[labev] t=454873.065 ev.finalize=1.653ms
[labev] t=454873.065 ev.propose=0.002ms
[labev] t=454873.078 ev.verify=12.395ms
[labev] t=454873.080 ev.finalize=1.643ms
[labev] t=454873.080 ev.propose=0.002ms
[labev] t=454873.092 ev.verify=12.543ms
[labev] t=454873.094 ev.finalize=1.628ms
[labev] t=454873.094 ev.propose=0.002ms
[labev] t=454873.106 ev.verify=12.354ms
[labev] t=454873.108 ev.finalize=1.627ms
[labev] t=454873.108 ev.propose=0.002ms
[labev] t=454873.121 ev.verify=12.380ms
[labev] t=454873.122 ev.finalize=1.652ms
[labev] t=454873.122 ev.propose=0.002ms
[labev] t=454873.135 ev.verify=12.250ms
[labev] t=454873.136 ev.finalize=1.548ms
[labev] t=454873.136 ev.propose=0.002ms
[labev] t=454873.148 ev.verify=12.215ms
[labev] t=454873.150 ev.finalize=1.667ms
[labev] t=454873.150 ev.propose=0.002ms
[labev] t=454873.163 ev.verify=12.287ms
[labev] t=454873.164 ev.finalize=1.668ms
[labev] t=454873.164 ev.propose=0.002ms
[labev] t=454873.177 ev.verify=12.284ms
[labev] t=454873.178 ev.finalize=1.651ms
[labev] t=454873.178 ev.propose=0.002ms
[labev] t=454873.191 ev.verify=12.421ms
[labev] t=454873.193 ev.finalize=1.640ms
[labev] t=454873.193 ev.propose=0.002ms
[labev] t=454873.205 ev.verify=12.046ms
[labev] t=454873.206 ev.finalize=1.646ms
[labev] t=454873.207 ev.propose=0.002ms
[labev] t=454873.219 ev.verify=12.192ms
[labev] t=454873.220 ev.finalize=1.661ms
[labev] t=454873.221 ev.propose=0.002ms
[labev] t=454873.233 ev.verify=12.311ms
[labev] t=454873.234 ev.finalize=1.531ms
[labev] t=454873.235 ev.propose=0.002ms
[labev] t=454873.247 ev.verify=12.388ms
[labev] t=454873.249 ev.finalize=1.544ms
[labev] t=454873.249 ev.propose=0.002ms
[labev] t=454873.261 ev.verify=12.211ms
[labev] t=454873.263 ev.finalize=1.656ms
[labev] t=454873.263 ev.propose=0.002ms
[labev] t=454873.275 ev.verify=12.339ms
[labev] t=454873.277 ev.finalize=2.315ms
[labev] t=454873.277 ev.propose=0.002ms
[labev] t=454873.290 ev.verify=12.391ms
[labev] t=454873.292 ev.finalize=1.660ms
[labev] t=454873.292 ev.propose=0.002ms
[labev] t=454873.304 ev.verify=12.135ms
[labev] t=454873.306 ev.finalize=1.702ms
[labev] t=454873.306 ev.propose=0.002ms
[labev] t=454873.318 ev.verify=12.329ms
[labev] t=454873.320 ev.finalize=1.623ms
[labev] t=454873.320 ev.propose=0.002ms
[labev] t=454873.332 ev.verify=12.206ms
[labev] t=454873.334 ev.finalize=1.644ms
[labev] t=454873.334 ev.propose=0.002ms
[labev] t=454873.346 ev.verify=12.276ms
[labev] t=454873.348 ev.finalize=1.642ms
[labev] t=454873.348 ev.propose=0.002ms
[labev] t=454873.360 ev.verify=12.255ms
[labev] t=454873.362 ev.finalize=1.659ms
[labev] t=454873.362 ev.propose=0.002ms
[labev] t=454873.374 ev.verify=12.204ms
[labev] t=454873.376 ev.finalize=1.676ms
[labev] t=454873.376 ev.propose=0.002ms
[labev] t=454873.388 ev.verify=12.327ms
[labev] t=454873.390 ev.finalize=1.651ms
[labev] t=454873.390 ev.propose=0.002ms
[labev] t=454873.402 ev.verify=12.366ms
[labev] t=454873.404 ev.finalize=1.642ms
[labev] t=454873.404 ev.propose=0.002ms
[labev] t=454873.416 ev.verify=12.054ms
[labev] t=454873.418 ev.finalize=1.682ms
[labev] t=454873.418 ev.propose=0.002ms
[labev] t=454873.430 ev.verify=12.189ms
[labev] t=454873.432 ev.finalize=1.680ms
[labev] t=454873.432 ev.propose=0.002ms
[labev] t=454873.444 ev.verify=12.223ms
[labev] t=454873.446 ev.finalize=1.658ms
[labev] t=454873.446 ev.propose=0.002ms
[labev] t=454873.459 ev.verify=12.316ms
[labev] t=454873.460 ev.finalize=1.626ms
[labev] t=454873.460 ev.propose=0.002ms
[labev] t=454873.473 ev.verify=12.334ms
[labev] t=454873.474 ev.finalize=1.668ms
[labev] t=454873.475 ev.propose=0.002ms
[labev] t=454873.487 ev.verify=12.211ms
[labev] t=454873.488 ev.finalize=1.660ms
[labev] t=454873.489 ev.propose=0.002ms
[labev] t=454873.501 ev.verify=12.339ms
[labev] t=454873.503 ev.finalize=2.309ms
[labev] t=454873.503 ev.propose=0.002ms
[labev] t=454873.516 ev.verify=12.446ms
[labev] t=454873.517 ev.finalize=1.645ms
[labev] t=454873.518 ev.propose=0.002ms
[labev] t=454873.530 ev.verify=12.252ms
[labev] t=454873.532 ev.finalize=1.663ms
[labev] t=454873.532 ev.propose=0.002ms
[labev] t=454873.544 ev.verify=12.176ms
[labev] t=454873.546 ev.finalize=1.655ms
[labev] t=454873.546 ev.propose=0.002ms
[labev] t=454873.558 ev.verify=12.187ms
[labev] t=454873.559 ev.finalize=1.541ms
[labev] t=454873.559 ev.propose=0.002ms
[labev] t=454873.572 ev.verify=12.316ms
[labev] t=454873.574 ev.finalize=1.653ms
[labev] t=454873.574 ev.propose=0.002ms
[labev] t=454873.586 ev.verify=12.368ms
[labev] t=454873.588 ev.finalize=1.636ms
[labev] t=454873.588 ev.propose=0.002ms
[labev] t=454873.600 ev.verify=12.197ms
[labev] t=454873.602 ev.finalize=1.546ms
[labev] t=454873.602 ev.propose=0.002ms
[labev] t=454873.614 ev.verify=12.192ms
[labev] t=454873.615 ev.finalize=1.526ms
[labev] t=454873.616 ev.propose=0.002ms
[labev] t=454873.628 ev.verify=12.183ms
[labev] t=454873.629 ev.finalize=1.548ms
[labev] t=454873.629 ev.propose=0.002ms
[labev] t=454873.642 ev.verify=12.274ms
[labev] t=454873.643 ev.finalize=1.675ms
[labev] t=454873.643 ev.propose=0.002ms
[labev] t=454873.656 ev.verify=12.336ms
[labev] t=454873.658 ev.finalize=1.660ms
[labev] t=454873.658 ev.propose=0.002ms
[labev] t=454873.670 ev.verify=12.252ms
[labev] t=454873.672 ev.finalize=1.677ms
[labev] t=454873.672 ev.propose=0.002ms
[labev] t=454873.684 ev.verify=12.113ms
[labev] t=454873.686 ev.finalize=1.668ms
[labev] t=454873.686 ev.propose=0.002ms
[labev] t=454873.698 ev.verify=12.039ms
[labev] t=454873.699 ev.finalize=1.600ms
[labev] t=454873.699 ev.propose=0.002ms
[labev] t=454873.712 ev.verify=12.418ms
[labev] t=454873.714 ev.finalize=1.706ms
[labev] t=454873.714 ev.propose=0.002ms
[labev] t=454873.726 ev.verify=12.228ms
[labev] t=454873.728 ev.finalize=1.629ms
[labev] t=454873.728 ev.propose=0.002ms
[labev] t=454873.740 ev.verify=12.389ms
[labev] t=454873.742 ev.finalize=1.659ms
[labev] t=454873.742 ev.propose=0.002ms
[labev] t=454873.754 ev.verify=12.285ms
[labev] t=454873.757 ev.finalize=2.304ms
[labev] t=454873.757 ev.propose=0.002ms
[labev] t=454873.769 ev.verify=12.197ms
[labev] t=454873.771 ev.finalize=1.697ms
[labev] t=454873.771 ev.propose=0.002ms
[labev] t=454873.783 ev.verify=12.277ms
[labev] t=454873.785 ev.finalize=1.669ms
[labev] t=454873.785 ev.propose=0.001ms
[labev] t=454873.797 ev.verify=12.399ms
[labev] t=454873.799 ev.finalize=1.673ms
[labev] t=454873.799 ev.propose=0.002ms
[labev] t=454873.811 ev.verify=12.255ms
[labev] t=454873.813 ev.finalize=1.538ms
[labev] t=454873.813 ev.propose=0.002ms
[labev] t=454873.825 ev.verify=12.213ms
[labev] t=454873.827 ev.finalize=1.672ms
[labev] t=454873.827 ev.propose=0.002ms
[labev] t=454873.839 ev.verify=12.293ms
[labev] t=454873.841 ev.finalize=1.559ms
[labev] t=454873.841 ev.propose=0.002ms
[labev] t=454873.853 ev.verify=12.310ms
[labev] t=454873.855 ev.finalize=1.557ms
[labev] t=454873.855 ev.propose=0.002ms
[labev] t=454873.867 ev.verify=12.196ms
[labev] t=454873.869 ev.finalize=1.662ms
[labev] t=454873.869 ev.propose=0.002ms
[labev] t=454873.881 ev.verify=12.231ms
[labev] t=454873.883 ev.finalize=1.633ms
[labev] t=454873.883 ev.propose=0.001ms
[labev] t=454873.896 ev.verify=12.405ms
[labev] t=454873.897 ev.finalize=1.667ms
[labev] t=454873.897 ev.propose=0.002ms
[labev] t=454873.910 ev.verify=12.430ms
[labev] t=454873.911 ev.finalize=1.642ms
[labev] t=454873.912 ev.propose=0.002ms
[labev] t=454873.924 ev.verify=12.243ms
[labev] t=454873.926 ev.finalize=1.660ms
[labev] t=454873.926 ev.propose=0.001ms
[labev] t=454873.938 ev.verify=12.409ms
[labev] t=454873.940 ev.finalize=1.677ms
[labev] t=454873.940 ev.propose=0.002ms
[labev] t=454873.952 ev.verify=12.348ms
[labev] t=454873.954 ev.finalize=1.654ms
[labev] t=454873.954 ev.propose=0.002ms
[labev] t=454873.966 ev.verify=12.411ms
[labev] t=454873.968 ev.finalize=1.636ms
[labev] t=454873.968 ev.propose=0.002ms
[labev] t=454873.980 ev.verify=12.215ms
[labev] t=454873.982 ev.finalize=1.674ms
[labev] t=454873.982 ev.propose=0.002ms
[labev] t=454873.995 ev.verify=12.374ms
[labev] t=454873.996 ev.finalize=1.644ms
[labev] t=454873.996 ev.propose=0.002ms
[labev] t=454874.009 ev.verify=12.238ms
[labev] t=454874.011 ev.finalize=2.281ms
[labev] t=454874.011 ev.propose=0.002ms
[labev] t=454874.023 ev.verify=12.197ms
[labev] t=454874.025 ev.finalize=1.559ms
[labev] t=454874.025 ev.propose=0.002ms
[labev] t=454874.037 ev.verify=12.297ms
[labev] t=454874.039 ev.finalize=1.629ms
[labev] t=454874.039 ev.propose=0.002ms
[labev] t=454874.051 ev.verify=12.268ms
[labev] t=454874.053 ev.finalize=1.686ms
[labev] t=454874.053 ev.propose=0.002ms
[labev] t=454874.066 ev.verify=12.376ms
[labev] t=454874.067 ev.finalize=1.660ms
[labev] t=454874.067 ev.propose=0.001ms
[labev] t=454874.080 ev.verify=12.357ms
[labev] t=454874.082 ev.finalize=1.682ms
[labev] t=454874.082 ev.propose=0.002ms
[labev] t=454874.094 ev.verify=12.282ms
[labev] t=454874.096 ev.finalize=1.662ms
[labev] t=454874.096 ev.propose=0.002ms
[labev] t=454874.108 ev.verify=12.178ms
[labev] t=454874.110 ev.finalize=1.578ms
[labev] t=454874.110 ev.propose=0.002ms
[labev] t=454874.122 ev.verify=12.320ms
[labev] t=454874.124 ev.finalize=1.647ms
[labev] t=454874.124 ev.propose=0.002ms
[labev] t=454874.136 ev.verify=12.070ms
[labev] t=454874.138 ev.finalize=1.669ms
[labev] t=454874.138 ev.propose=0.002ms
[labev] t=454874.150 ev.verify=12.485ms
[labev] t=454874.152 ev.finalize=1.679ms
[labev] t=454874.152 ev.propose=0.002ms
[labev] t=454874.164 ev.verify=12.174ms
[labev] t=454874.166 ev.finalize=1.670ms
[labev] t=454874.166 ev.propose=0.002ms
[labev] t=454874.178 ev.verify=12.378ms
[labev] t=454874.180 ev.finalize=1.743ms
[labev] t=454874.180 ev.propose=0.002ms
[labev] t=454874.193 ev.verify=12.358ms
[labev] t=454874.194 ev.finalize=1.566ms
[labev] t=454874.194 ev.propose=0.002ms
[labev] t=454874.206 ev.verify=12.131ms
[labev] t=454874.208 ev.finalize=1.674ms
[labev] t=454874.208 ev.propose=0.002ms
[labev] t=454874.220 ev.verify=12.173ms
[labev] t=454874.222 ev.finalize=1.635ms
[labev] t=454874.222 ev.propose=0.002ms
[labev] t=454874.234 ev.verify=12.055ms
[labev] t=454874.236 ev.finalize=1.657ms
[labev] t=454874.236 ev.propose=0.002ms
[labev] t=454874.248 ev.verify=12.309ms
[labev] t=454874.250 ev.finalize=1.566ms
[labev] t=454874.250 ev.propose=0.002ms
[labev] t=454874.262 ev.verify=12.224ms
[labev] t=454874.265 ev.finalize=2.331ms
[labev] t=454874.265 ev.propose=0.002ms
[labev] t=454874.277 ev.verify=12.297ms
[labev] t=454874.279 ev.finalize=1.664ms
[labev] t=454874.279 ev.propose=0.002ms
[labev] t=454874.291 ev.verify=12.137ms
[labev] t=454874.293 ev.finalize=1.661ms
[labev] t=454874.293 ev.propose=0.002ms
[labev] t=454874.305 ev.verify=12.092ms
[labev] t=454874.307 ev.finalize=1.527ms
[labev] t=454874.307 ev.propose=0.002ms
[labev] t=454874.319 ev.verify=12.436ms
[labev] t=454874.321 ev.finalize=1.644ms
[labev] t=454874.321 ev.propose=0.002ms
[labev] t=454874.333 ev.verify=12.194ms
[labev] t=454874.335 ev.finalize=1.626ms
[labev] t=454874.335 ev.propose=0.002ms
[labev] t=454874.347 ev.verify=12.554ms
[labev] t=454874.349 ev.finalize=1.624ms
[labev] t=454874.349 ev.propose=0.001ms
[labev] t=454874.361 ev.verify=12.250ms
[labev] t=454874.363 ev.finalize=1.637ms
[labev] t=454874.363 ev.propose=0.002ms
[labev] t=454874.375 ev.verify=12.136ms
[labev] t=454874.377 ev.finalize=1.656ms
[labev] t=454874.377 ev.propose=0.002ms
[labev] t=454874.390 ev.verify=12.331ms
[labev] t=454874.391 ev.finalize=1.759ms
[labev] t=454874.391 ev.propose=0.002ms
[labev] t=454874.404 ev.verify=12.300ms
[labev] t=454874.406 ev.finalize=1.669ms
[labev] t=454874.406 ev.propose=0.001ms
[labev] t=454874.418 ev.verify=12.187ms
[labev] t=454874.420 ev.finalize=1.677ms
[labev] t=454874.420 ev.propose=0.001ms
[labev] t=454874.432 ev.verify=12.403ms
[labev] t=454874.434 ev.finalize=1.591ms
[labev] t=454874.434 ev.propose=0.002ms
[labev] t=454874.446 ev.verify=12.168ms
[labev] t=454874.448 ev.finalize=1.671ms
[labev] t=454874.448 ev.propose=0.002ms
[labev] t=454874.460 ev.verify=12.107ms
[labev] t=454874.462 ev.finalize=1.715ms
[labev] t=454874.462 ev.propose=0.002ms
[labev] t=454874.474 ev.verify=12.253ms
[labev] t=454874.476 ev.finalize=1.659ms
[labev] t=454874.476 ev.propose=0.002ms
[labev] t=454874.488 ev.verify=12.526ms
[labev] t=454874.490 ev.finalize=1.683ms
[labev] t=454874.490 ev.propose=0.002ms
[labev] t=454874.502 ev.verify=12.192ms
[labev] t=454874.505 ev.finalize=2.322ms
[labev] t=454874.505 ev.propose=0.002ms
[labev] t=454874.517 ev.verify=12.292ms
[labev] t=454874.519 ev.finalize=1.662ms
[labev] t=454874.519 ev.propose=0.002ms
[labev] t=454874.531 ev.verify=12.264ms
[labev] t=454874.533 ev.finalize=1.584ms
[labev] t=454874.533 ev.propose=0.002ms
[labev] t=454874.545 ev.verify=12.268ms
[labev] t=454874.547 ev.finalize=1.579ms
[labev] t=454874.547 ev.propose=0.002ms
[labev] t=454874.559 ev.verify=12.320ms
[labev] t=454874.561 ev.finalize=1.688ms
[labev] t=454874.561 ev.propose=0.002ms
[labev] t=454874.574 ev.verify=12.308ms
[labev] t=454874.575 ev.finalize=1.564ms
[labev] t=454874.575 ev.propose=0.002ms
[labev] t=454874.588 ev.verify=12.367ms
[labev] t=454874.589 ev.finalize=1.679ms
[labev] t=454874.589 ev.propose=0.002ms
[labev] t=454874.602 ev.verify=12.304ms
[labev] t=454874.604 ev.finalize=1.679ms
[labev] t=454874.604 ev.propose=0.002ms
[labev] t=454874.616 ev.verify=12.389ms
[labev] t=454874.618 ev.finalize=1.588ms
[labev] t=454874.618 ev.propose=0.002ms
[labev] t=454874.630 ev.verify=12.211ms
[labev] t=454874.632 ev.finalize=1.567ms
[labev] t=454874.632 ev.propose=0.002ms
[labev] t=454874.644 ev.verify=12.366ms
[labev] t=454874.646 ev.finalize=1.678ms
[labev] t=454874.646 ev.propose=0.002ms
[labev] t=454874.658 ev.verify=12.433ms
[labev] t=454874.660 ev.finalize=1.671ms
[labev] t=454874.660 ev.propose=0.002ms
[labev] t=454874.672 ev.verify=12.356ms
[labev] t=454874.674 ev.finalize=1.682ms
[labev] t=454874.674 ev.propose=0.002ms
[labev] t=454874.687 ev.verify=12.418ms
[labev] t=454874.688 ev.finalize=1.703ms
[labev] t=454874.689 ev.propose=0.002ms
[labev] t=454874.701 ev.verify=12.211ms
[labev] t=454874.703 ev.finalize=1.699ms
[labev] t=454874.703 ev.propose=0.002ms
[labev] t=454874.715 ev.verify=12.300ms
[labev] t=454874.717 ev.finalize=1.691ms
[labev] t=454874.717 ev.propose=0.002ms
[labprof] d0.performDecode.call=134.909ms/n32 f0.finalize.total=1.685ms/n511 f1.finalize.build=0.473ms/n511 f2.finalize.eval=1.154ms/n511 fc.finalize.call=1.690ms/n511 o1.ord.build=1.143ms/n511 o2.ord.eval=7.278ms/n511 p0.propose=0.002ms/n512 r0.round.interval=14.136ms/n510 s1.native.prefill.target=63.116ms/n10 s1.ord.prefill.target=40.208ms/n8 s2.native.prefill.drafter+eval=219.369ms/n10 s2.ord.prefill.eval=230.750ms/n8 s9.native.prefill.chunk.total=282.195ms/n11 s9.ord.prefill.chunk.total=270.999ms/n8 v0.verify.call=12.283ms/n511 v1.verify.build=1.578ms/n512 v2.verify.eval=10.600ms/n512
[labev] t=454874.729 ev.verify=12.414ms
[labev] t=454874.731 ev.finalize=1.697ms
[labev] t=454874.731 ev.propose=0.002ms
[labev] t=454874.743 ev.verify=12.282ms
[labev] t=454874.745 ev.finalize=1.667ms
[labev] t=454874.745 ev.propose=0.002ms
[labev] t=454874.757 ev.verify=12.221ms
[labev] t=454874.759 ev.finalize=1.675ms
[labev] t=454874.759 ev.propose=0.002ms
[labev] t=454874.771 ev.verify=12.312ms
[labev] t=454874.774 ev.finalize=2.355ms
[labev] t=454874.774 ev.propose=0.002ms
[labev] t=454874.786 ev.verify=12.426ms
[labev] t=454874.788 ev.finalize=1.668ms
[labev] t=454874.788 ev.propose=0.002ms
[labev] t=454874.801 ev.verify=12.270ms
[labev] t=454874.802 ev.finalize=1.665ms
[labev] t=454874.802 ev.propose=0.002ms
[labev] t=454874.815 ev.verify=12.313ms
[labev] t=454874.816 ev.finalize=1.667ms
[labev] t=454874.816 ev.propose=0.002ms
[labev] t=454874.829 ev.verify=12.402ms
[labev] t=454874.831 ev.finalize=1.678ms
[labev] t=454874.831 ev.propose=0.002ms
[labev] t=454874.843 ev.verify=12.291ms
[labev] t=454874.845 ev.finalize=1.576ms
[labev] t=454874.845 ev.propose=0.002ms
[labev] t=454874.857 ev.verify=12.339ms
[labev] t=454874.859 ev.finalize=1.553ms
[labev] t=454874.859 ev.propose=0.002ms
[labev] t=454874.871 ev.verify=12.108ms
[labev] t=454874.873 ev.finalize=1.657ms
[labev] t=454874.873 ev.propose=0.002ms
[labev] t=454874.885 ev.verify=12.365ms
[labev] t=454874.887 ev.finalize=1.690ms
[labev] t=454874.887 ev.propose=0.002ms
[labev] t=454874.900 ev.verify=12.577ms
[labev] t=454874.901 ev.finalize=1.655ms
[labev] t=454874.901 ev.propose=0.002ms
[labev] t=454874.914 ev.verify=12.245ms
[labev] t=454874.915 ev.finalize=1.674ms
[labev] t=454874.915 ev.propose=0.002ms
[labev] t=454874.928 ev.verify=12.292ms
[labev] t=454874.929 ev.finalize=1.680ms
[labev] t=454874.930 ev.propose=0.002ms
[labev] t=454874.942 ev.verify=12.303ms
[labev] t=454874.944 ev.finalize=1.681ms
[labev] t=454874.944 ev.propose=0.002ms
[labev] t=454874.956 ev.verify=12.457ms
[labev] t=454874.958 ev.finalize=1.666ms
[labev] t=454874.958 ev.propose=0.002ms
[labev] t=454874.970 ev.verify=12.174ms
[labev] t=454874.972 ev.finalize=1.661ms
[labev] t=454874.972 ev.propose=0.002ms
[labev] t=454874.984 ev.verify=12.281ms
[labev] t=454874.986 ev.finalize=1.665ms
[labev] t=454874.986 ev.propose=0.002ms
[labev] t=454874.998 ev.verify=12.216ms
[labev] t=454875.000 ev.finalize=1.669ms
[labev] t=454875.000 ev.propose=0.001ms
[labev] t=454875.013 ev.verify=12.362ms
[labev] t=454875.015 ev.finalize=2.354ms
[labev] t=454875.015 ev.propose=0.002ms
[labev] t=454875.027 ev.verify=12.409ms
[labev] t=454875.029 ev.finalize=1.724ms
[labev] t=454875.029 ev.propose=0.002ms
[labev] t=454875.042 ev.verify=12.242ms
[labev] t=454875.043 ev.finalize=1.697ms
[labev] t=454875.043 ev.propose=0.002ms
[labev] t=454875.056 ev.verify=12.343ms
[labev] t=454875.057 ev.finalize=1.676ms
[labev] t=454875.058 ev.propose=0.002ms
[labev] t=454875.070 ev.verify=12.359ms
[labev] t=454875.072 ev.finalize=1.706ms
[labev] t=454875.072 ev.propose=0.001ms
[labev] t=454875.084 ev.verify=12.332ms
[labev] t=454875.086 ev.finalize=1.636ms
[labev] t=454875.086 ev.propose=0.001ms
[labev] t=454875.098 ev.verify=12.277ms
[labev] t=454875.100 ev.finalize=1.690ms
[labev] t=454875.100 ev.propose=0.002ms
[labev] t=454875.112 ev.verify=12.233ms
[labev] t=454875.114 ev.finalize=1.572ms
[labev] t=454875.114 ev.propose=0.002ms
[labev] t=454875.126 ev.verify=12.389ms
[labev] t=454875.128 ev.finalize=1.673ms
[labev] t=454875.128 ev.propose=0.002ms
[labev] t=454875.140 ev.verify=12.153ms
[labev] t=454875.142 ev.finalize=1.704ms
[labev] t=454875.142 ev.propose=0.002ms
[labev] t=454875.154 ev.verify=12.274ms
[labev] t=454875.156 ev.finalize=1.696ms
[labev] t=454875.156 ev.propose=0.002ms
[labev] t=454875.169 ev.verify=12.362ms
[labev] t=454875.170 ev.finalize=1.727ms
[labev] t=454875.171 ev.propose=0.002ms
[labev] t=454875.183 ev.verify=12.247ms
[labev] t=454875.185 ev.finalize=1.679ms
[labev] t=454875.185 ev.propose=0.002ms
[labev] t=454875.197 ev.verify=12.329ms
[labev] t=454875.199 ev.finalize=1.588ms
[labev] t=454875.199 ev.propose=0.002ms
[labev] t=454875.211 ev.verify=12.353ms
[labev] t=454875.213 ev.finalize=1.544ms
[labev] t=454875.213 ev.propose=0.002ms
[labev] t=454875.225 ev.verify=12.166ms
[labev] t=454875.227 ev.finalize=1.700ms
[labev] t=454875.227 ev.propose=0.001ms
[labev] t=454875.239 ev.verify=12.334ms
[labev] t=454875.241 ev.finalize=1.672ms
[labev] t=454875.241 ev.propose=0.002ms
[labev] t=454875.253 ev.verify=12.118ms
[labev] t=454875.255 ev.finalize=2.260ms
[labev] t=454875.256 ev.propose=0.002ms
[labev] t=454875.268 ev.verify=12.257ms
[labev] t=454875.270 ev.finalize=1.720ms
[labev] t=454875.270 ev.propose=0.002ms
[labev] t=454875.282 ev.verify=12.360ms
[labev] t=454875.284 ev.finalize=1.569ms
[labev] t=454875.284 ev.propose=0.002ms
[labev] t=454875.296 ev.verify=12.302ms
[labev] t=454875.298 ev.finalize=1.932ms
[labev] t=454875.298 ev.propose=0.002ms
[labev] t=454875.310 ev.verify=12.332ms
[labev] t=454875.312 ev.finalize=1.680ms
[labev] t=454875.312 ev.propose=0.002ms
[labev] t=454875.325 ev.verify=12.394ms
[labev] t=454875.326 ev.finalize=1.676ms
[labev] t=454875.327 ev.propose=0.002ms
[labev] t=454875.339 ev.verify=12.286ms
[labev] t=454875.340 ev.finalize=1.597ms
[labev] t=454875.341 ev.propose=0.002ms
[labev] t=454875.353 ev.verify=12.222ms
[labev] t=454875.355 ev.finalize=1.699ms
[labev] t=454875.355 ev.propose=0.002ms
[labev] t=454875.367 ev.verify=12.250ms
[labev] t=454875.369 ev.finalize=1.697ms
[labev] t=454878.802 req.start s1-p4096-o512-b5-r0=0.000ms
[labev] t=454878.802 req.handle=0.074ms
[labev] t=454878.822 tok.prepare=19.830ms
event=batching_admitted action=scheduler_admitted
[labev] t=454879.142 chunk.native.total=319.568ms
[labev] t=454879.409 chunk.native.total=267.275ms
[labev] t=454879.678 chunk.native.total=268.723ms
[labev] t=454879.951 chunk.native.total=272.932ms
[labev] t=454880.228 chunk.native.total=276.909ms
[labev] t=454880.507 chunk.native.total=279.062ms
[labev] t=454880.789 chunk.native.total=282.270ms
[labev] t=454881.105 chunk.native.total=315.577ms
[labev] t=454881.105 req.firsttoken s1-p4096-o512-b5-r0=2303.240ms
[labev] t=454881.105 ev.propose=0.003ms
[labev] t=454881.117 ev.verify=12.057ms
[labev] t=454881.119 ev.finalize=1.611ms
[labev] t=454881.119 ev.propose=0.075ms
[labev] t=454881.131 ev.verify=12.537ms
[labev] t=454881.133 ev.finalize=1.674ms
[labev] t=454881.133 ev.propose=0.069ms
[labev] t=454881.146 ev.verify=12.253ms
[labev] t=454881.147 ev.finalize=1.659ms
[labev] t=454881.147 ev.propose=0.050ms
[labev] t=454881.159 ev.verify=12.054ms
[labev] t=454881.161 ev.finalize=1.712ms
[labev] t=454881.161 ev.propose=0.042ms
[labev] t=454881.174 ev.verify=12.231ms
[labev] t=454881.175 ev.finalize=1.636ms
[labev] t=454881.175 ev.propose=0.057ms
[labev] t=454881.188 ev.verify=12.192ms
[labev] t=454881.189 ev.finalize=1.722ms
[labev] t=454881.190 ev.propose=0.070ms
[labev] t=454881.202 ev.verify=12.265ms
[labev] t=454881.204 ev.finalize=1.674ms
[labev] t=454881.204 ev.propose=0.075ms
[labev] t=454881.216 ev.verify=12.234ms
[labev] t=454881.218 ev.finalize=1.893ms
[labev] t=454881.218 ev.propose=0.075ms
[labev] t=454881.230 ev.verify=11.912ms
[labev] t=454881.232 ev.finalize=2.330ms
[labev] t=454881.233 ev.propose=0.063ms
[labev] t=454881.245 ev.verify=12.293ms
[labev] t=454881.247 ev.finalize=1.659ms
[labev] t=454881.247 ev.propose=0.055ms
[labev] t=454881.259 ev.verify=12.130ms
[labev] t=454881.261 ev.finalize=1.645ms
[labev] t=454881.261 ev.propose=0.048ms
[labev] t=454881.273 ev.verify=12.165ms
[labev] t=454881.274 ev.finalize=1.525ms
[labev] t=454881.275 ev.propose=0.002ms
[labev] t=454881.287 ev.verify=12.117ms
[labev] t=454881.288 ev.finalize=1.529ms
[labev] t=454881.288 ev.propose=0.067ms
[labev] t=454881.301 ev.verify=12.111ms
[labev] t=454881.302 ev.finalize=1.646ms
[labev] t=454881.302 ev.propose=0.002ms
[labev] t=454881.315 ev.verify=12.188ms
[labev] t=454881.316 ev.finalize=1.527ms
[labev] t=454881.316 ev.propose=0.055ms
[labev] t=454881.328 ev.verify=12.121ms
[labev] t=454881.330 ev.finalize=1.679ms
[labev] t=454881.330 ev.propose=0.002ms
[labev] t=454881.342 ev.verify=12.165ms
[labev] t=454881.344 ev.finalize=1.734ms
[labev] t=454881.344 ev.propose=0.057ms
[labev] t=454881.357 ev.verify=12.141ms
[labev] t=454881.358 ev.finalize=1.648ms
[labev] t=454881.358 ev.propose=0.002ms
[labev] t=454881.370 ev.verify=12.125ms
[labev] t=454881.372 ev.finalize=1.707ms
[labev] t=454881.372 ev.propose=0.002ms
[labev] t=454881.385 ev.verify=12.224ms
[labev] t=454881.386 ev.finalize=1.725ms
[labev] t=454881.386 ev.propose=0.002ms
[labev] t=454881.398 ev.verify=12.102ms
[labev] t=454881.400 ev.finalize=1.710ms
[labev] t=454881.400 ev.propose=0.002ms
[labev] t=454881.413 ev.verify=12.165ms
[labev] t=454881.414 ev.finalize=1.694ms
[labev] t=454881.414 ev.propose=0.002ms
[labev] t=454881.427 ev.verify=12.273ms
[labev] t=454881.428 ev.finalize=1.705ms
[labev] t=454881.428 ev.propose=0.002ms
[labev] t=454881.441 ev.verify=12.119ms
[labev] t=454881.442 ev.finalize=1.703ms
[labev] t=454881.442 ev.propose=0.002ms
[labev] t=454881.455 ev.verify=12.180ms
[labev] t=454881.456 ev.finalize=1.724ms
[labev] t=454881.456 ev.propose=0.001ms
[labev] t=454881.469 ev.verify=12.282ms
[labev] t=454881.471 ev.finalize=2.292ms
[labev] t=454881.471 ev.propose=0.002ms
[labev] t=454881.484 ev.verify=12.289ms
[labev] t=454881.485 ev.finalize=1.624ms
[labev] t=454881.485 ev.propose=0.002ms
[labev] t=454881.498 ev.verify=12.205ms
[labev] t=454881.499 ev.finalize=1.639ms
[labev] t=454881.499 ev.propose=0.002ms
[labev] t=454881.512 ev.verify=12.216ms
[labev] t=454881.513 ev.finalize=1.625ms
[labev] t=454881.513 ev.propose=0.002ms
[labev] t=454881.525 ev.verify=12.192ms
[labev] t=454881.527 ev.finalize=1.634ms
[labev] t=454881.527 ev.propose=0.002ms
[labev] t=454881.539 ev.verify=12.184ms
[labev] t=454881.541 ev.finalize=1.638ms
[labev] t=454881.541 ev.propose=0.002ms
[labev] t=454881.553 ev.verify=12.179ms
[labev] t=454881.555 ev.finalize=1.623ms
[labev] t=454881.555 ev.propose=0.002ms
[labev] t=454881.567 ev.verify=12.148ms
[labev] t=454881.569 ev.finalize=1.634ms
[labev] t=454881.569 ev.propose=0.002ms
[labev] t=454881.581 ev.verify=12.285ms
[labev] t=454881.583 ev.finalize=1.626ms
[labev] t=454881.583 ev.propose=0.002ms
[labev] t=454881.595 ev.verify=12.174ms
[labev] t=454881.597 ev.finalize=1.649ms
[labev] t=454881.597 ev.propose=0.002ms
[labev] t=454881.609 ev.verify=12.072ms
[labev] t=454881.611 ev.finalize=1.663ms
[labev] t=454881.611 ev.propose=0.002ms
[labev] t=454881.623 ev.verify=12.410ms
[labev] t=454881.625 ev.finalize=1.629ms
[labev] t=454881.625 ev.propose=0.002ms
[labev] t=454881.638 ev.verify=12.408ms
[labev] t=454881.639 ev.finalize=1.667ms
[labev] t=454881.639 ev.propose=0.002ms
[labev] t=454881.652 ev.verify=12.102ms
[labev] t=454881.653 ev.finalize=1.629ms
[labev] t=454881.653 ev.propose=0.002ms
[labev] t=454881.665 ev.verify=12.037ms
[labev] t=454881.667 ev.finalize=1.620ms
[labev] t=454881.667 ev.propose=0.002ms
[labev] t=454881.679 ev.verify=12.227ms
[labev] t=454881.681 ev.finalize=1.635ms
[labev] t=454881.681 ev.propose=0.002ms
[labev] t=454881.694 ev.verify=12.446ms
[labev] t=454881.696 ev.finalize=2.284ms
[labev] t=454881.696 ev.propose=0.002ms
[labev] t=454881.709 ev.verify=12.411ms
[labev] t=454881.710 ev.finalize=1.601ms
[labev] t=454881.710 ev.propose=0.002ms
[labev] t=454881.723 ev.verify=12.256ms
[labev] t=454881.724 ev.finalize=1.620ms
[labev] t=454881.724 ev.propose=0.002ms
[labev] t=454881.736 ev.verify=12.068ms
[labev] t=454881.738 ev.finalize=1.678ms
[labev] t=454881.738 ev.propose=0.002ms
[labev] t=454881.750 ev.verify=12.105ms
[labev] t=454881.752 ev.finalize=1.644ms
[labev] t=454881.752 ev.propose=0.002ms
[labev] t=454881.764 ev.verify=12.253ms
[labev] t=454881.766 ev.finalize=1.629ms
[labev] t=454881.766 ev.propose=0.002ms
[labev] t=454881.778 ev.verify=12.239ms
[labev] t=454881.780 ev.finalize=1.628ms
[labev] t=454881.780 ev.propose=0.002ms
[labev] t=454881.793 ev.verify=12.311ms
[labev] t=454881.794 ev.finalize=1.628ms
[labev] t=454881.794 ev.propose=0.002ms
[labev] t=454881.807 ev.verify=12.188ms
[labev] t=454881.808 ev.finalize=1.622ms
[labev] t=454881.808 ev.propose=0.002ms
[labev] t=454881.821 ev.verify=12.269ms
[labev] t=454881.822 ev.finalize=1.529ms
[labev] t=454881.822 ev.propose=0.002ms
[labev] t=454881.834 ev.verify=12.141ms
[labev] t=454881.836 ev.finalize=1.657ms
[labev] t=454881.836 ev.propose=0.002ms
[labev] t=454881.849 ev.verify=12.277ms
[labev] t=454881.850 ev.finalize=1.626ms
[labev] t=454881.850 ev.propose=0.002ms
[labev] t=454881.862 ev.verify=12.133ms
[labev] t=454881.864 ev.finalize=1.629ms
[labev] t=454881.864 ev.propose=0.002ms
[labev] t=454881.876 ev.verify=12.252ms
[labev] t=454881.878 ev.finalize=1.672ms
[labev] t=454881.878 ev.propose=0.002ms
[labev] t=454881.891 ev.verify=12.264ms
[labev] t=454881.892 ev.finalize=1.635ms
[labev] t=454881.892 ev.propose=0.002ms
[labev] t=454881.905 ev.verify=12.210ms
[labev] t=454881.906 ev.finalize=1.624ms
[labev] t=454881.906 ev.propose=0.002ms
[labev] t=454881.919 ev.verify=12.264ms
[labev] t=454881.920 ev.finalize=1.634ms
[labev] t=454881.920 ev.propose=0.002ms
[labev] t=454881.933 ev.verify=12.199ms
[labev] t=454881.935 ev.finalize=2.252ms
[labev] t=454881.935 ev.propose=0.002ms
[labev] t=454881.947 ev.verify=12.224ms
[labev] t=454881.949 ev.finalize=1.669ms
[labev] t=454881.949 ev.propose=0.002ms
[labev] t=454881.961 ev.verify=12.297ms
[labev] t=454881.963 ev.finalize=1.550ms
[labev] t=454881.963 ev.propose=0.002ms
[labev] t=454881.975 ev.verify=12.012ms
[labev] t=454881.977 ev.finalize=1.616ms
[labev] t=454881.977 ev.propose=0.002ms
[labev] t=454881.989 ev.verify=12.442ms
[labev] t=454881.991 ev.finalize=1.830ms
[labev] t=454881.991 ev.propose=0.002ms
[labev] t=454882.003 ev.verify=12.122ms
[labev] t=454882.005 ev.finalize=1.664ms
[labev] t=454882.005 ev.propose=0.002ms
[labev] t=454882.017 ev.verify=12.225ms
[labev] t=454882.019 ev.finalize=1.620ms
[labev] t=454882.019 ev.propose=0.002ms
[labev] t=454882.031 ev.verify=12.214ms
[labev] t=454882.033 ev.finalize=1.656ms
[labev] t=454882.033 ev.propose=0.002ms
[labev] t=454882.045 ev.verify=12.165ms
[labev] t=454882.047 ev.finalize=1.521ms
[labev] t=454882.047 ev.propose=0.002ms
[labev] t=454882.059 ev.verify=12.307ms
[labev] t=454882.061 ev.finalize=1.636ms
[labev] t=454882.061 ev.propose=0.002ms
[labev] t=454882.073 ev.verify=12.237ms
[labev] t=454882.075 ev.finalize=1.578ms
[labev] t=454882.075 ev.propose=0.002ms
[labev] t=454882.087 ev.verify=12.226ms
[labev] t=454882.089 ev.finalize=1.644ms
[labev] t=454882.089 ev.propose=0.002ms
[labev] t=454882.101 ev.verify=12.296ms
[labev] t=454882.103 ev.finalize=1.652ms
[labev] t=454882.103 ev.propose=0.002ms
[labev] t=454882.115 ev.verify=12.177ms
[labev] t=454882.117 ev.finalize=1.618ms
[labev] t=454882.117 ev.propose=0.002ms
[labev] t=454882.129 ev.verify=12.221ms
[labev] t=454882.131 ev.finalize=1.644ms
[labev] t=454882.131 ev.propose=0.002ms
[labev] t=454882.144 ev.verify=12.410ms
[labev] t=454882.145 ev.finalize=1.623ms
[labev] t=454882.145 ev.propose=0.002ms
[labev] t=454882.158 ev.verify=12.366ms
[labev] t=454882.159 ev.finalize=1.543ms
[labev] t=454882.159 ev.propose=0.002ms
[labev] t=454882.172 ev.verify=12.286ms
[labev] t=454882.173 ev.finalize=1.651ms
[labev] t=454882.173 ev.propose=0.002ms
[labev] t=454882.186 ev.verify=12.155ms
[labev] t=454882.188 ev.finalize=2.313ms
[labev] t=454882.188 ev.propose=0.002ms
[labev] t=454882.201 ev.verify=12.367ms
[labev] t=454882.202 ev.finalize=1.667ms
[labev] t=454882.202 ev.propose=0.002ms
[labev] t=454882.215 ev.verify=12.224ms
[labev] t=454882.216 ev.finalize=1.670ms
[labev] t=454882.216 ev.propose=0.002ms
[labev] t=454882.229 ev.verify=12.228ms
[labev] t=454882.230 ev.finalize=1.633ms
[labev] t=454882.230 ev.propose=0.002ms
[labev] t=454882.243 ev.verify=12.200ms
[labev] t=454882.244 ev.finalize=1.850ms
[labev] t=454882.245 ev.propose=0.002ms
[labev] t=454882.257 ev.verify=12.166ms
[labev] t=454882.259 ev.finalize=1.677ms
[labev] t=454882.259 ev.propose=0.002ms
[labev] t=454882.271 ev.verify=12.282ms
[labev] t=454882.273 ev.finalize=1.647ms
[labev] t=454882.273 ev.propose=0.002ms
[labev] t=454882.285 ev.verify=12.314ms
[labev] t=454882.287 ev.finalize=1.638ms
[labev] t=454882.287 ev.propose=0.002ms
[labev] t=454882.299 ev.verify=12.194ms
[labev] t=454882.301 ev.finalize=1.566ms
[labev] t=454882.301 ev.propose=0.002ms
[labev] t=454882.313 ev.verify=12.165ms
[labev] t=454882.315 ev.finalize=1.652ms
[labev] t=454882.315 ev.propose=0.002ms
[labev] t=454882.327 ev.verify=12.163ms
[labev] t=454882.329 ev.finalize=1.657ms
[labev] t=454882.329 ev.propose=0.002ms
[labev] t=454882.341 ev.verify=12.236ms
[labev] t=454882.343 ev.finalize=1.657ms
[labev] t=454882.343 ev.propose=0.002ms
[labev] t=454882.355 ev.verify=12.169ms
[labev] t=454882.357 ev.finalize=1.717ms
[labev] t=454882.357 ev.propose=0.002ms
[labev] t=454882.369 ev.verify=12.141ms
[labev] t=454882.371 ev.finalize=1.662ms
[labev] t=454882.371 ev.propose=0.002ms
[labev] t=454882.383 ev.verify=12.286ms
[labev] t=454882.385 ev.finalize=1.736ms
[labev] t=454882.385 ev.propose=0.002ms
[labev] t=454882.397 ev.verify=12.321ms
[labev] t=454882.399 ev.finalize=1.745ms
[labev] t=454882.399 ev.propose=0.002ms
[labev] t=454882.411 ev.verify=12.221ms
[labev] t=454882.414 ev.finalize=2.306ms
[labev] t=454882.414 ev.propose=0.002ms
[labev] t=454882.426 ev.verify=12.362ms
[labev] t=454882.428 ev.finalize=1.621ms
[labev] t=454882.428 ev.propose=0.002ms
[labev] t=454882.441 ev.verify=12.623ms
[labev] t=454882.442 ev.finalize=1.675ms
[labev] t=454882.442 ev.propose=0.001ms
[labev] t=454882.455 ev.verify=12.178ms
[labev] t=454882.456 ev.finalize=1.668ms
[labev] t=454882.456 ev.propose=0.002ms
[labev] t=454882.469 ev.verify=12.351ms
[labev] t=454882.470 ev.finalize=1.665ms
[labev] t=454882.471 ev.propose=0.002ms
[labev] t=454882.483 ev.verify=12.238ms
[labev] t=454882.485 ev.finalize=1.720ms
[labev] t=454882.485 ev.propose=0.002ms
[labev] t=454882.497 ev.verify=12.333ms
[labev] t=454882.499 ev.finalize=1.647ms
[labev] t=454882.499 ev.propose=0.002ms
[labev] t=454882.511 ev.verify=12.245ms
[labev] t=454882.513 ev.finalize=1.635ms
[labev] t=454882.513 ev.propose=0.002ms
[labev] t=454882.525 ev.verify=12.191ms
[labev] t=454882.527 ev.finalize=1.669ms
[labev] t=454882.527 ev.propose=0.002ms
[labev] t=454882.539 ev.verify=12.274ms
[labev] t=454882.541 ev.finalize=1.674ms
[labev] t=454882.541 ev.propose=0.002ms
[labev] t=454882.553 ev.verify=12.325ms
[labev] t=454882.555 ev.finalize=1.638ms
[labev] t=454882.555 ev.propose=0.002ms
[labev] t=454882.567 ev.verify=12.108ms
[labev] t=454882.569 ev.finalize=1.659ms
[labev] t=454882.569 ev.propose=0.002ms
[labev] t=454882.581 ev.verify=12.182ms
[labev] t=454882.583 ev.finalize=1.677ms
[labev] t=454882.583 ev.propose=0.002ms
[labev] t=454882.595 ev.verify=12.229ms
[labev] t=454882.597 ev.finalize=1.683ms
[labev] t=454882.597 ev.propose=0.002ms
[labev] t=454882.609 ev.verify=12.288ms
[labev] t=454882.611 ev.finalize=1.638ms
[labev] t=454882.611 ev.propose=0.002ms
[labev] t=454882.623 ev.verify=12.322ms
[labev] t=454882.625 ev.finalize=1.670ms
[labev] t=454882.625 ev.propose=0.002ms
[labev] t=454882.638 ev.verify=12.376ms
[labev] t=454882.640 ev.finalize=2.317ms
[labev] t=454882.640 ev.propose=0.002ms
[labev] t=454882.652 ev.verify=12.339ms
[labev] t=454882.654 ev.finalize=1.664ms
[labev] t=454882.654 ev.propose=0.002ms
[labev] t=454882.667 ev.verify=12.249ms
[labev] t=454882.668 ev.finalize=1.650ms
[labev] t=454882.668 ev.propose=0.002ms
[labev] t=454882.681 ev.verify=12.348ms
[labev] t=454882.682 ev.finalize=1.664ms
[labev] t=454882.682 ev.propose=0.001ms
[labev] t=454882.695 ev.verify=12.299ms
[labev] t=454882.696 ev.finalize=1.650ms
[labev] t=454882.697 ev.propose=0.002ms
[labev] t=454882.709 ev.verify=12.286ms
[labev] t=454882.711 ev.finalize=1.656ms
[labev] t=454882.711 ev.propose=0.002ms
[labev] t=454882.723 ev.verify=12.267ms
[labev] t=454882.725 ev.finalize=1.672ms
[labev] t=454882.725 ev.propose=0.002ms
[labev] t=454882.737 ev.verify=12.299ms
[labev] t=454882.739 ev.finalize=1.639ms
[labev] t=454882.739 ev.propose=0.002ms
[labev] t=454882.751 ev.verify=12.447ms
[labev] t=454882.753 ev.finalize=1.683ms
[labev] t=454882.753 ev.propose=0.002ms
[labev] t=454882.765 ev.verify=12.134ms
[labev] t=454882.767 ev.finalize=1.656ms
[labev] t=454882.767 ev.propose=0.002ms
[labev] t=454882.779 ev.verify=12.220ms
[labev] t=454882.781 ev.finalize=1.636ms
[labev] t=454882.781 ev.propose=0.002ms
[labev] t=454882.793 ev.verify=12.240ms
[labev] t=454882.795 ev.finalize=1.659ms
[labev] t=454882.795 ev.propose=0.002ms
[labev] t=454882.807 ev.verify=12.257ms
[labev] t=454882.809 ev.finalize=1.659ms
[labev] t=454882.809 ev.propose=0.002ms
[labev] t=454882.822 ev.verify=12.292ms
[labev] t=454882.823 ev.finalize=1.668ms
[labev] t=454882.823 ev.propose=0.002ms
[labev] t=454882.836 ev.verify=12.416ms
[labev] t=454882.837 ev.finalize=1.655ms
[labev] t=454882.838 ev.propose=0.002ms
[labev] t=454882.850 ev.verify=12.393ms
[labev] t=454882.852 ev.finalize=1.615ms
[labev] t=454882.852 ev.propose=0.002ms
[labev] t=454882.864 ev.verify=12.224ms
[labev] t=454882.866 ev.finalize=2.322ms
[labev] t=454882.866 ev.propose=0.002ms
[labev] t=454882.879 ev.verify=12.273ms
[labev] t=454882.881 ev.finalize=1.708ms
[labev] t=454882.881 ev.propose=0.002ms
[labev] t=454882.893 ev.verify=12.228ms
[labev] t=454882.895 ev.finalize=1.711ms
[labev] t=454882.895 ev.propose=0.002ms
[labev] t=454882.907 ev.verify=12.457ms
[labev] t=454882.909 ev.finalize=1.633ms
[labev] t=454882.909 ev.propose=0.002ms
[labev] t=454882.921 ev.verify=12.377ms
[labev] t=454882.923 ev.finalize=1.634ms
[labev] t=454882.923 ev.propose=0.002ms
[labev] t=454882.935 ev.verify=12.266ms
[labev] t=454882.937 ev.finalize=1.670ms
[labev] t=454882.937 ev.propose=0.002ms
[labev] t=454882.950 ev.verify=12.420ms
[labev] t=454882.951 ev.finalize=1.636ms
[labev] t=454882.951 ev.propose=0.002ms
[labev] t=454882.964 ev.verify=12.305ms
[labev] t=454882.965 ev.finalize=1.645ms
[labev] t=454882.966 ev.propose=0.002ms
[labev] t=454882.978 ev.verify=12.380ms
[labev] t=454882.980 ev.finalize=1.659ms
[labev] t=454882.980 ev.propose=0.002ms
[labev] t=454882.992 ev.verify=12.345ms
[labev] t=454882.994 ev.finalize=1.654ms
[labev] t=454882.994 ev.propose=0.002ms
[labev] t=454883.006 ev.verify=12.369ms
[labev] t=454883.008 ev.finalize=1.663ms
[labev] t=454883.008 ev.propose=0.002ms
[labev] t=454883.020 ev.verify=12.297ms
[labev] t=454883.022 ev.finalize=1.661ms
[labev] t=454883.022 ev.propose=0.002ms
[labev] t=454883.035 ev.verify=12.394ms
[labev] t=454883.036 ev.finalize=1.664ms
[labev] t=454883.036 ev.propose=0.002ms
[labev] t=454883.049 ev.verify=12.178ms
[labev] t=454883.050 ev.finalize=1.704ms
[labev] t=454883.050 ev.propose=0.002ms
[labev] t=454883.063 ev.verify=12.380ms
[labev] t=454883.064 ev.finalize=1.665ms
[labev] t=454883.065 ev.propose=0.002ms
[labev] t=454883.077 ev.verify=12.355ms
[labev] t=454883.079 ev.finalize=1.699ms
[labev] t=454883.079 ev.propose=0.002ms
[labev] t=454883.091 ev.verify=12.367ms
[labev] t=454883.094 ev.finalize=2.316ms
[labev] t=454883.094 ev.propose=0.002ms
[labev] t=454883.106 ev.verify=12.218ms
[labev] t=454883.108 ev.finalize=1.664ms
[labev] t=454883.108 ev.propose=0.002ms
[labev] t=454883.120 ev.verify=12.387ms
[labev] t=454883.122 ev.finalize=1.638ms
[labev] t=454883.122 ev.propose=0.002ms
[labev] t=454883.134 ev.verify=12.300ms
[labev] t=454883.136 ev.finalize=1.654ms
[labev] t=454883.136 ev.propose=0.002ms
[labev] t=454883.148 ev.verify=12.377ms
[labev] t=454883.150 ev.finalize=1.659ms
[labev] t=454883.150 ev.propose=0.002ms
[labev] t=454883.162 ev.verify=12.294ms
[labev] t=454883.164 ev.finalize=1.547ms
[labev] t=454883.164 ev.propose=0.002ms
[labev] t=454883.176 ev.verify=12.231ms
[labev] t=454883.178 ev.finalize=1.568ms
[labev] t=454883.178 ev.propose=0.002ms
[labev] t=454883.190 ev.verify=12.334ms
[labev] t=454883.192 ev.finalize=1.657ms
[labev] t=454883.192 ev.propose=0.002ms
[labev] t=454883.205 ev.verify=12.336ms
[labev] t=454883.206 ev.finalize=1.656ms
[labev] t=454883.206 ev.propose=0.002ms
[labev] t=454883.219 ev.verify=12.361ms
[labev] t=454883.220 ev.finalize=1.644ms
[labev] t=454883.221 ev.propose=0.002ms
[labev] t=454883.233 ev.verify=12.411ms
[labev] t=454883.235 ev.finalize=1.658ms
[labev] t=454883.235 ev.propose=0.002ms
[labev] t=454883.247 ev.verify=12.317ms
[labev] t=454883.249 ev.finalize=1.535ms
[labev] t=454883.249 ev.propose=0.002ms
[labev] t=454883.261 ev.verify=12.323ms
[labev] t=454883.263 ev.finalize=1.666ms
[labev] t=454883.263 ev.propose=0.002ms
[labev] t=454883.275 ev.verify=12.287ms
[labev] t=454883.277 ev.finalize=1.665ms
[labev] t=454883.277 ev.propose=0.002ms
[labev] t=454883.289 ev.verify=12.396ms
[labev] t=454883.291 ev.finalize=1.577ms
[labev] t=454883.291 ev.propose=0.002ms
[labev] t=454883.303 ev.verify=12.280ms
[labev] t=454883.305 ev.finalize=1.647ms
[labev] t=454883.305 ev.propose=0.002ms
[labev] t=454883.317 ev.verify=12.205ms
[labev] t=454883.319 ev.finalize=1.639ms
[labev] t=454883.319 ev.propose=0.002ms
[labev] t=454883.332 ev.verify=12.300ms
[labev] t=454883.333 ev.finalize=1.628ms
[labev] t=454883.333 ev.propose=0.002ms
[labev] t=454883.346 ev.verify=12.445ms
[labev] t=454883.348 ev.finalize=2.326ms
[labev] t=454883.348 ev.propose=0.002ms
[labev] t=454883.361 ev.verify=12.334ms
[labev] t=454883.362 ev.finalize=1.681ms
[labev] t=454883.362 ev.propose=0.002ms
[labev] t=454883.375 ev.verify=12.121ms
[labev] t=454883.376 ev.finalize=1.743ms
[labev] t=454883.376 ev.propose=0.002ms
[labev] t=454883.389 ev.verify=12.228ms
[labev] t=454883.391 ev.finalize=1.784ms
[labev] t=454883.391 ev.propose=0.002ms
[labev] t=454883.403 ev.verify=12.123ms
[labev] t=454883.405 ev.finalize=1.828ms
[labev] t=454883.405 ev.propose=0.002ms
[labev] t=454883.417 ev.verify=12.325ms
[labev] t=454883.419 ev.finalize=1.683ms
[labev] t=454883.419 ev.propose=0.002ms
[labev] t=454883.431 ev.verify=12.214ms
[labev] t=454883.433 ev.finalize=1.680ms
[labev] t=454883.433 ev.propose=0.002ms
[labev] t=454883.445 ev.verify=12.159ms
[labev] t=454883.447 ev.finalize=1.674ms
[labev] t=454883.447 ev.propose=0.002ms
[labev] t=454883.459 ev.verify=12.315ms
[labev] t=454883.461 ev.finalize=1.559ms
[labev] t=454883.461 ev.propose=0.002ms
[labev] t=454883.473 ev.verify=12.032ms
[labev] t=454883.475 ev.finalize=1.657ms
[labev] t=454883.475 ev.propose=0.002ms
[labev] t=454883.487 ev.verify=12.512ms
[labev] t=454883.489 ev.finalize=1.666ms
[labev] t=454883.489 ev.propose=0.002ms
[labev] t=454883.502 ev.verify=12.466ms
[labev] t=454883.503 ev.finalize=1.682ms
[labev] t=454883.503 ev.propose=0.002ms
[labev] t=454883.516 ev.verify=12.418ms
[labev] t=454883.518 ev.finalize=1.667ms
[labev] t=454883.518 ev.propose=0.002ms
[labev] t=454883.530 ev.verify=12.350ms
[labev] t=454883.532 ev.finalize=1.679ms
[labev] t=454883.532 ev.propose=0.002ms
[labev] t=454883.544 ev.verify=12.208ms
[labev] t=454883.546 ev.finalize=1.679ms
[labev] t=454883.546 ev.propose=0.002ms
[labev] t=454883.558 ev.verify=12.284ms
[labev] t=454883.560 ev.finalize=1.674ms
[labev] t=454883.560 ev.propose=0.002ms
[labev] t=454883.572 ev.verify=12.371ms
[labev] t=454883.574 ev.finalize=1.696ms
[labev] t=454883.574 ev.propose=0.002ms
[labev] t=454883.587 ev.verify=12.272ms
[labev] t=454883.589 ev.finalize=2.357ms
[labev] t=454883.589 ev.propose=0.002ms
[labev] t=454883.601 ev.verify=12.294ms
[labev] t=454883.603 ev.finalize=1.672ms
[labev] t=454883.603 ev.propose=0.002ms
[labev] t=454883.616 ev.verify=12.390ms
[labev] t=454883.617 ev.finalize=1.681ms
[labev] t=454883.617 ev.propose=0.002ms
[labev] t=454883.630 ev.verify=12.360ms
[labev] t=454883.631 ev.finalize=1.675ms
[labev] t=454883.632 ev.propose=0.002ms
[labev] t=454883.644 ev.verify=12.136ms
[labev] t=454883.645 ev.finalize=1.674ms
[labev] t=454883.646 ev.propose=0.002ms
[labev] t=454883.658 ev.verify=12.502ms
[labev] t=454883.660 ev.finalize=1.655ms
[labev] t=454883.660 ev.propose=0.002ms
[labev] t=454883.672 ev.verify=12.290ms
[labev] t=454883.674 ev.finalize=1.661ms
[labev] t=454883.674 ev.propose=0.002ms
[labev] t=454883.686 ev.verify=12.383ms
[labev] t=454883.688 ev.finalize=1.648ms
[labev] t=454883.688 ev.propose=0.002ms
[labev] t=454883.700 ev.verify=12.328ms
[labev] t=454883.702 ev.finalize=1.678ms
[labev] t=454883.702 ev.propose=0.002ms
[labev] t=454883.715 ev.verify=12.280ms
[labev] t=454883.716 ev.finalize=1.559ms
[labev] t=454883.716 ev.propose=0.002ms
[labev] t=454883.729 ev.verify=12.171ms
[labev] t=454883.730 ev.finalize=1.679ms
[labev] t=454883.730 ev.propose=0.002ms
[labev] t=454883.743 ev.verify=12.315ms
[labev] t=454883.744 ev.finalize=1.556ms
[labev] t=454883.744 ev.propose=0.002ms
[labev] t=454883.757 ev.verify=12.284ms
[labev] t=454883.758 ev.finalize=1.662ms
[labev] t=454883.758 ev.propose=0.002ms
[labev] t=454883.771 ev.verify=12.366ms
[labev] t=454883.772 ev.finalize=1.550ms
[labev] t=454883.773 ev.propose=0.002ms
[labev] t=454883.785 ev.verify=12.422ms
[labev] t=454883.787 ev.finalize=1.680ms
[labev] t=454883.787 ev.propose=0.002ms
[labev] t=454883.799 ev.verify=12.371ms
[labev] t=454883.801 ev.finalize=1.671ms
[labev] t=454883.801 ev.propose=0.002ms
[labev] t=454883.813 ev.verify=12.306ms
[labev] t=454883.815 ev.finalize=1.582ms
[labev] t=454883.815 ev.propose=0.002ms
[labev] t=454883.827 ev.verify=12.239ms
[labev] t=454883.829 ev.finalize=1.675ms
[labev] t=454883.829 ev.propose=0.002ms
[labev] t=454883.841 ev.verify=12.037ms
[labev] t=454883.843 ev.finalize=1.613ms
[labev] t=454883.843 ev.propose=0.002ms
[labev] t=454883.855 ev.verify=12.174ms
[labev] t=454883.857 ev.finalize=2.221ms
[labev] t=454883.858 ev.propose=0.002ms
[labev] t=454883.870 ev.verify=12.308ms
[labev] t=454883.871 ev.finalize=1.584ms
[labev] t=454883.872 ev.propose=0.002ms
[labev] t=454883.884 ev.verify=12.427ms
[labev] t=454883.886 ev.finalize=1.665ms
[labev] t=454883.886 ev.propose=0.002ms
[labev] t=454883.898 ev.verify=12.312ms
[labev] t=454883.900 ev.finalize=1.667ms
[labev] t=454883.900 ev.propose=0.002ms
[labev] t=454883.912 ev.verify=12.312ms
[labev] t=454883.914 ev.finalize=1.654ms
[labev] t=454883.914 ev.propose=0.002ms
[labev] t=454883.926 ev.verify=12.179ms
[labev] t=454883.928 ev.finalize=1.665ms
[labev] t=454883.928 ev.propose=0.002ms
[labev] t=454883.940 ev.verify=12.066ms
[labev] t=454883.942 ev.finalize=1.768ms
[labev] t=454883.942 ev.propose=0.002ms
[labev] t=454883.954 ev.verify=12.241ms
[labev] t=454883.956 ev.finalize=1.756ms
[labev] t=454883.956 ev.propose=0.002ms
[labev] t=454883.968 ev.verify=12.224ms
[labev] t=454883.970 ev.finalize=1.658ms
[labev] t=454883.970 ev.propose=0.002ms
[labev] t=454883.983 ev.verify=12.302ms
[labev] t=454883.984 ev.finalize=1.665ms
[labev] t=454883.984 ev.propose=0.002ms
[labev] t=454883.997 ev.verify=12.411ms
[labev] t=454883.999 ev.finalize=1.696ms
[labev] t=454883.999 ev.propose=0.002ms
[labev] t=454884.011 ev.verify=12.413ms
[labev] t=454884.013 ev.finalize=1.672ms
[labev] t=454884.013 ev.propose=0.002ms
[labev] t=454884.025 ev.verify=12.277ms
[labev] t=454884.027 ev.finalize=1.706ms
[labev] t=454884.027 ev.propose=0.002ms
[labev] t=454884.039 ev.verify=12.143ms
[labev] t=454884.041 ev.finalize=1.679ms
[labev] t=454884.041 ev.propose=0.002ms
[labev] t=454884.053 ev.verify=12.281ms
[labev] t=454884.055 ev.finalize=1.559ms
[labev] t=454884.055 ev.propose=0.002ms
[labev] t=454884.067 ev.verify=11.980ms
[labev] t=454884.069 ev.finalize=1.579ms
[labev] t=454884.069 ev.propose=0.002ms
[labev] t=454884.081 ev.verify=12.127ms
[labev] t=454884.083 ev.finalize=1.688ms
[labev] t=454884.083 ev.propose=0.003ms
[labev] t=454884.095 ev.verify=12.179ms
[labev] t=454884.097 ev.finalize=1.723ms
[labev] t=454884.097 ev.propose=0.002ms
[labev] t=454884.109 ev.verify=12.374ms
[labev] t=454884.112 ev.finalize=2.494ms
[labev] t=454884.112 ev.propose=0.002ms
[labev] t=454884.124 ev.verify=12.386ms
[labev] t=454884.126 ev.finalize=1.679ms
[labev] t=454884.126 ev.propose=0.002ms
[labev] t=454884.138 ev.verify=12.293ms
[labev] t=454884.140 ev.finalize=1.673ms
[labev] t=454884.140 ev.propose=0.002ms
[labev] t=454884.153 ev.verify=12.424ms
[labev] t=454884.154 ev.finalize=1.601ms
[labev] t=454884.154 ev.propose=0.002ms
[labev] t=454884.167 ev.verify=12.509ms
[labev] t=454884.168 ev.finalize=1.666ms
[labev] t=454884.169 ev.propose=0.002ms
[labev] t=454884.181 ev.verify=12.124ms
[labev] t=454884.182 ev.finalize=1.687ms
[labev] t=454884.183 ev.propose=0.002ms
[labev] t=454884.195 ev.verify=12.437ms
[labev] t=454884.197 ev.finalize=1.673ms
[labev] t=454884.197 ev.propose=0.002ms
[labev] t=454884.209 ev.verify=12.372ms
[labev] t=454884.211 ev.finalize=1.649ms
[labev] t=454884.211 ev.propose=0.002ms
[labev] t=454884.223 ev.verify=12.349ms
[labev] t=454884.225 ev.finalize=1.684ms
[labev] t=454884.225 ev.propose=0.002ms
[labev] t=454884.238 ev.verify=12.350ms
[labev] t=454884.239 ev.finalize=1.582ms
[labev] t=454884.239 ev.propose=0.002ms
[labev] t=454884.252 ev.verify=12.425ms
[labev] t=454884.253 ev.finalize=1.673ms
[labev] t=454884.254 ev.propose=0.002ms
[labev] t=454884.266 ev.verify=12.437ms
[labev] t=454884.268 ev.finalize=1.675ms
[labev] t=454884.268 ev.propose=0.002ms
[labev] t=454884.280 ev.verify=12.401ms
[labev] t=454884.282 ev.finalize=1.641ms
[labev] t=454884.282 ev.propose=0.002ms
[labev] t=454884.294 ev.verify=12.359ms
[labev] t=454884.296 ev.finalize=1.714ms
[labev] t=454884.296 ev.propose=0.002ms
[labev] t=454884.309 ev.verify=12.297ms
[labev] t=454884.310 ev.finalize=1.568ms
[labev] t=454884.310 ev.propose=0.002ms
[labev] t=454884.323 ev.verify=12.290ms
[labev] t=454884.324 ev.finalize=1.746ms
[labev] t=454884.324 ev.propose=0.002ms
[labev] t=454884.337 ev.verify=12.199ms
[labev] t=454884.338 ev.finalize=1.691ms
[labev] t=454884.339 ev.propose=0.002ms
[labev] t=454884.351 ev.verify=12.224ms
[labev] t=454884.352 ev.finalize=1.661ms
[labev] t=454884.353 ev.propose=0.002ms
[labev] t=454884.365 ev.verify=12.368ms
[labev] t=454884.367 ev.finalize=2.335ms
[labev] t=454884.367 ev.propose=0.002ms
[labev] t=454884.380 ev.verify=12.176ms
[labev] t=454884.381 ev.finalize=1.669ms
[labev] t=454884.381 ev.propose=0.002ms
[labev] t=454884.394 ev.verify=12.342ms
[labev] t=454884.396 ev.finalize=1.681ms
[labev] t=454884.396 ev.propose=0.002ms
[labev] t=454884.408 ev.verify=12.289ms
[labev] t=454884.410 ev.finalize=1.691ms
[labev] t=454884.410 ev.propose=0.002ms
[labev] t=454884.422 ev.verify=12.384ms
[labev] t=454884.424 ev.finalize=1.694ms
[labev] t=454884.424 ev.propose=0.001ms
[labev] t=454884.436 ev.verify=12.327ms
[labev] t=454884.438 ev.finalize=1.681ms
[labev] t=454884.438 ev.propose=0.002ms
[labev] t=454884.451 ev.verify=12.445ms
[labev] t=454884.452 ev.finalize=1.660ms
[labev] t=454884.452 ev.propose=0.002ms
[labev] t=454884.465 ev.verify=12.538ms
[labev] t=454884.467 ev.finalize=1.784ms
[labev] t=454884.467 ev.propose=0.002ms
[labev] t=454884.479 ev.verify=12.541ms
[labev] t=454884.481 ev.finalize=1.772ms
[labev] t=454884.481 ev.propose=0.002ms
[labev] t=454884.494 ev.verify=12.283ms
[labev] t=454884.495 ev.finalize=1.688ms
[labev] t=454884.495 ev.propose=0.002ms
[labev] t=454884.508 ev.verify=12.393ms
[labev] t=454884.510 ev.finalize=1.717ms
[labev] t=454884.510 ev.propose=0.002ms
[labev] t=454884.522 ev.verify=12.390ms
[labev] t=454884.524 ev.finalize=1.706ms
[labev] t=454884.524 ev.propose=0.002ms
[labev] t=454884.536 ev.verify=12.366ms
[labev] t=454884.538 ev.finalize=1.691ms
[labev] t=454884.538 ev.propose=0.002ms
[labev] t=454884.551 ev.verify=12.429ms
[labev] t=454884.552 ev.finalize=1.664ms
[labev] t=454884.553 ev.propose=0.002ms
[labev] t=454884.565 ev.verify=12.483ms
[labev] t=454884.567 ev.finalize=1.690ms
[labev] t=454884.567 ev.propose=0.002ms
[labev] t=454884.579 ev.verify=12.354ms
[labev] t=454884.581 ev.finalize=1.675ms
[labev] t=454884.581 ev.propose=0.002ms
[labev] t=454884.593 ev.verify=12.409ms
[labev] t=454884.596 ev.finalize=2.363ms
[labev] t=454884.596 ev.propose=0.002ms
[labev] t=454884.608 ev.verify=12.363ms
[labev] t=454884.610 ev.finalize=1.717ms
[labev] t=454884.610 ev.propose=0.002ms
[labev] t=454884.623 ev.verify=12.342ms
[labev] t=454884.624 ev.finalize=1.606ms
[labev] t=454884.624 ev.propose=0.002ms
[labev] t=454884.637 ev.verify=12.403ms
[labev] t=454884.638 ev.finalize=1.696ms
[labev] t=454884.639 ev.propose=0.002ms
[labev] t=454884.651 ev.verify=12.407ms
[labev] t=454884.653 ev.finalize=1.693ms
[labev] t=454884.653 ev.propose=0.002ms
[labev] t=454884.665 ev.verify=12.438ms
[labev] t=454884.667 ev.finalize=1.697ms
[labev] t=454884.667 ev.propose=0.002ms
[labev] t=454884.679 ev.verify=12.219ms
[labev] t=454884.681 ev.finalize=1.595ms
[labev] t=454884.681 ev.propose=0.002ms
[labev] t=454884.694 ev.verify=12.448ms
[labev] t=454884.695 ev.finalize=1.689ms
[labev] t=454884.695 ev.propose=0.002ms
[labev] t=454884.708 ev.verify=12.217ms
[labev] t=454884.709 ev.finalize=1.702ms
[labev] t=454884.709 ev.propose=0.002ms
[labev] t=454884.722 ev.verify=12.317ms
[labev] t=454884.724 ev.finalize=1.673ms
[labev] t=454884.724 ev.propose=0.002ms
[labev] t=454884.736 ev.verify=12.458ms
[labev] t=454884.738 ev.finalize=1.710ms
[labev] t=454884.738 ev.propose=0.002ms
[labev] t=454884.750 ev.verify=12.483ms
[labev] t=454884.752 ev.finalize=1.681ms
[labev] t=454884.752 ev.propose=0.002ms
[labev] t=454884.765 ev.verify=12.467ms
[labev] t=454884.766 ev.finalize=1.682ms
[labev] t=454884.767 ev.propose=0.002ms
[labev] t=454884.779 ev.verify=12.290ms
[labev] t=454884.780 ev.finalize=1.563ms
[labev] t=454884.781 ev.propose=0.002ms
[labev] t=454884.793 ev.verify=12.326ms
[labev] t=454884.795 ev.finalize=1.697ms
[labev] t=454884.795 ev.propose=0.002ms
[labev] t=454884.807 ev.verify=12.415ms
[labev] t=454884.809 ev.finalize=1.658ms
[labev] t=454884.809 ev.propose=0.002ms
[labev] t=454884.821 ev.verify=12.365ms
[labev] t=454884.823 ev.finalize=1.550ms
[labev] t=454884.823 ev.propose=0.002ms
[labev] t=454884.836 ev.verify=12.508ms
[labev] t=454884.837 ev.finalize=1.657ms
[labev] t=454884.837 ev.propose=0.002ms
[labev] t=454884.850 ev.verify=12.409ms
[labev] t=454884.852 ev.finalize=2.160ms
[labev] t=454884.852 ev.propose=0.002ms
[labev] t=454884.865 ev.verify=12.569ms
[labev] t=454884.866 ev.finalize=1.697ms
[labev] t=454884.866 ev.propose=0.002ms
[labev] t=454884.879 ev.verify=12.363ms
[labev] t=454884.881 ev.finalize=1.707ms
[labev] t=454884.881 ev.propose=0.002ms
[labev] t=454884.893 ev.verify=12.299ms
[labev] t=454884.895 ev.finalize=1.664ms
[labev] t=454884.895 ev.propose=0.002ms
[labev] t=454884.907 ev.verify=12.460ms
[labev] t=454884.909 ev.finalize=1.681ms
[labev] t=454884.909 ev.propose=0.002ms
[labev] t=454884.921 ev.verify=12.298ms
[labev] t=454884.923 ev.finalize=1.673ms
[labev] t=454884.923 ev.propose=0.002ms
[labev] t=454884.936 ev.verify=12.351ms
[labev] t=454884.937 ev.finalize=1.696ms
[labev] t=454884.937 ev.propose=0.002ms
[labev] t=454884.950 ev.verify=12.322ms
[labev] t=454884.952 ev.finalize=1.726ms
[labev] t=454884.953 req.start s1-p4096-o512-b5-r0=0.000ms
[labev] t=454884.953 req.handle=0.012ms
[labev] t=454884.973 tok.prepare=19.851ms
event=batching_admitted action=scheduler_admitted
[labev] t=454885.226 chunk.ord.total=253.037ms
[labev] t=454885.477 chunk.ord.total=250.758ms
[labev] t=454885.733 chunk.ord.total=255.558ms
[labev] t=454885.991 chunk.ord.total=258.298ms
[labev] t=454886.251 chunk.ord.total=260.119ms
[labev] t=454886.514 chunk.ord.total=262.191ms
[labev] t=454886.780 chunk.ord.total=266.650ms
[labev] t=454887.086 chunk.ord.total=305.939ms
[labev] t=454887.087 req.firsttoken s1-p4096-o512-b5-r0=2133.427ms
[labev] t=454887.223 ev.decode.rows1.cap0=136.082ms
[labev] t=454887.358 ev.decode.rows1.cap0=135.406ms
[labev] t=454887.493 ev.decode.rows1.cap0=135.115ms
[labev] t=454887.629 ev.decode.rows1.cap0=135.469ms
[labev] t=454887.764 ev.decode.rows1.cap0=135.099ms
[labev] t=454887.900 ev.decode.rows1.cap0=135.391ms
[labev] t=454888.043 ev.decode.rows1.cap0=143.714ms
[labev] t=454888.188 ev.decode.rows1.cap0=145.004ms
[labev] t=454888.324 ev.decode.rows1.cap0=135.631ms
[labev] t=454888.460 ev.decode.rows1.cap0=135.629ms
[labev] t=454888.596 ev.decode.rows1.cap0=135.563ms
[labev] t=454888.731 ev.decode.rows1.cap0=135.540ms
[labev] t=454888.867 ev.decode.rows1.cap0=135.453ms
[labev] t=454889.003 ev.decode.rows1.cap0=135.747ms
[labev] t=454889.138 ev.decode.rows1.cap0=135.507ms
[labev] t=454889.276 ev.decode.rows1.cap0=137.676ms
[labev] t=454889.412 ev.decode.rows1.cap0=135.624ms
[labev] t=454889.547 ev.decode.rows1.cap0=135.541ms
[labev] t=454889.683 ev.decode.rows1.cap0=135.560ms
[labev] t=454889.819 ev.decode.rows1.cap0=135.583ms
[labev] t=454889.955 ev.decode.rows1.cap0=135.664ms
[labev] t=454890.090 ev.decode.rows1.cap0=135.554ms
[labev] t=454890.226 ev.decode.rows1.cap0=135.730ms
[labev] t=454890.362 ev.decode.rows1.cap0=135.561ms
[labev] t=454890.497 ev.decode.rows1.cap0=135.530ms
[labev] t=454890.633 ev.decode.rows1.cap0=135.680ms
[labev] t=454890.769 ev.decode.rows1.cap0=135.797ms
[labev] t=454890.905 ev.decode.rows1.cap0=135.805ms
[labev] t=454891.041 ev.decode.rows1.cap0=135.736ms
[labev] t=454891.176 ev.decode.rows1.cap0=135.496ms
[labev] t=454891.312 ev.decode.rows1.cap0=135.609ms
[labev] t=454891.439 ev.decode.rows1.cap0=127.195ms
exit=0 tag=w5-cv-off end 17:14:24
